年,月,日,時,分,縣市,區,死,受傷,2-30,天候,光線,道路類別,速限,道路型態,事故位置,路面鋪裝,路面狀態,路面缺陷,障礙物,視距,號誌種類,號誌動作,分向設施,快車道或一般車道間,快慢車道間,路面邊線,事故類型及型態,主要肇因,受傷程度,主要傷處,保護裝備,行動電話,當事者區分_類別,車輛用途,當事者行動狀態,駕駛資格情形,駕駛執照種類,飲酒情形,車輛撞擊部位最初,車輛撞擊部位其他,肇事因素個別,肇事因素主要,肇事逃逸,職業,旅次目的,車種,GPS座標_緯度,GPS座標_經度,事故類別
2018,11,1,21,0,臺中市,大雅區,0,3,0,8,3,5,50,3,2,1,5,4,5,7,3,1,5,5,5,1,16,6,2,9,1,1,C03,7,5,1,10,2,14,  ,6,6,1,22,8,C03,24.23163,120.673392,2
2018,11,1,21,4,臺中市,西屯區,0,0,0,8,,,40,,,,,,,,,,,,,,,12,  ,  ,  ,  ,B03,  ,  ,1,  ,2,  ,  ,12,12,1,22,  ,B03,24.172776,120.638288,3
2018,11,1,21,10,臺中市,北屯區,0,0,,8,,,50,,,,,,,,,,,,,,,,,,,,B03,,,1,,2,,,23,,1,21,,B03,24.162443,120.69306,3
2018,11,1,21,13,臺中市,西屯區,0,0,,8,,,50,,,,,,,,,,,,,,,,,,,,C03,,,1,,2,,,16,,1,22,,C03,24.169515,120.645938,3
2018,11,1,21,19,臺中市,清水區,,,,8,,,40,,,,,,,,,,,,,,,,,,,,B03,,,5,,8,,,12,,1,21,,B03,24.262309,120.572583,3
2018,11,1,21,21,臺中市,潭子區,0,2,0,8,3,5,50,14,7,1,5,4,5,7,1,1,8,3,4,1,12,8,2,8,1,1,F03,7,5,8,20,2,16,  ,8,8,1,22,2,F03,24.216678,120.698105,2
2018,11,1,21,46,臺中市,沙鹿區,0,4,0,8,3,5,50,15,7,1,5,4,5,7,4,4,8,5,4,2,16,23,2,8,1,1,C03,7,9,1,10,2,11,  ,23,23,1,21,8,C03,24.222399,120.578003,2
2018,11,1,21,50,臺中市,西區,0,0,,8,,,50,,,,,,,,,,,,,,,,,,,,B03,,,1,,2,,,43,,1,5,,B03,24.135341,120.657213,3
2018,11,1,21,51,臺中市,烏日區,0,1,0,8,3,5,60,14,7,1,5,4,5,7,4,4,1,4,4,1,3,23,3,10,1,1,B03,7,9,1,8,2,1,  ,23,23,1,22,8,B03,24.104298,120.62768,2
2018,11,1,21,55,臺中市,西屯區,0,0,,8,,,50,,,,,,,,,,,,,,,,,,,,B03,,,1,,2,,,23,,1,22,,B03,24.169032,120.656377,3
2018,11,1,22,8,臺中市,太平區,0,0,,8,,,50,,,,,,,,,,,,,,,,,,,,B03,,,1,,2,,,5,,1,9,,B03,24.142063,120.71769,3
2018,11,1,22,11,臺中市,南區,0,1,0,8,3,5,50,4,1,1,5,4,5,7,1,1,10,5,5,2,17,42,3,10,1,1,B03,7,9,3,18,2,5,  ,42,42,1,21,8,B03,24.117444,120.658963,2
2018,11,1,22,12,臺中市,南區,0,1,0,8,3,5,50,4,1,1,5,4,5,7,1,1,10,5,5,2,18,13,2,9,1,1,C03,7,5,1,10,2,14,  ,13,13,1,21,8,C03,24.114943,120.668754,2
2018,11,1,22,34,臺中市,清水區,0,2,0,8,4,5,40,12,9,1,5,4,5,7,4,4,10,5,5,2,2,23,2,8,1,1,C03,7,9,1,10,2,11,  ,23,23,1,21,8,C03,24.273518,120.582136,2
2018,11,1,22,50,臺中市,霧峰區,0,2,0,8,3,5,50,4,1,1,5,4,5,7,4,4,10,5,5,2,16,6,2,9,1,1,C03,7,5,1,10,2,11,  ,6,6,1,18,8,C03,24.065031,120.697753,2
2018,11,1,23,30,臺中市,北屯區,0,2,0,8,3,5,50,14,7,1,5,4,5,7,1,1,5,5,4,2,16,23,2,9,1,1,C03,7,9,3,18,2,11,  ,23,23,1,21,8,C03,24.196912,120.680491,2
2018,11,1,23,44,臺中市,霧峰區,0,0,,8,,,40,,,,,,,,,,,,,,,,,,,,B12,,,1,,2,,,12,,1,  ,,B12,24.087153,120.654754,3
2018,11,2,0,7,臺中市,西屯區,0,0,,8,,,50,,,,,,,,,,,,,,,,,,,,B12,,,1,,2,,,23,,1,22,,B12,24.174144,120.64794,3
2018,11,2,0,36,臺中市,南屯區,0,0,0,8,3,5,50,14,8,1,5,4,5,7,4,,9,5,4,2,17,21,3,10,1,1,B03,7,1,1,8,7,1,  ,23,21,1,22,8,B03,24.137873,120.649561,3
2018,11,2,0,45,臺中市,大雅區,0,2,0,8,3,5,50,4,1,1,5,4,5,7,2,1,10,4,5,1,16,26,2,9,1,1,C03,7,5,1,10,2,12,  ,26,26,1,22,9,C03,24.2162,120.64937,2
2018,11,2,1,0,臺中市,沙鹿區,0,2,0,8,4,5,40,3,1,1,5,4,5,7,1,1,10,5,5,2,16,17,2,9,1,1,C03,7,3,2,18,2,12,  ,17,17,1,15,9,C03,24.209739,120.581471,2
2018,11,2,1,45,臺中市,大雅區,0,1,0,8,3,5,50,3,1,1,5,4,5,7,1,1,10,4,5,1,13,23,3,10,1,1,B03,7,9,1,8,2,1,  ,23,23,1,22,9,B03,24.234817,120.636579,2
2018,11,2,3,16,臺中市,南屯區,0,1,0,8,3,5,50,14,9,1,5,4,5,7,4,4,2,4,5,2,18,23,2,9,1,1,C03,7,9,1,10,2,12,  ,23,23,1,22,9,C03,24.145228,120.619938,2
2018,11,2,6,6,臺中市,北區,0,1,0,8,2,5,40,3,1,1,5,4,5,7,4,4,9,2,4,2,16,19,3,10,1,1,B03,7,1,1,8,11,15,  ,19,19,1,5,1,B03,24.167506,120.67315,2
2018,11,2,6,18,臺中市,北屯區,0,1,0,7,2,5,50,14,9,1,4,4,5,7,4,4,9,3,5,2,16,10,3,10,1,1,C03,7,11,1,10,2,12,  ,10,10,1,21,8,C03,24.167937,120.694107,2
2018,11,2,6,40,臺中市,潭子區,0,1,0,8,1,5,50,5,1,1,5,4,5,7,1,1,1,3,4,1,18,23,2,9,1,1,C03,7,5,1,10,2,14,  ,23,23,1,22,9,C03,24.207102,120.710976,2
2018,11,2,6,47,臺中市,后里區,0,0,,,,,,,,,,,,,,,,,,,,16,,,,,B03,,,1,,2,,,43,16,1,  ,,B03,24.3139,120.692413,3
2018,11,2,6,50,臺中市,南區,0,2,0,8,1,5,50,4,1,1,5,4,5,7,1,1,10,5,5,2,17,23,3,10,1,1,B01,7,5,1,4,2,8,  ,44,23,1,21,8,B01,24.113148,120.663346,2
2018,11,2,6,50,臺中市,東勢區,0,1,0,8,1,5,50,3,1,1,5,4,5,7,4,4,5,4,5,1,15,6,2,8,1,1,C03,7,9,1,10,2,14,  ,6,6,1,21,8,C03,24.26136,120.824291,2
2018,11,2,7,0,臺中市,沙鹿區,0,0,,6,,,40,,,,,,,,,,,,,,,,,,,,B12,,,1,,2,,,12,,1,  ,,B12,24.260351,120.572365,3
2018,11,2,7,7,臺中市,西屯區,0,1,0,8,1,5,50,14,9,1,5,4,5,7,4,4,5,5,5,2,12,7,2,9,1,1,C03,7,8,1,10,2,12,  ,7,7,1,22,8,C03,24.190822,120.604916,2
2018,11,2,7,10,臺中市,大雅區,0,0,,8,,,50,,,,,,,,,,,,,,,,,,,,B12,,,1,,2,,,17,,1,  ,,B12,24.222568,120.649801,3
2018,11,2,7,15,臺中市,西屯區,0,1,0,8,1,5,40,4,1,1,5,4,5,7,1,1,10,5,5,2,16,6,2,7,4,5,F01,7,5,8,20,2,16,  ,6,6,1,22,8,F01,24.172351,120.642668,2
2018,11,2,7,24,臺中市,西屯區,0,0,,8,1,5,40,14,9,1,5,4,5,7,4,4,10,5,5,2,14,,,,,,B03,,,1,,2,,,12,,1,22,,B03,24.177656,120.618321,3
2018,11,2,7,27,臺中市,潭子區,0,0,,8,,,50,,,,,,,,,,,,,,,,,,,,C03,,,1,,2,,,23,,1,22,,C03,24.19375,120.696357,3
2018,11,2,7,30,臺中市,后里區,0,1,0,8,1,5,50,3,9,1,5,4,5,7,4,4,10,5,5,2,16,6,3,10,3,4,B03,7,5,1,8,2,1,  ,6,6,1,22,8,B03,24.31239,120.687398,2
2018,11,2,7,33,臺中市,南屯區,0,0,0,8,,,40,,,,,,,,,,,,,,,16,  ,  ,  ,  ,C03,  ,  ,1,10,2,  ,  ,16,16,1,12,  ,C03,24.151262,120.639148,3
2018,11,2,7,34,臺中市,西屯區,0,2,0,8,1,5,40,3,2,1,5,4,5,7,4,4,9,5,5,2,16,8,2,9,3,4,C03,7,9,1,10,2,11,  ,44,8,1,22,8,C03,24.1866,120.608,2
2018,11,2,7,35,臺中市,南區,0,0,0,8,1,5,40,4,1,1,5,4,5,7,1,1,10,5,5,2,16,26,3,10,1,1,C03,7,9,1,10,2,11,  ,26,26,1,9,1,C03,24.110796,120.647031,3
2018,11,2,7,35,臺中市,南屯區,0,0,,8,,,60,,,,,,,,,,,,,,,,,,,,B03,,,1,,2,,,7,,1,21,,B03,24.154623,120.599592,3
2018,11,2,7,35,臺中市,沙鹿區,0,1,0,8,1,5,50,4,18,1,5,4,5,7,2,1,10,5,5,2,3,15,3,10,1,1,B03,7,5,1,8,2,8,  ,15,15,1,2,1,B03,24.234767,120.558818,2
2018,11,2,7,35,臺中市,梧棲區,0,0,,8,,,50,,,,,,,,,,,,,,,,,,,,B03,,,1,,2,,,23,,1,9,,B03,24.243257,120.533496,3
2018,11,2,7,36,臺中市,東區,0,0,,8,,,50,,,,,,,,,,,,,,,,,,,,B03,,,1,,2,,,26,,1,  ,,B03,24.134104,120.683155,3
2018,11,2,7,36,臺中市,梧棲區,0,1,0,8,1,5,60,4,2,1,5,4,5,6,1,1,10,5,5,2,15,23,2,9,1,1,C03,7,1,1,10,2,11,  ,23,23,1,9,1,C03,24.243414,120.533258,2
2018,11,2,7,40,臺中市,北屯區,0,1,0,8,1,5,40,3,2,1,5,4,5,7,4,4,10,5,5,2,16,10,2,9,3,4,C03,7,11,1,10,2,12,  ,10,10,1,21,8,C03,24.172244,120.719438,2
2018,11,2,7,40,臺中市,石岡區,0,1,0,8,1,5,40,4,1,1,5,4,5,7,4,4,10,5,5,2,15,6,2,8,1,1,B03,7,9,1,8,2,5,  ,6,6,1,21,8,B03,24.274655,120.786219,2
2018,11,2,7,44,臺中市,西區,0,0,0,8,,,50,,,,,,,,,,,,,,,12,3,  ,  ,  ,B03,  ,  ,1,  ,2,  ,  ,12,12,  ,5,  ,B03,24.138134,120.655528,3
2018,11,2,7,45,臺中市,梧棲區,0,0,,8,,,50,,,,,,,,,,,,,,,,,,,,B03,,,1,,2,,,23,,1,9,,B03,24.224692,120.5256,3
2018,11,2,7,47,臺中市,北屯區,0,2,0,8,1,5,50,14,9,1,5,4,5,7,4,4,5,5,5,2,13,23,2,9,1,1,C03,7,9,1,10,2,11,  ,23,23,1,4,8,C03,24.200011,120.677161,2
2018,11,2,7,50,臺中市,梧棲區,0,1,0,8,1,5,40,14,9,1,5,4,5,7,4,4,10,5,5,1,13,16,2,8,1,1,C03,7,9,1,10,2,11,  ,16,16,1,9,1,C03,24.227677,120.535909,2
2018,11,2,7,50,臺中市,大甲區,0,0,,8,1,5,50,14,9,1,5,4,5,7,4,4,10,4,5,2,12,,,,,,B03,,,1,,2,,,16,,2,9,,B03,24.403379,120.661049,3
2018,11,2,7,52,臺中市,烏日區,0,1,0,8,1,5,60,4,1,1,5,4,5,7,1,1,10,5,5,2,16,9,3,10,1,1,B12,7,6,1,8,2,5,  ,9,9,1,21,8,B12,24.056109,120.644361,2
2018,11,2,7,55,臺中市,后里區,0,0,0,8,,,40,,,,,,,,,,,,,,,12,  ,  ,  ,  ,A41,  ,  ,1,  ,2,  ,  ,12,12,  ,10,  ,A41,24.295333,120.722715,3
2018,11,2,7,56,臺中市,龍井區,0,1,0,8,1,5,50,3,1,1,5,4,5,7,1,1,10,5,5,2,16,23,2,9,1,1,C03,7,9,1,10,2,12,  ,23,23,1,22,8,C03,24.191936,120.588083,2
2018,11,2,8,0,臺中市,北區,0,1,0,8,1,5,50,14,7,1,5,4,5,7,4,4,2,4,4,2,12,17,3,10,1,1,B03,7,9,1,8,2,2,  ,17,17,1,22,8,B03,24.156306,120.685428,2
2018,11,2,8,5,臺中市,東區,0,0,0,8,,,40,,,,,,,,,,,,,,,23,3,  ,  ,  ,B12,  ,  ,1,  ,2,  ,  ,23,23,1,21,  ,B12,24.12892,120.69174,3
2018,11,2,8,5,臺中市,西屯區,0,0,,8,1,5,50,14,9,1,5,4,5,7,4,4,8,3,4,1,14,,,,,,B12,,,1,,2,,,12,,1,22,,B12,24.168745,120.619424,3
2018,11,2,8,6,臺中市,太平區,0,1,0,8,1,5,40,3,2,1,5,4,5,7,4,4,5,5,5,1,13,16,2,9,1,1,C03,7,9,1,10,2,11,  ,16,16,1,21,1,C03,24.115165,120.762377,2
2018,11,2,8,7,臺中市,北屯區,0,1,0,8,1,5,40,3,1,1,5,4,5,7,4,4,10,5,5,2,18,23,2,9,1,1,C03,7,6,1,10,2,12,  ,23,23,1,21,1,C03,24.194725,120.688126,2
2018,11,2,8,7,臺中市,西屯區,0,1,0,8,1,5,40,14,9,1,5,4,5,7,4,4,10,5,5,2,11,17,3,10,3,4,B03,7,9,1,10,2,4,  ,17,17,1,21,8,B03,24.201271,120.656902,2
2018,11,2,8,8,臺中市,龍井區,0,0,,8,,,60,,,,,,,,,,,,,,,,,,,,A31,,,1,,2,,,42,,1,22,,A31,24.177688,120.575037,3
2018,11,2,8,13,臺中市,北屯區,0,1,0,8,1,5,50,3,1,1,5,4,5,7,4,4,10,5,5,2,16,6,3,10,1,1,B03,7,6,1,7,2,5,  ,6,6,1,21,1,B03,24.198101,120.702028,2
2018,11,2,8,20,臺中市,北區,0,1,0,8,1,5,50,4,1,1,5,4,5,7,1,1,10,5,5,2,17,25,3,10,1,1,B03,7,11,1,8,2,5,  ,25,25,1,22,8,B03,24.1603,120.6995,2
2018,11,2,8,28,臺中市,北屯區,0,2,0,8,1,5,50,4,1,1,5,4,5,7,1,1,10,5,5,2,16,6,2,9,1,1,C03,7,5,1,10,2,11,  ,6,6,1,22,1,C03,24.188984,120.68019,2
2018,11,2,8,29,臺中市,西屯區,0,3,0,8,1,5,40,3,2,1,5,4,5,7,4,4,5,4,4,2,13,16,2,9,1,1,C03,7,9,1,10,2,11,  ,16,16,1,22,8,C03,24.160001,120.65443,2
2018,11,2,8,30,臺中市,大里區,0,0,,8,,,60,,,,,,,,,,,,,,,,,,,,B03,,,1,,2,,,16,,1,21,,B03,24.105225,120.6674,3
2018,11,2,8,30,臺中市,烏日區,0,1,0,8,1,5,50,4,2,1,5,4,5,7,2,1,5,4,4,2,13,23,3,10,1,1,B03,7,9,1,8,2,5,  ,23,23,1,21,8,B03,24.106299,120.634185,2
2018,11,2,8,31,臺中市,霧峰區,0,0,0,8,1,5,40,14,9,1,5,4,5,7,4,4,10,5,5,1,12,1,3,10,1,1,B03,7,4,1,8,2,5,  ,1,1,1,21,8,B03,24.026428,120.690863,3
2018,11,2,8,34,臺中市,潭子區,0,1,0,8,1,5,50,14,9,1,5,4,5,7,4,4,9,5,5,1,12,7,3,10,1,1,B03,7,8,1,8,2,6,  ,7,7,1,21,8,B03,24.21623,120.699785,2
2018,11,2,8,38,臺中市,豐原區,0,0,,8,,,60,,,,,,,,,,,,,,,,,,,,B11,,,1,,2,,,23,,  ,  ,,B11,24.238156,120.703321,3
2018,11,2,8,51,臺中市,烏日區,0,1,0,8,1,5,50,4,1,1,5,4,5,7,1,1,10,5,5,2,16,9,3,10,1,1,B12,7,6,1,7,2,5,  ,9,9,1,21,8,B12,24.097236,120.647609,2
2018,11,2,8,53,臺中市,西區,0,1,0,8,1,5,50,4,1,1,5,4,5,7,2,1,10,5,5,2,16,6,2,9,1,1,C03,7,9,1,10,2,11,  ,23,6,1,18,9,C03,24.139714,120.668339,2
2018,11,2,9,10,臺中市,南區,0,1,0,7,1,5,50,14,7,1,5,4,5,7,4,4,1,4,4,2,13,16,3,10,1,1,B03,7,9,1,8,2,1,  ,16,16,1,21,8,B03,24.123328,120.660483,2
2018,11,2,9,10,臺中市,北屯區,0,1,0,8,1,5,40,4,1,1,5,4,5,7,2,1,10,5,5,2,15,44,2,9,1,1,C03,7,9,1,10,2,14,  ,42,44,1,4,8,C03,24.175575,120.690336,2
2018,11,2,9,10,臺中市,龍井區,0,1,0,8,1,5,50,3,2,1,5,4,5,7,4,4,1,4,4,2,12,9,3,10,1,1,A12,7,6,1,1,2,2,  ,9,9,1,10,8,A12,24.19469,120.546314,2
2018,11,2,9,13,臺中市,南屯區,0,1,0,8,1,5,40,4,1,1,5,4,5,7,2,1,10,5,5,2,17,44,2,9,3,4,C03,7,9,1,10,2,12,11,13,44,1,22,8,C03,24.134974,120.653023,2
2018,11,2,9,18,臺中市,北屯區,0,2,0,8,1,5,50,14,22,1,5,4,5,7,4,4,10,5,4,2,12,23,2,7,1,1,C03,7,9,1,10,2,11,  ,23,23,1,5,9,C03,24.164321,120.705308,2
2018,11,2,9,20,臺中市,大里區,0,1,0,8,1,5,50,4,1,1,5,4,5,7,4,4,10,5,5,2,15,6,3,10,1,1,B03,7,9,1,8,2,5,  ,6,6,1,4,1,B03,24.102521,120.681081,2
2018,11,2,9,26,臺中市,西屯區,0,0,,8,,,40,,,,,,,,,,,,,,,,,,,,B02,,,1,,2,,,6,,1,21,,B02,24.165757,120.643515,3
2018,11,2,9,32,臺中市,北區,0,2,0,8,1,5,50,3,1,1,5,4,5,7,4,4,10,5,5,2,15,6,2,9,1,1,C03,7,9,1,10,2,14,  ,6,6,1,5,9,C03,24.162089,120.681028,2
2018,11,2,9,33,臺中市,大里區,0,0,,8,,,0,,,,,,,,,,,,,,,12,,,,,B03,,,1,,2,,,23,12,1,21,,B03,24.105023,120.67744,3
2018,11,2,9,34,臺中市,西屯區,0,0,,8,,,40,,,,,,,,,,,,,,,,,,,,B03,,,1,,2,,,7,,1,22,,B03,24.171288,120.63604,3
2018,11,2,9,35,臺中市,南屯區,0,0,,8,,,40,,,,,,,,,,,,,,,,,,,,B03,,,1,,2,,,6,,1,21,,B03,24.148455,120.612808,3
2018,11,2,9,35,臺中市,后里區,0,1,0,8,1,5,50,4,1,1,5,4,5,7,4,4,10,5,5,2,18,42,2,9,1,1,C03,7,9,1,10,2,14,  ,42,42,1,21,8,C03,24.30481,120.714044,2
2018,11,2,9,46,臺中市,西屯區,0,1,0,8,1,5,50,4,2,1,5,4,5,7,1,1,3,2,4,2,16,6,3,10,3,4,B03,7,6,1,8,2,2,  ,6,6,1,22,8,B03,24.195161,120.658228,2
2018,11,2,9,50,臺中市,龍井區,,,,8,,,40,,,,,,,,,,,,,,,,,,,,B03,,,1,,2,,,42,,1,22,,B03,24.183218,120.592179,3
2018,11,2,9,51,臺中市,北區,0,2,0,8,1,5,50,3,1,1,5,4,5,7,4,4,5,2,4,2,15,6,2,9,1,1,C03,7,9,1,10,2,14,  ,6,6,1,22,8,C03,24.155891,120.690092,2
2018,11,2,9,52,臺中市,北屯區,0,1,0,8,1,5,50,4,2,1,5,4,5,7,1,1,10,5,5,2,13,23,3,10,1,1,C03,7,9,1,10,2,11,  ,23,23,1,21,8,C03,24.200734,120.67669,2
2018,11,2,9,57,臺中市,南屯區,0,2,0,8,1,5,40,3,1,1,5,1,5,7,4,4,10,5,5,2,17,6,2,9,1,4,C03,7,5,1,10,2,11,  ,6,6,1,22,8,C03,24.114583,120.623309,2
2018,11,2,10,1,臺中市,北屯區,0,0,,8,,,50,,,,,,,,,,,,,,,,,,,,B03,,,1,,2,,,23,,1,21,,B03,24.17286,120.731691,3
2018,11,2,10,1,臺中市,西屯區,0,1,0,8,1,5,50,4,2,1,5,4,5,7,2,1,8,3,4,1,12,7,2,7,1,1,C03,7,7,1,10,2,14,  ,7,7,1,22,8,C03,24.175081,120.646726,2
2018,11,2,10,5,臺中市,沙鹿區,0,0,,8,,,60,,,,,,,,,,,,,,,,,,,,B03,,,1,,2,,,23,,1,  ,,B03,24.249976,120.589432,3
2018,11,2,10,6,臺中市,西屯區,0,2,0,8,1,5,40,3,1,1,5,4,5,7,4,4,10,5,5,2,13,43,2,8,3,4,C03,7,9,1,10,2,13,  ,43,43,1,21,8,C03,24.182535,120.61692,2
2018,11,2,10,15,臺中市,大里區,0,1,0,8,1,5,40,14,8,1,5,4,5,7,4,4,1,4,1,1,12,23,2,9,1,1,C03,7,9,1,10,2,12,  ,23,23,1,20,8,C03,24.110597,120.670308,2
2018,11,2,10,15,臺中市,烏日區,0,0,,8,,,50,,,,,,,,,,,,,,,,,,,,B12,,,1,,2,,,23,,1,22,,B12,24.122255,120.607337,3
2018,11,2,10,20,臺中市,東區,0,0,0,8,1,5,50,4,9,1,5,4,5,7,1,1,5,5,5,2,29,22,3,10,1,1,B03,7,9,1,8,2,5,  ,22,22,1,21,8,B03,24.133635,120.688117,3
2018,11,2,10,27,臺中市,后里區,0,0,,8,,,50,,,,,,,,,,,,,,,,,,,,B11,,,1,,2,,,12,,1,22,,B11,24.298245,120.735501,3
2018,11,2,10,40,臺中市,大里區,0,0,,8,,,50,,,,,,,,,,,,,,,,,,,,C03,,,1,,9,,,44,,1,5,,C03,24.105201,120.689075,3
2018,11,2,11,4,臺中市,北屯區,0,2,0,8,1,5,40,14,8,1,5,4,5,7,4,4,5,4,3,2,13,16,2,9,1,1,C03,7,9,1,10,2,13,11,16,16,1,5,8,C03,24.164944,120.702072,2
2018,11,2,11,7,臺中市,西屯區,0,1,0,8,3,5,40,14,7,1,5,4,5,7,4,4,5,4,4,2,13,16,2,9,1,1,C03,7,9,1,10,2,11,  ,16,16,1,22,8,C03,24.167428,120.640956,2
2018,11,2,11,11,臺中市,南區,0,0,0,8,,,50,,,,,,,,,,,,,,,23,3,  ,  ,  ,B03,  ,  ,1,  ,2,  ,  ,23,23,  ,20,  ,B03,24.116874,120.657411,3
2018,11,2,11,12,臺中市,北區,0,0,,8,,,40,,,,,,,,,,,,,,,,,,,,B01,,,1,,2,,,23,,1,10,,B01,24.147466,120.685817,3
2018,11,2,11,20,臺中市,西區,0,0,0,8,,,50,,,,,,,,,,,,,,,17,  ,  ,  ,  ,B03,  ,  ,1,  ,2,  ,  ,17,17,1,  ,  ,B03,24.140102,120.677156,3
2018,11,2,11,27,臺中市,西屯區,0,1,0,8,1,5,40,14,8,1,5,4,5,7,4,4,1,4,1,2,13,23,2,9,3,4,C03,7,9,1,10,2,12,  ,23,23,1,22,8,C03,24.158479,120.657845,2
2018,11,2,11,33,臺中市,清水區,0,0,,8,,,50,,,,,,,,,,,,,,,,,,,,B03,,,1,,2,,,23,,1,21,,B03,24.26416,120.5628,3
2018,11,2,11,35,臺中市,大雅區,0,1,0,8,1,5,50,4,1,1,5,4,5,7,2,1,3,4,4,1,12,6,2,9,1,1,C03,7,5,1,10,9,14,  ,6,6,1,22,9,C03,24.216211,120.649361,2
2018,11,2,11,39,臺中市,南區,0,2,0,8,1,5,50,14,9,1,5,4,5,7,4,4,5,4,5,2,16,23,2,9,1,1,C03,7,9,1,10,2,14,  ,23,23,1,22,9,C03,24.114561,120.666896,2
2018,11,2,11,46,臺中市,沙鹿區,0,0,,8,,,40,,,,,,,,,,,,,,,,,,,,B12,,,1,,2,,,12,,1,9,,B12,24.24334,120.561567,4
2018,11,2,12,0,臺中市,北區,0,0,,8,,,40,,,,,,,,,,,,,,,,,,,,   ,,,7,,11,,,43,,  ,  ,,   ,24.156357,120.688701,3
2018,11,2,12,6,臺中市,北屯區,0,3,0,8,1,5,50,14,9,1,5,4,5,7,4,4,3,4,5,2,18,23,2,9,1,1,C03,7,9,1,10,2,12,  ,23,23,1,21,8,C03,24.162263,120.69255,2
2018,11,2,12,7,臺中市,西屯區,0,0,,8,,,50,,,,,,,,,,,,,,,,,,,,B03,,,1,,2,,,19,,1,22,,B03,24.184879,120.607192,3
2018,11,2,12,10,臺中市,北屯區,0,1,0,7,1,5,50,4,1,1,5,4,5,7,1,1,10,5,5,2,16,25,3,10,1,1,C03,7,5,1,10,2,11,  ,25,25,1,21,8,C03,24.169523,120.703111,2
2018,11,2,12,10,臺中市,西屯區,0,1,0,8,1,5,50,4,2,1,5,4,5,7,4,4,8,3,5,1,15,6,2,9,1,1,C03,7,9,1,10,2,12,  ,6,6,1,22,8,C03,24.16782,120.646618,2
2018,11,2,12,15,臺中市,西屯區,0,0,,8,,,40,,,,,,,,,,,,,,,,,,,,B12,,,1,,2,,,23,,1,21,,B12,24.195578,120.659865,3
2018,11,2,12,22,臺中市,沙鹿區,0,1,0,8,1,5,50,3,1,1,5,4,5,3,4,4,5,5,5,1,14,19,2,8,1,1,C03,7,1,1,10,2,12,  ,19,19,1,18,8,C03,24.229341,120.57163,2
2018,11,2,12,22,臺中市,東勢區,0,0,0,8,,,60,,,,,,,,,,,,,,,23,  ,  ,  ,  ,B12,  ,  ,1,  ,2,  ,  ,23,23,1,  ,  ,B12,24.258316,120.824133,3
2018,11,2,12,27,臺中市,西區,0,0,0,8,1,5,50,3,1,1,5,4,5,7,1,1,5,5,5,2,12,23,3,10,1,1,C03,7,9,1,10,2,12,  ,23,23,1,18,2,C03,24.148054,120.67951,3
2018,11,2,12,27,臺中市,北區,0,1,0,8,1,5,50,14,7,1,5,4,5,7,4,4,5,4,5,2,16,10,3,10,1,1,B03,7,11,6,18,2,8,  ,10,10,1,22,8,B03,24.1569,120.6904,2
2018,11,2,12,28,臺中市,沙鹿區,0,2,0,8,1,5,50,3,1,1,5,4,5,7,4,4,10,5,5,2,17,19,2,9,1,1,C03,7,1,1,10,2,11,  ,19,19,1,18,8,C03,24.229668,120.572345,2
2018,11,2,12,29,臺中市,南屯區,0,0,0,8,,,60,,,,,,,,,,,,,,,16,  ,  ,  ,  ,B03,  ,  ,1,8,2,  ,  ,16,16,1,12,  ,B03,24.11872,120.638559,3
2018,11,2,12,34,臺中市,西屯區,0,3,0,8,1,5,50,4,18,1,5,4,5,7,4,4,9,4,5,2,3,15,2,9,3,4,C03,7,9,1,10,2,11,  ,15,15,1,22,8,C03,24.176543,120.64531,2
2018,11,2,12,45,臺中市,南區,0,0,0,8,1,5,40,14,8,1,5,4,5,7,4,4,5,5,4,2,14,18,3,10,1,1,B03,7,3,1,8,2,15,  ,18,18,1,21,8,B03,24.111422,120.657927,3
2018,11,2,12,48,臺中市,西區,0,1,0,8,1,5,50,3,1,1,5,4,5,7,4,4,10,4,5,2,16,10,3,10,1,1,B03,7,11,1,8,2,4,  ,10,10,1,21,8,B03,24.152958,120.661684,2
2018,11,2,13,5,臺中市,南屯區,0,0,,8,,,50,,,,,,,,,,,,,,,,,,,,B03,,,1,,2,,,23,,1,22,,B03,24.141659,120.645417,3
2018,11,2,13,7,臺中市,沙鹿區,0,0,,8,,,50,,,,,,,,,,,,,,,,,,,,B03,,,1,,2,,,6,,1,4,,B03,24.243227,120.562699,3
2018,11,2,13,12,臺中市,西區,0,2,0,8,1,5,50,4,1,1,5,4,5,7,4,4,10,5,5,2,15,6,2,9,1,1,C03,7,9,1,10,2,11,  ,6,6,1,21,5,C03,24.150379,120.667346,2
2018,11,2,13,14,臺中市,東區,0,1,0,8,1,5,50,14,7,1,5,4,3,7,4,4,10,4,4,2,12,1,3,10,1,1,A06,7,14,1,1,11,15,  ,38,1,1,22,1,A06,24.142846,120.690625,2
2018,11,2,13,22,臺中市,西屯區,0,0,,8,1,5,50,14,9,1,5,4,5,7,4,4,8,3,5,1,12,,,,,,B12,,,1,,2,,,19,,1,22,,B12,24.176511,120.643526,3