年,月,日,時,分,縣市,區,死,受傷,2-30,天候,光線,道路類別,速限,道路型態,事故位置,路面鋪裝,路面狀態,路面缺陷,障礙物,視距,號誌種類,號誌動作,分向設施,快車道或一般車道間,快慢車道間,路面邊線,事故類型及型態,主要肇因,受傷程度,主要傷處,保護裝備,行動電話,當事者區分_類別,車輛用途,當事者行動狀態,駕駛資格情形,駕駛執照種類,飲酒情形,車輛撞擊部位最初,車輛撞擊部位其他,肇事因素個別,肇事因素主要,肇事逃逸,職業,旅次目的,車種,GPS座標_緯度,GPS座標_經度,事故類別
2018,11,2,13,25,臺中市,西屯區,0,0,,8,,,50,,,,,,,,,,,,,,,,,,,,B02,,,1,,2,,,43,,1,21,,B02,24.170763,120.636536,3
2018,11,2,13,28,臺中市,大雅區,0,1,0,8,1,5,40,14,8,1,5,4,5,7,4,4,5,4,4,1,12,18,3,10,1,1,B03,7,3,1,8,2,2,  ,18,18,1,22,9,B03,24.205139,120.644556,2
2018,11,2,13,34,臺中市,西區,0,0,,8,,,50,,,,,,,,,,,,,,,,,,,,C03,,,1,,2,,,16,,1,22,,C03,24.141275,120.672788,4
2018,11,2,13,45,臺中市,龍井區,0,0,,8,,,50,,,,,,,,,,,,,,,,,,,,C03,,,1,,2,,,23,,1,22,,C03,24.181992,120.584616,3
2018,11,2,13,46,臺中市,潭子區,0,0,,8,1,2,50,14,9,1,5,4,5,7,4,4,10,5,5,2,14,,,,,,B03,,,1,,2,,,12,,1,21,,B03,24.188405,120.69988,3
2018,11,2,13,50,臺中市,南屯區,0,0,,8,,,40,,,,,,,,,,,,,,,,,,,,B03,,,1,,9,,,42,,1,22,,B03,24.14266,120.624921,3
2018,11,2,13,50,臺中市,北屯區,0,1,0,8,1,5,50,14,9,1,5,4,5,7,4,4,10,4,5,2,16,19,3,10,1,1,B03,7,1,1,8,2,7,  ,19,19,1,21,8,B03,24.176033,120.723516,2
2018,11,2,13,54,臺中市,沙鹿區,0,2,0,8,1,5,40,14,8,1,5,4,5,7,4,4,1,2,2,1,13,16,2,9,1,1,C03,7,9,1,10,2,11,  ,16,16,1,18,8,C03,24.219337,120.580051,2
2018,11,2,14,12,臺中市,大雅區,0,1,0,7,1,5,50,4,1,1,5,4,5,7,1,1,3,4,4,1,16,9,3,10,1,1,B03,7,6,1,8,2,3,  ,9,9,1,21,8,B03,24.233362,120.66373,2
2018,11,2,14,15,臺中市,東區,0,2,0,7,1,5,50,4,1,1,5,4,5,7,4,4,10,5,5,2,16,6,3,10,1,1,B03,7,5,1,8,2,4,  ,6,6,1,5,8,B03,24.14307,120.692466,2
2018,11,2,14,20,臺中市,太平區,0,1,0,8,1,5,50,3,2,1,5,4,5,7,4,4,5,4,4,1,13,23,2,9,1,1,C03,7,9,1,10,2,11,  ,23,23,1,21,8,C03,24.110968,120.730387,2
2018,11,2,14,21,臺中市,北區,0,1,0,8,1,5,50,3,1,1,5,4,5,7,1,1,2,4,5,2,17,6,3,10,1,1,B03,7,9,1,8,2,8,  ,6,6,1,22,8,B03,24.159055,120.691403,2
2018,11,2,14,21,臺中市,北屯區,0,2,0,8,1,5,50,14,9,1,5,4,5,7,1,1,1,2,5,2,16,42,3,10,1,1,B03,7,9,1,8,2,1,  ,42,42,1,21,8,B03,24.182378,120.710758,2
2018,11,2,14,22,臺中市,西屯區,0,1,0,8,1,5,40,4,2,1,5,4,5,7,4,4,10,5,5,2,16,6,2,7,1,1,C03,7,9,1,10,2,11,  ,6,6,1,22,8,C03,24.171688,120.66604,2
2018,11,2,14,25,臺中市,北區,0,0,,8,,,40,,,,,,,,,,,,,,,,,,,,C03,,,1,,2,,,6,,1,18,,C03,24.1474,120.6889,3
2018,11,2,14,28,臺中市,西屯區,0,1,0,8,1,5,50,14,9,1,5,4,5,7,4,4,1,4,5,2,12,23,3,10,3,4,B12,7,9,1,8,2,2,  ,23,23,1,22,8,B12,24.195046,120.64445,2
2018,11,2,14,35,臺中市,清水區,,,,8,,,70,,,,,,,,,,,,,,,,,,,,A11,,,1,,2,,,16,,1,10,,A11,24.297745,120.5669,3
2018,11,2,14,36,臺中市,北區,0,1,0,8,1,5,50,4,1,1,5,4,5,7,2,1,10,5,5,2,3,23,3,10,1,1,B03,7,6,1,8,2,5,  ,23,23,1,22,9,B03,24.164525,120.681249,2
2018,11,2,14,41,臺中市,中區,0,1,0,8,1,5,50,4,2,1,5,4,5,7,1,1,10,5,5,2,13,16,2,9,1,1,C03,7,9,1,10,2,11,  ,16,16,1,21,8,C03,24.139364,120.679902,2
2018,11,2,14,44,臺中市,霧峰區,0,0,,8,,,40,,,,,,,,,,,,,,,,,,,,B03,,,1,,2,,,16,,1,21,,B03,24.065415,120.68303,3
2018,11,2,14,50,臺中市,南屯區,0,0,0,8,,,50,,,,,,,,,,,,,,,12,  ,  ,  ,  ,B12,  ,  ,1,8,2,  ,  ,12,12,1,12,  ,B12,24.148205,120.627299,3
2018,11,2,14,50,臺中市,大里區,0,0,,6,,,50,,,,,,,,,,,,,,,,,,,,A02,,,1,,2,,,44,,1,10,,A02,24.106786,120.692541,3
2018,11,2,15,0,臺中市,南屯區,0,0,,8,,,50,,,,,,,,,,,,,,,,,,,,C03,,,1,,2,,,42,,1,22,,C03,24.135565,120.646906,3
2018,11,2,15,5,臺中市,南區,0,1,0,8,1,5,50,4,1,1,5,4,5,7,4,4,10,5,5,2,15,6,2,8,1,1,C03,7,9,3,18,9,11,  ,6,6,2,5,8,C03,24.127397,120.673111,2
2018,11,2,15,7,臺中市,西屯區,0,1,0,8,1,5,50,4,1,1,5,4,5,7,1,1,10,5,5,2,16,23,3,10,1,1,C03,7,6,1,10,2,13,  ,6,23,1,22,5,C03,24.177814,120.642292,2
2018,11,2,15,14,臺中市,西屯區,0,0,,8,,,40,,,,,,,,,,,,,,,,,,,,B03,,,1,,2,,,12,,1,5,,B03,24.158276,120.655295,3
2018,11,2,15,15,臺中市,沙鹿區,0,1,0,8,1,5,30,3,1,1,5,4,5,1,4,4,4,5,5,1,16,6,3,10,1,1,B03,7,5,1,8,2,5,  ,6,6,1,2,8,B03,24.235986,120.563521,2
2018,11,2,15,18,臺中市,清水區,0,1,0,6,1,5,50,14,9,1,4,4,5,7,4,4,10,5,5,2,17,12,3,10,1,1,B03,7,2,1,8,2,6,  ,12,12,1,21,8,B03,24.265902,120.573117,2
2018,11,2,15,23,臺中市,北屯區,0,1,0,6,1,5,40,4,2,1,4,4,5,7,4,4,10,5,5,2,18,42,2,9,1,1,C03,7,1,1,10,2,12,  ,42,42,1,18,8,C03,24.1784,120.7408,2
2018,11,2,15,43,臺中市,太平區,0,0,,8,,,50,,,,,,,,,,,,,,,,,,,,B03,,,1,,2,,,19,,1,21,,B03,24.149105,120.715239,3
2018,11,2,15,46,臺中市,大里區,0,0,,8,,,40,,,,,,,,,,,,,,,,,,,,C03,,,1,,2,,,25,,1,18,,C03,24.115185,120.679231,3
2018,11,2,15,51,臺中市,西區,0,1,0,8,1,5,40,5,1,1,5,4,5,7,2,1,5,5,4,2,13,23,2,8,1,1,C03,7,9,1,10,2,11,  ,23,23,1,22,8,C03,24.131774,120.672565,2
2018,11,2,15,52,臺中市,東區,0,1,0,8,1,5,50,14,9,1,5,4,5,7,4,4,10,5,5,2,17,19,3,10,1,1,B03,7,1,1,8,2,1,  ,19,19,1,22,8,B03,24.143381,120.703952,2
2018,11,2,15,57,臺中市,南區,0,1,0,8,1,5,50,14,9,1,5,4,5,7,4,4,5,5,5,2,18,23,2,9,1,1,C03,7,9,1,10,2,14,  ,23,23,1,21,8,C03,24.124341,120.661693,2
2018,11,2,16,0,臺中市,大甲區,0,1,0,7,1,5,50,3,9,1,5,4,5,7,4,4,5,5,5,1,13,23,3,10,1,1,B03,7,6,1,8,2,2,  ,44,23,1,4,8,B03,24.340566,120.627887,2
2018,11,2,16,7,臺中市,南區,0,0,0,8,1,5,50,4,1,1,5,4,5,7,1,1,10,5,5,2,12,2,3,10,1,1,B03,7,9,1,8,2,5,  ,2,2,1,21,8,B03,24.126686,120.669966,3
2018,11,2,16,11,臺中市,西屯區,0,0,,8,,,50,,,,,,,,,,,,,,,,,,,,B03,,,1,,2,,,42,,1,22,,B03,24.18514,120.641145,3
2018,11,2,16,15,臺中市,沙鹿區,0,0,,6,,,50,,,,,,,,,,,,,,,,,,,,B03,,,1,,2,,,6,,1,18,,B03,24.226888,120.573162,3
2018,11,2,16,20,臺中市,大里區,0,0,,8,,,50,,,,,,,,,,,,,,,,,,,,B03,,,1,,2,,,12,,1,22,,B03,24.082685,120.696786,3
2018,11,2,16,22,臺中市,南屯區,0,0,,8,,,50,,,,,,,,,,,,,,,,,,,,B03,,,1,,2,,,7,,1,21,,B03,24.146576,120.635892,3
2018,11,2,16,24,臺中市,西屯區,0,0,0,8,1,5,40,14,8,1,5,4,5,7,4,4,10,4,5,2,13,42,3,10,3,4,B03,7,9,1,8,2,1,  ,42,42,1,22,9,B03,24.163329,120.629179,3
2018,11,2,16,24,臺中市,西屯區,0,0,,8,,,50,,,,,,,,,,,,,,,,,,,,B03,,,1,,2,,,7,,1,22,,B03,24.170116,120.645775,3
2018,11,2,16,25,臺中市,大甲區,0,0,0,8,1,5,50,4,1,1,4,4,5,7,4,4,10,5,5,2,17,43,3,10,1,1,C03,7,9,1,10,2,15,  ,43,43,1,5,8,C03,24.345841,120.62279,3
2018,11,2,16,29,臺中市,梧棲區,0,1,0,8,1,5,40,14,9,1,5,4,5,7,4,4,10,5,5,2,11,17,3,10,3,4,B03,7,9,1,8,2,4,  ,17,17,1,21,8,B03,24.244975,120.538234,2
2018,11,2,16,30,臺中市,后里區,0,0,,8,,,40,,,,,,,,,,,,,,,,,,,,B03,,,1,,2,,,23,,1,  ,,B03,24.308886,120.718385,3
2018,11,2,16,31,臺中市,烏日區,0,0,,8,,,40,,,,,,,,,,,,,,,,,,,,B02,,,1,,2,,,23,,1,5,,B02,24.06516,120.646259,3
2018,11,2,16,34,臺中市,清水區,,,,6,,,40,,,,,,,,,,,,,,,,,,,,B03,,,1,,2,,,17,,1,21,,B03,24.283612,120.569966,3
2018,11,2,16,35,臺中市,南區,0,2,0,8,1,5,50,4,1,1,5,4,5,7,1,1,10,5,5,2,16,6,3,10,1,1,B12,7,5,1,8,2,1,  ,6,6,1,5,8,B12,24.12888,120.667203,2
2018,11,2,16,35,臺中市,大里區,0,0,,8,,,40,,,,,,,,,,,,,,,,,,,,B03,,,1,,2,,,12,,1,21,,B03,24.111706,120.678917,3
2018,11,2,16,42,臺中市,北屯區,0,2,0,8,1,5,50,3,1,1,5,4,5,7,4,4,10,5,5,2,16,6,2,9,1,1,C03,7,5,1,10,2,12,  ,6,6,1,21,8,C03,24.167266,120.696334,2
2018,11,2,16,57,臺中市,清水區,0,1,0,6,1,5,40,4,1,1,4,4,5,7,4,4,10,5,5,1,18,23,2,9,1,1,C03,7,9,1,10,2,12,  ,23,23,1,21,1,C03,24.299998,120.552318,2
2018,11,2,17,0,臺中市,北屯區,0,0,,6,,,50,,,,,,,,,,,,,,,,,,,,   ,,,7,,11,,,43,,1,  ,,   ,24.173056,120.680046,3
2018,11,2,17,5,臺中市,大雅區,0,1,0,7,2,5,40,5,2,1,5,4,5,7,3,1,5,5,5,1,16,6,3,10,1,1,B03,7,6,1,8,2,2,  ,6,6,1,22,8,B03,24.244504,120.657898,2
2018,11,2,17,10,臺中市,大甲區,0,0,0,8,,,50,,,,,,,,,,,,,,,43,  ,  ,  ,  ,C03,  ,  ,1,  ,1,  ,  ,43,43,1,  ,  ,C03,24.395857,120.657751,3
2018,11,2,17,10,臺中市,大雅區,0,0,,8,,,40,,,,,,,,,,,,,,,,,,,,B12,,,1,,2,,,12,,1,  ,,B12,24.212632,120.646944,3
2018,11,2,17,14,臺中市,西屯區,0,0,0,8,,,40,,,,,,,,,,,,,,,17,  ,  ,  ,  ,B03,  ,  ,1,  ,2,  ,  ,17,17,1,5,  ,B03,24.178268,120.624723,3
2018,11,2,17,14,臺中市,西屯區,0,1,0,8,3,5,50,4,4,1,5,4,5,7,2,1,4,1,5,2,13,23,2,8,1,1,C03,7,9,1,10,2,11,  ,23,23,1,22,8,C03,24.178023,120.655516,2
2018,11,2,17,16,臺中市,南區,0,1,0,8,3,5,50,14,9,1,5,4,5,7,4,4,9,5,5,2,10,17,2,9,1,1,C03,7,9,1,10,2,11,  ,17,17,1,21,8,C03,24.129961,120.674911,2
2018,11,2,17,24,臺中市,西區,0,0,,8,,,50,,,,,,,,,,,,,,,,,,,,B03,,,1,,2,,,12,,1,21,,B03,24.154049,120.661715,3
2018,11,2,17,26,臺中市,中區,0,0,,8,,,50,,,,,,,,,,,,,,,,,,,,C03,,,1,,2,,,23,,1,22,,C03,24.143116,120.680203,3
2018,11,2,17,27,臺中市,南屯區,0,0,,8,,,50,,,,,,,,,,,,,,,,,,,,B03,,,1,,2,,,6,,1,19,,B03,24.1367,120.649932,3
2018,11,2,17,30,臺中市,北屯區,0,0,,8,,,50,,,,,,,,,,,,,,,,,,,,B03,,,6,,2,,,7,,1,  ,,B03,24.163789,120.71619,3
2018,11,2,17,32,臺中市,西屯區,0,0,,8,,,50,,,,,,,,,,,,,,,,,,,,B03,,,1,,2,,,16,,1,22,,B03,24.17162,120.613253,3
2018,11,2,17,32,臺中市,霧峰區,0,2,0,8,3,5,40,4,1,1,5,4,5,7,1,1,10,5,5,2,15,25,2,9,1,1,C03,7,9,1,10,2,11,  ,25,25,1,22,8,C03,24.068708,120.662025,2
2018,11,2,17,34,臺中市,龍井區,0,1,0,6,3,5,40,14,9,1,4,4,5,7,4,4,10,5,5,1,13,23,3,10,1,1,C03,7,9,3,18,2,11,  ,23,23,1,9,1,C03,24.188545,120.542055,2
2018,11,2,17,35,臺中市,沙鹿區,0,0,,8,,,40,,,,,,,,,,,,,,,,,,,,B03,,,1,,2,,,23,,1,  ,,B03,24.210667,120.57878,3
2018,11,2,17,35,臺中市,新社區,0,0,0,8,,,40,,,,,,,,,,,,,,,12,  ,  ,  ,  ,A12,  ,  ,1,  ,2,  ,  ,12,12,1,22,  ,A12,24.19358,120.809233,3
2018,11,2,17,36,臺中市,南屯區,0,2,0,7,3,5,50,4,1,1,5,4,5,7,1,1,10,5,5,2,16,25,2,9,1,4,C03,7,9,6,18,2,11,  ,25,25,1,22,8,C03,24.135803,120.622881,2
2018,11,2,17,37,臺中市,梧棲區,0,1,0,8,4,5,50,3,1,1,5,4,5,7,1,1,10,5,5,2,10,4,3,10,4,5,F01,7,9,8,20,2,16,  ,4,4,1,16,8,F01,24.255175,120.545633,2
2018,11,2,17,44,臺中市,后里區,0,1,0,8,2,5,50,3,2,1,5,4,5,7,4,4,5,4,5,2,3,51,2,9,4,5,H01,8,16,8,20,10,16,  ,51,51,1,21,8,H01,24.307078,120.709058,2
2018,11,2,17,52,臺中市,西屯區,0,0,,8,,,50,,,,,,,,,,,,,,,,,,,,A31,,,1,,2,,,7,,1,22,,A31,24.17156,120.613233,3
2018,11,2,17,53,臺中市,北區,0,0,0,8,,,50,,,,,,,,,,,,,,,10,3,  ,  ,  ,B12,  ,  ,1,8,2,5,  ,10,10,  ,21,  ,B12,24.158167,120.70273,3
2018,11,2,18,0,臺中市,南區,0,1,0,8,3,5,50,14,7,1,5,4,5,7,4,4,1,4,4,2,16,19,3,10,1,1,B03,7,1,1,8,2,8,  ,19,19,1,4,8,B03,24.121933,120.679429,2
2018,11,2,18,4,臺中市,北區,0,0,,8,3,5,50,14,9,1,5,4,5,7,4,4,8,3,4,2,13,,,,,,B03,,,1,,2,,,23,,1,5,,B03,24.163069,120.679732,3
2018,11,2,18,4,臺中市,西屯區,0,0,,8,,,50,,,,,,,,,,,,,,,,,,,,B03,,,1,,2,,,23,,1,5,,B03,24.178023,120.617894,3
2018,11,2,18,5,臺中市,龍井區,0,0,,6,,,50,,,,,,,,,,,,,,,,,,,,B03,,,1,,2,,,23,,1,22,,B03,24.174777,120.583652,3
2018,11,2,18,8,臺中市,北屯區,0,0,0,8,,,40,,,,,,,,,,,,,,,23,  ,  ,  ,  ,C04,  ,  ,1,11,2,  ,  ,23,23,1,21,  ,C04,24.162838,120.688963,3
2018,11,2,18,10,臺中市,西屯區,0,2,0,8,3,5,50,14,9,1,5,4,5,7,4,4,1,3,5,2,13,23,2,9,1,1,C03,7,9,1,10,2,11,  ,23,23,1,22,8,C03,24.158324,120.64669,2
2018,11,2,18,10,臺中市,大雅區,0,0,,8,,,50,,,,,,,,,,,,,,,,,,,,B03,,,1,,2,,,6,,1,22,,B03,24.215199,120.614001,3
2018,11,2,18,14,臺中市,南屯區,0,1,0,8,2,5,50,4,1,1,5,4,5,7,1,1,10,5,5,2,16,25,3,10,1,1,B03,7,5,1,8,2,5,  ,25,25,1,3,8,B03,24.145148,120.6232,2
2018,11,2,18,15,臺中市,霧峰區,0,1,0,8,2,5,50,14,9,1,5,4,5,7,4,4,5,5,5,1,17,42,3,10,1,1,B03,7,9,1,10,2,1,  ,42,42,1,20,8,B03,24.062171,120.702115,2
2018,11,2,18,15,臺中市,太平區,0,1,0,7,3,5,50,4,1,1,5,4,5,7,4,4,10,5,5,2,16,23,3,10,1,1,B03,7,5,1,8,2,8,  ,23,23,1,4,5,B03,24.152905,120.720382,2
2018,11,2,18,17,臺中市,南區,0,1,0,8,2,5,40,3,1,1,5,4,5,7,2,1,10,5,5,2,16,8,2,8,1,1,C03,7,5,1,10,2,14,  ,8,8,1,5,8,C03,24.128955,120.684883,2
2018,11,2,18,17,臺中市,南屯區,0,0,,8,,,80,,,,,,,,,,,,,,,,,,,,B03,,,1,,2,,,23,,1,22,,B03,24.132495,120.620756,3
2018,11,2,18,17,臺中市,西屯區,0,0,,8,,,50,,,,,,,,,,,,,,,,,,,,B03,,,1,,2,,,17,,1,22,,B03,24.18292,120.615325,3
2018,11,2,18,20,臺中市,西區,0,0,,8,,,50,,,,,,,,,,,,,,,,,,,,B03,,,1,,2,,,26,,1,5,,B03,24.136224,120.678312,3
2018,11,2,18,20,臺中市,東區,0,2,0,8,3,5,50,4,1,1,5,4,5,7,1,1,10,5,5,2,13,23,2,8,1,1,C03,7,4,1,10,2,14,  ,23,23,1,18,8,C03,,,3
2018,11,2,18,20,臺中市,霧峰區,0,1,0,8,3,5,50,14,9,1,5,4,5,7,4,4,5,5,5,1,17,26,3,10,1,1,C03,7,5,1,10,2,12,  ,26,26,1,18,5,C03,24.073747,120.715174,2
2018,11,2,18,23,臺中市,烏日區,0,1,0,8,3,5,50,4,1,1,5,4,5,7,1,1,10,5,5,2,16,9,3,10,1,1,B03,7,6,1,8,2,4,  ,9,9,1,21,8,B03,24.112057,120.607873,2
2018,11,2,18,24,臺中市,南屯區,0,0,,8,,,40,,,,,,,,,,,,,,,,,,,,B03,,,1,,2,,,16,,1,9,,B03,24.145697,120.622972,3
2018,11,2,18,24,臺中市,北屯區,0,0,0,8,,,50,,,,,,,,,,,,,,,7,3,  ,  ,  ,B03,  ,  ,1,  ,2,  ,  ,7,7,  ,21,  ,B03,24.171966,120.690758,3
2018,11,2,18,25,臺中市,西屯區,0,0,0,8,2,5,50,4,1,1,5,4,5,7,1,1,10,5,5,2,13,23,3,10,3,4,B03,7,8,1,8,2,1,  ,23,23,1,22,9,B03,24.15956,120.627403,3
2018,11,2,18,25,臺中市,神岡區,0,0,0,8,,,40,,,,,,,,,,,,,,,6,  ,  ,  ,  ,B02,  ,  ,1,  ,2,  ,  ,6,6,  ,21,  ,B02,24.247916,120.695864,3
2018,11,2,18,26,臺中市,東區,0,0,,8,,,50,,,,,,,,,,,,,,,,,,,,B03,,,1,,2,,,26,,1,22,,B03,24.147896,120.694219,3
2018,11,2,18,26,臺中市,南區,0,0,0,8,3,5,50,3,2,1,5,4,5,7,1,1,5,4,4,2,17,19,3,10,1,1,B03,7,1,1,8,2,5,  ,19,19,1,21,8,B03,24.116867,120.668205,3
2018,11,2,18,28,臺中市,北屯區,0,2,0,8,3,5,50,14,7,1,5,4,5,7,4,4,5,4,5,2,16,19,2,9,1,1,C03,7,9,1,10,2,11,  ,4,19,1,21,8,C03,24.165846,120.694115,2
2018,11,2,18,30,臺中市,東區,0,0,0,8,3,5,50,5,2,1,5,4,5,7,1,1,10,5,5,2,12,7,3,10,1,1,B12,7,4,1,8,2,7,  ,7,7,1,5,8,B12,24.132963,120.693564,3
2018,11,2,18,33,臺中市,西屯區,0,0,0,8,3,5,40,14,16,1,5,4,5,7,4,4,1,4,1,2,13,16,3,10,1,1,B03,7,9,6,8,7,1,  ,16,16,1,22,8,B03,24.160988,120.628093,3
2018,11,2,18,35,臺中市,南屯區,0,1,0,8,3,5,50,14,9,1,5,4,5,7,4,4,5,5,5,2,18,22,2,9,1,1,C03,7,9,1,10,2,12,  ,22,22,1,21,8,C03,24.147845,120.575339,2
2018,11,2,18,40,臺中市,大雅區,0,2,0,8,4,5,40,11,9,1,5,4,5,7,4,4,10,5,5,2,11,5,2,7,1,1,C03,7,9,1,10,2,14,  ,5,5,1,22,9,C03,24.212302,120.622456,2
2018,11,2,18,41,臺中市,西屯區,0,1,0,8,3,5,50,3,1,1,5,4,5,7,4,4,10,5,5,2,16,6,2,7,1,1,C03,7,9,1,10,2,11,  ,14,6,1,22,8,C03,24.175838,120.640488,2
2018,11,2,18,42,臺中市,南區,0,0,,8,,,50,,,,,,,,,,,,,,,,,,,,B03,,,1,,2,,,23,,1,4,,B03,24.151644,120.654111,3
2018,11,2,18,44,臺中市,梧棲區,0,0,,8,,,50,,,,,,,,,,,,,,,,,,,,B03,,,1,,2,,,23,,1,5,,B03,24.258216,120.532095,4
2018,11,2,18,52,臺中市,南屯區,0,1,0,8,3,5,50,5,1,1,5,4,5,7,1,1,10,5,5,2,3,15,3,10,1,1,B03,7,5,1,8,2,1,  ,15,15,1,19,8,B03,24.142505,120.646613,2
2018,11,2,18,53,臺中市,南屯區,0,0,,8,,,50,,,,,,,,,,,,,,,,,,,,B03,,,1,,2,,,23,,1,22,,B03,24.144778,120.630611,3
2018,11,2,18,54,臺中市,南區,0,0,0,8,1,5,50,14,9,1,5,4,5,7,4,4,5,5,5,2,11,26,3,10,1,1,B03,7,6,1,8,2,8,  ,23,26,1,21,8,B03,24.120236,120.666861,3
2018,11,2,18,56,臺中市,沙鹿區,0,1,0,8,3,5,50,4,1,1,5,4,5,7,4,4,10,5,5,2,15,6,3,10,1,1,B03,7,9,1,8,2,5,  ,6,6,1,21,8,B03,24.243231,120.562728,2
2018,11,2,18,57,臺中市,西屯區,0,0,0,8,,,50,,,,,,,,,,,,,,,7,  ,  ,  ,  ,B03,  ,  ,1,  ,2,  ,  ,7,7,1,22,  ,B03,24.156048,120.646707,3
2018,11,2,19,0,臺中市,南屯區,0,1,0,8,3,5,50,14,9,1,5,4,5,7,4,4,1,4,5,2,16,23,2,9,1,1,C03,7,9,1,10,2,11,  ,23,23,1,4,8,C03,24.144393,120.646811,2
2018,11,2,19,1,臺中市,沙鹿區,0,1,0,8,3,5,60,3,1,1,5,4,5,7,1,1,10,5,5,2,17,6,2,8,1,1,C03,7,9,1,10,2,14,  ,13,6,1,21,8,C03,24.20442,120.56691,2
2018,11,2,19,5,臺中市,大里區,0,1,0,8,3,5,50,3,1,1,5,4,5,7,3,1,10,5,5,2,16,23,3,10,1,1,B03,7,9,1,8,2,1,  ,23,23,1,22,8,B03,24.100338,120.676983,2
2018,11,2,19,5,臺中市,大里區,0,0,,8,,,40,,,,,,,,,,,,,,,,,,,,B03,,,1,,2,,,7,,1,19,,B03,24.09339,120.689196,3
2018,11,2,19,7,臺中市,西區,0,1,0,8,3,5,50,4,1,1,5,4,5,7,1,1,10,5,5,2,16,7,3,10,1,1,B03,7,8,1,8,2,2,  ,7,7,1,21,5,B03,24.145465,120.671275,2
2018,11,2,19,10,臺中市,西屯區,0,2,0,8,3,5,50,3,1,1,5,4,5,7,2,1,10,5,5,2,3,23,3,10,1,1,B12,7,5,1,8,2,4,  ,23,23,1,22,8,B12,24.182666,120.615151,2
2018,11,2,19,14,臺中市,南區,0,1,0,8,3,5,50,4,1,1,5,4,5,7,1,1,10,5,5,2,12,1,2,8,1,1,C03,7,6,1,10,2,14,  ,1,1,1,21,8,C03,24.11555,120.655708,2
2018,11,2,19,14,臺中市,西屯區,0,1,0,8,3,5,40,4,1,1,5,4,5,7,4,4,10,5,5,2,17,23,3,10,1,1,B03,7,5,1,8,2,1,  ,23,23,1,22,5,B03,24.164788,120.652673,2
2018,11,2,19,15,臺中市,大雅區,0,0,,8,,,40,,,,,,,,,,,,,,,,,,,,C03,,,1,,2,,,16,,1,  ,,C03,24.222429,120.646028,3
2018,11,2,19,18,臺中市,南區,0,1,0,8,2,5,50,4,1,1,5,4,5,7,2,1,10,5,5,2,15,25,3,10,1,1,C03,7,9,1,10,2,12,  ,25,25,1,5,8,C03,24.120643,120.650123,2
2018,11,2,19,18,臺中市,東勢區,0,0,,8,,,50,,,,,,,,,,,,,,,,,,,,B03,,,1,,2,,,23,,1,21,,B03,24.258085,120.829498,3
2018,11,2,19,20,臺中市,北屯區,0,0,,8,,,50,,,,,,,,,,,,,,,,,,,,B03,,,1,,2,,,16,,1,5,,B03,24.19786,120.7701,3
2018,11,2,19,20,臺中市,霧峰區,0,0,,8,,,70,,,,,,,,,,,,,,,,,,,,B03,,,1,,2,,,6,,1,21,,B03,24.053888,120.695981,3
2018,11,2,19,28,臺中市,北區,0,0,,8,,,50,,,,,,,,,,,,,,,,,,,,B11,,,1,,2,,,23,,1,  ,,B11,24.163112,120.678313,3
2018,11,2,19,30,臺中市,西屯區,0,1,0,8,3,5,50,4,1,1,5,4,5,7,1,1,10,5,5,2,14,12,3,10,1,1,B03,7,2,1,8,2,3,  ,12,12,1,22,8,B03,24.156995,120.651841,2
2018,11,2,19,30,臺中市,大里區,0,0,,8,,,40,,,,,,,,,,,,,,,,,,,,C03,,,1,,2,,,16,,1,18,,C03,24.097778,120.694555,3
2018,11,2,19,30,臺中市,清水區,0,0,,8,,,50,,,,,,,,,,,,,,,,,,,,B03,,,1,,2,,,18,,1,19,,B03,24.272101,120.577153,3
2018,11,2,19,44,臺中市,龍井區,0,2,0,8,3,5,40,4,1,1,5,4,5,7,1,1,10,5,5,2,16,23,2,9,1,1,C03,7,9,1,10,2,11,  ,23,23,1,22,8,C03,24.18727,120.583594,2
2018,11,2,19,45,臺中市,北屯區,0,2,0,7,3,5,50,4,1,1,5,4,5,7,1,1,10,5,5,2,15,25,2,8,1,1,C03,7,9,1,10,2,11,  ,25,25,1,10,8,C03,24.169736,120.706995,2
2018,11,2,19,49,臺中市,北屯區,0,2,0,8,2,5,50,4,1,1,5,4,5,7,1,1,10,5,5,2,17,43,2,9,1,1,C03,7,9,1,10,3,11,  ,43,43,1,9,8,C03,24.2008,120.6767,2
2018,11,2,19,50,臺中市,烏日區,0,0,,8,,,50,,,,,,,,,,,,,,,,,,,,B03,,,1,,2,,,16,,1,21,,B03,24.114226,120.618833,3
2018,11,2,19,52,臺中市,清水區,0,0,,8,,,40,,,,,,,,,,,,,,,,,,,,B12,,,1,,2,,,12,,1,21,,B12,24.274931,120.577083,3
2018,11,2,20,2,臺中市,后里區,0,1,0,8,3,5,50,8,11,1,5,4,5,7,4,4,1,3,2,1,20,42,2,9,1,1,C03,7,9,1,10,2,12,  ,42,42,1,21,8,C03,24.281633,120.722616,2
2018,11,2,20,7,臺中市,中區,0,0,,8,,,50,,,,,,,,,,,,,,,,,,,,B03,,,1,,2,,,23,,1,5,,B03,24.145186,120.681995,4