年,月,日,時,分,縣市,區,死,受傷,2-30,天候,光線,道路類別,速限,道路型態,事故位置,路面鋪裝,路面狀態,路面缺陷,障礙物,視距,號誌種類,號誌動作,分向設施,快車道或一般車道間,快慢車道間,路面邊線,事故類型及型態,主要肇因,受傷程度,主要傷處,保護裝備,行動電話,當事者區分_類別,車輛用途,當事者行動狀態,駕駛資格情形,駕駛執照種類,飲酒情形,車輛撞擊部位最初,車輛撞擊部位其他,肇事因素個別,肇事因素主要,肇事逃逸,職業,旅次目的,車種,GPS座標_緯度,GPS座標_經度,事故類別
2018,11,2,20,8,臺中市,太平區,0,0,,8,,,50,,,,,,,,,,,,,,,,,,,,B03,,,1,,2,,,12,,1,20,,B03,24.148094,120.701336,3
2018,11,2,20,27,臺中市,清水區,,,,8,,,50,,,,,,,,,,,,,,,,,,,,B12,,,1,,2,,,23,,1,21,,B12,24.267583,120.574804,3
2018,11,2,20,28,臺中市,北區,0,0,0,8,,,50,,,,,,,,,,,,,,,12,3,  ,  ,  ,C03,  ,  ,1,8,2,8,  ,12,12,  ,21,  ,C03,24.162981,120.673032,3
2018,11,2,20,30,臺中市,大雅區,0,1,0,8,3,5,50,3,2,1,5,4,5,7,3,1,1,4,4,1,13,23,2,4,1,1,B01,7,9,1,4,2,1,  ,23,23,1,22,9,B01,24.233358,120.635909,2
2018,11,2,20,38,臺中市,龍井區,0,2,0,8,3,5,40,4,1,1,5,4,5,7,1,1,10,5,5,2,16,23,2,9,1,1,C03,7,9,1,10,2,11,  ,23,23,1,22,8,C03,24.177801,120.575726,2
2018,11,2,20,38,臺中市,沙鹿區,0,2,0,8,3,5,40,14,8,1,5,4,5,7,4,4,1,2,1,1,13,23,3,10,1,1,C03,7,9,4,8,2,11,  ,23,23,1,9,8,C03,24.261803,120.573977,2
2018,11,2,20,44,臺中市,北屯區,0,1,0,8,3,5,40,3,1,1,5,4,5,7,4,4,10,5,5,2,12,19,2,9,1,1,C04,7,1,1,10,2,11,  ,19,19,1,21,8,C04,24.195246,120.659419,2
2018,11,2,20,53,臺中市,南區,0,1,0,8,3,5,50,4,1,1,5,4,5,7,1,1,10,5,5,2,13,16,2,9,1,1,C03,7,9,1,11,2,11,  ,16,16,1,22,8,C03,24.119136,120.668455,2
2018,11,2,20,56,臺中市,沙鹿區,0,1,0,8,3,5,60,14,7,1,5,4,5,7,4,4,10,5,5,2,17,6,3,10,1,1,B03,7,11,1,8,2,6,  ,6,6,1,21,8,B03,24.231474,120.573271,2
2018,11,2,21,0,臺中市,大里區,0,3,0,8,3,5,50,4,1,1,5,4,5,7,1,1,10,5,5,2,16,6,3,10,1,1,B03,7,6,1,8,2,2,  ,6,6,1,22,8,B03,24.109363,120.680016,2
2018,11,2,21,7,臺中市,西屯區,0,0,,8,,,50,,,,,,,,,,,,,,,,,,,,B03,,,1,,1,,,16,,1,22,,B03,24.177349,120.664866,3
2018,11,2,21,10,臺中市,東區,0,1,0,8,3,5,50,5,1,1,5,4,5,7,1,1,10,5,5,2,18,8,3,10,1,1,C03,7,5,1,10,2,11,  ,8,8,1,5,8,C03,24.144677,120.701005,2
2018,11,2,21,16,臺中市,北屯區,0,1,0,8,3,5,50,4,1,1,5,4,5,7,4,4,10,5,5,2,16,6,3,10,1,1,C03,7,9,1,10,2,11,  ,6,6,1,21,8,C03,24.163391,120.697209,2
2018,11,2,21,23,臺中市,北屯區,0,1,0,7,3,5,50,4,1,1,5,4,5,7,2,1,1,1,5,2,13,23,2,9,1,1,C03,7,9,1,10,2,15,  ,23,23,1,21,8,C03,24.173326,120.685673,2
2018,11,2,21,24,臺中市,南屯區,0,1,0,7,3,5,50,3,1,1,5,4,5,7,4,4,10,5,5,2,17,27,3,10,3,4,B03,7,6,1,8,2,6,  ,27,27,1,22,8,B03,24.150798,120.621993,2
2018,11,2,21,32,臺中市,西區,0,0,,6,,,50,,,,,,,,,,,,,,,,,,,,B03,,,1,,2,,,23,,1,22,,B03,24.157053,120.657146,3
2018,11,2,21,40,臺中市,北區,0,0,,7,3,5,50,14,9,1,5,4,5,7,4,4,8,3,4,2,12,,,,,,B03,,,1,,2,,,23,,1,21,,B03,24.148547,120.686975,3
2018,11,2,21,42,臺中市,龍井區,0,3,0,7,3,5,50,14,9,1,5,4,5,7,4,4,5,5,5,1,16,26,2,9,1,1,C03,7,5,1,10,2,12,  ,26,26,1,5,7,C03,24.212008,120.525103,2
2018,11,2,21,54,臺中市,大雅區,0,0,,8,,,40,,,,,,,,,,,,,,,,,,,,B12,,,1,,2,,,18,,1,21,,B12,24.220496,120.657551,3
2018,11,2,22,14,臺中市,南屯區,0,1,0,8,3,5,40,14,8,1,5,4,5,7,4,4,10,5,5,2,17,13,2,9,1,1,C01,7,12,1,8,2,11,  ,13,13,1,22,8,C01,24.153408,120.646003,2
2018,11,2,22,18,臺中市,沙鹿區,0,0,,8,,,40,,,,,,,,,,,,,,,,,,,,B03,,,1,,2,,,23,,1,21,,B03,24.237595,120.604034,3
2018,11,2,22,19,臺中市,北區,0,1,0,8,1,5,50,4,1,1,5,4,5,7,1,1,5,5,5,2,12,6,3,10,3,4,B03,7,6,1,8,2,5,  ,6,6,1,22,9,B03,24.150963,120.67847,2
2018,11,2,22,22,臺中市,中區,0,1,0,8,3,5,50,4,1,1,5,4,5,7,1,1,10,5,5,2,16,42,2,8,1,1,C03,7,9,1,10,2,12,  ,23,42,1,21,8,C03,24.147142,120.678773,2
2018,11,2,22,28,臺中市,西區,0,1,0,8,3,5,40,3,1,1,5,4,5,7,4,4,10,5,5,2,16,6,3,10,1,1,B03,7,5,1,7,2,8,  ,6,6,1,21,8,B03,24.158358,120.662624,2
2018,11,2,22,30,臺中市,中區,0,1,0,8,3,5,50,5,1,1,5,4,5,7,2,1,2,4,4,2,16,6,3,10,1,1,B03,7,6,1,8,2,2,  ,6,6,1,22,8,B03,24.144691,120.681729,2
2018,11,2,22,30,臺中市,霧峰區,0,2,0,8,3,5,40,14,9,1,5,4,5,7,4,4,5,5,5,1,17,23,2,9,1,1,C03,7,9,1,10,2,12,  ,23,23,1,21,5,C03,24.071128,120.703654,2
2018,11,2,22,34,臺中市,北屯區,,,,,,,,,,,,,,,,,,,,,,,,,,,C03,,,1,,2,,,6,,1,21,,C03,,,3
2018,11,2,22,44,臺中市,東區,0,0,0,8,,,50,,,,,,,,,,,,,,,,3,  ,  ,  ,B03,  ,  ,6,  ,6,  ,  ,23,  ,1,21,  ,B03,24.131131,120.703538,3
2018,11,2,23,6,臺中市,南屯區,0,1,0,8,3,5,50,4,1,1,5,4,5,7,1,1,10,5,5,2,15,25,2,9,1,1,C03,7,9,1,10,2,11,  ,25,25,1,5,8,C03,24.11297,120.625993,2
2018,11,2,23,8,臺中市,沙鹿區,0,0,,8,,,50,,,,,,,,,,,,,,,,,,,,B03,,,1,,2,,,12,,1,  ,,B03,24.225975,120.572735,3
2018,11,2,23,9,臺中市,霧峰區,0,0,,8,,,50,,,,,,,,,,,,,,,,,,,,B03,,,1,,2,,,12,,1,  ,,B03,24.062781,120.696258,3
2018,11,2,23,15,臺中市,北屯區,0,0,0,8,,,50,,,,,,,,,,,,,,,16,3,  ,  ,  ,B03,  ,  ,1,  ,2,  ,  ,16,16,  ,21,  ,B03,24.172991,120.683954,3
2018,11,2,23,19,臺中市,西屯區,0,0,,8,,,50,,,,,,,,,,,,,,,,,,,,B03,,,1,,2,,,23,,1,21,,B03,24.199138,120.656286,3
2018,11,2,23,20,臺中市,烏日區,0,0,,8,,,70,,,,,,,,,,,,,,,,,,,,B03,,,1,,2,,,7,,1,22,,B03,24.103968,120.65181,3
2018,11,2,23,44,臺中市,清水區,0,2,0,8,3,5,60,14,9,1,5,4,5,7,4,4,1,4,5,1,23,21,2,9,1,1,C03,7,9,2,18,5,11,  ,21,21,1,22,8,C03,24.305806,120.556656,2
2018,11,3,0,1,臺中市,南屯區,0,1,0,8,1,5,50,4,1,1,5,4,5,7,2,1,10,5,5,2,16,10,3,10,1,1,B03,7,11,1,8,2,4,  ,10,10,1,22,9,B03,24.148775,120.640739,2
2018,11,3,0,2,臺中市,北屯區,0,0,0,8,3,5,50,14,4,1,5,4,5,7,2,1,1,1,5,2,13,23,3,10,1,1,B03,7,9,1,8,2,1,  ,23,23,1,21,8,B03,24.162533,120.692278,3
2018,11,3,0,8,臺中市,大里區,0,1,0,8,3,5,50,4,1,1,5,4,5,7,4,4,10,5,5,2,27,42,2,9,1,1,C03,7,9,1,10,2,11,  ,42,42,1,18,8,C03,24.082987,120.706501,2
2018,11,3,0,25,臺中市,北屯區,0,1,0,8,3,5,50,4,1,1,5,4,5,7,1,1,10,5,5,2,16,6,3,10,1,1,B03,7,5,1,8,2,2,  ,6,6,1,21,8,B03,24.173136,120.667991,2
2018,11,3,1,11,臺中市,東區,0,1,0,8,3,5,50,14,7,1,5,4,5,7,4,4,5,4,4,2,17,26,3,10,1,1,B12,7,11,1,8,2,1,  ,26,26,1,5,8,B12,24.144538,120.703439,2
2018,11,3,1,57,臺中市,北區,0,0,,8,,,50,,,,,,,,,,,,,,,,,,,,C03,,,1,,2,,,26,,1,  ,,C03,24.167036,120.673137,3
2018,11,3,2,0,臺中市,太平區,0,0,,8,,,40,,,,,,,,,,,,,,,,,,,,B03,,,1,,2,,,19,,1,  ,,B03,24.149683,120.730502,3
2018,11,3,2,50,臺中市,南屯區,0,2,0,8,3,5,50,4,2,1,5,4,5,7,2,1,10,5,5,2,16,14,3,10,1,1,B03,7,6,1,4,2,4,  ,6,14,1,22,9,B03,24.146915,120.646791,2
2018,11,3,3,4,臺中市,霧峰區,0,0,,8,,,50,,,,,,,,,,,,,,,,,,,,B03,,,1,,2,,,12,,1,21,,B03,24.064039,120.698554,3
2018,11,3,5,5,臺中市,西屯區,0,0,,,,,,,,,,,,,,,,,,,,,,,,,,,,,,,,,,,,,,,,,3
2018,11,3,5,44,臺中市,中區,0,0,,8,,,50,,,,,,,,,,,,,,,,,,,,B01,,,1,,2,,,12,,1,10,,B01,24.139172,120.68191,3
2018,11,3,6,12,臺中市,后里區,0,1,0,8,1,5,50,3,1,1,5,4,5,7,4,4,10,5,5,2,26,23,2,9,3,4,B03,7,9,1,8,2,1,  ,23,23,1,22,8,B03,24.31548,120.686606,2
2018,11,3,6,23,臺中市,潭子區,0,2,0,8,1,5,40,3,1,1,5,4,5,7,1,1,10,5,5,2,3,14,2,9,1,1,C03,7,9,1,10,2,11,  ,14,14,1,22,8,C03,24.211273,120.707121,2
2018,11,3,6,55,臺中市,大里區,0,1,0,8,1,5,50,14,9,1,5,4,5,7,1,1,9,4,5,2,17,40,3,10,1,1,B03,7,13,1,8,2,4,  ,40,40,1,21,8,B03,24.093835,120.700313,2
2018,11,3,6,59,臺中市,大里區,0,2,0,8,1,5,50,4,1,1,5,4,5,7,4,4,10,5,5,2,16,6,2,8,1,1,C03,7,9,1,10,2,11,  ,6,6,1,12,8,C03,24.113117,120.685701,2
2018,11,3,7,3,臺中市,東區,0,0,0,8,,,50,,,,,,,,,,,,,,,23,3,  ,  ,  ,B03,  ,  ,1,  ,2,  ,  ,23,23,1,5,  ,B03,24.140291,120.694533,3
2018,11,3,7,9,臺中市,西屯區,0,0,,8,,,50,,,,,,,,,,,,,,,,,,,,A05,,,1,,2,,,18,,1,22,,A05,24.171495,120.636474,3
2018,11,3,7,10,臺中市,西區,0,1,0,8,1,5,50,5,1,1,5,4,5,7,2,1,10,5,5,2,16,26,3,10,1,1,B03,7,6,1,8,2,6,  ,26,26,1,21,8,B03,24.150863,120.670132,2
2018,11,3,7,10,臺中市,北屯區,0,1,0,8,1,5,50,14,9,1,5,4,5,7,4,4,1,4,5,2,16,19,3,10,3,4,B03,7,1,1,8,2,4,  ,19,19,1,21,8,B03,24.171694,120.689683,2
2018,11,3,7,13,臺中市,潭子區,0,0,,8,,,50,,,,,,,,,,,,,,,,,,,,B03,,,1,,2,,,19,,1,22,,B03,24.189483,120.704053,3
2018,11,3,7,20,臺中市,大里區,0,2,0,8,1,5,50,3,1,1,5,4,5,7,3,1,10,5,5,2,17,6,2,9,1,1,C03,7,5,3,18,3,14,  ,6,6,1,22,5,C03,24.115438,120.68724,2
2018,11,3,7,22,臺中市,西屯區,0,3,0,8,1,5,50,4,1,1,5,4,5,7,1,1,5,4,4,2,16,6,2,9,1,4,C03,7,5,1,10,2,11,  ,6,6,1,21,8,C03,24.184473,120.644663,2
2018,11,3,7,25,臺中市,北屯區,0,0,0,8,1,5,50,3,2,1,5,4,5,7,4,4,5,5,4,2,14,12,3,10,1,1,B03,7,2,3,18,5,6,  ,12,12,1,5,8,B03,24.180363,120.664815,3
2018,11,3,7,36,臺中市,北屯區,0,2,0,8,1,5,50,14,7,1,5,4,5,7,2,1,3,2,4,2,13,23,3,10,1,1,A02,7,9,1,1,4,8,  ,23,23,1,10,4,A02,24.16958,120.697391,2
2018,11,3,7,44,臺中市,中區,0,2,0,8,1,5,50,3,1,1,5,4,5,7,1,1,10,5,5,2,3,42,2,9,1,1,C03,7,9,1,10,2,12,  ,42,42,1,18,9,C03,24.147943,120.679532,2
2018,11,3,7,45,臺中市,東區,0,0,0,8,1,5,50,14,7,1,5,4,5,7,1,1,9,4,5,2,13,23,  ,  ,  ,  ,B03,  ,9,1,8,2,1,  ,23,23,1,5,  ,B03,24.139668,120.692388,3
2018,11,3,8,1,臺中市,西屯區,0,2,0,8,1,5,50,3,2,1,5,4,5,7,1,1,8,3,5,1,11,6,2,8,1,1,C03,7,11,2,18,2,12,  ,6,6,1,16,8,C03,24.193716,120.606816,2
2018,11,3,8,2,臺中市,南屯區,0,0,,8,,,50,,,,,,,,,,,,,,,,,,,,B03,,,1,,2,,,7,,1,22,,B03,24.147965,120.615065,3
2018,11,3,8,4,臺中市,潭子區,0,0,0,8,,,40,,,,,,,,,,,,,,,23,  ,  ,  ,  ,B03,  ,  ,1,  ,2,  ,  ,23,23,1,22,  ,B03,24.204894,120.715336,3
2018,11,3,8,19,臺中市,東區,0,2,0,8,1,5,50,14,7,1,5,4,5,7,4,4,5,5,4,2,16,19,2,8,1,1,C03,7,1,1,10,2,14,  ,19,19,1,21,8,C03,24.148432,120.705753,2
2018,11,3,8,20,臺中市,北區,0,1,0,8,1,5,50,14,7,1,5,4,5,7,4,4,1,4,4,2,13,23,2,9,1,1,C03,7,9,2,18,2,11,  ,23,23,1,5,8,C03,24.154607,120.677371,2
2018,11,3,8,20,臺中市,大里區,0,1,0,8,1,5,50,3,2,1,5,4,5,7,4,4,5,5,5,1,16,10,3,10,1,1,B03,7,11,1,8,2,6,  ,10,10,1,21,8,B03,24.090782,120.693796,2
2018,11,3,8,20,臺中市,和平區,0,2,0,8,1,5,50,3,1,1,5,4,5,7,4,4,4,5,5,1,11,6,2,3,1,1,B03,7,5,1,8,2,8,1,6,6,1,9,6,B03,24.189403,120.991344,2
2018,11,3,8,24,臺中市,霧峰區,0,0,0,8,1,5,40,14,9,1,5,4,5,7,4,4,10,5,5,2,14,12,3,10,1,1,B12,7,2,1,8,2,7,  ,12,12,1,9,3,B12,24.026085,120.671508,3
2018,11,3,8,24,臺中市,后里區,0,0,,8,,,60,,,,,,,,,,,,,,,,,,,,B03,,,1,,2,,,16,,1,20,,B03,24.313116,120.697768,3
2018,11,3,8,37,臺中市,沙鹿區,0,0,,8,,,50,,,,,,,,,,,,,,,,,,,,B03,,,1,,2,,,42,,1,18,,B03,24.237416,120.556488,3
2018,11,3,8,38,臺中市,龍井區,0,0,,8,,,50,,,,,,,,,,,,,,,,,,,,B03,,,1,,2,,,23,,1,22,,B03,24.190204,120.591336,3
2018,11,3,8,45,臺中市,北屯區,0,1,0,8,1,5,50,14,8,1,5,4,5,7,4,4,1,4,4,2,16,7,3,10,1,1,B03,7,8,1,8,2,6,  ,7,7,1,21,8,B03,24.18412,120.665189,2
2018,11,3,8,46,臺中市,西區,0,2,0,8,1,5,50,4,1,1,5,4,5,7,4,4,10,5,5,2,15,6,2,9,1,1,C03,7,9,1,10,2,12,  ,6,6,1,22,8,C03,24.147165,120.666647,2
2018,11,3,8,50,臺中市,太平區,0,1,0,8,1,5,50,4,1,1,5,4,5,7,3,1,5,5,5,2,17,19,3,10,1,1,B03,7,1,1,8,2,1,  ,19,19,1,21,8,B03,24.155885,120.711239,2
2018,11,3,8,50,臺中市,大肚區,0,1,0,8,1,5,50,11,9,5,5,2,1,7,4,4,10,5,5,2,18,23,2,8,1,1,C03,7,9,1,10,2,12,  ,23,23,1,4,1,C03,24.155839,120.547845,2
2018,11,3,8,52,臺中市,北區,0,1,0,8,1,5,50,5,1,1,5,4,5,7,2,1,3,4,4,2,17,25,2,9,1,1,C05,7,5,1,10,2,14,  ,25,25,1,22,8,C05,24.163236,120.67678,2
2018,11,3,8,57,臺中市,南屯區,0,0,,8,,,40,,,,,,,,,,,,,,,26,,,,,B03,,,1,,2,,,1,26,1,22,,B03,24.141196,120.640607,3
2018,11,3,8,57,臺中市,霧峰區,0,0,0,8,1,5,40,3,2,1,5,4,5,7,3,1,10,5,5,1,13,23,3,10,1,1,B03,7,9,1,8,2,1,  ,23,23,1,9,  ,B03,24.073054,120.70608,3
2018,11,3,8,57,臺中市,梧棲區,0,0,,8,,,50,,,,,,,,,,,,,,,,,,,,B03,,,1,,2,,,6,,1,20,,B03,24.254856,120.535083,3
2018,11,3,8,58,臺中市,大里區,0,2,0,8,1,5,60,14,9,1,5,4,5,7,1,1,1,4,4,2,13,16,2,8,1,1,C04,7,14,1,10,2,11,  ,16,16,1,4,8,C04,24.083158,120.688249,2
2018,11,3,9,0,臺中市,大里區,0,1,0,8,1,5,50,3,1,1,5,4,5,7,4,4,10,5,5,2,18,42,2,9,1,1,C03,7,9,1,10,2,14,  ,42,42,1,22,5,C03,24.085926,120.712041,2
2018,11,3,9,4,臺中市,西屯區,0,0,,8,,,40,,,,,,,,,,,,,,,,,,,,B12,,,1,,11,,,23,,1,22,,B12,24.176833,120.6433,3
2018,11,3,9,9,臺中市,西區,0,1,0,8,1,5,50,4,1,1,5,4,5,7,1,1,10,5,5,2,16,6,3,10,1,1,B01,7,6,1,4,2,6,  ,6,6,1,10,8,B01,24.13217,120.661728,2
2018,11,3,9,10,臺中市,北屯區,0,0,,8,,,50,,,,,,,,,,,,,,,,,,,,B03,,,1,,2,,,23,,1,22,,B03,24.187241,120.666891,3
2018,11,3,9,11,臺中市,東勢區,0,1,0,8,1,5,50,3,1,1,5,4,5,7,4,4,10,5,5,2,17,6,2,9,1,1,C03,7,5,6,10,2,11,  ,6,6,1,21,8,C03,24.255135,120.826116,2
2018,11,3,9,13,臺中市,南屯區,0,0,,8,,,50,,,,,,,,,,,,,,,,,,,,B03,,,1,,2,,,42,,1,21,,B03,24.144882,120.630571,3
2018,11,3,9,17,臺中市,西區,0,1,0,8,1,5,50,4,1,1,5,4,5,7,2,1,10,5,5,2,16,6,3,10,1,1,B03,7,5,1,8,2,8,  ,6,6,1,21,8,B03,24.146705,120.653013,2
2018,11,3,9,21,臺中市,清水區,0,0,,8,,,70,,,,,,,,,,,,,,,,,,,,A31,,,1,,2,,,42,,1,10,,A31,24.29468,120.555771,3
2018,11,3,9,23,臺中市,南區,0,0,0,8,,,50,,,,,,,,,,,,,,,23,3,  ,  ,  ,B03,  ,  ,1,8,2,  ,  ,23,23,  ,21,  ,B03,24.120576,120.662936,3
2018,11,3,9,25,臺中市,南區,0,0,,8,,,50,,,,,,,,,,,,,,,,,,,,B03,,,1,,2,,,6,,1,  ,,B03,24.124085,120.675012,3
2018,11,3,9,28,臺中市,霧峰區,0,0,,8,,,50,,,,,,,,,,,,,,,,,,,,B03,,,1,,2,,,26,,1,20,,B03,24.06042,120.662655,3
2018,11,3,9,36,臺中市,中區,0,1,0,8,1,5,50,4,1,1,5,4,5,7,2,1,10,5,5,2,18,42,2,8,1,1,C03,7,9,1,10,2,12,  ,42,42,1,20,9,C03,24.136496,120.681547,2
2018,11,3,9,59,臺中市,東勢區,0,1,0,8,1,5,50,14,9,1,5,4,5,7,4,4,5,5,5,1,17,1,3,10,1,1,B03,7,4,1,8,2,2,  ,1,1,1,21,8,B03,24.284423,120.763855,2
2018,11,3,10,14,臺中市,南區,0,2,0,8,1,5,50,4,1,1,5,4,5,7,1,1,10,5,4,2,16,10,3,10,1,1,B03,7,11,1,10,2,8,  ,10,10,1,5,5,B03,24.110933,120.652958,2
2018,11,3,10,15,臺中市,潭子區,0,0,,8,,,60,,,,,,,,,,,,,,,,,,,,B03,,,1,,2,,,16,,1,  ,,B03,24.223978,120.707151,3
2018,11,3,10,16,臺中市,西屯區,0,1,0,8,1,5,50,3,2,1,5,4,5,7,1,1,8,3,4,1,13,23,2,3,1,1,B03,7,9,1,8,9,1,  ,23,23,2,22,8,B03,24.176026,120.654888,2
2018,11,3,10,20,臺中市,北區,0,0,0,8,,,50,,,,,,,,,,,,,,,25,3,  ,  ,  ,B03,  ,  ,1,  ,2,  ,  ,25,25,1,5,  ,B03,24.153364,120.682466,3
2018,11,3,10,30,臺中市,大肚區,0,0,,8,,,50,,,,,,,,,,,,,,,,,,,,B03,,,1,,2,,,23,,1,22,,B03,24.168952,120.578883,3
2018,11,3,10,32,臺中市,北屯區,0,0,,8,,,40,,,,,,,,,,,,,,,,,,,,B03,,,1,,2,,,19,,1,  ,,B03,24.176779,120.68604,3
2018,11,3,10,35,臺中市,潭子區,0,0,,8,,,50,,,,,,,,,,,,,,,,,,,,B03,,,1,,2,,,22,,1,22,,B03,24.216042,120.694035,3
2018,11,3,10,36,臺中市,北區,0,0,,8,1,5,50,4,1,1,5,4,5,7,2,1,3,4,4,2,17,,,,,,B03,,,1,,2,,,19,,1,22,,B03,24.153278,120.682667,3
2018,11,3,10,38,臺中市,新社區,0,1,0,8,1,5,50,14,9,1,5,4,5,7,4,4,5,5,5,1,17,19,3,10,1,1,B12,7,1,1,8,2,8,  ,19,19,1,21,8,B12,24.24618,120.810296,2
2018,11,3,10,39,臺中市,東勢區,0,0,,8,,,60,,,,,,,,,,,,,,,,,,,,B03,,,1,,2,,,16,,1,22,,B03,24.260784,120.81551,3
2018,11,3,10,40,臺中市,大里區,0,1,0,8,1,5,50,14,9,1,5,4,5,7,4,4,5,5,5,1,12,1,3,10,1,1,B03,7,4,1,8,2,2,  ,1,1,1,5,8,B03,24.11043,120.700642,2
2018,11,3,10,46,臺中市,東區,0,1,0,8,1,5,50,5,2,1,5,4,5,7,4,4,9,4,4,2,16,16,2,8,1,1,C03,7,9,1,10,2,11,  ,16,16,1,5,8,C03,24.144768,120.69806,2
2018,11,3,10,47,臺中市,清水區,0,1,0,8,1,5,40,4,1,1,5,4,5,7,4,4,10,5,5,2,15,6,2,9,1,1,C03,7,9,1,10,2,12,  ,6,6,1,12,8,C03,24.288924,120.583006,2
2018,11,3,10,55,臺中市,烏日區,0,0,0,8,1,5,50,14,7,1,5,4,5,7,1,1,5,4,4,1,13,23,  ,  ,  ,  ,B03,  ,  ,1,  ,2,  ,  ,23,23,1,  ,  ,B03,24.105978,120.61672,3
2018,11,3,11,0,臺中市,大甲區,0,0,,8,,,50,,,,,,,,,,,,,,,23,,,,,A05,,,1,,2,,,44,23,1,10,,A05,24.345792,120.625907,3
2018,11,3,11,1,臺中市,西屯區,0,0,0,8,,,50,,,,,,,,,,,,,,,23,  ,  ,  ,  ,C03,  ,  ,1,  ,2,  ,  ,23,23,1,22,  ,C03,24.162572,120.643006,3
2018,11,3,11,3,臺中市,南屯區,0,1,0,8,1,5,40,14,7,1,5,4,5,7,4,4,9,5,4,2,16,19,3,10,3,4,B12,7,1,1,8,2,4,  ,19,19,1,22,8,B12,24.148797,120.644526,2
2018,11,3,11,9,臺中市,太平區,0,1,0,8,1,5,40,3,2,1,5,4,5,7,4,4,5,5,5,2,14,12,3,10,1,1,B03,7,2,1,8,2,3,  ,12,12,1,21,8,B03,24.127164,120.724772,2
2018,11,3,11,10,臺中市,太平區,0,0,,8,,,40,,,,,,,,,,,,,,,,,,,,B03,,,1,,2,,,12,,1,  ,,B03,24.157995,120.742276,3
2018,11,3,11,10,臺中市,大肚區,0,1,0,8,1,5,40,4,2,1,5,4,5,7,4,4,10,5,5,2,11,23,2,9,1,1,C03,7,9,1,10,2,12,  ,5,23,1,22,8,C03,24.174814,120.580723,2
2018,11,3,11,13,臺中市,北區,0,1,0,8,1,5,50,4,1,1,5,4,5,7,1,1,10,5,5,2,15,25,2,9,1,1,C03,7,9,1,10,2,11,  ,25,25,1,5,8,C03,24.163933,120.68494,2
2018,11,3,11,15,臺中市,大安區,0,0,0,8,,,90,,,,,,,,,,,,,,,7,  ,  ,  ,  ,A11,  ,  ,1,  ,2,  ,  ,7,7,1,10,  ,A11,24.379319,120.586212,3
2018,11,3,11,20,臺中市,南區,0,2,0,8,1,5,50,14,7,1,5,4,5,7,4,4,5,4,4,2,16,26,2,9,1,1,C03,7,11,1,10,2,14,  ,26,26,1,21,8,C03,24.134154,120.682871,2
2018,11,3,11,22,臺中市,北區,0,2,0,8,1,5,50,4,1,1,5,4,5,7,4,4,10,5,5,2,17,4,2,9,1,1,C03,7,9,1,10,2,11,  ,4,4,1,22,8,C03,24.173018,120.669426,2
2018,11,3,11,24,臺中市,西屯區,0,0,0,8,,,50,,,,,,,,,,,,,,,19,  ,  ,  ,  ,B03,  ,  ,1,  ,2,  ,  ,19,19,1,  ,  ,B03,24.180045,120.627375,3
2018,11,3,11,29,臺中市,西屯區,0,0,,8,,,50,,,,,,,,,,,,,,,,,,,,B03,,,1,,2,,,7,,1,22,,B03,24.178405,120.625329,3
2018,11,3,11,40,臺中市,南區,0,1,0,8,1,5,50,4,1,1,5,4,5,7,1,1,10,5,5,2,15,25,2,8,1,1,C03,7,9,1,10,2,14,  ,25,25,1,4,8,C03,24.125658,120.667275,2
2018,11,3,11,40,臺中市,西屯區,0,0,,8,1,5,50,14,9,5,5,4,5,7,4,4,1,3,5,1,13,,,,,,B03,,,1,,2,,,23,,1,22,,B03,24.163631,120.629048,3
2018,11,3,11,45,臺中市,北屯區,0,2,0,8,1,5,50,4,1,1,5,4,5,7,4,4,10,5,5,2,16,6,2,9,1,4,C03,7,9,1,10,2,12,  ,6,6,1,22,8,C03,24.166168,120.707371,2
2018,11,3,11,47,臺中市,太平區,0,0,,8,,,50,,,,,,,,,,,,,,,,,,,,B03,,,1,,2,,,23,,1,4,,B03,24.148076,120.701838,3
2018,11,3,11,47,臺中市,潭子區,0,0,,8,,,60,,,,,,,,,,,,,,,,,,,,B03,,,1,,2,,,17,,1,  ,,B03,24.223771,120.707146,3
2018,11,3,11,55,臺中市,太平區,0,0,,8,,,50,,,,,,,,,,,,,,,,,,,,C03,,,1,,2,,,16,,1,21,,C03,24.119696,120.715324,3
2018,11,3,11,58,臺中市,西區,0,2,0,8,1,5,40,4,1,1,5,4,5,7,4,4,10,5,5,2,15,6,2,9,1,1,C03,7,9,1,10,2,12,  ,6,6,1,21,8,C03,24.146272,120.660855,2
2018,11,3,12,3,臺中市,北區,0,0,0,8,,,40,,,,,,,,,,,,,,,23,3,  ,  ,  ,B03,  ,  ,1,  ,2,  ,  ,23,23,1,5,  ,B03,24.16217,120.688296,3
2018,11,3,12,4,臺中市,西屯區,0,0,,8,,,1,,,,,,,,,,,,,,,,,,,,C03,,,1,,2,,,42,,1,  ,,C03,24.15975,120.652407,3
2018,11,3,12,5,臺中市,霧峰區,0,1,0,8,1,5,40,3,2,1,5,4,5,7,4,4,5,5,5,1,17,6,2,8,1,1,C03,7,6,1,10,2,11,  ,6,6,1,22,5,C03,24.076455,120.71387,2