年,月,日,時,分,縣市,區,死,受傷,2-30,天候,光線,道路類別,速限,道路型態,事故位置,路面鋪裝,路面狀態,路面缺陷,障礙物,視距,號誌種類,號誌動作,分向設施,快車道或一般車道間,快慢車道間,路面邊線,事故類型及型態,主要肇因,受傷程度,主要傷處,保護裝備,行動電話,當事者區分_類別,車輛用途,當事者行動狀態,駕駛資格情形,駕駛執照種類,飲酒情形,車輛撞擊部位最初,車輛撞擊部位其他,肇事因素個別,肇事因素主要,肇事逃逸,職業,旅次目的,車種,GPS座標_緯度,GPS座標_經度,事故類別
2018,11,3,12,9,臺中市,大里區,0,0,,8,,,70,,,,,,,,,,,,,,,,,,,,B03,,,1,,2,,,16,,1,21,,B03,24.111362,120.670137,3
2018,11,3,12,11,臺中市,梧棲區,0,2,0,8,1,5,50,4,1,1,5,4,5,7,4,4,10,5,5,2,15,6,3,10,1,1,B12,7,9,1,8,2,1,  ,6,6,1,9,8,B12,24.243093,120.547768,2
2018,11,3,12,15,臺中市,西屯區,0,0,,8,1,5,50,14,9,1,5,4,5,7,4,4,1,3,5,1,13,,,,,,B03,,,1,,2,,,23,,1,22,,B03,24.19306,120.605478,3
2018,11,3,12,15,臺中市,大肚區,0,0,,8,,,40,,,,,,,,,,,,,,,,,,,,B12,,,1,,2,,,6,,1,18,,B12,24.14521,120.539318,3
2018,11,3,12,18,臺中市,太平區,0,0,,8,,,50,,,,,,,,,,,,,,,,,,,,B03,,,1,,2,,,23,,1,  ,,B03,24.141009,120.712215,3
2018,11,3,12,20,臺中市,龍井區,0,2,0,8,1,5,50,3,1,1,5,4,5,7,4,4,10,5,5,2,17,11,3,10,1,1,C03,7,11,1,10,2,13,  ,11,11,1,22,8,C03,24.18077,120.589109,2
2018,11,3,12,23,臺中市,東區,0,0,0,8,1,5,50,4,1,1,5,4,5,7,4,4,5,5,5,2,15,6,3,10,1,1,B02,7,9,1,8,2,6,  ,6,6,1,21,8,B02,24.134859,120.687505,3
2018,11,3,12,23,臺中市,南屯區,0,2,0,8,1,5,50,3,1,1,5,4,5,7,4,4,10,5,5,2,11,26,2,9,1,1,C03,7,5,1,10,2,11,  ,26,26,1,9,8,C03,24.113179,120.625973,2
2018,11,3,12,26,臺中市,北區,0,0,0,8,1,5,50,14,9,1,5,4,5,7,4,4,7,4,5,2,17,42,  ,  ,  ,  ,C05,  ,  ,3,  ,2,  ,  ,42,42,1,22,  ,C05,24.147994,120.676269,3
2018,11,3,12,30,臺中市,龍井區,0,2,0,8,1,5,50,4,1,1,5,4,5,7,4,4,10,5,5,2,16,6,2,8,1,1,C03,7,5,1,10,2,11,  ,6,6,1,21,8,C03,24.185169,120.585339,2
2018,11,3,12,33,臺中市,后里區,0,1,0,8,1,5,50,3,2,1,5,4,5,7,4,4,10,5,5,1,17,40,3,10,3,4,B03,7,15,1,8,2,4,  ,40,40,1,21,8,B03,24.306036,120.715263,2
2018,11,3,12,36,臺中市,大里區,0,0,0,8,1,5,50,14,7,1,5,4,5,7,4,4,5,5,4,1,14,12,3,10,1,1,B01,7,2,1,4,2,3,  ,12,12,1,10,8,B01,24.095259,120.707205,3
2018,11,3,12,42,臺中市,大雅區,0,0,,8,,,40,,,,,,,,,,,,,,,,,,,,B12,,,1,,2,,,5,,1,  ,,B12,24.242916,120.634731,3
2018,11,3,12,43,臺中市,沙鹿區,0,1,0,8,1,5,60,3,1,1,5,4,5,7,1,1,10,5,5,2,16,26,3,10,1,1,B03,7,6,1,8,2,5,  ,26,26,1,2,9,B03,24.209773,120.581322,2
2018,11,3,12,45,臺中市,大里區,0,2,0,8,1,5,80,10,7,1,5,4,5,7,4,4,1,4,5,1,20,23,2,9,1,1,B03,7,9,1,8,2,1,  ,23,23,1,22,5,B03,24.109283,120.696013,2
2018,11,3,12,49,臺中市,潭子區,0,0,0,8,,,80,,,,,,,,,,,,,,,35,  ,  ,  ,  ,B12,  ,  ,1,  ,9,  ,  ,35,35,1,22,  ,B12,24.200181,120.71395,3
2018,11,3,12,50,臺中市,大里區,0,0,,8,,,80,,,,,,,,,,,,,,,,,,,,B12,,,1,,2,,,7,,1,22,,B12,24.109283,120.696013,3
2018,11,3,12,55,臺中市,北屯區,0,1,0,8,1,5,40,14,7,1,5,4,5,7,4,4,9,4,4,2,16,10,3,10,3,4,B03,7,11,1,2,2,1,  ,10,10,1,10,8,B03,24.193033,120.682675,2
2018,11,3,12,55,臺中市,梧棲區,0,0,,8,,,50,,,,,,,,,,,,,,,,,,,,B03,,,1,,2,,,23,,1,19,,B03,24.248266,120.538541,4
2018,11,3,12,57,臺中市,沙鹿區,0,0,,8,,,60,,,,,,,,,,,,,,,,,,,,B03,,,1,,2,,,42,,1,19,,B03,24.201814,120.578185,3
2018,11,3,12,58,臺中市,西區,0,0,0,8,,,50,,,,,,,,,,,,,,,6,  ,  ,  ,  ,B03,  ,  ,1,  ,2,  ,  ,6,6,1,21,  ,B03,24.140025,120.660188,3
2018,11,3,13,1,臺中市,大肚區,0,1,0,8,1,5,50,4,1,1,5,4,5,7,1,1,10,5,5,2,16,6,3,10,1,1,B03,7,5,1,8,2,5,  ,6,6,1,3,8,B03,24.125465,120.560918,2
2018,11,3,13,4,臺中市,西屯區,0,2,0,8,1,5,1,15,20,2,5,4,5,7,4,4,10,5,5,2,16,26,2,9,1,4,C03,7,9,1,10,2,14,  ,26,26,1,21,8,C03,24.181678,120.618762,2
2018,11,3,13,14,臺中市,北屯區,0,1,0,8,1,5,50,4,1,1,5,4,5,7,1,1,10,5,5,2,16,6,3,10,3,4,B12,7,5,1,4,2,2,  ,6,6,1,21,8,B12,24.174326,120.709566,2
2018,11,3,13,14,臺中市,清水區,0,1,0,8,1,5,50,3,2,1,5,4,5,7,3,1,5,5,5,1,17,44,3,10,1,1,B03,7,9,1,8,11,15,  ,44,44,1,21,8,B03,24.267091,120.560351,2
2018,11,3,13,25,臺中市,南屯區,0,1,0,8,1,5,50,14,7,1,5,4,5,7,4,4,5,5,4,2,13,23,2,9,1,1,C03,7,9,1,10,2,11,  ,23,23,1,18,8,C03,24.142586,120.635699,2
2018,11,3,13,41,臺中市,大里區,0,1,0,8,1,5,80,14,9,1,5,4,5,7,4,4,10,5,4,1,13,16,3,10,1,1,B12,7,12,1,8,2,1,  ,16,16,1,7,8,B12,24.097231,120.690253,2
2018,11,3,13,46,臺中市,大里區,0,1,0,8,1,5,50,14,9,1,5,4,5,7,4,4,5,5,4,2,16,19,3,10,1,1,B03,7,1,1,8,2,4,  ,19,19,1,22,8,B03,24.106876,120.685306,2
2018,11,3,13,47,臺中市,西區,0,2,0,8,1,5,50,4,1,1,5,4,5,7,4,4,10,5,5,2,15,6,2,9,1,1,C03,7,9,1,10,2,11,  ,6,6,1,18,8,C03,24.149028,120.660932,2
2018,11,3,13,50,臺中市,西區,0,0,,8,,,50,,,,,,,,,,,,,,,,,,,,B03,,,1,,2,,,12,,1,20,,B03,24.142068,120.667208,3
2018,11,3,13,50,臺中市,霧峰區,0,2,0,8,1,5,70,4,1,1,5,4,5,7,1,1,1,3,4,1,13,43,2,9,1,1,B03,7,9,6,18,2,1,  ,43,43,1,21,8,B03,24.059689,120.695174,2
2018,11,3,13,55,臺中市,西屯區,0,0,,8,,,50,,,,,,,,,,,,,,,,,,,,B03,,,1,,2,,,10,,1,  ,,B03,24.173713,120.647206,3
2018,11,3,13,58,臺中市,西區,0,2,0,8,1,5,50,3,1,1,5,4,5,7,4,4,5,5,4,2,16,6,2,9,1,1,C03,7,5,6,18,2,12,  ,6,6,1,22,8,C03,24.141675,120.672366,2
2018,11,3,14,0,臺中市,西區,0,0,0,8,,,50,,,,,,,,,,,,,,,23,3,  ,  ,  ,B03,  ,  ,1,8,2,1,  ,23,23,1,21,8,B03,24.151042,120.66958,3
2018,11,3,14,2,臺中市,北屯區,0,1,0,8,1,5,50,4,1,1,5,4,5,7,2,1,10,5,5,2,3,23,2,8,1,1,C04,7,9,1,8,2,14,  ,23,23,1,21,8,C04,24.162839,120.690981,2
2018,11,3,14,3,臺中市,南區,0,1,0,8,1,5,40,3,1,1,5,4,5,7,4,4,10,5,5,2,16,7,2,9,1,1,C03,7,7,1,10,2,11,  ,7,7,1,4,5,C03,24.129678,120.67487,2
2018,11,3,14,7,臺中市,西區,0,0,,8,,,50,,,,,,,,,,,,,,,,,,,,B03,,,1,,2,,,42,,1,21,,B03,24.146322,120.672043,3
2018,11,3,14,7,臺中市,大里區,0,0,0,8,1,5,40,,,1,5,4,5,7,1,1,8,3,5,1,13,23,3,10,1,1,B03,7,9,1,8,2,1,  ,23,23,1,22,9,B03,24.092109,120.691651,3
2018,11,3,14,8,臺中市,西區,0,1,0,8,1,5,50,4,1,1,5,4,5,7,2,1,10,5,5,2,16,10,3,10,1,1,B03,7,11,1,8,2,4,  ,10,10,1,2,9,B03,24.157614,120.663884,2
2018,11,3,14,9,臺中市,烏日區,0,0,,8,,,50,,,,,,,,,,,,,,,,,,,,B01,,,1,,2,,,26,,1,10,,B01,24.116027,120.618855,3
2018,11,3,14,15,臺中市,北屯區,0,2,0,8,1,7,80,10,7,1,5,4,5,7,4,4,1,4,5,1,13,16,3,10,1,1,B03,7,9,1,8,2,1,  ,16,16,1,21,8,B03,24.201177,120.673852,2
2018,11,3,14,15,臺中市,梧棲區,0,1,0,8,1,5,50,14,7,1,5,4,5,7,4,4,4,2,4,2,6,53,2,9,4,5,H01,8,18,8,20,10,16,  ,53,53,1,20,8,H01,24.256113,120.530996,2
2018,11,3,14,26,臺中市,大里區,0,1,0,8,1,5,40,14,9,1,5,4,5,7,4,4,10,5,5,2,25,43,2,9,1,1,C03,7,9,1,10,2,11,  ,43,43,1,20,8,C03,24.094316,120.701911,2
2018,11,3,14,33,臺中市,北區,0,0,0,8,,,50,,,,,,,,,,,,,,,12,3,  ,  ,  ,B01,  ,  ,1,  ,2,  ,  ,12,12,1,10,  ,B01,24.154444,120.684108,3
2018,11,3,14,37,臺中市,西屯區,0,0,,8,,,40,,,,,,,,,,,,,,,,,,,,B03,,,1,,2,,,16,,1,22,,B03,24.176158,120.633115,3
2018,11,3,14,37,臺中市,大里區,0,0,,8,,,80,,,,,,,,,,,,,,,,,,,,B03,,,1,,2,,,7,,1,21,,B03,24.096611,120.666784,3
2018,11,3,14,42,臺中市,大雅區,0,1,0,8,1,5,50,3,1,1,5,4,5,7,1,1,5,4,4,1,16,9,3,10,1,1,B03,7,6,1,8,2,2,  ,9,9,1,21,8,B03,24.219301,120.641102,2
2018,11,3,14,43,臺中市,西屯區,0,1,0,8,1,8,40,15,22,2,5,4,5,7,4,4,10,5,5,2,9,26,3,10,1,1,C03,7,9,1,10,2,11,  ,26,26,1,22,8,C03,24.175456,120.613891,2
2018,11,3,14,43,臺中市,太平區,0,0,,8,,,40,,,,,,,,,,,,,,,,,,,,B03,,,1,,2,,,23,,1,4,,B03,24.140044,120.722847,3
2018,11,3,14,44,臺中市,西屯區,0,1,0,8,1,5,50,14,9,1,5,4,3,5,4,4,9,5,5,2,3,51,3,10,3,4,C03,7,9,1,10,2,11,  ,23,51,1,21,8,C03,24.180504,120.616429,2
2018,11,3,15,3,臺中市,大肚區,0,0,,8,,,50,,,,,,,,,,,,,,,16,,,,,B03,,,1,,2,,,44,16,1,4,,B03,24.154046,120.544463,3
2018,11,3,15,5,臺中市,西區,0,0,,8,,,50,,,,,,,,,,,,,,,,,,,,B02,,,1,,2,,,42,,1,22,,B02,24.153279,120.666773,3
2018,11,3,15,8,臺中市,清水區,0,1,0,8,1,5,60,4,1,1,5,4,5,7,1,1,1,4,4,1,16,8,3,10,1,1,B03,7,5,1,8,2,1,  ,8,8,1,21,8,B03,24.29613,120.553,2
2018,11,3,15,10,臺中市,南區,0,0,,8,,,50,,,,,,,,,,,,,,,,,,,,B03,,,1,,2,,,12,,1,4,,B03,24.11954,120.673725,3
2018,11,3,15,10,臺中市,北屯區,0,0,0,8,,,50,,,,,,,,,,,,,,,21,  ,  ,  ,  ,B12,  ,  ,6,  ,4,  ,  ,21,21,1,9,  ,B12,24.181613,120.721919,3
2018,11,3,15,15,臺中市,南屯區,0,1,0,8,1,5,50,14,8,1,5,2,5,7,4,4,10,4,4,2,18,23,2,9,1,1,C03,7,9,1,10,2,11,  ,23,23,1,21,8,C03,24.126694,120.647897,2
2018,11,3,15,15,臺中市,清水區,0,1,0,8,1,5,40,4,1,1,5,4,5,7,4,4,10,5,5,2,15,6,2,8,1,1,C03,7,9,1,10,2,12,  ,6,6,1,21,8,C03,24.261898,120.566361,2
2018,11,3,15,18,臺中市,南屯區,0,1,0,8,1,5,50,14,9,1,5,4,5,7,4,4,5,2,5,2,13,16,2,9,1,1,C03,7,9,1,10,2,12,  ,16,16,1,3,8,C03,24.146996,120.637217,2
2018,11,3,15,30,臺中市,西區,0,1,0,8,1,5,50,3,1,1,5,4,5,7,4,4,10,5,5,2,16,26,2,9,1,1,C03,7,11,1,10,2,11,  ,26,26,1,21,8,C03,24.15213,120.665807,2
2018,11,3,15,30,臺中市,清水區,0,1,0,8,1,5,50,14,9,1,5,4,5,7,4,4,5,5,5,1,13,23,3,10,1,1,C03,7,9,1,10,2,11,  ,23,23,1,21,8,C03,24.26969,120.57167,2
2018,11,3,15,37,臺中市,北區,0,0,,8,,,50,,,,,,,,,,,,,,,,,,,,B03,,,1,,2,,,23,,1,  ,,B03,24.165641,120.676266,3
2018,11,3,15,41,臺中市,西屯區,0,0,,8,,,50,,,,,,,,,,,,,,,,,,,,C03,,,1,,2,,,19,,1,18,,C03,24.175648,120.644128,3
2018,11,3,15,41,臺中市,太平區,0,2,0,8,1,5,40,4,1,1,5,4,5,7,4,4,5,5,5,2,16,6,2,9,1,1,C03,7,5,1,10,2,11,  ,6,6,1,21,8,C03,24.128415,120.718117,2
2018,11,3,15,44,臺中市,北屯區,0,0,0,8,,,50,,,,,,,,,,,,,,,17,  ,  ,  ,  ,B03,  ,  ,1,  ,2,  ,  ,17,17,1,22,  ,B03,24.167843,120.694016,3
2018,11,3,15,44,臺中市,大雅區,0,1,0,8,1,5,50,14,9,1,5,4,5,7,4,4,5,5,5,1,16,27,2,8,1,1,C03,7,9,1,10,2,14,  ,23,27,1,21,8,C03,24.219306,120.641111,2
2018,11,3,15,45,臺中市,西屯區,0,0,0,8,,,1,,,,,,,,,,,,,,,42,  ,  ,  ,  ,B03,  ,  ,1,  ,2,  ,  ,42,42,1,22,  ,B03,24.163154,120.629992,3
2018,11,3,15,50,臺中市,北屯區,0,0,,8,,,50,,,,,,,,,,,,,,,,,,,,B03,,,1,,2,,,16,,1,  ,,B03,24.164913,120.697469,3
2018,11,3,15,52,臺中市,西屯區,0,1,0,8,1,5,40,14,7,1,5,4,5,7,4,4,5,4,4,2,16,26,2,9,1,1,C03,7,5,1,10,2,14,12,26,26,1,21,8,C03,24.156088,120.653488,2
2018,11,3,15,52,臺中市,豐原區,0,3,0,8,1,5,60,3,1,1,5,4,5,7,1,1,1,4,4,2,17,25,2,9,1,1,C03,7,9,1,10,2,11,  ,25,25,1,12,8,C03,24.263451,120.71528,2
2018,11,3,15,55,臺中市,東區,0,2,0,8,1,5,40,4,2,1,5,4,5,7,4,4,1,4,4,2,16,6,2,9,1,1,C03,7,5,1,10,2,12,  ,6,6,1,21,8,C03,24.131236,120.689112,2
2018,11,3,16,0,臺中市,北屯區,0,2,0,8,1,5,50,4,1,1,5,4,5,7,2,1,10,5,5,2,12,42,2,8,1,1,C03,7,15,3,18,2,12,  ,42,42,1,21,8,C03,24.172997,120.698225,2
2018,11,3,16,5,臺中市,大里區,0,2,0,8,1,5,40,14,8,1,5,4,5,7,4,4,10,4,4,1,13,16,2,9,1,1,C03,7,9,1,10,2,11,  ,16,16,1,5,8,C03,24.094746,120.664932,2
2018,11,3,16,18,臺中市,大里區,0,0,,8,,,50,,,,,,,,,,,,,,,,,,,,C03,,,1,,2,,,7,,1,5,,C03,24.095493,120.686708,3
2018,11,3,16,20,臺中市,大甲區,0,1,0,8,1,5,50,4,1,1,5,4,5,7,4,4,9,5,5,2,17,6,3,10,4,5,F02,7,6,8,20,2,16,  ,6,6,1,21,8,F02,24.4037,120.642221,2
2018,11,3,16,25,臺中市,大甲區,0,1,0,8,1,5,60,14,13,1,5,4,5,7,4,4,4,4,4,1,17,43,2,8,1,1,C03,7,9,1,10,2,14,  ,43,43,1,21,8,C03,24.352768,120.610853,2
2018,11,3,16,45,臺中市,太平區,0,0,,8,,,50,,,,,,,,,,,,,,,,,,,,C03,,,1,,2,,,16,,1,9,,C03,24.135347,120.709287,3
2018,11,3,16,47,臺中市,潭子區,0,0,,8,,,40,,,,,,,,,,,,,,,,,,,,B03,,,1,,2,,,12,,  ,22,,B03,24.207954,120.699701,3
2018,11,3,16,54,臺中市,沙鹿區,0,0,,8,,,60,,,,,,,,,,,,,,,,,,,,A41,,,1,,2,,,42,,1,10,,A41,24.250092,120.578793,3
2018,11,3,17,0,臺中市,北區,0,1,0,8,1,5,50,14,9,1,5,4,5,7,2,1,4,3,4,2,12,40,3,10,1,1,B01,7,14,1,3,2,6,  ,40,40,1,5,1,B01,24.149994,120.684076,2
2018,11,3,17,5,臺中市,北屯區,0,1,0,8,1,5,50,3,1,1,5,4,5,7,4,4,10,5,5,2,18,23,2,9,1,1,C03,7,9,1,10,2,15,  ,23,23,1,22,8,C03,24.16177,120.692396,2
2018,11,3,17,6,臺中市,龍井區,0,2,0,8,1,5,50,4,2,1,5,4,5,7,4,4,10,5,5,2,16,6,3,10,1,1,B12,7,6,1,8,2,5,  ,6,6,1,21,8,B12,24.182498,120.586381,2
2018,11,3,17,10,臺中市,大肚區,0,0,,8,,,40,,,,,,,,,,,,,,,,,,,,F01,,,8,,2,,,42,,1,19,,F01,24.135416,120.550273,3
2018,11,3,17,11,臺中市,太平區,0,1,0,8,2,5,50,3,1,1,5,4,5,7,4,4,10,5,5,2,16,6,3,10,1,1,B03,7,5,1,8,2,8,  ,6,6,1,2,5,B03,24.151903,120.700436,2
2018,11,3,17,21,臺中市,大里區,0,0,,8,,,40,,,,,,,,,,,,,,,,,,,,B03,,,1,,2,,,16,,1,21,,B03,24.1019,120.672686,3
2018,11,3,17,28,臺中市,大里區,0,2,0,8,3,5,50,3,1,1,5,4,5,7,4,4,10,5,5,2,18,42,2,9,1,1,C03,7,9,2,18,2,15,  ,42,42,1,22,8,C03,24.108471,120.693482,2
2018,11,3,17,30,臺中市,西區,0,0,0,8,3,5,50,14,7,1,5,4,5,7,4,4,1,4,4,2,16,43,,,,,,,,,,,,,,,,,,,24.156993,120.659801,3
2018,11,3,17,30,臺中市,沙鹿區,0,1,0,8,3,5,50,14,9,1,5,4,5,7,4,4,9,5,5,1,16,6,3,10,1,1,B03,7,5,1,8,2,5,  ,6,6,1,3,5,B03,24.241117,120.621033,2
2018,11,3,17,35,臺中市,烏日區,0,0,,8,,,50,,,,,,,,,,,,,,,,,,,,B03,,,1,,2,,,2,,1,22,,B03,24.113809,120.585371,3
2018,11,3,17,36,臺中市,清水區,0,1,0,8,4,5,40,14,9,1,5,4,5,7,4,4,10,5,5,1,18,23,2,9,1,1,C03,7,9,1,10,2,12,  ,23,23,1,21,8,C03,24.322391,120.569293,2
2018,11,3,17,37,臺中市,北區,0,1,0,8,3,5,50,14,7,1,5,4,5,7,1,1,1,4,4,1,12,7,2,8,1,1,C03,7,7,1,10,2,14,  ,7,7,1,21,8,C03,24.146183,120.682541,2
2018,11,3,17,39,臺中市,北屯區,0,2,0,8,3,5,40,14,7,1,5,4,5,7,4,4,1,4,4,2,29,7,2,9,1,1,C03,7,7,1,10,2,14,  ,7,7,1,5,8,C03,24.170508,120.685256,2
2018,11,3,17,40,臺中市,南屯區,0,1,0,8,3,5,50,4,2,1,5,4,5,7,1,1,10,5,5,2,16,25,3,10,1,1,B03,7,9,1,8,2,8,  ,25,25,1,21,8,B03,24.140991,120.653001,2
2018,11,3,17,40,臺中市,太平區,0,1,0,8,2,5,50,3,2,1,5,4,5,7,4,4,5,5,5,1,16,26,3,10,1,1,B03,7,11,1,8,2,8,  ,26,26,1,5,5,B03,24.152696,120.733344,2
2018,11,3,17,41,臺中市,西屯區,0,0,0,8,,,50,,,,,,,,,,,,,,,43,  ,  ,  ,  ,B03,  ,  ,1,  ,2,  ,  ,43,43,1,22,  ,B03,24.169943,120.641305,3
2018,11,3,17,42,臺中市,龍井區,0,0,,8,,,40,,,,,,,,,,,,,,,,,,,,B03,,,1,,2,,,19,,1,22,,B03,24.183196,120.588059,3
2018,11,3,17,45,臺中市,南區,0,0,0,8,,,50,,,,,,,,,,,,,,,6,3,  ,  ,  ,C03,  ,  ,1,10,2,  ,  ,8,6,  ,21,  ,C03,24.132576,120.678638,3
2018,11,3,17,45,臺中市,西屯區,0,1,0,8,3,5,50,14,7,1,5,4,5,7,4,4,5,4,4,2,17,23,2,9,3,4,C02,7,9,1,9,2,12,  ,23,23,1,22,8,C02,24.164133,120.634353,2
2018,11,3,17,47,臺中市,太平區,0,1,0,8,3,5,50,14,8,1,5,4,5,7,4,4,5,5,4,1,16,26,3,10,1,1,C03,7,5,1,10,2,12,  ,26,26,1,21,1,C03,24.106431,120.729108,2
2018,11,3,17,48,臺中市,北屯區,0,1,0,8,2,5,50,15,9,1,5,4,5,7,4,4,1,4,5,2,16,6,3,10,1,1,B03,7,6,1,7,2,2,  ,6,6,1,21,8,B03,24.182197,120.742611,2
2018,11,3,17,49,臺中市,北區,0,1,0,8,3,5,50,14,8,1,5,4,5,7,4,4,5,4,5,2,17,23,3,10,1,4,B03,7,9,1,8,2,2,  ,23,23,1,21,8,B03,24.152577,120.68996,2
2018,11,3,17,50,臺中市,霧峰區,0,0,,8,,,40,,,,,,,,,,,,,,,,,,,,B12,,,1,,2,,,6,,1,5,,B12,24.023634,120.685466,3
2018,11,3,17,51,臺中市,清水區,0,0,,,,,40,,,,,,,,,,,,,,,,,,,,B02,,,1,,2,,,5,,1,5,,B02,24.32026,120.576501,3
2018,11,3,17,54,臺中市,西區,0,2,0,8,2,5,40,4,1,1,5,4,5,7,1,1,5,5,5,2,16,6,3,10,1,1,B03,7,6,1,8,2,5,  ,6,6,1,22,8,B03,24.14555,120.661742,2
2018,11,3,17,54,臺中市,東區,0,0,,8,,,50,,,,,,,,,,,,,,,,,,,,C03,,,1,,2,,,1,,1,  ,,C03,24.13006,120.70567,3
2018,11,3,17,55,臺中市,大里區,0,2,0,8,3,5,50,4,1,1,5,4,5,7,4,4,10,5,5,2,15,25,3,10,1,1,B03,7,9,1,8,2,5,  ,25,25,1,21,8,B03,24.09661,120.667403,2
2018,11,3,17,58,臺中市,霧峰區,0,2,0,8,3,5,40,4,1,1,5,4,5,7,1,1,10,5,5,2,15,25,2,8,1,1,C03,7,9,1,10,2,15,  ,25,25,1,22,8,C03,24.066014,120.694889,2
2018,11,3,18,3,臺中市,東區,,,,,,,,,,,,,,,,,,,,,,,,,,,B03,,,1,,2,,,42,,1,5,,B03,24.12537,120.700693,3
2018,11,3,18,3,臺中市,北屯區,0,2,0,8,3,5,50,4,1,1,5,4,5,7,1,1,10,5,5,2,16,6,2,9,1,1,C03,7,5,1,10,2,11,  ,6,6,1,21,8,C03,24.19343,120.686727,2
2018,11,3,18,3,臺中市,龍井區,0,0,,8,,,40,,,,,,,,,,,,,,,,,,,,C03,,,1,,2,,,43,,1,  ,,C03,24.213105,120.526791,3
2018,11,3,18,24,臺中市,大里區,0,1,0,8,3,5,40,14,9,1,5,4,5,7,4,4,8,5,5,2,16,19,3,10,1,1,C03,7,9,1,10,2,11,  ,23,19,1,22,9,C03,24.097986,120.697892,2
2018,11,3,18,25,臺中市,北區,0,3,0,8,3,5,50,14,8,1,5,4,5,7,2,1,8,3,4,2,13,23,2,9,1,1,C03,7,9,1,10,2,11,  ,23,23,1,22,9,C03,24.15716,120.676586,2
2018,11,3,18,25,臺中市,東區,0,0,,,,,,,,,,,,,,,,,,,,,,,,,B03,,,1,,2,,,16,,1,  ,,B03,24.135508,120.708977,3
2018,11,3,18,25,臺中市,南區,0,1,0,8,3,5,50,4,1,1,5,4,5,7,1,1,10,5,5,2,16,6,3,10,1,1,B03,7,5,1,8,2,2,  ,6,6,1,4,8,B03,24.126415,120.679586,2
2018,11,3,18,27,臺中市,霧峰區,0,1,0,8,3,5,50,14,9,1,5,4,5,7,4,4,10,4,5,1,13,16,2,9,1,1,C03,7,9,1,10,2,11,  ,16,16,1,5,8,C03,24.012679,120.695689,2
2018,11,3,18,34,臺中市,東區,0,0,,8,,,50,,,,,,,,,,,,,,,,,,,,C03,,,1,,2,,,23,,1,  ,,C03,24.132609,120.689771,3
2018,11,3,18,47,臺中市,北屯區,0,0,,8,,,50,,,,,,,,,,,,,,,,,,,,B01,,,1,,2,,,23,,1,10,,B01,24.169947,120.697472,3
2018,11,3,18,53,臺中市,北區,0,0,,8,,,50,,,,,,,,,,,,,,,,,,,,B12,,,1,,2,,,23,,1,  ,,B12,24.148307,120.68342,3
2018,11,3,18,57,臺中市,大里區,0,0,,8,,,60,,,,,,,,,,,,,,,,,,,,C03,,,1,,2,,,17,,1,18,,C03,24.084953,120.690298,3
2018,11,3,19,17,臺中市,南屯區,0,1,0,8,3,5,50,4,1,1,5,4,5,7,2,1,10,5,5,2,16,25,3,10,3,4,B03,7,5,1,8,2,7,  ,25,25,1,22,8,B03,24.129556,120.646301,2
2018,11,3,19,18,臺中市,南屯區,0,3,0,8,3,5,50,3,1,1,5,4,5,7,3,1,10,5,5,2,16,6,2,9,1,1,C03,7,5,1,10,2,11,  ,6,6,1,18,8,C03,24.137954,120.609808,2
2018,11,3,19,23,臺中市,北區,0,0,0,8,,,50,,,,,,,,,,,,,,,12,3,  ,  ,  ,B02,  ,  ,1,8,2,4,3,12,12,  ,21,  ,B02,24.166984,120.676681,3
2018,11,3,19,35,臺中市,沙鹿區,0,1,0,8,3,5,40,4,1,1,5,4,5,7,3,1,10,5,5,2,15,6,2,9,1,1,C03,7,9,1,10,2,14,  ,6,6,1,21,8,C03,24.252399,120.562314,2
2018,11,3,19,59,臺中市,大里區,0,1,0,8,3,5,50,14,7,1,5,4,5,7,4,4,5,5,4,1,17,42,2,9,1,1,C03,7,9,1,10,2,14,  ,42,42,1,9,8,C03,24.09426,120.703926,2
2018,11,3,20,0,臺中市,沙鹿區,0,1,0,8,3,5,50,4,1,1,5,4,5,7,2,1,10,5,5,2,13,16,2,7,1,1,C03,7,9,1,10,2,14,  ,16,16,1,5,5,C03,24.234678,120.558855,2
2018,11,3,20,4,臺中市,西屯區,0,0,,8,,,50,,,,,,,,,,,,,,,,,,,,B03,,,1,,2,,,23,,1,22,,B03,24.197912,120.656858,3
2018,11,3,20,15,臺中市,西區,0,0,,8,1,5,50,4,1,1,5,4,5,7,2,1,10,5,5,2,16,,,,,,B03,,,1,,2,,,7,,1,20,,B03,24.150867,120.665287,3
2018,11,3,20,36,臺中市,北屯區,0,1,0,8,3,5,50,14,7,1,5,4,5,7,4,4,4,5,4,2,13,16,2,9,1,1,C03,7,9,1,10,2,11,  ,16,16,1,5,8,C03,24.16874,120.706398,2
2018,11,3,20,45,臺中市,南屯區,0,1,0,8,3,5,50,14,9,1,5,4,5,7,4,4,5,4,5,2,16,26,3,10,1,1,B03,7,1,1,8,2,4,  ,26,26,1,21,8,B03,24.145833,120.633068,2