年,月,日,時,分,縣市,區,死,受傷,2-30,天候,光線,道路類別,速限,道路型態,事故位置,路面鋪裝,路面狀態,路面缺陷,障礙物,視距,號誌種類,號誌動作,分向設施,快車道或一般車道間,快慢車道間,路面邊線,事故類型及型態,主要肇因,受傷程度,主要傷處,保護裝備,行動電話,當事者區分_類別,車輛用途,當事者行動狀態,駕駛資格情形,駕駛執照種類,飲酒情形,車輛撞擊部位最初,車輛撞擊部位其他,肇事因素個別,肇事因素主要,肇事逃逸,職業,旅次目的,車種,GPS座標_緯度,GPS座標_經度,事故類別
2018,11,3,20,46,臺中市,中區,0,0,,8,,,40,,,,,,,,,,,,,,,,,,,,B03,,,1,,2,,,19,,1,22,,B03,24.147337,120.680191,3
2018,11,3,20,57,臺中市,沙鹿區,0,0,,8,,,50,,,,,,,,,,,,,,,,,,,,B03,,,1,,2,,,12,,1,  ,,B03,24.214965,120.579743,3
2018,11,3,21,9,臺中市,北屯區,0,0,,8,,,50,,,,,,,,,,,,,,,,,,,,B03,,,1,,2,,,7,,1,5,,B03,24.170578,120.697932,3
2018,11,3,21,24,臺中市,南屯區,0,0,,8,,,50,,,,,,,,,,,,,,,,,,,,B03,,,1,,2,,,26,,1,9,,B03,24.149614,120.62313,3
2018,11,3,21,31,臺中市,西屯區,0,1,0,8,3,5,50,4,1,1,5,4,5,7,2,1,10,5,5,2,11,6,3,10,1,1,B03,7,5,1,8,2,6,  ,6,6,1,22,8,B03,24.165521,120.655726,2
2018,11,3,21,33,臺中市,潭子區,0,0,,8,,,40,,,,,,,,,,,,,,,,,,,,C03,,,1,,2,,,23,,1,22,,C03,24.209926,120.705063,3
2018,11,3,21,35,臺中市,豐原區,0,1,0,8,3,5,50,3,2,1,5,4,5,7,1,1,4,1,4,2,16,8,4,11,3,4,B03,7,5,7,19,11,15,  ,8,8,2,22,8,B03,24.242011,120.696796,2
2018,11,3,21,38,臺中市,西區,0,0,0,8,,,50,,,,,,,,,,,,,,,23,  ,  ,  ,  ,B03,  ,  ,1,  ,1,  ,  ,23,23,2,  ,  ,B03,24.156604,120.657871,3
2018,11,3,21,53,臺中市,烏日區,0,0,,8,,,40,,,,,,,,,,,,,,,,,,,,B01,,,1,,2,,,6,,1,10,,B01,24.098318,120.640391,3
2018,11,3,22,15,臺中市,潭子區,0,0,,8,1,5,50,3,2,1,5,4,5,7,4,4,5,5,5,2,12,,,,,,B03,,,1,,2,,,17,,1,22,,B03,24.212696,120.699554,3
2018,11,3,22,20,臺中市,南屯區,0,1,0,8,3,5,50,14,9,1,5,4,5,7,4,4,5,4,5,2,16,26,3,10,1,1,B03,7,11,1,8,2,2,  ,26,26,1,22,9,B03,24.146934,120.636524,2
2018,11,3,22,20,臺中市,西屯區,0,0,,8,,,40,,,,,,,,,,,,,,,,,,,,B03,,,1,,2,,,17,,1,22,,B03,24.163977,120.643071,3
2018,11,3,22,20,臺中市,太平區,0,0,,8,,,50,,,,,,,,,,,,,,,,,,,,B12,,,1,,1,,,18,,1,4,,B12,24.126029,120.707164,3
2018,11,3,22,31,臺中市,南屯區,0,0,0,8,1,5,50,,1,,5,4,5,7,1,1,10,5,5,2,12,17,3,10,1,1,B03,7,9,1,8,2,5,  ,17,17,1,22,8,B03,24.147795,120.615188,3
2018,11,3,22,45,臺中市,西屯區,0,1,0,8,3,5,50,3,1,1,5,4,5,7,2,1,10,5,5,2,13,23,2,3,1,1,B03,7,9,1,8,2,1,  ,23,23,1,22,8,B03,24.178471,120.643255,2
2018,11,3,22,53,臺中市,南屯區,0,0,0,8,,,40,,,,,,,,,,,,,,,26,  ,  ,  ,  ,C03,  ,  ,1,  ,11,  ,  ,26,26,2,  ,  ,C03,24.145534,120.62294,3
2018,11,3,22,55,臺中市,霧峰區,0,1,0,8,1,5,50,14,9,1,5,4,5,7,4,4,9,4,5,1,16,10,3,10,1,1,B03,7,11,1,8,2,7,  ,10,10,1,5,8,B03,24.049973,120.682014,2
2018,11,3,22,58,臺中市,太平區,0,1,0,8,3,5,50,4,1,1,5,4,5,7,4,4,10,5,5,2,12,10,3,10,1,1,B03,7,11,1,8,2,8,  ,10,10,1,9,5,B03,24.120331,120.733792,2
2018,11,3,23,0,臺中市,北區,0,1,0,8,3,5,40,14,8,1,5,4,5,7,4,4,1,4,4,2,18,21,2,9,1,1,C04,7,9,3,18,5,12,  ,21,21,1,22,9,C04,24.15346,120.694636,2
2018,11,3,23,25,臺中市,豐原區,0,1,0,8,3,5,40,14,9,1,5,4,5,7,4,4,10,5,5,2,17,23,2,8,1,1,C03,7,9,3,18,8,14,  ,23,23,1,22,8,C03,24.261888,120.717931,2
2018,11,3,23,45,臺中市,霧峰區,0,0,,8,,,50,,,,,,,,,,,,,,,,,,,,B03,,,1,,2,,,12,,1,21,,B03,24.06197,120.69874,3
2018,11,4,0,30,臺中市,龍井區,0,2,0,8,3,5,50,4,1,1,5,4,5,7,3,1,10,5,5,2,16,6,3,10,1,1,B12,7,9,1,8,2,8,  ,6,6,1,21,8,B12,24.188874,120.596313,2
2018,11,4,1,33,臺中市,北區,0,0,,8,,,50,,,,,,,,,,,,,,,,,,,,B03,,,1,,2,,,23,,1,22,,B03,24.161793,120.662461,3
2018,11,4,1,49,臺中市,豐原區,0,1,0,8,3,5,50,4,2,1,5,4,5,7,1,1,5,2,5,1,16,9,3,10,1,1,C03,7,6,3,18,11,15,  ,9,9,2,4,8,C03,24.2648,120.720335,2
2018,11,4,2,30,臺中市,西屯區,0,1,0,8,3,5,40,14,8,1,5,4,5,7,4,4,9,4,4,2,13,21,2,9,1,1,C03,7,9,1,10,7,11,  ,21,21,1,21,8,C03,24.170555,120.620347,2
2018,11,4,2,47,臺中市,北屯區,0,2,0,8,3,5,50,4,1,1,5,4,5,7,3,1,5,3,5,2,16,6,2,9,1,1,C03,7,9,1,10,7,11,  ,21,6,1,21,8,C03,24.175913,120.672758,2
2018,11,4,3,36,臺中市,西屯區,0,1,0,8,3,5,40,14,9,1,5,4,5,7,4,4,10,5,5,2,17,42,2,9,1,4,C03,7,9,1,10,11,14,  ,42,42,1,21,8,C03,24.164829,120.663123,2
2018,11,4,4,26,臺中市,西屯區,0,0,,8,,,50,,,,,,,,,,,,,,,,,,,,   ,,,7,,11,,,43,,1,  ,,   ,24.173817,120.65119,3
2018,11,4,4,30,臺中市,潭子區,0,3,0,8,3,5,60,14,12,1,5,4,5,7,4,4,1,4,4,1,6,60,2,9,4,5,H01,8,18,8,20,10,16,  ,60,60,1,22,9,H01,24.226875,120.690354,2
2018,11,4,4,31,臺中市,西屯區,0,2,0,8,3,5,50,14,9,1,5,4,5,7,4,4,9,4,5,2,17,23,2,9,1,1,C03,7,9,1,10,2,11,  ,23,23,1,21,8,C03,24.174626,120.620891,2
2018,11,4,4,34,臺中市,西區,0,0,,8,,,50,,,,,,,,,,,,,,,,,,,,A12,,,1,,2,,,17,,1,21,,A12,24.150042,120.67426,3
2018,11,4,6,52,臺中市,西區,0,0,,8,1,5,50,5,1,1,5,4,5,7,2,1,10,5,5,2,16,,,,,,B03,,,1,,2,,,26,,1,19,,B03,24.156971,120.659469,3
2018,11,4,7,4,臺中市,東區,0,0,0,8,1,5,40,14,22,1,5,4,5,7,4,4,5,4,4,2,29,19,3,10,1,1,B03,7,7,1,8,2,5,  ,19,19,2,21,8,B03,24.140632,120.689234,3
2018,11,4,7,30,臺中市,南屯區,0,0,,8,,,40,,,,,,,,,,,,,,,,,,,,B12,,,1,,2,,,12,,1,21,,B12,24.148061,120.621518,3
2018,11,4,7,43,臺中市,沙鹿區,0,1,0,8,1,5,60,3,1,1,5,4,5,7,2,1,1,4,1,1,16,26,3,10,1,1,B12,7,6,1,8,2,5,  ,26,26,1,3,8,B12,24.22713,120.575748,2
2018,11,4,8,4,臺中市,后里區,0,1,0,8,1,5,40,3,2,1,5,4,5,7,4,4,9,5,5,1,16,6,2,7,3,4,C04,7,5,1,10,2,15,  ,6,6,1,21,9,C04,24.309328,120.730038,2
2018,11,4,8,8,臺中市,潭子區,0,0,,8,,,60,,,,,,,,,,,,,,,,,,,,B03,,,1,,2,,,12,,1,22,,B03,24.201162,120.701402,3
2018,11,4,8,14,臺中市,神岡區,0,2,0,8,1,7,10,14,8,4,5,4,5,7,4,4,9,5,5,1,2,23,2,8,4,5,F01,7,15,8,20,2,16,  ,23,23,1,22,9,F01,24.253452,120.662716,2
2018,11,4,8,45,臺中市,大里區,0,0,0,8,1,5,40,14,9,1,5,4,5,7,4,4,5,4,5,2,11,26,3,10,1,1,B03,7,9,1,8,2,4,  ,26,26,1,5,8,B03,24.116701,120.679301,3
2018,11,4,8,50,臺中市,大里區,0,2,0,8,1,5,50,14,7,1,5,4,5,7,4,4,1,4,5,1,17,3,2,9,1,1,C03,7,15,1,10,2,13,  ,3,3,1,22,5,C03,24.10209,120.682136,2
2018,11,4,8,50,臺中市,龍井區,0,1,0,8,1,5,50,4,2,1,5,4,5,7,4,4,5,4,5,1,16,26,3,10,1,1,B03,7,5,1,1,2,4,  ,26,26,1,12,8,B03,24.17716,120.530405,2
2018,11,4,9,4,臺中市,后里區,0,0,,8,,,60,,,,,,,,,,,,,,,,,,,,B03,,,1,,2,,,2,,1,4,,B03,24.284921,120.722886,3
2018,11,4,9,30,臺中市,東區,0,0,,8,,,50,,,,,,,,,,,,,,,,,,,,B01,,,6,,9,,,23,,2,22,,B01,24.12321,120.685232,3
2018,11,4,9,34,臺中市,北屯區,0,1,0,8,1,5,40,4,1,1,5,4,5,7,4,4,10,5,5,2,16,6,3,10,3,4,B03,7,5,1,8,2,8,  ,6,6,1,21,8,B03,24.176891,120.718444,2
2018,11,4,9,45,臺中市,北區,0,1,0,8,1,5,50,14,7,1,5,4,5,7,4,4,1,4,4,2,13,23,2,8,1,1,C03,7,9,1,10,2,11,12,23,23,1,22,9,C03,24.163051,120.687267,2
2018,11,4,9,48,臺中市,大里區,0,0,,8,,,40,,,,,,,,,,,,,,,,,,,,B03,,,1,,2,,,12,,1,21,,B03,24.119219,120.689165,3
2018,11,4,9,56,臺中市,大里區,0,1,0,8,1,5,50,4,1,1,5,4,5,7,3,1,10,5,5,2,16,6,2,9,1,1,C03,7,9,1,10,2,12,  ,6,6,1,20,8,C03,24.102441,120.695776,2
2018,11,4,10,10,臺中市,南區,0,1,0,8,1,5,50,4,2,1,5,4,5,7,1,1,5,2,4,2,16,19,3,10,1,1,B01,7,1,1,4,2,4,  ,19,19,1,4,8,B01,24.13398,120.681881,2
2018,11,4,10,12,臺中市,西區,0,0,,8,,,50,,,,,,,,,,,,,,,,,,,,B03,,,1,,2,,,12,,1,  ,,B03,24.148992,120.67306,3
2018,11,4,10,14,臺中市,西屯區,0,0,,8,,,50,,,,,,,,,,,,,,,,,,,,B03,,,1,,2,,,7,,1,22,,B03,24.173121,120.63247,3
2018,11,4,10,18,臺中市,南屯區,0,0,,8,,,50,,,,,,,,,,,,,,,,,,,,B12,,,1,,2,,,19,,1,22,,B12,24.122939,120.629739,3
2018,11,4,10,21,臺中市,大肚區,0,0,,8,,,50,,,,,,,,,,,,,,,,,,,,C03,,,1,,11,,,23,,2,8,,C03,24.124455,120.563025,3
2018,11,4,10,26,臺中市,霧峰區,0,0,0,8,1,5,50,3,1,1,5,4,5,7,4,4,10,5,5,2,14,12,3,10,1,1,B03,7,2,1,8,2,3,  ,12,12,1,5,8,B03,24.070058,120.696591,3
2018,11,4,10,31,臺中市,烏日區,0,1,0,8,1,5,50,3,1,1,5,4,5,7,1,1,10,5,5,2,16,25,3,10,1,1,B03,7,5,1,8,2,1,  ,25,25,1,21,8,B03,24.115728,120.642076,2
2018,11,4,10,32,臺中市,北屯區,0,1,0,8,1,5,50,3,1,1,5,4,5,7,4,4,10,5,5,2,16,1,2,9,1,1,C03,7,4,1,10,2,12,  ,1,1,1,21,8,C03,24.176526,120.692966,2
2018,11,4,10,40,臺中市,大里區,0,4,0,8,1,5,50,4,2,1,5,4,5,7,1,1,4,2,5,1,17,26,2,8,1,1,C03,7,11,1,10,2,12,  ,26,26,1,22,5,C03,24.10819,120.689863,2
2018,11,4,10,48,臺中市,潭子區,0,0,,8,1,5,50,14,8,1,5,4,5,7,4,4,5,4,4,2,12,,,,,,B03,,,1,,9,,,17,,2,12,,B03,24.212452,120.711353,3
2018,11,4,10,50,臺中市,南屯區,0,0,,8,,,50,,,,,,,,,,,,,,,,,,,,B03,,,1,,9,,,23,,2,  ,,B03,24.148867,120.64794,3
2018,11,4,10,50,臺中市,大里區,0,0,0,8,1,5,50,14,9,1,5,4,5,7,4,4,5,5,5,1,12,17,3,10,1,1,C03,7,9,1,10,2,14,  ,17,17,1,5,8,C03,24.111687,120.666143,3
2018,11,4,10,51,臺中市,新社區,0,0,0,8,,,50,,,,,,,,,,,,,,,16,  ,  ,  ,  ,A12,  ,  ,1,  ,2,  ,  ,16,16,1,10,  ,A12,24.208256,120.821091,3
2018,11,4,10,53,臺中市,潭子區,0,0,,8,,,40,,,,,,,,,,,,,,,,,,,,C03,,,1,,2,,,16,,1,  ,,C03,24.204088,120.718705,3
2018,11,4,11,12,臺中市,北區,0,0,0,8,,,50,,,,,,,,,,,,,,,23,3,  ,  ,  ,B03,  ,  ,1,  ,2,  ,  ,23,23,1,5,  ,B03,12.0675624,24.145799,3
2018,11,4,11,21,臺中市,大里區,0,2,0,8,1,5,50,14,9,1,5,4,5,7,4,4,1,4,5,2,13,16,3,10,1,1,C03,7,9,1,10,2,11,12,16,16,1,21,8,C03,24.091126,120.692646,2
2018,11,4,11,25,臺中市,梧棲區,0,0,,8,,,70,,,,,,,,,,,,,,,,,,,,B03,,,1,,2,,,23,,1,  ,,B03,24.258116,120.559216,4
2018,11,4,11,33,臺中市,西屯區,0,1,0,8,1,5,50,14,8,1,5,4,5,7,2,1,1,3,4,1,13,23,3,10,1,1,C03,7,9,1,10,2,11,  ,23,23,1,22,8,C03,24.163206,120.648318,2
2018,11,4,11,38,臺中市,清水區,0,1,0,8,1,8,50,3,1,1,5,4,5,7,4,4,10,5,5,2,16,6,3,10,1,1,B03,7,5,1,8,2,8,  ,6,6,1,5,5,B03,24.285076,120.576255,2
2018,11,4,11,49,臺中市,后里區,0,1,0,8,1,5,50,14,7,1,5,4,5,7,4,4,5,5,4,2,12,17,3,10,3,4,B03,7,9,3,18,2,2,  ,17,17,1,22,8,B03,24.305465,120.709426,2
2018,11,4,11,50,臺中市,西區,0,0,,8,1,5,50,3,1,1,5,4,5,7,4,4,10,5,5,2,16,,,,,,B03,,,1,,2,,,26,,1,5,,B03,24.155443,120.654505,3
2018,11,4,11,51,臺中市,烏日區,0,0,,8,,,30,,,,,,,,,,,,,,,,,,,,B02,,,1,,2,,,7,,1,21,,B02,24.112988,120.616718,3
2018,11,4,11,59,臺中市,西屯區,0,1,0,8,1,5,50,4,1,1,5,4,5,7,1,1,5,4,4,2,12,23,3,10,3,4,B03,7,9,1,8,2,2,  ,23,23,1,21,8,B03,24.17463,120.644304,2
2018,11,4,12,4,臺中市,西區,0,3,0,8,1,5,50,4,1,1,5,4,5,7,4,4,10,5,5,2,15,6,3,10,1,1,B03,7,9,1,8,2,5,  ,6,6,1,22,9,B03,24.145518,120.663135,2
2018,11,4,12,7,臺中市,太平區,0,0,,8,,,40,,,,,,,,,,,,,,,,,,,,B03,,,1,,2,,,23,,1,  ,,B03,24.149074,120.721378,3
2018,11,4,12,9,臺中市,大雅區,0,1,0,8,1,5,40,4,1,1,5,4,5,7,1,1,1,5,5,1,16,6,2,9,1,1,C03,7,5,1,10,2,12,  ,6,6,1,22,8,C03,24.216208,120.649279,2
2018,11,4,12,10,臺中市,龍井區,0,1,0,8,1,5,40,3,2,1,5,4,5,7,4,4,10,5,5,2,18,13,2,9,4,5,F01,7,6,8,20,2,16,  ,13,13,1,14,8,F01,24.18679,120.59546,2
2018,11,4,12,15,臺中市,南屯區,0,0,0,8,,,50,,,,,,,,4,,,,,,,23,3,  ,  ,  ,B02,  ,  ,1,  ,2,  ,  ,23,23,1,21,  ,B02,24.144934,120.653145,3
2018,11,4,12,19,臺中市,西屯區,0,0,,8,,,50,,,,,,,,,,,,,,,,,,,,B03,,,1,,2,,,19,,1,22,,B03,24.18938,120.613194,3
2018,11,4,12,20,臺中市,后里區,0,0,,8,,,40,,,,,,,,,,,,,,,,,,,,B03,,,1,,2,,,12,,1,4,,B03,24.307473,120.719282,3
2018,11,4,12,25,臺中市,西區,0,0,0,8,1,5,50,14,7,1,5,4,5,7,4,4,1,4,4,2,13,23,3,10,1,1,B03,7,9,1,8,8,1,  ,23,23,1,22,8,B03,24.157701,120.660216,3
2018,11,4,12,45,臺中市,西屯區,0,0,,8,,,50,,,,,,,,,,,,,,,,,,,,   ,,,7,,11,,,43,,1,  ,,   ,24.18605,120.616366,3
2018,11,4,12,50,臺中市,沙鹿區,0,1,0,8,1,5,60,3,1,1,5,4,5,7,2,1,10,5,5,2,16,26,3,10,1,1,B12,7,6,1,8,2,2,  ,26,26,1,4,5,B12,24.209708,120.581209,2
2018,11,4,12,50,臺中市,石岡區,0,0,0,8,1,5,70,14,8,1,5,4,5,7,4,4,1,4,4,1,13,23,3,10,1,1,B03,7,9,1,8,8,1,  ,23,23,1,22,8,B03,24.27421,120.788363,3
2018,11,4,13,11,臺中市,大甲區,0,0,,8,,,50,,,,,,,,,,,,,,,,,,,,B03,,,1,,2,,,12,,1,9,,B03,24.346826,120.624237,3
2018,11,4,13,14,臺中市,北區,0,2,0,8,1,5,50,4,1,1,5,4,5,7,1,1,2,4,4,2,17,19,2,9,1,1,C03,7,1,1,10,2,15,  ,19,19,1,22,8,C03,24.155768,120.687286,2
2018,11,4,13,14,臺中市,南區,0,0,0,8,,,40,,,,,,,,,,,,,,,23,3,  ,  ,  ,B03,  ,  ,1,  ,2,  ,  ,23,23,  ,3,  ,B03,24.120506,120.662595,3
2018,11,4,13,20,臺中市,南屯區,0,2,0,8,1,5,50,3,1,1,5,4,5,7,4,4,1,4,5,2,16,6,3,10,1,1,B03,7,6,1,8,2,8,  ,6,6,1,21,8,B03,24.154624,120.646641,2
2018,11,4,13,20,臺中市,西屯區,0,1,0,8,1,5,50,4,1,1,5,4,5,7,1,1,10,5,5,2,16,8,3,10,1,1,C03,7,5,1,10,2,12,  ,8,8,1,21,9,C03,24.165205,120.653531,2
2018,11,4,13,25,臺中市,沙鹿區,0,0,,8,,,50,,,,,,,,,,,,,,,,,,,,B03,,,1,,2,,,19,,1,18,,B03,24.253744,120.598954,3
2018,11,4,13,34,臺中市,西屯區,0,1,0,8,1,5,50,14,7,1,5,4,5,7,4,4,5,4,4,2,16,26,3,10,3,4,B03,7,11,1,8,2,5,  ,26,26,1,21,8,B03,24.18818,120.620535,2
2018,11,4,13,36,臺中市,西屯區,0,1,0,8,1,5,50,14,9,1,5,4,5,7,4,4,4,5,5,2,16,7,2,9,1,1,C03,7,7,4,8,2,14,  ,7,7,1,22,8,C03,24.164806,120.642978,2
2018,11,4,13,43,臺中市,梧棲區,0,0,,8,,,70,,,,,,,,,,,,,,,,,,,,B03,,,1,,2,,,25,,1,  ,,B03,24.249025,120.53864,3
2018,11,4,13,50,臺中市,南區,0,0,,,,,,,,,,,,,,,,,,,,,,,,,B03,,,1,,2,,,23,,1,4,,B03,24.118984,120.665174,3
2018,11,4,13,50,臺中市,南屯區,0,1,0,8,1,5,50,4,1,1,5,4,5,7,2,1,10,5,5,2,16,26,3,10,1,1,B03,7,6,1,8,2,6,6,26,26,1,5,5,B03,24.152833,120.624767,2
2018,11,4,13,51,臺中市,西屯區,0,1,0,8,1,5,50,14,9,1,5,4,5,7,4,4,8,3,4,1,12,42,2,9,1,1,C03,7,8,3,18,2,11,  ,42,42,1,22,8,C03,24.18202,120.595639,2
2018,11,4,13,58,臺中市,大里區,0,0,0,8,1,5,40,14,9,1,5,4,5,7,4,4,1,4,5,1,29,23,3,10,1,1,B03,7,9,1,8,2,10,  ,23,23,1,12,8,B03,24.102216,120.692305,3
2018,11,4,14,0,臺中市,南屯區,0,0,,8,,,40,,,,,,,,,,,,,,,,,,,,B03,,,1,,2,,,12,,1,22,,B03,24.141979,120.65289,3
2018,11,4,14,5,臺中市,東區,0,2,0,8,1,5,50,5,2,1,5,4,5,7,1,1,5,2,4,2,16,26,2,9,1,1,C03,7,7,6,18,2,14,  ,26,26,1,21,8,C03,24.131428,120.702726,2
2018,11,4,14,10,臺中市,南屯區,0,1,0,8,1,5,50,14,9,1,5,4,5,7,4,4,5,5,5,2,16,19,3,10,1,1,B03,7,1,1,8,2,1,  ,19,19,1,21,8,B03,24.147438,120.642639,2
2018,11,4,14,11,臺中市,西屯區,0,2,0,8,1,5,40,14,8,1,5,4,5,7,4,4,1,4,1,2,16,23,2,9,1,1,C03,7,8,1,10,2,11,  ,23,23,1,3,9,C03,24.162103,120.650806,2
2018,11,4,14,15,臺中市,大里區,0,1,0,8,1,5,50,4,2,1,5,4,5,7,4,4,5,5,5,1,17,43,2,7,1,1,C03,7,11,1,10,2,15,  ,43,43,1,22,5,C03,24.108068,120.66807,2
2018,11,4,14,17,臺中市,西屯區,0,0,0,8,,,50,,,,,,,,,,,,,,,8,  ,  ,  ,  ,B03,  ,  ,1,  ,2,  ,  ,8,8,1,22,  ,B03,24.170223,120.630195,3
2018,11,4,14,20,臺中市,太平區,0,1,0,8,1,5,50,3,2,1,5,4,5,7,1,1,5,5,4,2,16,6,3,10,1,1,B02,7,11,1,8,2,8,  ,6,6,1,4,5,B02,24.1499,120.71257,2
2018,11,4,14,20,臺中市,大甲區,0,1,0,8,1,5,70,14,8,1,5,4,5,7,4,4,1,4,4,1,17,10,2,7,1,1,C03,7,11,1,10,2,12,  ,10,10,1,9,8,C03,24.337172,120.616973,2
2018,11,4,14,28,臺中市,霧峰區,0,1,0,8,1,5,50,4,1,1,5,4,5,7,1,1,5,5,5,1,16,6,2,8,1,1,C04,7,5,1,10,2,12,  ,6,6,1,19,8,C04,24.050946,120.684514,2
2018,11,4,14,30,臺中市,南屯區,0,0,0,8,1,5,50,14,9,1,,4,5,7,4,4,5,4,5,2,17,23,3,10,1,1,B03,7,9,1,8,2,5,5,23,23,1,3,8,B03,24.15612,120.648149,3
2018,11,4,14,33,臺中市,東勢區,0,1,0,8,1,5,50,14,9,1,5,4,5,7,3,1,5,5,5,2,17,8,3,10,1,1,C01,7,5,1,9,2,15,  ,8,8,1,21,8,C01,24.208501,120.841751,2
2018,11,4,14,35,臺中市,大里區,0,0,0,8,1,5,50,14,13,1,5,4,5,7,4,4,10,5,5,1,16,42,3,10,1,1,B03,7,9,1,8,2,1,  ,42,42,1,21,8,B03,24.114524,120.68611,3
2018,11,4,14,37,臺中市,西屯區,0,1,0,8,1,5,50,5,2,1,5,4,5,7,3,1,8,3,5,1,12,8,2,9,1,1,C03,7,5,1,10,2,14,  ,8,8,1,22,8,C03,24.181465,120.638031,2
2018,11,4,14,49,臺中市,南區,0,0,0,8,,,50,,,,,,,,,,,,,,,23,3,  ,  ,  ,B01,  ,  ,1,  ,2,  ,  ,23,23,  ,10,  ,B01,24.122323,120.652851,3
2018,11,4,14,55,臺中市,霧峰區,0,0,,,,,,,,,,,,,,,,,,,,,,,,,B03,,,1,,2,,,12,,1,7,,B03,24.072545,120.699632,3
2018,11,4,14,57,臺中市,西屯區,0,0,0,8,,,50,,,,,,,,,,,,,,,23,  ,  ,  ,  ,B03,  ,  ,1,  ,2,1,  ,23,23,1,21,  ,B03,24.166688,120.642311,3
2018,11,4,15,5,臺中市,潭子區,0,0,,8,1,5,40,14,16,1,5,4,5,7,4,4,1,4,5,1,13,,,,,,B03,,,1,,2,,,23,,1,22,,B03,24.200907,120.706236,3
2018,11,4,15,9,臺中市,西屯區,0,1,0,8,1,5,40,14,8,1,5,4,5,7,4,4,9,4,4,2,18,42,2,9,1,1,C03,7,9,1,10,2,14,  ,42,42,1,21,8,C03,24.161646,120.640341,2
2018,11,4,15,35,臺中市,西屯區,0,1,0,8,1,5,40,4,8,1,5,4,5,7,1,1,10,4,5,2,12,7,3,10,1,1,B03,7,8,1,4,2,5,  ,7,7,1,21,8,B03,24.159524,120.656055,2
2018,11,4,15,35,臺中市,西屯區,0,1,0,8,1,5,40,14,7,1,5,4,5,7,4,4,8,3,4,2,13,7,2,9,1,1,C03,7,7,1,10,2,11,  ,7,7,1,22,9,C03,24.200005,120.655569,2
2018,11,4,15,43,臺中市,太平區,0,0,,8,,,50,,,,,,,,,,,,,,,,,,,,B03,,,2,,2,,,17,,1,3,,B03,24.142109,120.71228,3
2018,11,4,15,46,臺中市,西屯區,0,0,,8,,,50,,,,,,,,,,,,,,,,,,,,B03,,,1,,2,,,42,,1,  ,,B03,24.164242,120.65694,3
2018,11,4,15,50,臺中市,霧峰區,0,1,0,8,1,5,50,3,1,1,5,4,5,7,3,1,10,5,5,2,16,9,3,10,1,1,B03,7,6,1,8,2,5,  ,9,9,1,5,8,B03,24.064852,120.697259,2
2018,11,4,15,50,臺中市,梧棲區,0,2,0,8,1,5,40,3,2,1,5,4,5,7,4,4,10,5,5,2,17,43,2,9,1,1,C03,7,5,1,10,2,11,  ,43,43,1,18,8,C03,24.240754,120.530793,2
2018,11,4,15,51,臺中市,東區,0,0,,8,,,50,,,,,,,,,,,,,,,6,,,,,B03,,,1,,2,,,23,6,1,  ,,B03,24.135122,120.699431,3
2018,11,4,15,53,臺中市,西區,0,0,,8,1,5,50,3,9,1,5,4,5,7,4,4,5,4,4,2,17,,,,,,B03,,,1,,2,,,19,,1,4,,B03,24.153991,120.661706,3
2018,11,4,16,18,臺中市,潭子區,0,0,,8,,,40,,,,,,,,,,,,,,,,,,,,B03,,,1,,2,,,12,,1,22,,B03,24.231009,120.708088,3
2018,11,4,16,23,臺中市,外埔區,0,0,,8,,,40,,,,,,,,,,,,,,,,,,,,B12,,,1,,2,,,6,,1,22,,B12,24.33307,120.655755,3
2018,11,4,16,27,臺中市,北區,0,2,0,8,1,5,50,4,7,1,5,4,5,7,1,1,1,4,4,2,16,25,2,9,1,1,C03,7,6,1,10,2,14,  ,25,25,1,21,8,C03,24.152842,120.677357,2
2018,11,4,16,40,臺中市,大肚區,0,1,0,8,1,5,40,4,1,1,5,4,5,7,4,4,10,5,5,2,16,6,3,10,1,1,B03,7,5,1,8,2,8,  ,6,6,1,5,8,B03,24.144826,120.544181,2
2018,11,4,16,41,臺中市,烏日區,0,1,0,8,1,5,50,4,2,1,5,4,5,7,1,1,1,4,5,2,13,23,3,10,1,1,B03,7,9,1,8,2,8,  ,23,23,1,21,8,B03,24.112166,120.588625,2
2018,11,4,16,43,臺中市,梧棲區,0,0,,8,,,50,,,,,,,,,,,,,,,,,,,,C03,,,1,,2,,,26,,1,  ,,C03,24.255363,120.530775,3
2018,11,4,16,47,臺中市,西屯區,0,2,0,8,1,5,50,4,1,1,5,4,5,7,2,1,10,5,5,2,13,16,2,9,1,1,C03,7,9,1,10,2,11,  ,16,16,1,9,8,C03,24.167566,120.640917,2
2018,11,4,16,48,臺中市,東區,0,0,0,8,,,40,,,,,,,,,,,,,,,23,3,  ,  ,  ,B12,  ,  ,1,  ,2,  ,  ,23,23,1,5,  ,B12,24.144718,120.686433,3
2018,11,4,16,50,臺中市,霧峰區,0,2,0,8,1,5,40,4,1,1,5,4,5,7,1,1,5,4,4,1,12,9,3,10,1,1,B03,7,6,1,7,2,6,  ,9,9,1,21,8,B03,24.043202,120.671347,2