年,月,日,時,分,縣市,區,死,受傷,2-30,天候,光線,道路類別,速限,道路型態,事故位置,路面鋪裝,路面狀態,路面缺陷,障礙物,視距,號誌種類,號誌動作,分向設施,快車道或一般車道間,快慢車道間,路面邊線,事故類型及型態,主要肇因,受傷程度,主要傷處,保護裝備,行動電話,當事者區分_類別,車輛用途,當事者行動狀態,駕駛資格情形,駕駛執照種類,飲酒情形,車輛撞擊部位最初,車輛撞擊部位其他,肇事因素個別,肇事因素主要,肇事逃逸,職業,旅次目的,車種,GPS座標_緯度,GPS座標_經度,事故類別
2018,11,4,16,50,臺中市,沙鹿區,0,1,0,8,1,5,50,14,9,1,5,4,5,7,4,4,5,5,5,2,16,1,3,10,1,1,C03,7,6,1,10,2,13,  ,1,1,1,18,5,C03,24.214884,120.57923,2
2018,11,4,16,55,臺中市,沙鹿區,0,0,,8,,,60,,,,,,,,,,,,,,,,,,,,B03,,,1,,2,,,23,,1,4,,B03,24.239491,120.56532,3
2018,11,4,16,57,臺中市,梧棲區,0,0,,8,,,50,,,,,,,,,,,,,,,43,,,,,B03,,,1,,2,,,43,43,1,  ,,B03,24.247982,120.532448,3
2018,11,4,17,0,臺中市,北屯區,0,2,0,8,1,5,40,14,8,1,5,4,5,7,4,4,1,4,4,2,12,23,2,7,1,1,C03,7,9,1,10,2,14,  ,23,23,1,21,8,C03,24.184066,120.664848,2
2018,11,4,17,0,臺中市,西屯區,0,1,0,8,1,5,40,3,2,1,5,4,5,7,1,1,5,4,4,2,13,23,3,10,1,1,B03,7,9,1,8,2,1,  ,23,23,1,22,8,B03,24.200738,120.657756,2
2018,11,4,17,5,臺中市,北屯區,0,1,0,8,1,5,50,11,8,1,5,4,5,7,4,4,5,5,4,2,16,27,3,10,1,1,B03,7,6,1,8,2,5,  ,27,27,1,21,8,B03,24.172918,120.691441,2
2018,11,4,17,13,臺中市,西區,0,0,,8,,,50,,,,,,,,,,,,,,,,,,,,B03,,,1,,2,,,23,,1,4,,B03,24.144306,120.657865,3
2018,11,4,17,15,臺中市,南區,0,0,,8,,,50,,,,,,,,,,,,,,,,,,,,B03,,,1,,2,,,23,,1,  ,,B03,24.111067,120.646008,3
2018,11,4,17,17,臺中市,北屯區,0,0,,8,,,50,,,,,,,,,,,,,,,,,,,,B01,,,1,,2,,,7,,1,10,,B01,24.164802,120.700094,3
2018,11,4,17,20,臺中市,太平區,0,1,0,8,3,5,50,4,1,1,5,4,5,7,1,1,5,5,4,1,16,19,3,10,1,1,B03,7,1,1,8,2,1,  ,19,19,1,21,1,B03,24.148907,120.718762,2
2018,11,4,17,30,臺中市,西區,0,0,0,,,,,,,,,,,,,,,,,,,6,3,  ,  ,  ,B03,  ,  ,1,8,2,5,  ,6,6,1,21,8,B03,24.133847,120.657396,3
2018,11,4,17,33,臺中市,新社區,0,1,0,8,3,5,50,14,9,1,5,4,5,7,4,4,5,5,5,1,17,23,2,9,1,1,C03,7,9,1,8,2,12,  ,23,23,1,21,8,C03,24.228773,120.799283,2
2018,11,4,17,41,臺中市,西區,0,1,0,8,3,5,40,3,2,1,5,4,5,7,4,4,1,4,4,2,3,15,3,10,1,1,B03,7,5,1,8,2,1,  ,15,15,1,22,8,B03,24.147002,120.670939,2
2018,11,4,17,46,臺中市,東區,0,0,0,8,,,40,,,,,,,,,,,,,,,23,3,  ,  ,  ,B12,  ,  ,1,  ,2,  ,  ,23,23,1,5,  ,B12,24.14215,120.68581,3
2018,11,4,17,49,臺中市,南區,0,2,0,8,3,5,40,13,8,1,5,4,5,7,4,4,1,4,4,2,27,23,2,9,1,1,C03,7,9,1,10,2,11,  ,23,23,1,3,5,C03,24.120013,120.660311,2
2018,11,4,17,49,臺中市,太平區,0,1,0,8,2,5,50,14,7,1,5,4,5,7,4,4,5,5,4,1,16,26,2,8,1,1,C03,7,5,1,10,2,12,  ,26,26,1,4,8,C03,24.157202,120.720119,2
2018,11,4,17,50,臺中市,霧峰區,0,0,,8,,,40,,,,,,,,,,,,,,,,,,,,B03,,,1,,2,,,26,,1,5,,B03,24.056975,120.693385,3
2018,11,4,17,50,臺中市,龍井區,0,1,0,8,3,5,50,14,9,1,5,4,5,7,4,4,10,5,5,1,29,43,2,8,4,5,F02,7,9,8,20,8,16,  ,43,43,1,22,9,F02,24.183336,120.5371,2
2018,11,4,17,53,臺中市,大雅區,0,0,,8,,,40,,,,,,,,,,,,,,,,,,,,B03,,,1,,2,,,7,,1,21,,B03,24.237875,120.633375,3
2018,11,4,17,55,臺中市,東區,0,0,,,,,,,,,,,,,,,,,,,,,,,,,B03,,,1,,2,,,12,,1,  ,,B03,24.141065,120.700061,3
2018,11,4,18,5,臺中市,北屯區,0,0,0,8,,,50,,,,,,,,,,,,,,,6,3,  ,  ,  ,B03,  ,  ,1,  ,2,  ,  ,6,6,  ,21,  ,B03,24.176036,120.683019,3
2018,11,4,18,10,臺中市,西區,0,1,0,8,3,5,50,4,1,1,5,4,5,7,1,1,10,5,5,2,29,43,2,9,1,1,C03,7,5,1,10,2,12,  ,43,43,1,20,8,C03,24.152687,120.66445,2
2018,11,4,18,10,臺中市,西屯區,0,0,,8,,,50,,,,,,,,,,,,,,,,,,,,B03,,,1,,2,,,7,,1,  ,,B03,24.200256,120.656605,3
2018,11,4,18,14,臺中市,北區,0,0,0,8,,,50,,,,,,,,,,,,,,,42,  ,  ,  ,  ,A02,  ,  ,1,  ,2,  ,  ,23,42,1,  ,  ,A02,24.146279,120.68604,3
2018,11,4,18,25,臺中市,北區,,,,8,,,40,,,,,,,,,,,,,,,,,,,,B03,,,1,,2,,,7,,1,21,,B03,24.163377,120.67571,3
2018,11,4,18,30,臺中市,神岡區,0,0,,8,,,50,,,,,,,,,,,,,,,,,,,,B03,,,1,,2,,,8,,1,  ,,B03,24.27377,120.664676,3
2018,11,4,18,39,臺中市,北屯區,0,0,,8,,,50,,,,,,,,,,,,,,,,,,,,B03,,,1,,2,,,2,,1,5,,B03,24.173861,120.676376,3
2018,11,4,18,40,臺中市,東區,0,1,0,8,1,5,50,4,1,1,5,4,5,7,1,1,10,5,5,2,15,25,3,10,1,1,B01,7,9,1,4,2,2,  ,25,25,1,21,8,B01,24.140124,120.686035,2
2018,11,4,18,45,臺中市,梧棲區,0,0,,8,,,50,,,,,,,,,,,,,,,,,,,,B03,,,1,,2,,,43,,1,9,,B03,24.26178,120.53574,3
2018,11,4,18,51,臺中市,西屯區,0,0,0,8,,,50,,,,,,,,,,,,,,,42,  ,  ,  ,  ,B03,  ,  ,1,  ,2,  ,  ,42,42,1,21,  ,B03,24.182296,120.638935,3
2018,11,4,18,52,臺中市,東區,0,0,,8,,,40,,,,,,,,,,,,,,,,,,,,C03,,,1,,2,,,19,,1,  ,,C03,24.149502,120.709977,3
2018,11,4,18,57,臺中市,沙鹿區,0,0,,8,,,50,,,,,,,,,,,,,,,,,,,,B03,,,1,,2,,,10,,1,21,,B03,24.240768,120.620935,4
2018,11,4,18,58,臺中市,龍井區,0,1,0,7,3,5,50,11,9,1,5,4,5,1,4,4,10,5,5,2,11,13,2,8,1,1,C03,7,6,1,10,2,12,  ,13,13,1,21,8,C03,24.194754,120.576047,2
2018,11,4,18,59,臺中市,西屯區,0,0,0,8,,,50,,,,,,,,,,,,,,,23,  ,  ,  ,  ,C03,  ,  ,1,  ,2,  ,  ,23,23,1,18,  ,C03,24.177043,120.64513,3
2018,11,4,19,2,臺中市,西屯區,0,0,0,8,,,20,,,,,,,,,,,,,,,7,  ,  ,  ,  ,B12,  ,  ,1,  ,2,  ,  ,7,7,1,21,  ,B12,24.161372,120.644227,3
2018,11,4,19,5,臺中市,太平區,0,0,0,8,3,5,50,14,9,1,5,4,5,7,4,4,5,5,5,2,17,21,3,10,1,1,B03,7,9,3,18,7,5,  ,21,21,1,21,8,B03,24.141613,120.715468,3
2018,11,4,19,19,臺中市,龍井區,0,3,0,7,4,5,50,14,9,1,5,4,5,7,4,4,5,5,5,1,3,53,2,7,4,5,H01,8,16,8,20,10,16,  ,53,53,1,21,8,H01,24.181548,120.583955,2
2018,11,4,19,23,臺中市,北屯區,0,1,0,8,1,5,50,4,1,1,5,4,5,7,4,4,10,5,5,2,15,6,2,9,1,1,C03,7,9,1,10,2,12,  ,6,6,1,5,8,C03,24.195258,120.685926,2
2018,11,4,19,50,臺中市,中區,0,0,,8,,,50,,,,,,,,,,,,,,,,,,,,B03,,,1,,2,,,19,,1,5,,B03,24.138326,120.685678,3
2018,11,4,19,50,臺中市,北屯區,0,0,0,8,,,40,,,,,,,,,,,,,,,16,3,  ,  ,  ,B03,  ,  ,1,  ,2,  ,  ,16,16,  ,21,  ,B03,24.167602,120.721136,3
2018,11,4,19,58,臺中市,北區,0,1,0,8,3,5,50,3,1,1,5,4,5,7,1,1,10,5,5,2,16,19,3,10,1,1,C03,7,1,1,10,2,11,  ,19,19,1,21,8,C03,24.147152,120.680869,2
2018,11,4,20,5,臺中市,北屯區,0,0,,8,,,50,,,,,,,,,,,,,,,,,,,,A05,,,1,,2,,,7,,1,10,,A05,24.178545,120.721631,3
2018,11,4,20,7,臺中市,北屯區,0,0,,8,,,40,,,,,,,,,,,,,,,,,,,,B03,,,1,,2,,,12,,1,5,,B03,24.195343,120.685868,3
2018,11,4,20,10,臺中市,南區,0,0,0,8,,,50,,,,,,,,,,,,,,,,4,  ,  ,  ,B03,  ,  ,1,  ,2,  ,  ,23,  ,1,21,  ,B03,24.130806,120.65606,3
2018,11,4,20,17,臺中市,西屯區,0,1,0,8,3,5,40,14,8,1,5,4,5,7,4,4,9,5,4,2,17,13,2,9,1,1,C03,7,12,1,10,2,12,  ,13,13,1,5,8,C03,24.190748,120.614296,2
2018,11,4,20,24,臺中市,東區,0,1,0,8,3,5,50,3,18,1,5,4,5,7,1,1,3,4,4,2,3,23,3,10,1,1,B03,7,5,1,8,2,1,  ,23,23,1,22,8,B03,24.144646,120.694346,2
2018,11,4,20,40,臺中市,西區,0,1,0,8,3,5,40,4,1,1,5,4,5,7,4,4,5,5,5,2,15,6,3,10,1,1,B03,7,9,1,8,2,6,  ,6,6,1,22,8,B03,24.138832,120.667412,2
2018,11,4,20,57,臺中市,霧峰區,0,0,,8,,,50,,,,,,,,,,,,,,,,,,,,C03,,,1,,2,,,8,,1,21,,C03,24.043869,120.688605,3
2018,11,4,21,0,臺中市,北區,0,0,,8,,,50,,,,,,,,,,,,,,,,,,,,B03,,,1,,2,,,23,,1,  ,,B03,24.164864,120.675328,3
2018,11,4,21,3,臺中市,沙鹿區,0,0,0,8,,,50,,,,,,,,,,,,,,,42,  ,  ,  ,  ,B03,  ,  ,1,  ,2,  ,  ,42,42,  ,  ,  ,B03,24.242945,120.565147,3
2018,11,4,21,3,臺中市,大雅區,0,2,0,8,3,5,50,14,9,1,5,4,5,7,4,4,5,4,5,1,12,10,3,10,1,1,B03,7,11,1,8,2,7,  ,10,10,1,22,9,B03,24.226793,120.649207,2
2018,11,4,21,15,臺中市,大里區,0,3,0,8,3,5,50,4,1,1,5,4,5,7,4,4,10,5,5,2,15,6,2,9,1,1,C03,7,9,1,10,4,12,  ,6,6,1,5,8,C03,24.097734,120.703986,2
2018,11,4,21,16,臺中市,北區,0,1,0,8,3,5,50,14,9,1,5,4,5,7,4,4,2,4,5,2,17,42,2,9,1,1,C03,7,7,1,10,2,14,  ,42,42,1,21,8,C03,24.150012,120.684173,2
2018,11,4,21,26,臺中市,西區,0,2,0,8,3,5,50,4,1,1,5,4,5,7,1,1,10,5,5,2,3,25,2,9,1,1,C03,7,9,1,10,2,11,  ,25,25,1,21,8,C03,24.136499,120.681524,2
2018,11,4,21,27,臺中市,烏日區,0,1,0,8,3,5,40,14,7,1,5,4,5,7,4,4,5,4,4,1,17,42,3,10,2,1,B03,7,15,1,8,2,4,  ,42,42,1,21,8,B03,24.095001,120.654326,2
2018,11,4,21,29,臺中市,清水區,0,0,,8,,,50,,,,,,,,,,,,,,,,,,,,B03,,,1,,2,,,19,,1,12,,B03,24.265839,120.554006,3
2018,11,4,21,40,臺中市,北區,0,2,0,8,3,5,50,14,7,1,5,4,5,7,4,4,5,5,4,2,17,23,2,9,1,1,C03,7,9,3,18,2,14,  ,23,23,1,16,5,C03,24.147706,120.684725,2
2018,11,4,21,40,臺中市,北屯區,0,3,0,8,3,5,50,4,1,1,5,4,5,7,1,1,10,5,5,2,16,14,2,9,3,4,C03,7,9,2,18,2,11,  ,14,14,1,21,8,C03,24.181975,120.710668,2
2018,11,4,21,40,臺中市,梧棲區,0,0,,8,,,50,,,,,,,,,,,,,,,,,,,,B03,,,1,,11,,,16,,2,9,,B03,24.248872,120.538603,3
2018,11,4,21,40,臺中市,沙鹿區,0,1,0,8,3,5,50,4,2,1,5,4,5,7,2,1,9,5,4,2,3,42,3,10,1,1,B03,7,9,1,8,2,2,  ,42,42,1,22,8,B03,24.227431,120.57684,2
2018,11,4,21,53,臺中市,霧峰區,0,0,,8,,,40,,,,,,,,,,,,,,,,,,,,C03,,,1,,2,,,6,,1,9,,C03,24.024005,120.69941,3
2018,11,4,22,9,臺中市,西屯區,0,2,0,8,3,5,50,3,1,1,5,4,5,7,3,1,10,5,5,2,16,6,2,9,1,1,C03,7,5,1,10,2,12,  ,6,6,1,21,8,C03,24.168728,120.65327,2
2018,11,4,22,20,臺中市,西屯區,0,1,0,8,3,5,50,4,2,1,5,4,5,7,2,1,10,4,5,2,12,26,2,9,1,1,C03,7,15,1,9,2,11,  ,26,26,1,21,8,C03,24.164518,120.641478,2
2018,11,4,22,53,臺中市,西屯區,0,2,0,8,3,5,50,5,2,1,5,4,5,7,1,1,5,4,4,2,16,25,3,10,1,1,C03,7,5,1,10,2,14,  ,25,25,1,5,8,C03,24.164021,120.660686,2
2018,11,4,22,53,臺中市,西屯區,0,2,0,8,3,5,50,15,12,1,5,4,5,7,4,4,1,4,4,2,16,23,2,9,1,1,C03,7,8,1,10,2,12,  ,23,23,1,18,8,C03,24.159346,120.643209,2
2018,11,4,23,10,臺中市,北區,0,0,,8,,,50,,,,,,,,,,,,,,,,,,,,B03,,,1,,2,,,23,,1,19,,B03,24.17159,120.674395,3
2018,11,4,23,24,臺中市,沙鹿區,0,1,0,8,3,5,50,3,2,1,5,4,5,7,3,1,1,2,4,2,12,43,3,10,1,1,B03,7,9,1,8,2,2,  ,43,43,1,4,8,B03,24.219118,120.5698,2
2018,11,4,23,25,臺中市,中區,0,1,0,8,3,5,50,14,9,1,5,4,5,7,4,4,5,4,5,2,27,23,2,9,1,1,C03,7,9,1,10,2,11,  ,23,23,1,21,8,C03,24.141765,120.678881,2
2018,11,4,23,39,臺中市,霧峰區,0,2,0,8,3,5,50,4,1,1,5,4,5,7,4,4,10,5,5,2,16,8,2,8,1,1,C03,7,9,3,18,2,11,  ,16,8,1,3,8,C03,24.07919,120.709377,2
2018,11,4,23,43,臺中市,清水區,0,1,0,8,4,5,40,14,9,1,5,4,5,7,4,4,10,5,5,2,18,23,2,9,1,1,C03,7,9,6,18,8,12,  ,23,23,1,12,8,C03,24.279915,120.554136,2
2018,11,4,23,47,臺中市,西區,0,1,0,8,3,5,50,4,1,1,5,4,5,7,1,1,10,5,5,2,16,6,3,10,1,1,B03,7,6,1,8,2,2,  ,6,6,1,21,8,B03,24.148307,120.674271,2
2018,11,4,23,49,臺中市,梧棲區,0,1,0,8,3,5,40,4,1,1,5,4,5,7,4,4,10,5,5,2,15,6,2,9,1,1,C03,7,9,1,10,2,11,  ,6,6,1,4,1,C03,24.246268,120.544032,2
2018,11,5,1,20,臺中市,西屯區,0,0,,8,,,40,,,,,,,,,,,,,,,,,,,,B03,,,1,,2,,,12,,1,22,,B03,24.161904,120.65213,3
2018,11,5,2,52,臺中市,西屯區,0,2,0,8,3,5,60,4,2,1,5,4,5,7,1,1,9,4,4,2,12,7,3,10,1,1,B03,7,9,1,8,2,4,  ,13,7,1,21,8,B03,24.160551,120.653266,2
2018,11,5,3,6,臺中市,西屯區,0,1,0,8,3,5,50,4,2,1,5,4,5,7,1,1,1,4,5,2,16,6,3,10,3,4,B01,7,6,1,4,2,2,  ,6,6,1,22,9,B01,24.171299,120.636799,2
2018,11,5,3,37,臺中市,西屯區,0,0,,8,,,50,,,,,,,,,,,,,,,,,,,,B11,,,1,,2,,,16,,1,10,,B11,24.183752,120.629507,3
2018,11,5,5,18,臺中市,北屯區,0,0,0,8,2,5,50,4,1,1,5,4,5,7,3,1,1,1,4,2,15,6,3,10,1,1,C03,7,9,1,10,2,13,  ,6,6,1,21,8,C03,24.182208,120.691476,3
2018,11,5,5,28,臺中市,后里區,0,0,,8,,,50,,,,,,,,,,,,,,,,,,,,B03,,,1,,2,,,18,,1,22,,B03,24.312181,120.709304,3
2018,11,5,6,0,臺中市,西屯區,0,1,0,8,1,5,50,4,1,1,5,4,5,7,4,4,10,5,5,2,15,6,2,3,1,1,B01,7,9,1,4,2,1,  ,6,6,1,10,8,B01,24.177593,120.636817,2
2018,11,5,6,29,臺中市,大里區,0,3,0,8,1,5,50,4,1,1,5,4,5,7,1,1,10,5,5,2,16,6,2,9,1,1,C03,7,6,3,18,2,12,  ,6,6,1,21,8,C03,24.109836,120.69007,2
2018,11,5,6,49,臺中市,南區,0,1,0,8,1,5,50,4,1,1,5,4,5,7,4,4,10,5,5,2,16,42,2,8,1,1,C03,7,5,1,10,2,15,  ,42,42,1,21,8,C03,24.122273,120.66287,2
2018,11,5,6,50,臺中市,霧峰區,0,1,0,8,2,5,50,14,9,1,5,4,5,7,4,4,9,5,5,2,14,12,3,10,3,4,B03,7,2,1,8,2,7,  ,12,12,1,3,8,B03,24.077696,120.708249,2
2018,11,5,6,58,臺中市,西屯區,0,2,0,8,1,5,50,14,7,1,5,4,5,7,4,4,10,5,5,2,16,19,2,9,1,1,C03,7,1,1,10,2,14,  ,19,19,1,21,8,C03,24.189289,120.615018,2
2018,11,5,7,5,臺中市,霧峰區,0,0,,8,,,40,,,,,,,,,,,,,,,,,,,,B03,,,1,,2,,,23,,1,21,,B03,24.051477,120.688375,3
2018,11,5,7,7,臺中市,北屯區,0,0,0,8,,,50,,,,,,,,,,,,,,,23,  ,  ,  ,  ,B03,  ,  ,1,8,2,  ,  ,23,23,1,21,  ,B03,24.179801,120.667423,3
2018,11,5,7,10,臺中市,大里區,0,2,0,8,1,5,50,14,8,1,5,4,5,7,1,1,9,4,4,1,13,23,2,9,1,1,C03,7,9,1,10,2,11,  ,23,23,1,22,9,C03,24.090062,120.692945,2
2018,11,5,7,11,臺中市,南屯區,0,1,0,8,1,5,50,4,1,1,5,4,5,7,2,1,1,2,5,2,16,26,2,9,1,1,C03,7,5,1,10,2,14,  ,26,26,1,12,8,C03,24.154781,120.646706,2
2018,11,5,7,26,臺中市,烏日區,0,0,,,,,,,,,,,,,,,,,,,,,,,,,B03,,,1,,2,,,2,,1,22,,B03,24.10804,120.638693,3
2018,11,5,7,30,臺中市,南屯區,0,1,0,8,1,5,50,3,1,1,5,4,5,7,2,1,10,5,5,2,16,6,3,10,1,1,B03,7,5,1,8,2,1,1,6,6,1,3,1,B03,24.140478,120.607741,2
2018,11,5,7,31,臺中市,南屯區,0,0,,8,,,40,,,,,,,,,,,,,,,,,,,,B12,,,1,,11,,,5,,2,  ,,B12,24.116076,120.624358,3
2018,11,5,7,32,臺中市,龍井區,0,1,0,8,1,5,50,3,1,1,5,4,5,7,4,4,10,5,5,2,16,6,3,10,1,1,B03,7,5,1,10,2,5,  ,6,6,1,22,8,B03,24.18359,120.578868,2
2018,11,5,7,33,臺中市,霧峰區,0,0,0,,,,,,,,,,,,,,,,,,,17,3,10,1,1,B03,7,8,1,8,2,2,  ,17,17,1,5,8,B03,24.066651,120.696115,3
2018,11,5,7,35,臺中市,北屯區,0,1,0,8,1,5,50,14,9,1,5,4,5,7,4,4,5,5,5,2,16,26,2,9,3,4,F01,7,7,8,20,2,16,  ,26,26,1,19,8,F01,24.174875,120.670591,2
2018,11,5,7,35,臺中市,大里區,0,0,,8,,,50,,,,,,,,,,,,,,,,,,,,B03,,,1,,2,,,16,,1,22,,B03,24.111921,120.694876,3
2018,11,5,7,39,臺中市,南區,0,2,0,8,1,5,40,14,8,1,5,4,5,7,4,4,10,5,5,2,17,19,2,9,1,1,C03,7,1,1,10,2,14,  ,19,19,1,21,8,C03,24.135752,120.68998,2
2018,11,5,7,39,臺中市,潭子區,0,1,0,8,1,5,50,4,2,1,5,4,5,7,1,1,1,5,5,2,16,9,3,10,1,1,B01,7,6,1,4,2,2,  ,9,9,1,22,9,B01,24.197489,120.717063,2
2018,11,5,7,45,臺中市,北區,0,1,0,8,1,5,50,14,9,1,5,4,5,7,4,4,5,5,5,2,16,19,3,10,1,1,C03,7,1,1,10,2,11,  ,19,19,1,22,8,C03,24.153409,120.69614,2
2018,11,5,7,45,臺中市,烏日區,0,0,0,8,1,6,40,3,1,1,5,4,5,7,4,4,10,5,5,1,15,9,3,10,1,1,C03,7,6,1,10,2,11,  ,43,9,1,22,9,C03,24.056336,120.629884,3
2018,11,5,7,50,臺中市,大肚區,0,1,0,8,1,5,40,3,9,1,5,4,5,7,4,4,10,5,5,2,12,6,3,10,1,1,B12,7,9,1,8,2,8,  ,6,6,1,3,1,B12,24.16565,120.528892,2
2018,11,5,7,55,臺中市,龍井區,0,0,,8,,,50,,,,,,,,,,,,,,,,,,,,C03,,,1,,2,,,23,,1,22,,C03,24.191088,120.591135,3
2018,11,5,7,57,臺中市,西屯區,0,0,0,8,1,5,50,,,,,,,,,,,,,,,9,  ,  ,  ,  ,B03,  ,  ,1,  ,2,5,  ,9,9,1,22,  ,B03,24.182643,120.616475,3
2018,11,5,8,0,臺中市,北屯區,0,0,,8,,,50,,,,,,,,,,,,,,,,,,,,B03,,,1,,2,,,16,,1,4,,B03,24.162943,120.689893,3
2018,11,5,8,0,臺中市,西屯區,0,2,0,8,1,5,50,4,1,1,5,4,5,7,1,1,10,5,5,2,17,4,2,9,1,1,C03,7,9,1,10,2,12,  ,4,4,1,21,8,C03,24.198118,120.634809,2
2018,11,5,8,5,臺中市,太平區,0,0,,8,,,50,,,,,,,,,,,,,,,,,,,,B03,,,4,,2,,,26,,1,6,,B03,24.124126,120.734749,3
2018,11,5,8,9,臺中市,大里區,0,1,0,8,1,5,40,14,8,1,5,4,5,7,4,4,1,3,4,1,17,6,3,10,1,1,B01,7,6,1,4,2,2,  ,6,6,1,10,8,B01,24.105363,120.672166,2
2018,11,5,8,10,臺中市,南區,0,0,0,8,,,50,,,,,,,,,,,,,,,16,3,  ,  ,  ,B03,  ,  ,1,8,2,  ,  ,16,16,  ,21,  ,B03,24.128958,120.668803,3
2018,11,5,8,14,臺中市,西區,0,1,0,8,1,5,50,5,1,5,5,4,5,7,2,1,10,5,5,2,12,23,3,10,1,1,C03,7,9,1,10,2,12,  ,23,23,1,5,1,C03,24.157305,120.659691,2
2018,11,5,8,20,臺中市,南屯區,0,0,,8,,,60,,,,,,,,,,,,,,,,,,,,B12,,,1,,2,,,23,,1,21,,B12,24.138843,120.622936,3
2018,11,5,8,22,臺中市,南區,0,1,0,8,1,5,40,3,2,1,5,4,5,7,4,4,10,5,5,2,18,23,2,9,1,1,C03,7,9,4,11,2,14,  ,23,23,1,3,8,C03,24.12095,120.64898,2
2018,11,5,8,26,臺中市,西區,0,1,0,8,1,5,40,14,12,1,5,4,5,7,4,4,5,4,4,2,12,7,3,10,1,1,B03,7,8,1,8,2,6,  ,7,7,1,4,9,B03,24.145084,120.654791,2
2018,11,5,8,32,臺中市,神岡區,0,0,,8,,,50,,,,,,,,,,,,,,,,,,,,B03,,,1,,2,,,23,,1,3,,B03,24.248491,120.69535,3
2018,11,5,8,35,臺中市,北區,0,1,0,8,1,5,40,14,8,1,5,4,5,7,4,4,1,4,4,2,13,16,2,1,1,1,C03,7,9,1,10,2,11,  ,16,16,1,5,8,C03,24.164958,120.684967,2
2018,11,5,8,35,臺中市,北屯區,0,1,0,8,1,5,50,4,1,1,5,4,5,7,1,1,10,5,5,2,16,42,3,10,1,1,B03,7,6,1,8,2,2,  ,42,42,1,21,8,B03,24.174747,120.692306,2
2018,11,5,8,37,臺中市,外埔區,0,0,0,8,1,2,60,13,2,1,5,4,5,7,4,4,4,3,4,1,14,12,3,10,1,1,B03,7,2,1,8,2,7,3,12,12,1,4,1,B03,24.331129,120.653987,3
2018,11,5,8,39,臺中市,潭子區,0,1,0,8,1,8,40,15,9,1,5,4,5,7,4,4,10,5,5,1,18,42,2,9,1,1,C03,7,9,1,10,2,12,  ,42,42,1,22,8,C03,24.221106,120.721533,2
2018,11,5,8,40,臺中市,沙鹿區,,,,8,,,50,,,,,,,,,,,,,,,,,,,,B12,,,1,,2,,,6,,1,10,,B12,24.210733,120.572891,3
2018,11,5,8,43,臺中市,西屯區,0,1,0,8,1,5,50,3,1,1,5,4,5,7,4,4,1,4,5,2,13,16,2,7,3,4,B03,7,9,1,8,2,1,  ,16,16,1,21,8,B03,24.197239,120.657187,2
2018,11,5,8,49,臺中市,烏日區,0,1,0,8,1,5,50,14,7,1,5,4,3,7,1,1,5,4,4,2,13,16,3,10,1,1,B03,7,9,1,8,2,5,  ,16,16,1,22,8,B03,24.10901,120.637848,2
2018,11,5,8,50,臺中市,霧峰區,0,2,0,8,1,5,50,4,1,1,5,4,5,7,3,1,10,5,5,2,16,6,2,9,1,1,C03,7,5,1,10,2,12,  ,6,6,1,5,8,C03,24.06736,120.70005,2
2018,11,5,8,53,臺中市,烏日區,0,1,0,8,1,5,40,4,1,1,5,4,5,7,2,1,10,5,5,2,13,7,3,10,1,1,C03,7,7,1,10,2,13,  ,7,7,1,18,8,C03,24.093248,120.649068,2
2018,11,5,9,0,臺中市,北屯區,0,1,0,8,1,5,50,14,7,1,5,4,5,7,4,4,1,4,4,2,16,7,3,10,1,1,B02,7,7,3,18,2,4,  ,7,7,1,21,8,B02,24.188444,120.662566,2
2018,11,5,9,8,臺中市,西區,0,1,0,8,1,5,50,3,1,1,5,4,5,7,4,4,1,4,4,2,13,16,2,9,3,4,C03,7,9,1,10,2,11,  ,16,16,1,21,8,C03,24.155757,120.6587,2
2018,11,5,9,10,臺中市,北屯區,0,0,0,8,,,40,,,,,,,,,,,,,,,23,  ,  ,  ,  ,B03,  ,  ,1,8,2,  ,  ,23,23,1,21,  ,B03,24.20121,120.6664,3
2018,11,5,9,10,臺中市,大里區,0,0,,8,,,50,,,,,,,,,,,,,,,,,,,,   ,,,7,,11,,,67,,1,  ,,   ,24.097177,120.68443,3
2018,11,5,9,10,臺中市,大里區,0,0,0,8,1,5,50,14,13,1,5,4,5,7,4,4,4,4,4,1,14,12,3,10,1,1,B12,7,2,1,8,2,7,  ,12,12,1,5,8,B12,24.114868,120.673366,3
2018,11,5,9,12,臺中市,南區,0,2,0,8,1,5,50,4,1,1,5,4,5,7,4,4,10,5,5,2,15,6,2,9,1,1,C03,7,9,1,10,2,11,  ,6,6,1,21,8,C03,24.134295,120.680493,2
2018,11,5,9,12,臺中市,沙鹿區,0,1,0,8,1,5,40,4,2,1,5,4,5,7,1,1,1,4,4,2,13,44,2,4,3,4,C04,7,14,3,18,2,11,  ,44,44,1,19,8,C04,24.248917,120.564724,2
2018,11,5,9,14,臺中市,潭子區,0,2,0,8,1,5,50,4,1,1,5,4,5,7,1,1,5,4,4,1,15,25,3,10,1,1,B12,7,9,1,8,2,2,  ,25,25,1,22,8,B12,24.213594,120.700343,2
2018,11,5,9,29,臺中市,北區,0,1,0,8,1,5,50,14,9,1,5,4,5,7,4,4,5,5,5,2,2,23,3,10,1,1,C03,7,9,1,10,2,11,  ,23,23,1,22,8,C03,24.152076,120.675344,2