年,月,日,時,分,縣市,區,死,受傷,2-30,天候,光線,道路類別,速限,道路型態,事故位置,路面鋪裝,路面狀態,路面缺陷,障礙物,視距,號誌種類,號誌動作,分向設施,快車道或一般車道間,快慢車道間,路面邊線,事故類型及型態,主要肇因,受傷程度,主要傷處,保護裝備,行動電話,當事者區分_類別,車輛用途,當事者行動狀態,駕駛資格情形,駕駛執照種類,飲酒情形,車輛撞擊部位最初,車輛撞擊部位其他,肇事因素個別,肇事因素主要,肇事逃逸,職業,旅次目的,車種,GPS座標_緯度,GPS座標_經度,事故類別
2018,11,5,9,29,臺中市,西屯區,0,0,0,8,,,50,,,,,,,,,,,,,,,6,  ,  ,  ,  ,B03,  ,  ,1,  ,2,  ,  ,6,6,1,  ,  ,B03,24.190111,120.610643,3
2018,11,5,9,31,臺中市,神岡區,0,0,,8,,,40,,,,,,,,,,,,,,,,,,,,C03,,,1,,2,,,19,,1,19,,C03,24.26999,120.66036,3
2018,11,5,9,45,臺中市,北區,0,1,0,8,1,5,50,14,9,1,5,4,5,7,4,4,1,4,5,2,17,23,2,9,1,1,C03,7,9,1,10,2,12,12,23,23,1,22,1,C03,24.150807,120.684617,2
2018,11,5,9,52,臺中市,南屯區,0,1,0,8,1,5,50,4,1,1,5,4,5,7,1,1,10,5,5,2,9,15,3,10,3,4,B03,7,5,1,8,2,8,  ,15,15,1,22,8,B03,24.140446,120.64513,2
2018,11,5,9,53,臺中市,南區,0,1,0,8,1,5,50,14,8,1,5,4,5,7,4,4,9,4,4,2,17,42,3,10,1,1,C03,7,9,1,10,2,14,  ,42,42,1,22,8,C03,24.113291,120.660775,2
2018,11,5,9,55,臺中市,北屯區,0,2,0,8,1,5,50,14,9,1,5,4,5,7,4,4,5,5,5,2,17,23,2,9,1,1,C03,7,9,1,10,2,11,  ,23,23,1,4,8,C03,24.169561,120.703408,2
2018,11,5,10,0,臺中市,西屯區,0,1,0,8,1,5,50,4,2,1,2,4,5,7,1,1,5,2,5,2,16,42,2,8,1,1,C03,7,6,1,10,1,13,  ,42,42,1,22,8,C03,24.192145,120.645036,2
2018,11,5,10,0,臺中市,西屯區,0,2,0,8,1,5,40,14,7,1,5,4,5,7,4,4,5,4,4,2,13,43,2,8,3,4,C03,7,7,1,10,2,13,  ,43,43,1,22,8,C03,24.166219,120.656358,2
2018,11,5,10,25,臺中市,西區,0,1,0,8,1,5,50,4,1,1,5,4,5,7,2,1,10,5,5,2,3,15,3,10,1,1,B03,7,5,1,8,2,5,  ,15,15,1,2,9,B03,24.146771,120.649891,2
2018,11,5,10,27,臺中市,西屯區,0,0,0,8,1,5,50,,,,,,,,,,,,,,,19,  ,  ,  ,  ,B03,  ,  ,1,  ,5,4,  ,19,19,1,22,  ,B03,24.157446,120.650912,3
2018,11,5,10,28,臺中市,西區,0,1,0,8,1,5,50,4,1,1,5,4,5,7,1,1,5,4,4,2,12,26,2,9,3,4,C03,7,4,1,10,2,14,  ,26,26,1,21,8,C03,24.140713,120.672015,2
2018,11,5,10,29,臺中市,西區,0,0,,,,,,,,,,,,,,,,,,,,,,,,,,,,,,,,,,,,,,,,,3
2018,11,5,10,29,臺中市,西區,0,0,,8,1,5,50,14,8,1,5,4,5,7,4,4,10,4,4,2,14,,,,,,B03,,,1,,2,,,12,,1,4,,B03,24.142109,120.657081,3
2018,11,5,10,30,臺中市,南區,0,2,0,8,1,5,50,14,9,1,5,4,5,7,4,4,5,4,5,2,17,26,2,9,1,1,C03,6,11,4,11,2,11,  ,26,26,1,21,8,C03,24.116314,120.666808,2
2018,11,5,10,30,臺中市,西屯區,0,0,,8,,,50,,,,,,,,,,,,,,,,,,,,B03,,,1,,2,,,23,,1,21,,B03,24.168255,120.612216,3
2018,11,5,10,31,臺中市,西屯區,0,1,0,8,1,5,1,3,20,4,5,4,5,7,2,1,1,4,4,2,16,26,2,8,3,4,C03,7,6,3,18,2,11,  ,26,26,1,21,8,C03,24.160479,120.648014,2
2018,11,5,10,45,臺中市,北區,0,0,0,8,,,50,,,,,,,,,,,,,,,23,3,  ,  ,  ,C03,  ,  ,1,  ,2,  ,  ,23,23,1,5,  ,C03,24.162443,120.670544,3
2018,11,5,10,45,臺中市,北屯區,0,1,0,8,1,5,50,3,1,1,5,4,5,7,1,1,10,5,5,2,16,42,3,10,3,4,B03,7,6,1,8,2,5,  ,42,42,1,5,8,B03,24.170016,120.702075,2
2018,11,5,10,45,臺中市,后里區,0,0,,8,,,50,,,,,,,,,,,,,,,,,,,,A11,,,1,,1,,,67,,1,21,,A11,24.309831,120.71785,3
2018,11,5,10,47,臺中市,潭子區,0,1,0,8,1,5,50,14,12,1,5,4,5,7,4,4,5,3,4,1,17,40,3,10,1,1,B12,7,13,1,7,2,4,  ,40,40,1,22,8,B12,24.211328,120.708405,2
2018,11,5,10,50,臺中市,南屯區,0,0,,8,,,50,,,,,,,,,,,,,,,,,,,,C03,,,1,,11,,,6,,2,18,,C03,24.137881,120.609662,3
2018,11,5,11,0,臺中市,大肚區,0,1,0,8,1,5,40,14,9,1,5,4,5,7,4,4,10,5,5,2,19,43,2,1,3,1,C03,7,9,1,10,2,11,  ,43,43,1,7,5,C03,24.118752,120.565534,2
2018,11,5,11,5,臺中市,大里區,0,1,0,8,1,5,40,3,2,1,5,4,5,7,4,4,1,3,4,1,18,42,2,9,1,1,C03,7,9,1,10,2,14,  ,42,42,1,22,8,C03,24.100751,120.670555,2
2018,11,5,11,6,臺中市,西區,0,4,0,8,1,5,50,4,1,1,5,4,5,7,1,1,10,5,5,2,17,10,2,9,1,1,B03,7,11,1,8,2,1,  ,10,10,1,21,8,B03,24.150869,120.665298,2
2018,11,5,11,8,臺中市,西區,0,0,,8,,,50,,,,,,,,,,,,,,,,,,,,B03,,,1,,2,,,7,,1,2,,B03,24.148679,120.661408,3
2018,11,5,11,10,臺中市,霧峰區,0,0,,8,,,50,,,,,,,,,,,,,,,,,,,,B12,,,1,,2,,,17,,1,5,,B12,24.064083,120.701448,3
2018,11,5,11,15,臺中市,北屯區,0,3,0,8,1,5,40,14,8,1,5,4,5,7,4,4,1,4,4,2,13,16,2,1,1,1,C03,7,9,1,10,2,11,  ,16,16,1,4,8,C03,24.16993,120.685441,2
2018,11,5,11,20,臺中市,大甲區,0,0,,8,,,50,,,,,,,,,,,,,,,,,,,,B03,,,1,,1,,,44,,1,5,,B03,24.348966,120.616155,3
2018,11,5,11,25,臺中市,大雅區,0,1,0,8,1,5,50,14,8,1,5,4,3,7,4,4,1,4,4,1,17,7,2,9,1,1,C03,7,7,1,10,2,14,  ,7,7,1,22,9,C03,24.21748,120.66291,2
2018,11,5,11,26,臺中市,西屯區,0,0,,8,,,50,,,,,,,,,,,,,,,,,,,,B12,,,1,,2,,,1,,1,22,,B12,24.159326,120.639267,3
2018,11,5,11,30,臺中市,南區,0,2,0,8,1,5,50,4,1,1,5,4,5,7,1,1,10,5,5,2,12,42,2,9,1,1,C03,7,5,1,10,2,14,  ,42,42,1,22,8,C03,24.116383,120.652755,2
2018,11,5,11,39,臺中市,西屯區,0,2,0,8,1,5,50,3,1,1,5,4,5,7,4,4,10,5,5,2,16,26,2,9,1,1,B11,7,5,1,8,2,8,  ,26,26,1,21,8,B11,24.201799,120.622103,2
2018,11,5,11,45,臺中市,北區,0,0,0,8,,,50,,,,,,,,,,,,,,,23,  ,  ,  ,  ,C03,  ,  ,1,10,2,  ,  ,23,23,1,22,  ,C03,24.155259,120.683822,3
2018,11,5,11,50,臺中市,清水區,0,0,,,,,50,,,,,,,,,,,,,,,,,,,,B03,,,1,,2,,,23,,1,5,,B03,24.273952,120.566217,3
2018,11,5,12,2,臺中市,清水區,0,2,0,8,1,5,50,4,1,1,5,4,5,7,1,1,10,5,5,2,13,23,2,8,1,1,C03,7,9,1,10,2,12,  ,23,23,1,21,8,C03,24.271886,120.568951,2
2018,11,5,12,10,臺中市,南屯區,0,0,,8,,,50,,,,,,,,,,,,,,,,,,,,B03,,,1,,3,,,23,,1,22,,B03,24.14095,120.646563,3
2018,11,5,12,13,臺中市,西屯區,0,4,0,8,1,5,70,14,7,1,5,4,5,7,4,4,1,4,1,2,13,23,2,9,1,1,B03,7,9,1,8,2,5,  ,23,23,1,21,8,B03,24.182018,120.597861,2
2018,11,5,12,16,臺中市,東勢區,0,0,0,8,,,50,,,,,,,,,,,,,,,12,  ,  ,  ,  ,B03,  ,  ,1,  ,2,  ,  ,12,12,1,9,  ,B03,24.25753,120.828186,3
2018,11,5,12,20,臺中市,南屯區,0,0,0,8,1,5,40,14,9,1,5,4,5,7,4,4,5,5,5,2,14,12,3,10,1,1,B03,7,2,1,8,2,6,6,12,12,1,3,7,B03,24.137812,120.607841,3
2018,11,5,12,23,臺中市,北屯區,0,0,,8,,,50,,,,,,,,,,,,,,,,,,,,B03,,,1,,2,,,6,,1,  ,,B03,24.172287,120.723518,3
2018,11,5,12,36,臺中市,北區,0,0,0,8,,,50,,,,,,,,,,,,,,,23,3,  ,  ,  ,B03,  ,  ,1,  ,2,  ,  ,23,23,1,5,  ,B03,24.16162,120.680956,3
2018,11,5,12,39,臺中市,南區,0,1,0,8,1,5,40,4,1,1,5,4,5,7,4,4,10,5,5,2,15,6,2,9,1,1,C04,7,9,1,10,2,12,  ,6,6,1,21,8,C04,24.125006,120.670868,2
2018,11,5,12,40,臺中市,大肚區,0,1,0,8,1,5,50,14,9,1,5,4,5,7,4,4,5,5,5,1,29,43,2,7,1,1,C03,7,14,1,10,2,12,  ,43,43,1,21,4,C03,24.142159,120.55493,2
2018,11,5,12,44,臺中市,西屯區,0,0,,8,,,40,,,,,,,,,,,,,,,,,,,,A12,,,1,,2,,,23,,1,  ,,A12,24.179578,120.6175,3
2018,11,5,12,47,臺中市,太平區,0,0,,8,,,40,,,,,,,,,,,,,,,,,,,,B03,,,1,,2,,,12,,1,9,,B03,24.126553,120.730163,3
2018,11,5,12,57,臺中市,太平區,0,0,,8,,,40,,,,,,,,,,,,,,,,,,,,B03,,,1,,2,,,19,,1,4,,B03,24.154377,120.718743,3
2018,11,5,13,0,臺中市,西區,0,1,0,8,1,5,50,14,8,1,5,4,5,7,1,1,5,4,4,2,13,16,3,10,1,1,C03,7,9,1,10,2,15,  ,16,16,1,5,8,C03,24.136625,120.661628,2
2018,11,5,13,0,臺中市,西屯區,0,2,0,8,1,5,50,4,2,1,5,4,5,7,4,4,10,5,5,2,10,4,2,9,1,1,C03,7,9,3,18,2,11,  ,4,4,1,21,8,C03,24.180889,120.637881,2
2018,11,5,13,8,臺中市,南區,0,1,0,7,1,5,50,5,1,1,5,4,4,7,1,1,10,5,5,2,13,16,2,7,1,1,C03,7,9,1,9,2,11,13,16,16,1,21,8,C03,24.121521,120.661793,2
2018,11,5,13,8,臺中市,北屯區,0,1,0,8,1,5,40,3,1,1,5,4,5,7,4,4,10,5,5,2,16,5,2,8,3,4,C03,7,5,1,10,2,14,  ,5,5,1,20,8,C03,24.176711,120.692961,2
2018,11,5,13,10,臺中市,南區,0,1,0,8,1,5,50,3,1,1,5,4,5,7,1,1,10,5,5,2,16,6,2,9,1,1,C03,7,5,1,10,2,12,  ,6,6,1,22,8,C03,24.116665,120.658453,2
2018,11,5,13,10,臺中市,北屯區,0,0,0,8,,,40,,,,,,,,,,,,,,,10,  ,  ,  ,  ,B03,  ,  ,1,  ,2,  ,  ,10,10,1,22,  ,B03,24.196435,120.64715,3
2018,11,5,13,10,臺中市,西屯區,0,2,0,8,1,5,50,14,9,1,5,4,5,7,4,4,5,5,5,2,3,51,2,7,4,5,H01,8,16,8,20,10,16,  ,51,51,1,22,8,H01,24.164687,120.654457,2
2018,11,5,13,18,臺中市,北區,0,0,0,8,,,40,,,,,,,,,,,,,,,12,  ,  ,  ,  ,C03,  ,  ,1,10,2,  ,  ,12,12,1,  ,  ,C03,24.159917,120.665732,3
2018,11,5,13,27,臺中市,大甲區,0,0,0,,,,,,,,,,,,,,,,,,,19,  ,  ,  ,  ,B03,  ,  ,1,  ,2,  ,  ,19,19,1,22,  ,B03,24.333291,120.6152,3
2018,11,5,13,29,臺中市,西屯區,0,2,0,8,1,5,50,4,1,1,5,4,5,7,2,1,1,5,5,2,16,6,3,10,1,1,B11,7,5,1,2,2,5,  ,6,6,1,22,8,B11,24.185158,120.639975,2
2018,11,5,13,40,臺中市,西屯區,0,0,,8,,,50,,,,,,,,,,,,,,,,,,,,B12,,,1,,2,,,23,,1,21,,B12,24.200496,120.659191,3
2018,11,5,13,49,臺中市,大里區,0,0,,8,,,40,,,,,,,,,,,,,,,,,,,,B03,,,1,,2,,,6,,1,5,,B03,24.098936,120.693883,3
2018,11,5,13,50,臺中市,西區,0,2,0,8,1,5,50,4,1,1,5,4,5,7,1,1,10,5,5,2,13,23,2,9,1,1,C03,7,9,1,10,2,11,  ,23,23,1,21,8,C03,24.143238,120.67856,2
2018,11,5,14,14,臺中市,梧棲區,0,3,0,8,1,5,40,4,2,1,5,4,5,7,1,1,10,5,4,2,16,9,2,9,1,1,C03,7,6,1,10,2,12,  ,9,9,1,9,8,C03,24.230142,120.527579,2
2018,11,5,14,19,臺中市,西屯區,0,0,,8,,,40,,,,,,,,,,,,,,,,,,,,B12,,,1,,2,,,16,,1,  ,,B12,24.163173,120.657404,3
2018,11,5,14,24,臺中市,大里區,0,1,0,8,1,5,50,4,9,1,5,4,5,7,1,1,10,4,4,1,16,6,3,10,1,1,B03,6,6,1,8,2,2,  ,6,6,1,22,9,B03,24.095508,120.68587,2
2018,11,5,14,30,臺中市,龍井區,0,0,,8,,,40,,,,,,,,,,,,,,,,,,,,B12,,,1,,2,,,17,,1,10,,B12,24.181165,120.593156,3
2018,11,5,14,37,臺中市,豐原區,0,2,0,8,1,5,50,3,2,1,5,4,5,7,2,1,1,3,5,1,15,11,2,7,1,1,C03,7,11,1,10,2,14,  ,11,11,1,19,5,C03,24.249444,120.727777,2
2018,11,5,14,39,臺中市,北區,0,0,0,8,1,5,50,14,9,1,5,4,5,7,4,4,8,3,4,2,12,44,3,10,1,1,B03,7,8,1,8,2,5,  ,23,44,1,5,1,B03,24.163168,120.681869,3
2018,11,5,14,44,臺中市,北區,0,2,0,8,1,5,50,3,1,1,5,4,5,7,4,4,10,5,5,2,13,8,2,9,1,1,C03,7,5,1,10,2,13,  ,8,8,1,22,8,C03,24.159041,120.665386,2
2018,11,5,14,45,臺中市,南屯區,0,0,0,8,1,5,60,4,1,1,5,4,5,7,2,1,10,5,5,2,13,23,3,10,1,1,B03,7,5,1,8,2,8,8,23,23,1,3,3,B03,24.151038,120.605893,3
2018,11,5,14,46,臺中市,太平區,0,0,,8,,,50,,,,,,,,,,,,,,,,,,,,B03,,,1,,2,,,26,,1,4,,B03,24.13479,120.732335,3
2018,11,5,14,47,臺中市,北屯區,0,0,,8,,,50,,,,,,,,,,,,,,,,,,,,B03,,,1,,2,,,23,,1,5,,B03,24.171863,120.698393,3
2018,11,5,14,50,臺中市,北屯區,0,0,,8,,,40,,,,,,,,,,,,,,,,,,,,B03,,,1,,2,,,18,,1,  ,,B03,24.186967,120.68762,3
2018,11,5,14,50,臺中市,西屯區,0,0,0,8,,,50,,,,,,,,,,,,,,,23,  ,  ,  ,  ,B03,  ,  ,1,  ,2,  ,  ,23,23,1,  ,  ,B03,24.163149,120.657404,3
2018,11,5,14,50,臺中市,西屯區,0,1,0,8,1,5,50,3,1,1,5,4,5,7,4,4,10,5,5,2,16,6,3,10,3,4,B03,7,5,1,8,2,1,  ,6,6,1,22,8,B03,24.159768,120.65883,2
2018,11,5,14,52,臺中市,大雅區,0,1,0,8,1,5,50,4,1,1,5,4,5,7,4,4,5,5,5,2,16,6,3,10,1,1,B12,7,11,1,2,2,2,  ,6,6,1,22,9,B12,24.156224,120.652778,2
2018,11,5,14,58,臺中市,南區,0,0,0,,,,,,,,,,,,,,,,,,,23,3,  ,  ,  ,B03,  ,  ,1,8,2,  ,  ,23,23,  ,21,  ,B03,24.122128,120.669981,3
2018,11,5,15,0,臺中市,大里區,0,0,,8,,,40,,,,,,,,,,,,,,,,,,,,A11,,,1,,2,,,12,,1,10,,A11,24.089475,120.700586,3
2018,11,5,15,20,臺中市,西屯區,0,2,0,8,1,5,40,4,1,1,5,4,5,7,1,1,5,5,5,2,16,23,2,9,1,1,C03,7,9,1,10,2,11,  ,23,23,1,19,9,C03,24.162405,120.649621,2
2018,11,5,15,22,臺中市,西屯區,0,0,,8,,,40,,,,,,,,,,,,,,,,,,,,B12,,,1,,2,,,23,,1,  ,,B12,24.184235,120.609278,3
2018,11,5,15,23,臺中市,東勢區,0,1,0,8,1,5,50,3,1,1,5,4,5,7,3,1,10,5,5,2,16,8,2,9,1,1,C04,7,5,1,10,2,11,  ,8,8,1,21,8,C04,24.263378,120.825171,2
2018,11,5,15,23,臺中市,潭子區,0,0,,8,,,50,,,,,,,,,,,,,,,,,,,,B03,,,1,,10,,,44,,1,22,,B03,24.20037,120.708738,3
2018,11,5,15,25,臺中市,西屯區,0,0,,8,,,1,,,,,,,,,,,,,,,,,,,,B03,,,1,,2,,,12,,1,22,,B03,24.173623,120.634683,3
2018,11,5,15,26,臺中市,北屯區,0,0,,8,,,40,,,,,,,,,,,,,,,,,,,,B12,,,1,,2,,,12,,1,5,,B12,24.191228,120.686301,3
2018,11,5,15,27,臺中市,大里區,0,0,,8,,,50,,,,,,,,,,,,,,,,,,,,B03,,,1,,2,,,23,,1,19,,B03,24.109775,120.691513,3
2018,11,5,15,27,臺中市,后里區,0,0,,8,,,50,,,,,,,,,,,,,,,,,,,,B03,,,1,,2,,,12,,1,21,,B03,24.251108,120.722891,3
2018,11,5,15,32,臺中市,烏日區,0,1,0,8,1,5,60,14,7,1,5,4,5,6,4,4,1,4,5,1,17,19,3,10,1,1,B12,7,1,1,8,2,8,  ,19,19,1,21,8,B12,24.108188,120.638716,2
2018,11,5,15,33,臺中市,大雅區,0,1,0,8,1,5,40,14,9,1,5,4,5,7,4,4,10,5,5,2,12,1,2,9,1,1,C03,7,4,1,10,2,11,  ,1,1,1,22,9,C03,24.212328,120.658531,2
2018,11,5,15,35,臺中市,西屯區,0,0,0,8,1,5,50,14,8,1,5,4,5,7,1,1,9,4,4,2,13,17,3,10,3,4,C03,7,9,1,10,2,12,  ,17,17,1,22,9,C03,24.16704,120.664995,3
2018,11,5,15,37,臺中市,西屯區,0,0,,8,,,50,,,,,,,,,,,,,,,,,,,,A31,,,1,,2,,,42,,1,10,,A31,24.187135,120.610135,3
2018,11,5,15,37,臺中市,龍井區,0,2,0,8,1,5,50,4,1,1,5,4,5,7,4,4,10,5,5,2,15,43,2,9,1,1,C03,7,9,1,10,2,14,  ,43,43,1,21,8,C03,24.176996,120.536295,2
2018,11,5,15,39,臺中市,南區,0,1,0,8,1,5,50,4,1,1,5,4,5,7,1,1,10,5,5,2,15,25,3,10,1,1,B03,7,9,1,8,2,5,  ,25,25,1,22,8,B03,24.114086,120.666836,2
2018,11,5,15,50,臺中市,后里區,0,0,0,,,,,,,,,,,,,,,,,,,12,  ,  ,  ,  ,B03,  ,  ,1,  ,2,  ,  ,12,12,1,21,  ,B03,24.315058,120.685716,3
2018,11,5,15,52,臺中市,西屯區,0,0,,8,,,50,,,,,,,,,,,,,,,,,,,,B03,,,1,,2,,,23,,1,22,,B03,24.17193,120.632856,3
2018,11,5,15,52,臺中市,大雅區,0,1,0,8,1,5,50,4,1,1,5,4,5,7,1,1,5,4,4,1,3,6,3,10,1,1,B03,7,5,1,8,2,8,  ,6,6,1,22,8,B03,24.225749,120.645852,2
2018,11,5,15,56,臺中市,西屯區,0,0,0,8,,,50,,,,,,,,,,,,,,,16,  ,  ,  ,  ,B03,  ,  ,1,  ,2,  ,  ,16,16,1,  ,  ,B03,24.194928,120.607388,3
2018,11,5,16,9,臺中市,太平區,0,0,0,8,,,30,,,,,,,,,,,,,,,42,  ,  ,  ,  ,B03,  ,  ,1,  ,2,  ,  ,42,42,1,21,  ,B03,24.158403,120.706608,3
2018,11,5,16,10,臺中市,北區,0,2,0,8,1,5,50,14,8,1,5,4,5,7,4,4,1,4,4,2,13,23,2,9,1,1,C03,7,9,1,10,2,11,  ,23,23,1,5,8,C03,24.146516,120.682813,2
2018,11,5,16,10,臺中市,梧棲區,0,0,,8,,,50,,,,,,,,,,,,,,,,,,,,B03,,,1,,2,,,23,,1,21,,B03,24.251569,120.535681,3
2018,11,5,16,13,臺中市,西屯區,0,0,,8,,,50,,,,,,,,,,,,,,,,,,,,B03,,,1,,2,,,26,,1,19,,B03,24.199842,120.655454,3
2018,11,5,16,19,臺中市,南屯區,0,0,0,8,,,50,,,,,,,,,,,,,,,25,  ,  ,  ,  ,C03,  ,  ,1,10,2,  ,  ,25,25,1,12,  ,C03,24.136222,120.642845,3
2018,11,5,16,20,臺中市,西屯區,0,1,0,8,1,5,50,14,8,1,5,4,5,7,4,4,5,4,4,2,18,42,2,9,1,1,C03,7,12,1,10,2,12,  ,42,42,1,21,8,C03,24.18238,120.643736,2
2018,11,5,16,21,臺中市,沙鹿區,0,0,,8,,,50,,,,,,,,,,,,,,,,,,,,A11,,,1,,2,,,42,,1,10,,A11,24.206338,120.564978,3
2018,11,5,16,22,臺中市,大里區,0,0,0,8,1,5,50,4,2,1,5,4,5,7,1,4,9,4,4,2,13,21,4,10,3,4,B03,7,9,5,18,6,1,  ,21,21,1,12,8,B03,24.120153,120.688276,3
2018,11,5,16,24,臺中市,西屯區,0,0,,8,,,40,,,,,,,,,,,,,,,,,,,,B03,,,1,,2,,,7,,1,21,,B03,24.184419,120.609635,3
2018,11,5,16,27,臺中市,西區,0,1,0,8,1,5,50,4,1,1,5,4,5,7,1,1,10,5,5,2,16,6,2,9,1,1,C04,7,5,1,10,2,12,  ,6,6,1,21,5,C04,24.15226,120.670497,2
2018,11,5,16,27,臺中市,沙鹿區,0,1,0,8,1,5,40,3,1,1,5,4,5,7,1,1,10,5,5,2,13,16,2,8,1,1,C03,7,9,1,10,2,11,  ,16,16,1,5,5,C03,24.248583,120.603619,2
2018,11,5,16,29,臺中市,西區,0,1,0,8,1,5,50,4,1,1,5,4,5,7,4,4,5,4,4,2,16,23,3,10,3,4,B03,7,5,1,8,2,1,  ,23,23,1,21,8,B03,24.143228,120.655202,2
2018,11,5,16,30,臺中市,后里區,0,0,,8,,,40,,,,,,,,,,,,,,,,,,,,A12,,,1,,2,,,42,,1,22,,A12,24.29982,120.734665,3
2018,11,5,16,39,臺中市,霧峰區,0,0,,8,,,50,,,,,,,,,,,,,,,,,,,,C03,,,1,,2,,,23,,1,3,,C03,24.079591,120.709348,3
2018,11,5,16,44,臺中市,太平區,0,2,0,8,1,5,40,14,7,1,5,4,5,7,4,4,9,5,4,1,17,19,2,9,3,4,C03,7,1,3,18,2,14,  ,19,19,1,19,8,C03,24.150513,120.701073,2
2018,11,5,16,46,臺中市,南屯區,0,0,,8,,,50,,,,,,,,,,,,,,,,,,,,A12,,,1,,2,,,6,,1,22,,A12,24.142945,120.632691,3
2018,11,5,16,48,臺中市,西屯區,0,1,0,8,1,5,40,14,8,1,5,4,5,7,4,4,5,4,1,2,16,42,3,10,1,1,B03,7,8,1,8,2,2,  ,42,42,1,22,9,B03,24.164119,120.644943,2
2018,11,5,16,50,臺中市,西屯區,0,1,0,8,3,5,50,14,8,1,5,4,5,7,4,4,1,5,5,2,13,23,2,9,1,1,C03,7,9,1,10,2,11,  ,23,23,1,22,8,C03,24.184347,120.605064,2
2018,11,5,16,50,臺中市,龍井區,0,0,,8,,,40,,,,,,,,,,,,,,,,,,,,B03,,,1,,2,,,17,,1,21,,B03,24.181031,120.574331,3
2018,11,5,16,50,臺中市,沙鹿區,0,1,0,8,1,5,50,4,1,1,5,4,5,7,4,4,10,5,5,2,15,6,3,10,1,1,B02,7,9,1,6,2,2,  ,6,6,1,5,5,B02,24.248608,120.563503,2
2018,11,5,16,53,臺中市,西屯區,0,0,,8,,,40,,,,,,,,,,,,,,,,,,,,B03,,,1,,2,,,19,,1,  ,,B03,24.17153,120.620356,3
2018,11,5,16,53,臺中市,大里區,0,0,,8,,,50,,,,,,,,,,,,,,,,,,,,B03,,,1,,2,,,12,,1,18,,B03,24.101321,120.689435,3
2018,11,5,16,54,臺中市,龍井區,0,0,,8,,,50,,,,,,,,,,,,,,,,,,,,F01,,,1,,2,,,6,,1,22,,F01,24.180506,120.589481,3
2018,11,5,17,0,臺中市,南區,0,1,0,8,1,5,40,14,7,1,5,4,5,7,4,4,5,4,5,2,16,19,2,9,1,1,C03,7,1,1,10,2,11,  ,19,19,1,22,8,C03,24.11956,120.649676,2
2018,11,5,17,0,臺中市,南區,0,1,0,8,1,5,40,14,8,1,5,4,5,7,4,4,3,4,4,2,16,6,3,10,1,1,B03,7,6,1,8,2,5,  ,6,6,1,5,5,B03,24.116238,120.656753,2
2018,11,5,17,5,臺中市,大里區,0,0,,8,,,50,,,,,,,,,,,,,,,,,,,,B03,,,1,,2,,,6,,1,5,,B03,24.102253,120.676283,3
2018,11,5,17,7,臺中市,西屯區,0,0,,8,,,40,,,,,,,,,,,,,,,,,,,,B12,,,1,,2,,,26,,1,22,,B12,24.200128,120.656336,3
2018,11,5,17,8,臺中市,沙鹿區,0,0,,8,,,50,,,,,,,,,,,,,,,,,,,,B03,,,1,,2,,,19,,1,22,,B03,24.223255,120.568649,4
2018,11,5,17,9,臺中市,北屯區,0,0,,8,,,50,,,,,,,,,,,,,,,,,,,,B03,,,1,,2,,,23,,1,  ,,B03,24.182556,120.69176,3
2018,11,5,17,15,臺中市,西區,0,2,0,8,2,5,50,4,1,1,5,4,5,7,4,4,10,5,5,2,16,6,2,9,1,1,C03,7,5,1,10,2,14,  ,6,6,1,5,5,C03,24.132135,120.665083,2
2018,11,5,17,18,臺中市,南屯區,0,0,,8,,,50,,,,,,,,,,,,,,,,,,,,B03,,,1,,2,,,17,,1,  ,,B03,24.15221,120.620498,3
2018,11,5,17,19,臺中市,大里區,0,0,,8,,,50,,,,,,,,,,,,,,,,,,,,B12,,,1,,2,,,16,,1,22,,B12,24.092053,120.691193,3
2018,11,5,17,20,臺中市,大里區,0,0,,,,,,,,,,,,,,,,,,,,,,,,,B12,,,1,,4,,,23,,1,21,,B12,24.074108,120.680065,3
2018,11,5,17,24,臺中市,北區,0,1,0,8,1,5,50,4,1,1,5,4,5,7,1,1,10,5,5,2,12,17,3,10,1,1,B03,7,9,1,8,1,6,  ,17,17,1,21,8,B03,24.161413,120.663161,2
2018,11,5,17,25,臺中市,北屯區,0,0,,8,,,50,,,,,,,,,,,,,,,,,,,,B03,,,1,,2,,,16,,1,5,,B03,24.197778,120.686441,3
2018,11,5,17,26,臺中市,霧峰區,0,0,,8,,,40,,,,,,,,,,,,,,,,,,,,B03,,,1,,2,,,6,,1,21,,B03,24.070322,120.679976,3
2018,11,5,17,30,臺中市,大里區,0,1,0,8,3,5,40,14,9,1,5,4,5,7,4,4,10,5,5,1,14,12,3,10,1,1,B12,7,2,1,8,2,6,  ,12,12,1,4,5,B12,24.102407,120.665121,2
2018,11,5,17,30,臺中市,神岡區,0,0,0,8,,,50,,,,,,,,,,,,,,,16,  ,  ,  ,  ,C03,  ,  ,1,  ,2,  ,  ,16,16,1,21,  ,C03,24.233738,120.691037,3
2018,11,5,17,35,臺中市,北屯區,0,0,0,8,1,5,50,14,9,1,5,4,5,7,4,4,5,5,5,2,12,23,3,10,1,1,B02,7,15,1,8,2,6,  ,23,23,1,21,8,B02,24.175521,120.717775,3