年,月,日,時,分,縣市,區,死,受傷,2-30,天候,光線,道路類別,速限,道路型態,事故位置,路面鋪裝,路面狀態,路面缺陷,障礙物,視距,號誌種類,號誌動作,分向設施,快車道或一般車道間,快慢車道間,路面邊線,事故類型及型態,主要肇因,受傷程度,主要傷處,保護裝備,行動電話,當事者區分_類別,車輛用途,當事者行動狀態,駕駛資格情形,駕駛執照種類,飲酒情形,車輛撞擊部位最初,車輛撞擊部位其他,肇事因素個別,肇事因素主要,肇事逃逸,職業,旅次目的,車種,GPS座標_緯度,GPS座標_經度,事故類別
2018,11,5,17,40,臺中市,西區,0,1,0,8,3,5,50,4,1,1,5,4,5,7,3,1,10,5,5,2,18,42,2,9,1,1,C03,7,9,1,10,2,12,  ,42,42,1,21,5,C03,24.149032,120.6698,2
2018,11,5,17,40,臺中市,大里區,0,0,,8,,,50,,,,,,,,,,,,,,,,,,,,B03,,,1,,2,,,6,,1,  ,,B03,24.110025,120.689972,3
2018,11,5,17,42,臺中市,大里區,0,0,,8,,,60,,,,,,,,,,,,,,,,,,,,B03,,,1,,2,,,7,,1,21,,B03,24.104985,120.669449,3
2018,11,5,17,45,臺中市,南屯區,0,0,,8,,,50,,,,,,,,,,,,,,,,,,,,B03,,,1,,2,,,23,,1,22,,B03,24.149579,120.623611,3
2018,11,5,17,45,臺中市,大安區,0,1,0,8,2,5,50,4,1,1,5,4,5,7,3,1,10,5,5,2,3,23,3,10,1,1,B03,7,11,6,8,2,5,  ,23,23,1,9,9,B03,24.345349,120.584791,2
2018,11,5,17,51,臺中市,霧峰區,0,1,0,8,4,5,40,14,8,1,5,4,5,7,4,4,10,5,4,1,17,23,2,9,1,1,B03,7,9,1,8,2,5,  ,23,23,1,21,8,B03,24.079093,120.663633,2
2018,11,5,17,51,臺中市,沙鹿區,0,0,,8,,,50,,,,,,,,,,,,,,,,,,,,B03,,,1,,2,,,23,,1,22,,B03,24.236242,120.564188,3
2018,11,5,17,55,臺中市,南屯區,0,1,0,8,1,5,50,14,9,1,4,4,5,7,4,4,1,4,5,2,13,23,2,9,3,4,C03,7,9,1,8,2,11,  ,23,23,1,22,9,C03,24.14658,120.615828,2
2018,11,5,17,57,臺中市,北區,0,0,,8,,,50,,,,,,,,,,,,,,,,,,,,B03,,,1,,2,,,23,,1,  ,,B03,24.166828,120.668364,3
2018,11,5,17,57,臺中市,龍井區,0,0,,8,,,40,,,,,,,,,,,,,,,,,,,,B03,,,1,,2,,,12,,  ,12,,B03,24.18234,120.5474,3
2018,11,5,17,58,臺中市,北區,0,2,0,8,3,5,50,14,9,1,5,4,5,7,4,4,5,5,5,2,16,26,2,8,1,1,C04,7,11,3,18,2,12,  ,26,26,1,22,8,C04,24.160212,120.689961,2
2018,11,5,17,59,臺中市,南屯區,0,0,0,8,,,50,,,,,,,,,,,,,,,7,  ,  ,  ,  ,A31,  ,  ,1,  ,2,  ,  ,7,7,1,12,  ,A31,24.153782,120.616466,3
2018,11,5,18,0,臺中市,北區,0,0,0,8,3,5,50,5,2,1,5,4,5,7,2,1,8,3,4,2,17,43,  ,  ,  ,  ,B03,  ,  ,1,  ,2,  ,  ,43,43,1,5,  ,B03,24.154777,120.686111,3
2018,11,5,18,0,臺中市,西屯區,0,0,0,8,,,50,,,,,,,,,,,,,,,8,  ,  ,  ,  ,B03,  ,  ,1,  ,2,  ,  ,8,8,1,22,  ,B03,24.20001,120.656424,3
2018,11,5,18,0,臺中市,大里區,0,1,0,8,3,5,50,3,1,1,5,4,5,7,4,4,1,4,5,2,12,26,3,10,1,1,B03,7,6,1,8,2,5,  ,26,26,2,9,1,B03,24.094793,120.687681,2
2018,11,5,18,0,臺中市,后里區,0,0,,8,,,50,,,,,,,,,,,,,,,,,,,,A04,,,1,,2,,,67,,1,21,,A04,24.300116,120.735963,4
2018,11,5,18,3,臺中市,大里區,0,0,,8,,,40,,,,,,,,,,,,,,,,,,,,B03,,,1,,2,,,42,,1,22,,B03,24.092116,120.694503,3
2018,11,5,18,6,臺中市,北區,0,1,0,7,3,5,50,5,2,1,5,4,5,7,1,1,10,5,5,2,16,7,2,9,1,1,C03,7,7,1,10,2,14,  ,7,7,1,5,8,C03,24.14471,120.681946,2
2018,11,5,18,7,臺中市,大里區,0,0,,8,,,50,,,,,,,,,,,,,,,,,,,,B01,,,1,,2,,,26,,1,10,,B01,24.09656,120.695708,3
2018,11,5,18,8,臺中市,潭子區,0,0,,8,,,60,,,,,,,,,,,,,,,,,,,,B03,,,1,,2,,,16,,1,22,,B03,24.214081,120.705158,3
2018,11,5,18,10,臺中市,北屯區,0,0,0,8,,,50,,,,,,,,,,,,,,,26,  ,  ,  ,  ,B03,  ,  ,1,  ,2,  ,  ,26,26,1,  ,  ,B03,24.170371,120.692837,3
2018,11,5,18,10,臺中市,北屯區,0,2,0,8,3,5,40,14,8,1,5,4,5,7,4,4,1,4,4,2,29,65,  ,  ,  ,  ,   ,  ,  ,  ,  ,  ,  ,  ,65,65,1,  ,  ,   ,24.192163,120.686488,2
2018,11,5,18,12,臺中市,西屯區,0,1,0,8,1,5,40,14,9,1,5,4,5,7,4,4,10,5,5,1,11,1,3,10,3,4,C02,7,4,1,9,2,14,  ,1,1,1,21,8,C02,24.189575,120.634818,2
2018,11,5,18,14,臺中市,北區,0,1,0,8,3,5,50,4,1,1,5,4,5,7,1,1,10,5,5,2,12,6,3,10,1,1,C03,7,6,1,10,2,12,  ,6,6,1,22,8,C03,24.155508,120.697338,2
2018,11,5,18,14,臺中市,北屯區,0,0,,8,,,50,,,,,,,,,,,,,,,,,,,,C03,,,1,,2,,,17,,1,18,,C03,24.161406,120.733325,3
2018,11,5,18,15,臺中市,西屯區,0,2,0,8,3,5,40,14,8,1,5,4,5,6,4,4,1,5,1,2,13,16,2,9,1,1,C04,7,9,1,11,2,11,  ,16,16,1,21,8,C04,24.182131,120.597428,2
2018,11,5,18,15,臺中市,龍井區,0,0,,8,,,50,,,,,,,,,,,,,,,,,,,,B12,,,1,,2,,,25,,1,10,,B12,24.18421,120.58521,3
2018,11,5,18,21,臺中市,北屯區,0,1,0,8,3,5,50,14,7,1,5,4,5,7,1,1,5,5,4,2,12,23,3,10,1,1,C03,7,9,1,10,2,12,  ,23,23,1,22,8,C03,24.168588,120.679009,2
2018,11,5,18,22,臺中市,北屯區,0,0,,8,,,50,,,,,,,,,,,,,,,,,,,,B03,,,1,,2,,,23,,1,22,,B03,24.173815,120.671696,3
2018,11,5,18,22,臺中市,西屯區,0,0,0,8,3,5,50,14,7,1,5,4,5,7,1,1,8,3,4,2,16,26,3,10,3,4,B03,7,8,1,8,2,5,  ,7,26,1,22,9,B03,24.19453,120.62404,3
2018,11,5,18,25,臺中市,北屯區,0,1,0,8,3,5,40,14,8,1,5,4,5,7,4,4,1,4,4,2,24,23,2,9,1,1,C03,7,9,1,10,2,11,14,23,23,1,5,8,C03,24.192236,120.686466,2
2018,11,5,18,30,臺中市,神岡區,0,0,,8,,,40,,,,,,,,,,,,,,,,,,,,B03,,,1,,2,,,18,,1,21,,B03,24.249334,120.678901,3
2018,11,5,18,33,臺中市,太平區,0,0,,8,,,50,,,,,,,,,,,,,,,,,,,,C03,,,1,,2,,,16,,1,21,,C03,24.125847,120.712481,3
2018,11,5,18,35,臺中市,南屯區,0,0,0,8,1,5,50,14,8,1,5,4,5,7,1,1,5,4,4,2,12,7,3,10,1,1,B03,7,8,1,8,2,5,  ,7,7,1,22,8,B03,24.135111,120.655033,3
2018,11,5,18,38,臺中市,南屯區,0,0,,8,,,50,,,,,,,,,,,,,,,,,,,,C03,,,1,,2,,,23,,1,22,,C03,24.142934,120.632221,3
2018,11,5,18,45,臺中市,北區,0,1,0,8,3,5,50,3,1,1,5,4,5,7,4,4,10,5,5,2,17,19,3,10,1,1,B03,7,1,1,8,2,15,  ,19,19,1,21,8,B03,24.166892,120.687638,2
2018,11,5,18,49,臺中市,東區,0,0,,8,,,50,,,,,,,,,,,,,,,,,,,,B12,,,1,,2,,,16,,1,  ,,B12,24.13841,120.700086,3
2018,11,5,18,55,臺中市,沙鹿區,0,1,0,8,3,5,50,3,2,1,5,4,5,7,1,1,1,2,5,1,13,23,2,9,1,1,C03,7,9,1,10,2,11,  ,23,23,1,4,8,C03,24.253386,120.59869,2
2018,11,5,18,58,臺中市,神岡區,0,0,,8,,,50,,,,,,,,,,,,,,,,,,,,B03,,,1,,2,,,23,,1,21,,B03,24.251197,120.697636,3
2018,11,5,19,4,臺中市,太平區,0,0,,8,,,40,,,,,,,,,,,,,,,,,,,,B03,,,1,,2,,,12,,1,9,,B03,24.149496,120.720196,3
2018,11,5,19,11,臺中市,大里區,0,1,0,8,3,5,50,14,9,1,5,4,5,7,4,4,5,5,5,1,17,19,3,10,1,1,B03,7,1,1,8,2,8,  ,19,19,1,4,5,B03,24.106607,120.683011,2
2018,11,5,19,14,臺中市,中區,0,2,0,8,3,5,50,14,9,1,5,4,5,7,4,4,5,4,5,2,13,16,2,9,1,1,C03,7,9,1,10,2,11,  ,16,16,1,21,5,C03,24.137029,120.680996,2
2018,11,5,19,15,臺中市,中區,0,0,0,8,,,50,,,,,,,,,,,,,,,,3,  ,  ,  ,C03,  ,  ,1,  ,2,  ,  ,16,  ,  ,21,  ,C03,24.137029,120.680996,3
2018,11,5,19,15,臺中市,南屯區,0,1,0,8,3,5,50,4,1,1,5,4,5,7,2,1,10,5,5,2,16,6,3,10,1,1,C03,7,6,1,10,2,13,  ,6,6,1,22,9,C03,24.140089,120.613047,2
2018,11,5,19,15,臺中市,龍井區,0,1,0,7,3,5,40,4,1,1,5,4,5,7,4,4,10,5,5,2,16,6,3,10,1,1,B03,7,5,1,8,2,8,  ,6,6,1,21,8,B03,24.180693,120.583692,2
2018,11,5,19,16,臺中市,北區,0,1,0,8,3,5,50,14,9,1,5,4,5,7,4,4,8,3,4,2,12,23,2,8,1,1,C03,7,9,1,10,2,14,  ,23,23,1,22,2,C03,24.15189,120.678658,2
2018,11,5,19,17,臺中市,大里區,0,0,,8,,,60,,,,,,,,,,,,,,,,,,,,B03,,,1,,2,,,23,,1,21,,B03,24.106408,120.665496,3
2018,11,5,19,20,臺中市,東區,0,0,0,8,3,5,50,3,1,1,5,4,5,7,4,4,10,5,5,2,17,19,3,9,4,5,B01,7,5,1,20,2,16,  ,19,19,1,22,8,B01,24.13835,120.70429,3
2018,11,5,19,24,臺中市,沙鹿區,0,0,,8,,,40,,,,,,,,,,,,,,,,,,,,B03,,,1,,2,,,23,,1,4,,B03,24.234567,120.558883,3
2018,11,5,19,25,臺中市,沙鹿區,0,0,0,8,,,50,,,,,,,,,,,,,,,26,  ,  ,  ,  ,B03,  ,  ,1,  ,2,  ,  ,26,26,  ,  ,  ,B03,24.242156,120.565038,3
2018,11,5,19,37,臺中市,西屯區,0,0,,8,,,40,,,,,,,,,,,,,,,,,,,,B12,,,1,,2,,,23,,1,22,,B12,24.169698,120.63242,3
2018,11,5,19,39,臺中市,梧棲區,0,0,,8,,,50,,,,,,,,,,,,,,,,,,,,B03,,,1,,2,,,12,,1,19,,B03,24.261792,120.535734,4
2018,11,5,19,52,臺中市,沙鹿區,0,1,0,7,3,5,40,11,9,1,5,4,5,7,4,4,7,5,5,2,16,23,3,10,1,1,B12,7,9,1,7,2,2,  ,43,23,1,22,9,B12,24.239835,120.566385,2
2018,11,5,20,5,臺中市,和平區,0,0,0,8,3,2,5,12,9,1,5,,5,7,4,4,10,5,5,1,17,42,  ,  ,  ,  ,B11,  ,  ,1,  ,2,  ,  ,42,42,1,10,  ,B11,24.253818,121.253869,3
2018,11,5,20,20,臺中市,外埔區,0,0,,8,,,50,,,,,,,,,,,,,,,,,,,,B03,,,1,,2,,,23,,1,5,,B03,24.342606,120.637693,3
2018,11,5,20,21,臺中市,北屯區,0,1,0,8,3,5,50,14,9,1,5,4,5,7,4,4,1,4,5,2,17,43,2,9,1,1,C03,7,9,1,10,2,15,  ,43,43,1,21,8,C03,24.162171,120.727725,2
2018,11,5,20,23,臺中市,太平區,0,1,0,8,3,5,50,14,9,1,5,4,5,7,4,4,5,5,5,2,8,23,3,10,3,4,F03,7,9,8,20,2,15,  ,23,23,1,9,8,F03,24.152454,120.722197,2
2018,11,5,20,28,臺中市,北屯區,0,0,,8,,,50,,,,,,,,,,,,,,,,,,,,B03,,,1,,2,,,23,,1,5,,B03,24.168311,120.695368,3
2018,11,5,20,58,臺中市,東區,0,1,0,8,1,5,50,14,7,1,5,3,5,7,4,4,1,4,4,2,17,19,3,10,1,1,B03,7,1,1,8,2,8,  ,19,19,1,22,8,B03,24.12681,120.69013,2
2018,11,5,21,5,臺中市,南區,0,0,0,8,3,5,50,3,1,1,5,4,5,7,4,4,10,5,5,2,14,12,3,10,1,1,A12,7,2,1,3,2,7,  ,12,12,1,22,8,A12,24.121458,120.67133,3
2018,11,5,21,10,臺中市,南區,0,1,0,8,3,5,50,3,2,1,5,4,5,7,2,1,5,4,4,2,16,25,2,9,1,1,C03,7,11,1,10,2,12,  ,25,25,1,19,5,C03,24.124038,120.65672,2
2018,11,5,21,25,臺中市,大甲區,0,1,0,8,3,5,50,4,1,1,5,4,5,7,3,1,10,5,5,2,15,6,2,9,1,1,C03,7,9,1,10,2,11,  ,6,6,1,22,8,C03,24.349828,120.625822,2
2018,11,5,21,33,臺中市,西屯區,0,0,,8,,,50,,,,,,,,,,,,,,,,,,,,C03,,,1,,2,,,16,,1,18,,C03,24.185096,120.643085,3
2018,11,5,21,35,臺中市,烏日區,0,0,,8,,,50,,,,,,,,,,,,,,,,,,,,B03,,,1,,2,,,7,,1,21,,B03,24.113188,120.587011,3
2018,11,5,21,37,臺中市,西屯區,0,1,0,8,3,5,40,4,1,1,5,4,5,7,4,4,5,5,5,2,16,44,3,10,1,1,B03,7,9,1,8,2,1,  ,44,44,1,22,8,B03,24.186568,120.639238,2
2018,11,5,21,40,臺中市,西屯區,0,2,0,8,3,5,50,4,1,1,5,4,5,7,2,1,10,5,5,2,13,23,2,9,3,4,C03,7,9,1,10,2,11,  ,23,23,1,22,8,C03,24.182041,120.635948,2
2018,11,5,21,42,臺中市,北屯區,0,2,0,8,3,5,50,4,1,1,5,4,5,7,4,4,10,5,5,2,16,43,2,9,1,1,C03,7,9,1,10,2,11,  ,43,43,1,22,8,C03,24.16491,120.693586,2
2018,11,5,21,56,臺中市,南屯區,0,2,0,8,3,5,40,14,8,1,5,4,5,7,4,4,1,4,1,2,13,16,2,9,3,4,C03,7,9,1,10,2,11,  ,16,16,1,22,9,C03,24.151241,120.608343,2
2018,11,5,22,4,臺中市,北區,0,0,,8,3,5,50,,,,,,,,,,,,,,,,,,,,B03,,,3,,2,,,23,,1,5,,B03,24.155763,120.687509,3
2018,11,5,22,6,臺中市,北區,0,1,0,8,3,5,50,4,1,1,5,4,5,7,4,4,10,5,5,2,17,6,3,10,1,4,C03,7,9,1,10,2,15,  ,6,6,1,18,8,C03,24.171648,120.669446,2
2018,11,5,22,13,臺中市,東區,0,2,0,8,3,5,50,3,1,1,5,4,5,7,4,4,10,5,5,2,16,6,2,8,1,1,C03,7,5,1,10,2,11,  ,6,6,1,5,8,C03,24.141495,120.688215,2
2018,11,5,22,18,臺中市,北區,0,1,0,8,1,5,50,4,1,1,5,4,5,7,1,1,1,4,4,2,3,51,3,10,1,1,H01,8,16,8,20,10,16,  ,51,51,1,21,8,H01,24.157529,120.670482,2
2018,11,5,22,20,臺中市,潭子區,0,1,0,8,3,5,50,14,8,1,5,4,5,7,4,4,5,4,4,2,16,6,3,10,1,1,B03,7,6,1,8,2,5,  ,6,6,1,22,9,B03,24.211575,120.703899,2
2018,11,5,22,26,臺中市,龍井區,0,3,0,8,3,5,40,4,1,1,5,4,5,7,2,1,10,5,5,2,17,14,2,8,1,1,C03,7,9,1,10,2,11,  ,14,14,1,18,8,C03,24.187275,120.583484,2
2018,11,5,22,31,臺中市,西屯區,0,0,,8,,,40,,,,,,,,,,,,,,,,,,,,B03,,,1,,2,,,23,,1,22,,B03,24.182936,120.64745,3
2018,11,5,22,50,臺中市,北屯區,0,2,0,8,3,5,50,4,1,1,5,4,5,7,4,4,10,5,5,2,16,23,3,10,1,1,C03,7,9,1,10,2,12,  ,23,23,1,5,8,C03,24.170331,120.683216,2
2018,11,5,23,27,臺中市,北屯區,0,2,0,8,3,5,50,14,9,1,5,4,5,7,4,4,5,5,5,2,13,16,2,9,1,1,C01,7,9,1,9,2,11,  ,16,16,1,22,8,C01,24.201739,120.78709,2
2018,11,5,23,36,臺中市,北區,0,1,0,8,3,5,50,3,2,1,5,4,5,7,4,4,2,3,5,2,12,6,3,10,3,4,B03,7,10,1,8,2,4,  ,6,6,1,5,8,B03,24.158928,120.69133,2
2018,11,5,23,51,臺中市,南區,0,1,0,8,3,5,50,4,2,1,5,4,5,7,1,1,5,5,5,2,13,23,3,10,1,1,B11,7,9,1,8,2,1,  ,23,23,1,21,8,B11,24.130196,120.659139,2
2018,11,6,1,35,臺中市,大里區,0,0,,8,,,50,,,,,,,,,,,,,,,,,,,,B03,,,1,,2,,,6,,1,3,,B03,24.096511,120.695735,3
2018,11,6,4,22,臺中市,西屯區,0,1,0,8,3,8,50,3,1,1,5,4,5,7,3,1,10,5,5,2,23,23,2,1,1,1,B03,7,5,1,8,2,8,  ,23,23,1,4,8,B03,24.174171,120.617126,2
2018,11,6,4,34,臺中市,北屯區,0,0,0,8,,,50,,,,,,,,,,,,,,,23,  ,  ,  ,  ,B03,  ,  ,1,  ,2,  ,  ,23,23,  ,  ,  ,B03,24.17685,120.713351,3
2018,11,6,4,40,臺中市,北屯區,0,1,0,7,3,5,50,3,1,1,5,4,5,7,4,4,10,5,5,2,16,19,3,10,1,1,C03,7,1,1,10,2,12,  ,19,19,1,5,8,C03,24.1729,120.717231,2
2018,11,6,5,42,臺中市,潭子區,0,2,0,8,2,5,50,4,1,1,5,4,5,7,4,4,10,5,5,2,16,6,2,9,1,1,C03,7,5,6,18,2,11,  ,6,6,1,22,8,C03,24.210969,120.707985,2
2018,11,6,5,50,臺中市,北屯區,0,1,0,7,2,5,50,4,2,1,5,4,5,7,1,1,1,2,5,2,13,23,3,10,1,1,B03,7,9,1,8,2,1,  ,23,23,1,20,8,B03,24.164866,120.694253,2
2018,11,6,6,36,臺中市,霧峰區,0,0,0,8,,,40,,,,,,,,,,,,,,,43,  ,  ,  ,  ,   ,  ,  ,7,  ,11,  ,  ,43,43,  ,  ,  ,   ,24.060763,120.705023,3
2018,11,6,6,45,臺中市,大雅區,0,1,0,8,1,5,50,14,9,1,5,4,5,7,4,4,5,5,5,1,13,16,3,10,1,1,B03,7,9,1,8,2,5,  ,16,16,1,21,8,B03,24.223018,120.64798,2
2018,11,6,6,51,臺中市,西屯區,0,1,0,8,1,5,40,14,8,1,5,4,5,7,4,4,9,4,4,2,12,40,3,10,1,1,B03,7,14,1,8,2,7,  ,40,40,1,21,8,B03,24.171221,120.644022,2
2018,11,6,6,51,臺中市,潭子區,0,2,0,8,1,5,60,14,8,1,5,4,5,7,4,4,1,4,4,1,12,7,2,8,1,1,C03,7,8,1,10,2,13,  ,7,7,1,22,8,C03,24.209882,120.686631,2
2018,11,6,7,6,臺中市,神岡區,0,0,,8,,,40,,,,,,,,,,,,,,,,,,,,B03,,,1,,2,,,6,,1,9,,B03,24.27496,120.651233,3
2018,11,6,7,15,臺中市,大甲區,0,0,0,,,,,,,,,,,,,,,,,,,23,  ,  ,  ,  ,B03,  ,  ,1,  ,2,  ,  ,23,23,  ,22,  ,B03,24.345709,120.632484,3
2018,11,6,7,18,臺中市,沙鹿區,0,2,0,8,1,5,40,14,8,1,5,4,5,7,4,4,1,4,1,1,12,17,3,10,1,1,B12,7,9,1,8,2,2,  ,17,17,1,21,8,B12,24.225031,120.577476,2
2018,11,6,7,20,臺中市,西屯區,0,2,0,8,1,5,50,14,8,1,5,4,5,7,4,4,10,5,5,2,12,23,2,9,1,1,C03,7,9,1,10,2,11,  ,23,23,1,21,8,C03,24.188805,120.61528,2
2018,11,6,7,23,臺中市,東區,0,0,,8,,,50,,,,,,,,,,,,,,,,,,,,B12,,,1,,2,,,16,,1,  ,,B12,24.140646,120.710379,3
2018,11,6,7,24,臺中市,龍井區,0,0,,8,,,50,,,,,,,,,,,,,,,,,,,,B03,,,1,,2,,,23,,1,22,,B03,24.181071,120.577854,3
2018,11,6,7,31,臺中市,豐原區,0,0,0,8,1,5,50,4,2,1,5,4,5,7,1,1,5,2,4,2,16,22,3,10,1,1,B03,7,5,3,18,11,8,  ,22,22,1,4,8,B03,24.259305,120.714331,3
2018,11,6,7,34,臺中市,大里區,0,0,,8,,,50,,,,,,,,,,,,,,,,,,,,B03,,,1,,2,,,6,,1,22,,B03,24.092816,120.689606,3
2018,11,6,7,35,臺中市,大雅區,0,3,0,8,1,5,50,4,1,1,5,4,5,7,4,4,10,5,5,1,15,6,3,10,1,1,C03,7,9,1,10,2,12,  ,6,6,1,22,9,C03,24.237758,120.666858,2
2018,11,6,7,37,臺中市,南區,0,1,0,8,1,5,50,14,7,1,5,4,5,7,4,4,5,4,4,2,13,23,2,9,1,1,C03,7,9,1,10,2,11,  ,23,23,1,21,8,C03,24.165949,120.711983,2
2018,11,6,7,38,臺中市,北區,0,2,0,8,1,5,50,14,7,1,5,4,5,7,4,4,3,4,4,2,17,19,3,10,1,1,B03,7,1,1,8,2,15,  ,19,19,1,22,8,B03,24.16952,120.672215,2
2018,11,6,7,43,臺中市,西屯區,0,1,0,8,1,5,40,14,9,1,5,4,5,7,4,4,10,5,5,2,17,43,2,9,3,4,C03,7,9,1,10,2,15,  ,43,43,1,22,8,C03,24.203665,120.65748,2
2018,11,6,7,45,臺中市,北屯區,0,0,0,8,,,40,,,,,,,,,,,,,,,12,  ,  ,  ,  ,B03,  ,  ,1,8,2,  ,  ,12,12,1,21,  ,B03,24.17487,120.689461,3
2018,11,6,7,45,臺中市,烏日區,0,1,0,8,1,5,50,14,9,1,5,4,5,7,4,4,5,4,5,1,16,26,3,10,1,1,B03,7,8,1,8,2,5,  ,26,26,1,21,8,B03,24.076447,120.643224,2
2018,11,6,7,50,臺中市,北屯區,0,0,,,,,,,,,,,,,,,,,,,,,,,,,B03,,,1,,2,,,23,,1,22,,B03,24.194695,120.68291,3
2018,11,6,7,50,臺中市,北屯區,0,0,0,8,,,50,,,,,,,,,,,,,,,23,  ,  ,  ,  ,B03,  ,  ,1,10,2,  ,  ,23,23,  ,21,  ,B03,24.166191,120.69224,3
2018,11,6,7,50,臺中市,霧峰區,0,2,0,8,1,7,50,14,9,1,5,4,5,7,4,4,5,4,5,1,13,23,2,8,1,1,C03,7,9,1,10,2,11,  ,23,23,1,12,8,C03,24.078432,120.719225,2
2018,11,6,7,51,臺中市,潭子區,0,2,0,8,1,5,50,4,1,1,5,4,5,7,4,4,10,5,5,2,15,6,2,9,1,1,C03,7,9,1,10,2,14,  ,6,6,1,22,8,C03,24.207878,120.701567,2
2018,11,6,7,53,臺中市,新社區,0,0,0,8,,,40,,,,,,,,,,,,,,,17,  ,  ,  ,  ,B12,  ,  ,1,  ,2,  ,  ,17,17,1,22,  ,B12,24.242191,120.808243,3
2018,11,6,7,54,臺中市,龍井區,0,1,0,8,1,5,50,3,1,1,5,4,5,7,3,1,10,5,5,2,12,43,2,8,1,1,C03,7,5,1,10,2,12,  ,43,43,1,5,1,C03,24.209065,120.548276,2
2018,11,6,7,55,臺中市,西屯區,0,0,0,8,1,5,50,,,,,,,,,,,,,,,16,  ,  ,  ,  ,B03,  ,  ,1,  ,2,1,  ,16,16,1,22,  ,B03,24.195759,120.65805,3
2018,11,6,7,56,臺中市,西屯區,0,1,0,8,1,5,50,14,9,1,5,4,5,7,4,4,1,4,5,2,17,6,3,10,1,1,B03,7,6,1,8,2,5,  ,6,6,1,21,8,B03,24.157724,120.646795,2
2018,11,6,7,56,臺中市,太平區,0,2,0,8,1,5,30,4,1,1,5,4,1,7,4,4,10,5,5,2,16,6,2,9,1,1,C03,7,5,1,10,2,12,  ,6,6,1,21,8,C03,24.111486,120.730531,2
2018,11,6,7,59,臺中市,霧峰區,0,1,0,8,1,5,40,14,9,1,5,4,5,7,4,4,5,2,5,1,17,23,2,9,1,1,C03,7,9,1,10,2,15,  ,23,23,1,22,9,C03,24.076366,120.675733,2
2018,11,6,8,2,臺中市,南區,0,0,0,,,,,,,,,,,,,,,,,,,12,3,  ,  ,  ,B03,  ,  ,1,  ,2,  ,  ,12,12,1,22,  ,B03,24.115496,120.665468,3
2018,11,6,8,7,臺中市,潭子區,0,2,0,8,1,5,80,14,9,1,5,4,5,7,4,4,8,3,4,1,13,16,3,10,1,1,B03,7,9,1,8,2,1,  ,16,16,1,21,8,B03,24.200581,120.705915,2
2018,11,6,8,8,臺中市,西屯區,0,1,0,8,1,5,40,11,9,1,5,4,5,7,4,4,10,5,5,2,13,43,2,9,3,4,C03,7,9,1,10,2,11,  ,43,43,1,22,8,C03,24.176333,120.628493,2
2018,11,6,8,8,臺中市,大雅區,0,1,0,8,1,5,50,5,1,1,5,4,5,7,1,1,5,4,5,1,17,8,3,10,1,1,B03,7,5,1,8,2,1,  ,8,8,1,22,9,B03,24.227361,120.650676,2
2018,11,6,8,9,臺中市,沙鹿區,0,1,0,8,1,5,50,3,2,1,5,4,5,7,4,4,1,4,4,2,16,10,3,10,1,1,B03,7,11,1,8,2,2,  ,10,10,1,4,8,B03,24.238372,120.560038,2
2018,11,6,8,10,臺中市,南屯區,0,0,0,8,1,5,50,14,7,1,5,4,5,7,4,4,1,4,1,2,13,23,3,10,1,1,B03,7,9,1,8,2,1,1,23,23,1,5,1,B03,24.137167,120.64753,3
2018,11,6,8,10,臺中市,烏日區,0,0,,8,,,50,,,,,,,,,,,,,,,,,,,,B12,,,1,,2,,,12,,1,22,,B12,24.11055,120.626045,3
2018,11,6,8,12,臺中市,北屯區,0,0,,8,,,50,,,,,,,,,,,,,,,,,,,,B03,,,1,,2,,,1,,1,21,,B03,24.192213,120.6603,3
2018,11,6,8,14,臺中市,大里區,0,2,0,8,1,5,60,3,1,1,5,4,5,7,1,1,10,5,5,2,16,25,2,9,1,1,C03,7,1,2,18,2,14,  ,25,25,1,16,8,C03,24.10917,120.661448,2
2018,11,6,8,20,臺中市,東區,0,1,0,8,1,5,50,4,1,1,5,4,5,7,1,1,10,5,5,2,16,9,3,10,1,1,B01,7,6,1,4,2,2,  ,9,9,1,21,8,B01,24.125321,120.701564,2
2018,11,6,8,25,臺中市,北屯區,0,1,0,8,1,5,50,14,9,1,5,4,5,7,1,1,5,5,5,2,18,26,3,10,1,1,C03,7,11,1,10,2,15,  ,26,26,1,21,8,C03,24.182911,120.694084,2
2018,11,6,8,27,臺中市,西屯區,0,1,0,8,1,5,50,3,1,1,5,4,5,7,4,4,10,5,5,2,16,6,2,9,1,1,C04,7,5,1,10,2,11,  ,6,6,1,21,8,C04,24.170144,120.636254,2
2018,11,6,8,27,臺中市,西屯區,0,0,0,8,1,5,40,,,,,,,,,,,,,,,43,  ,  ,  ,  ,   ,  ,  ,7,  ,11,15,  ,43,43,1,  ,  ,   ,24.183545,120.606751,3
2018,11,6,8,27,臺中市,清水區,0,1,0,8,1,5,40,4,1,1,5,4,5,7,4,4,10,5,5,2,15,6,2,9,1,1,B03,7,9,1,8,2,2,  ,6,6,1,12,8,B03,24.273283,120.553388,2