年,月,日,時,分,縣市,區,死,受傷,2-30,天候,光線,道路類別,速限,道路型態,事故位置,路面鋪裝,路面狀態,路面缺陷,障礙物,視距,號誌種類,號誌動作,分向設施,快車道或一般車道間,快慢車道間,路面邊線,事故類型及型態,主要肇因,受傷程度,主要傷處,保護裝備,行動電話,當事者區分_類別,車輛用途,當事者行動狀態,駕駛資格情形,駕駛執照種類,飲酒情形,車輛撞擊部位最初,車輛撞擊部位其他,肇事因素個別,肇事因素主要,肇事逃逸,職業,旅次目的,車種,GPS座標_緯度,GPS座標_經度,事故類別
2018,11,6,8,28,臺中市,北屯區,0,1,0,8,1,5,50,4,1,1,5,4,5,7,4,4,5,5,4,2,16,6,2,9,1,1,C03,7,9,1,10,2,11,  ,14,6,1,22,8,C03,24.166953,120.686112,2
2018,11,6,8,29,臺中市,大雅區,0,1,0,8,1,5,40,11,9,1,5,4,5,7,4,4,10,5,5,1,11,1,2,7,1,1,C03,7,4,1,10,2,11,  ,1,1,1,22,9,C03,24.211885,120.651308,2
2018,11,6,8,30,臺中市,西屯區,0,2,0,8,1,5,40,4,1,1,5,4,5,7,4,4,9,5,5,2,16,6,2,9,3,4,C03,7,5,1,10,2,11,  ,6,6,1,22,8,C03,24.165181,120.6574,2
2018,11,6,8,32,臺中市,南屯區,0,0,,8,,,50,,,,,,,,,,,,,,,,,,,,B03,,,1,,2,,,23,,1,  ,,B03,24.136391,120.646548,4
2018,11,6,8,37,臺中市,太平區,0,1,0,8,1,5,50,3,1,1,5,4,5,7,1,1,10,5,5,2,16,9,3,10,1,1,A12,7,6,1,7,2,2,  ,9,9,1,10,8,A12,24.125833,120.713333,2
2018,11,6,8,38,臺中市,北區,0,1,0,8,1,5,50,4,2,1,5,4,5,7,1,1,10,5,5,2,16,43,2,9,3,4,C03,7,21,1,10,2,11,  ,43,43,1,22,8,C03,24.15964,120.676491,2
2018,11,6,8,40,臺中市,南屯區,0,1,0,8,1,5,40,4,2,1,5,4,5,7,1,1,10,5,5,2,16,26,2,9,1,4,C03,7,9,1,10,2,12,  ,26,26,1,22,8,C03,24.14503,120.622501,2
2018,11,6,8,45,臺中市,南屯區,0,0,,8,,,50,,,,,,,,,,,,,,,,,,,,B02,,,1,,2,,,43,,1,  ,,B02,24.143447,120.650476,3
2018,11,6,8,45,臺中市,西屯區,0,0,0,8,1,5,60,,,,,,,,,,,,,,,16,  ,  ,  ,  ,B03,  ,  ,1,  ,2,1,  ,16,16,1,22,  ,B03,24.163732,120.647723,3
2018,11,6,8,46,臺中市,潭子區,0,0,,8,1,8,80,14,7,1,5,4,5,7,4,4,3,3,5,1,13,,,,,,B03,,,1,,2,,,23,,1,22,,B03,24.197828,120.71785,3
2018,11,6,8,50,臺中市,北屯區,0,0,,8,,,50,,,,,,,,,,,,,,,23,,,,,B11,,,1,,2,,,44,23,1,  ,,B11,24.164888,120.694764,3
2018,11,6,8,50,臺中市,潭子區,0,1,0,8,1,5,40,4,1,1,5,4,5,7,4,4,10,5,5,2,15,6,3,10,1,1,B03,7,9,1,8,2,1,  ,6,6,1,22,8,B03,24.210158,120.7018,2
2018,11,6,8,52,臺中市,西屯區,0,1,0,8,1,5,50,14,9,1,5,4,5,7,4,4,10,4,5,2,17,6,3,10,1,1,B03,7,6,1,8,2,5,  ,6,6,1,21,8,B03,24.191913,120.606378,2
2018,11,6,8,54,臺中市,太平區,0,2,0,8,1,5,50,3,1,1,5,4,5,7,2,1,10,5,5,2,16,42,2,7,3,4,C03,7,6,1,10,2,12,  ,42,42,1,19,8,C03,24.155995,120.733659,2
2018,11,6,9,0,臺中市,東區,0,0,,8,,,40,,,,,,,,,,,,,,,,,,,,B03,,,1,,2,,,23,,2,22,,B03,24.144326,120.708734,3
2018,11,6,9,3,臺中市,北區,0,1,0,8,1,5,50,5,1,1,5,4,5,7,1,1,10,5,5,2,16,26,3,10,1,1,B03,7,6,1,8,2,5,  ,26,26,1,22,8,B03,24.15477,120.68615,2
2018,11,6,9,6,臺中市,沙鹿區,0,0,0,8,,,50,,,,,,,,,,,,,,,26,  ,  ,  ,  ,B03,  ,  ,1,  ,2,  ,  ,26,26,  ,  ,  ,B03,24.23432,120.560368,3
2018,11,6,9,14,臺中市,潭子區,0,1,0,8,1,5,50,14,9,1,5,4,5,7,4,4,9,5,5,1,12,26,2,9,1,1,C03,7,11,1,10,2,14,  ,26,26,1,21,8,C03,24.213606,120.707015,2
2018,11,6,9,19,臺中市,沙鹿區,0,0,,8,,,50,,,,,,,,,,,,,,,,,,,,B03,,,1,,2,,,7,,1,5,,B03,24.234311,120.560532,3
2018,11,6,9,20,臺中市,北屯區,0,2,0,8,1,5,40,4,1,1,5,4,5,7,1,1,10,5,5,2,16,6,2,9,1,1,C03,7,6,1,10,2,14,  ,6,6,1,22,8,C03,24.180046,120.719228,2
2018,11,6,9,21,臺中市,南區,0,1,0,8,1,5,50,4,2,1,5,4,5,7,1,1,5,2,4,2,17,26,2,9,1,1,C03,7,5,1,10,2,11,  ,26,26,1,21,8,C03,24.114983,120.670425,2
2018,11,6,9,21,臺中市,西屯區,0,0,0,8,,,40,,,,,,,,,,,,,,,18,  ,  ,  ,  ,B12,  ,  ,1,  ,2,  ,  ,18,18,1,21,  ,B12,24.165975,120.633483,3
2018,11,6,9,25,臺中市,南屯區,0,0,0,8,1,5,50,14,9,1,5,4,5,7,4,4,5,4,5,2,17,23,3,10,1,1,B03,7,6,1,8,2,2,2,23,23,1,5,7,B03,24.139365,120.620935,3
2018,11,6,9,26,臺中市,西屯區,0,0,0,8,,,50,,,,,,,,,,,,,,,43,  ,  ,  ,  ,B03,  ,  ,1,  ,9,  ,  ,43,43,  ,  ,  ,B03,24.16803,120.646241,3
2018,11,6,9,26,臺中市,大里區,0,1,0,8,1,5,50,15,8,1,5,4,5,7,4,4,9,4,4,1,17,44,2,9,1,1,C03,7,9,3,18,11,11,  ,44,44,1,22,9,C03,24.114893,120.677326,2
2018,11,6,9,29,臺中市,大里區,0,0,,8,,,50,,,,,,,,,,,,,,,,,,,,B03,,,1,,2,,,42,,1,5,,B03,24.098703,120.694413,3
2018,11,6,9,30,臺中市,大里區,0,0,,8,,,50,,,,,,,,,,,,,,,,,,,,B12,,,1,,2,,,7,,1,22,,B12,24.080108,120.698305,3
2018,11,6,9,34,臺中市,大里區,0,1,0,8,1,5,50,4,1,1,5,4,5,7,1,1,10,5,5,2,12,17,3,10,1,1,C03,7,9,1,10,2,14,  ,17,17,1,21,8,C03,24.102856,120.675566,2
2018,11,6,9,39,臺中市,南區,0,1,0,8,1,5,50,4,2,1,5,4,5,7,1,1,10,5,5,2,16,25,2,9,1,1,C03,7,6,3,18,2,14,  ,25,25,1,22,9,C03,24.116826,120.660353,2
2018,11,6,9,40,臺中市,東區,0,2,0,8,1,5,50,5,4,1,5,4,5,7,1,1,5,2,4,2,13,23,2,9,1,1,C03,7,9,1,10,2,11,  ,23,23,1,21,8,C03,24.147948,120.699352,2
2018,11,6,9,45,臺中市,西屯區,0,0,,8,,,50,,,,,,,,,,,,,,,7,,,,,B03,,,1,,2,,,7,7,1,22,,B03,24.165104,120.657491,3
2018,11,6,9,45,臺中市,大雅區,0,1,0,8,1,5,50,14,13,1,5,4,5,7,4,4,1,4,5,1,13,23,2,9,1,1,C03,7,9,1,10,2,11,  ,23,23,1,22,9,C03,24.236396,120.665653,2
2018,11,6,9,46,臺中市,北區,0,0,0,8,,,50,,,,,,,,,,,,,,,12,  ,  ,  ,  ,B12,  ,  ,1,8,2,  ,  ,12,12,1,  ,  ,B12,24.156887,120.689512,3
2018,11,6,9,47,臺中市,中區,0,1,0,8,1,5,50,3,1,1,5,4,5,7,4,4,10,5,5,2,18,42,2,9,1,1,C03,7,5,1,10,2,14,  ,42,42,1,21,8,C03,24.141533,120.685303,2
2018,11,6,9,47,臺中市,東勢區,0,0,0,8,,,60,,,,,,,,,,,,,,,7,  ,  ,  ,  ,B02,  ,  ,1,  ,2,  ,  ,7,7,1,22,  ,B02,24.27473,120.78362,3
2018,11,6,9,47,臺中市,東勢區,0,0,0,8,,,60,,,,,,,,,,,,,,,7,  ,  ,  ,  ,B02,  ,  ,1,  ,2,  ,  ,7,7,1,22,  ,B02,,,3
2018,11,6,9,50,臺中市,西屯區,0,1,0,8,1,5,50,4,1,1,5,4,5,7,1,1,10,5,5,2,17,6,3,10,1,1,B03,7,5,1,8,2,5,  ,6,6,1,21,8,B03,24.179883,120.624914,2
2018,11,6,9,50,臺中市,西屯區,0,0,0,8,1,5,40,,,,,,,,,,,,,,,12,  ,  ,  ,  ,B03,  ,  ,1,  ,2,3,  ,12,12,1,22,  ,B03,24.176202,120.663548,3
2018,11,6,9,52,臺中市,西屯區,0,1,0,8,1,5,40,3,2,1,5,4,5,7,4,4,10,5,5,2,17,42,2,8,3,4,C03,7,9,1,10,2,15,  ,42,42,1,22,8,C03,24.202923,120.649549,2
2018,11,6,9,56,臺中市,南區,0,1,0,8,1,5,50,4,1,1,5,4,5,7,3,1,10,5,5,2,15,6,2,9,1,1,C03,7,9,1,10,2,11,  ,6,6,1,21,8,C03,24.120886,120.670747,2
2018,11,6,9,58,臺中市,南屯區,0,2,0,8,1,5,50,3,1,1,5,4,5,7,4,4,10,5,5,2,16,6,3,10,1,1,C03,7,5,1,10,2,12,  ,6,6,1,22,8,C03,24.138454,120.610506,2
2018,11,6,10,14,臺中市,潭子區,0,0,,8,,,50,,,,,,,,,,,,,,,,,,,,B03,,,1,,2,,,23,,1,22,,B03,24.213131,120.722663,3
2018,11,6,10,17,臺中市,沙鹿區,0,1,0,8,1,5,50,14,7,1,5,4,5,7,4,4,1,4,4,2,16,6,3,10,1,1,B03,7,11,1,8,2,2,  ,6,6,1,20,8,B03,24.232961,120.564385,2
2018,11,6,10,22,臺中市,西屯區,0,0,,8,,,40,,,,,,,,,,,,,,,,,,,,B03,,,1,,2,,,23,,1,22,,B03,24.156699,120.650191,3
2018,11,6,10,28,臺中市,南屯區,0,1,0,8,1,5,50,4,1,1,5,4,5,7,4,4,10,5,5,2,15,6,3,10,1,1,C03,7,9,1,10,2,14,  ,6,6,1,22,8,C03,24.138959,120.612766,2
2018,11,6,10,30,臺中市,北區,0,0,0,8,,,50,,,,,,,,,,,,,,,23,  ,  ,  ,  ,B03,  ,  ,1,8,2,  ,  ,23,23,1,  ,  ,B03,24.164959,120.673927,3
2018,11,6,10,30,臺中市,龍井區,0,1,0,8,1,5,50,14,7,1,5,4,5,7,4,4,1,4,4,2,18,43,2,9,1,1,C03,7,9,3,18,2,14,  ,43,43,1,12,8,C03,24.196901,120.546471,2
2018,11,6,10,40,臺中市,神岡區,0,0,0,8,,,40,,,,,,,,,,,,,,,6,  ,  ,  ,  ,B12,  ,  ,1,  ,2,  ,  ,6,6,1,21,  ,B12,24.25084,120.673323,3
2018,11,6,10,42,臺中市,大里區,0,1,0,8,1,5,50,14,8,1,5,4,5,7,4,4,5,4,5,1,13,16,2,9,1,1,C03,7,9,1,10,2,11,  ,16,16,1,22,9,C03,24.111178,120.709044,2
2018,11,6,10,50,臺中市,霧峰區,0,1,0,8,1,5,50,14,12,1,5,4,5,7,4,4,5,4,4,1,17,23,2,3,1,1,C03,7,9,1,10,2,11,  ,23,23,1,22,5,C03,24.065425,120.698726,2
2018,11,6,10,51,臺中市,西屯區,0,0,0,8,,,50,,,,,,,,,,,,,,,6,  ,  ,  ,  ,B02,  ,  ,1,  ,2,  ,  ,6,6,1,  ,  ,B02,24.171198,120.647513,3
2018,11,6,10,52,臺中市,龍井區,0,1,0,8,1,5,40,14,9,1,5,4,5,7,4,4,10,5,5,2,12,23,2,8,1,1,C03,7,9,1,10,2,11,  ,23,23,1,12,8,C03,24.198293,120.547376,2
2018,11,6,11,0,臺中市,大里區,0,0,0,8,1,5,50,14,7,1,5,4,5,7,4,4,1,4,4,1,12,7,3,10,1,1,B11,7,7,1,3,2,2,  ,7,7,1,10,8,B11,24.082527,120.697707,3
2018,11,6,11,2,臺中市,南區,0,1,0,8,1,5,50,3,1,1,5,4,5,7,4,4,10,5,5,2,17,1,3,10,1,1,B03,7,15,1,8,2,2,  ,1,1,1,22,8,B03,24.128819,120.667297,2
2018,11,6,11,9,臺中市,大里區,0,0,,8,,,50,,,,,,,,,,,,,,,,,,,,B12,,,1,,11,,,12,,1,9,,B12,24.106328,120.697696,3
2018,11,6,11,11,臺中市,沙鹿區,0,0,,8,,,50,,,,,,,,,,,,,,,,,,,,B12,,,1,,2,,,12,,1,10,,B12,24.230702,120.565329,3
2018,11,6,11,15,臺中市,龍井區,0,0,,8,,,50,,,,,,,,,,,,,,,,,,,,B12,,,1,,2,,,40,,1,10,,B12,24.182622,120.598863,3
2018,11,6,11,16,臺中市,烏日區,0,1,0,8,1,5,50,4,1,1,5,4,5,7,1,3,5,4,4,2,15,26,3,10,1,1,B03,7,9,1,8,2,8,  ,26,26,1,21,8,B03,24.10173,120.621869,2
2018,11,6,11,18,臺中市,東區,0,0,,8,,,40,,,,,,,,,,,,,,,,,,,,B12,,,1,,2,,,9,,1,  ,,B12,24.125575,120.703636,3
2018,11,6,11,21,臺中市,沙鹿區,0,1,0,8,1,5,40,7,11,1,5,4,5,7,4,4,1,4,5,2,12,43,3,10,1,1,C03,7,9,6,18,2,12,  ,43,43,1,20,8,C03,24.241847,120.558824,2
2018,11,6,11,24,臺中市,東勢區,0,1,0,8,1,5,50,14,9,1,5,4,5,7,4,4,5,4,5,1,18,21,2,9,1,1,C03,7,9,6,18,8,11,  ,21,21,1,22,8,C03,24.201659,120.8397,2
2018,11,6,11,25,臺中市,北區,0,1,0,8,1,5,50,14,9,1,5,4,5,7,4,4,1,4,5,2,27,66,  ,  ,  ,  ,   ,  ,  ,  ,  ,  ,  ,  ,66,66,1,  ,  ,   ,24.165226,120.669231,2
2018,11,6,11,27,臺中市,西屯區,0,2,0,8,1,5,50,4,1,1,5,4,5,7,1,1,10,5,5,2,17,6,2,9,1,1,C03,7,6,1,10,2,13,  ,6,6,1,21,8,C03,24.172773,120.64631,2
2018,11,6,11,35,臺中市,沙鹿區,0,0,0,8,,,50,,,,,,,,,,,,,,,12,  ,  ,  ,  ,A11,  ,  ,1,  ,2,  ,  ,12,12,  ,  ,  ,A11,24.203671,120.572055,3
2018,11,6,11,52,臺中市,北區,0,1,0,8,1,5,50,3,1,1,5,4,5,7,1,1,10,5,5,2,16,7,3,10,1,1,B03,7,10,1,8,2,5,  ,7,7,1,22,8,B03,24.149878,120.684085,2
2018,11,6,12,2,臺中市,沙鹿區,0,1,0,8,1,5,50,3,1,1,5,4,5,7,1,1,10,5,5,2,16,6,3,10,1,1,B03,7,5,1,8,2,2,  ,6,6,1,21,8,B03,24.21724,120.570411,2
2018,11,6,12,9,臺中市,南屯區,0,0,,8,,,50,,,,,,,,,,,,,,,,,,,,B12,,,1,,2,,,12,,1,  ,,B12,24.150918,120.646975,3
2018,11,6,12,14,臺中市,太平區,0,2,0,8,1,5,50,14,7,1,5,4,5,7,4,4,5,4,4,1,17,26,2,7,1,1,C03,7,9,1,10,2,11,  ,26,26,1,18,8,C03,24.149716,120.725433,2
2018,11,6,12,15,臺中市,梧棲區,0,1,0,8,1,5,50,4,1,1,5,4,5,7,4,4,10,5,5,2,16,6,3,10,1,1,B12,7,6,1,8,2,2,  ,6,6,1,1,8,B12,24.247361,120.532232,2
2018,11,6,12,22,臺中市,龍井區,0,2,0,8,1,5,40,4,1,1,5,4,5,7,2,1,10,5,5,2,12,23,2,7,1,1,C03,7,9,1,10,2,11,  ,23,23,1,21,8,C03,24.183042,120.592585,2
2018,11,6,12,23,臺中市,南屯區,0,0,,8,,,50,,,,,,,,,,,,,,,,,,,,B03,,,1,,2,,,16,,1,5,,B03,24.141363,120.61338,4
2018,11,6,12,27,臺中市,南區,0,2,0,8,1,5,50,4,1,1,5,4,5,7,1,1,10,5,5,2,3,25,2,9,4,5,H01,8,16,8,20,10,16,  ,52,25,1,21,8,H01,24.116747,120.65123,2
2018,11,6,12,43,臺中市,西屯區,0,0,,8,,,40,,,,,,,,,,,,,,,,,,,,B03,,,1,,2,,,23,,1,22,,B03,24.179865,120.638861,3
2018,11,6,12,44,臺中市,西屯區,0,0,0,8,1,5,40,,,,,,,,,,,,,,,42,  ,  ,  ,  ,A12,  ,  ,1,  ,2,4,  ,42,42,1,22,  ,A12,24.164915,120.654107,3
2018,11,6,12,50,臺中市,太平區,0,1,0,8,1,5,50,14,11,1,5,4,5,7,4,4,5,5,4,2,16,10,3,10,1,1,B03,7,11,1,8,2,7,  ,10,10,1,5,8,B03,24.149421,120.714036,2
2018,11,6,12,56,臺中市,南屯區,0,0,,8,,,50,,,,,,,,,,,,,,,,,,,,B02,,,1,,2,,,23,,1,  ,,B02,24.115253,120.620695,4
2018,11,6,13,21,臺中市,大雅區,0,0,,8,,,40,,,,,,,,,,,,,,,,,,,,B12,,,1,,2,,,23,,1,  ,,B12,24.212386,120.65375,3
2018,11,6,13,23,臺中市,太平區,0,1,0,8,1,5,50,4,1,1,5,4,5,7,2,1,10,5,5,2,15,25,3,10,3,4,B03,7,9,1,8,2,8,  ,25,25,1,5,8,B03,24.144439,120.712765,2
2018,11,6,13,26,臺中市,烏日區,0,0,,8,,,60,,,,,,,,,,,,,,,,,,,,B12,,,1,,2,,,37,,1,22,,B12,24.075125,120.642669,3
2018,11,6,13,33,臺中市,南屯區,0,0,,8,,,50,,,,,,,,,,,,,,,,,,,,B03,,,1,,2,,,23,,1,22,,B03,24.128626,120.6529,3
2018,11,6,13,36,臺中市,北屯區,0,1,0,8,1,5,50,4,1,1,5,4,5,7,1,1,10,5,5,2,16,43,2,9,1,1,C03,7,9,1,10,2,14,  ,43,43,1,5,8,C03,24.18164,120.682175,2
2018,11,6,13,40,臺中市,霧峰區,0,0,,8,,,40,,,,,,,,,,,,,,,,,,,,B12,,,1,,2,,,42,,1,22,,B12,24.059748,120.662585,3
2018,11,6,13,45,臺中市,西屯區,0,1,0,8,1,5,50,4,1,1,5,4,5,7,1,1,10,5,5,2,17,6,3,10,1,1,B03,7,6,1,8,2,2,  ,6,6,1,21,8,B03,24.163313,120.662638,2
2018,11,6,13,48,臺中市,霧峰區,0,2,0,8,1,5,40,3,1,1,5,4,5,7,3,1,10,5,5,2,16,6,3,10,1,1,B03,7,6,1,8,2,2,  ,6,6,1,5,8,B03,24.060791,120.668032,2
2018,11,6,13,51,臺中市,南屯區,0,0,,8,,,50,,,,,,,,,,,,,,,,,,,,B03,,,1,,2,,,16,,1,  ,,B03,24.14463,120.639176,3
2018,11,6,13,51,臺中市,沙鹿區,0,0,,8,,,60,,,,,,,,,,,,,,,,,,,,B03,,,1,,2,,,23,,1,4,,B03,24.241094,120.560832,3
2018,11,6,13,55,臺中市,北屯區,0,1,0,8,1,5,50,4,1,1,5,4,5,7,2,1,10,5,5,2,16,6,3,10,1,1,B03,7,5,1,8,2,6,  ,6,6,1,21,8,B03,24.165546,120.694669,2
2018,11,6,14,11,臺中市,北區,0,1,0,8,1,5,50,14,7,1,5,4,5,7,4,4,1,4,4,2,16,19,3,10,1,1,B12,7,1,1,8,2,8,  ,19,19,1,22,8,B12,24.154506,120.686381,2
2018,11,6,14,18,臺中市,大里區,0,1,0,8,1,5,50,4,2,1,5,4,5,7,1,1,1,2,4,1,13,23,3,10,1,1,B12,7,9,1,7,2,3,  ,23,23,1,21,8,B12,24.103156,120.685562,2
2018,11,6,14,21,臺中市,梧棲區,0,0,,8,,,40,,,,,,,,,,,,,,,,,,,,B03,,,1,,2,,,6,,1,20,,B03,24.248563,120.552846,3
2018,11,6,14,21,臺中市,沙鹿區,0,2,0,8,1,5,50,3,2,1,5,4,5,7,4,4,9,5,4,2,17,42,2,1,1,1,B12,7,9,1,3,2,5,1,42,42,1,4,8,B12,24.241145,120.577218,2
2018,11,6,14,26,臺中市,西屯區,0,1,0,8,1,5,50,4,1,1,5,4,5,7,4,4,9,4,5,2,12,11,3,10,1,1,B03,7,11,1,8,2,4,  ,11,11,1,21,8,B03,24.159784,120.656183,2
2018,11,6,14,30,臺中市,南屯區,0,0,,8,,,40,,,,,,,,,,,,,,,,,,,,B03,,,1,,1,,,43,,1,20,,B03,24.13956,120.636717,3
2018,11,6,14,31,臺中市,烏日區,0,0,,8,,,40,,,,,,,,,,,,,,,6,,,,,B03,,,1,,2,,,14,6,1,5,,B03,24.055681,120.658097,3
2018,11,6,14,33,臺中市,西屯區,0,0,0,8,,,50,,,,,,,,,,,,,,,6,  ,  ,  ,  ,B03,  ,  ,1,  ,2,  ,  ,6,6,1,  ,  ,B03,24.170931,120.66409,3
2018,11,6,14,33,臺中市,西屯區,0,0,,8,,,50,,,,,,,,,,,,,,,,,,,,C03,,,1,,2,,,7,,1,22,,C03,24.17113,120.636668,3
2018,11,6,14,33,臺中市,清水區,0,0,0,8,,,70,,,,,,,,,,,,,,,23,  ,  ,  ,  ,A41,  ,  ,1,  ,2,  ,  ,23,23,  ,  ,  ,A41,24.277134,120.54845,3
2018,11,6,14,47,臺中市,西屯區,0,1,0,8,1,5,50,14,7,1,5,4,5,7,4,4,9,4,4,2,18,42,2,9,1,1,C03,7,9,1,10,2,12,  ,42,42,1,22,8,C03,24.190464,120.659501,2
2018,11,6,14,49,臺中市,西屯區,0,1,0,8,1,5,50,4,1,1,5,4,5,7,1,1,10,5,5,2,17,6,2,9,1,1,C03,7,5,1,10,2,14,  ,6,6,1,21,8,C03,24.172205,120.645651,2
2018,11,6,15,1,臺中市,北區,0,1,0,8,1,5,50,5,9,1,5,4,5,7,4,4,5,5,5,2,15,6,2,9,1,1,C03,7,9,1,10,2,12,  ,6,6,1,5,8,C03,24.150935,120.6754,2
2018,11,6,15,2,臺中市,大雅區,0,0,,8,,,40,,,,,,,,,,,,,,,,,,,,B03,,,1,,2,,,6,,1,  ,,B03,24.21465,120.639597,3
2018,11,6,15,6,臺中市,潭子區,0,2,0,8,1,5,50,4,2,1,5,4,5,7,1,1,10,5,5,2,13,16,2,7,1,1,C03,7,9,6,18,2,11,  ,16,16,1,22,8,C03,24.211275,120.707158,2
2018,11,6,15,10,臺中市,清水區,0,0,,8,,,50,,,,,,,,,,,,,,,,,,,,B03,,,1,,2,,,23,,1,  ,,B03,24.2715353,120.5764255,3
2018,11,6,15,19,臺中市,西屯區,0,1,0,8,1,5,50,4,1,1,5,4,5,7,1,1,5,5,5,2,12,42,3,10,1,1,C03,7,6,1,10,2,13,  ,42,42,1,22,8,C03,24.174892,120.646848,2
2018,11,6,15,20,臺中市,南屯區,0,0,,8,,,50,,,,,,,,,,,,,,,,,,,,B03,,,1,,2,,,10,,1,22,,B03,24.149903,120.648863,3
2018,11,6,15,26,臺中市,北屯區,0,0,,8,,,40,,,,,,,,,,,,,,,,,,,,A12,,,1,,2,,,23,,1,5,,A12,24.202666,120.675785,3
2018,11,6,15,28,臺中市,龍井區,0,2,0,8,1,5,50,4,1,1,5,4,5,7,2,1,10,5,5,2,11,6,2,7,1,1,C03,7,5,1,10,2,12,  ,6,6,1,21,8,C03,24.181674,120.583555,2
2018,11,6,15,40,臺中市,西區,0,0,0,8,,,50,,,,,,,,,,,,,,,23,3,  ,  ,  ,B03,  ,  ,1,8,2,1,  ,23,23,1,21,8,B03,24.135513,120.673267,3
2018,11,6,15,40,臺中市,大肚區,0,0,,8,,,30,,,,,,,,,,,,,,,,,,,,B03,,,1,,2,,,26,,1,  ,,B03,24.156816,120.565461,3
2018,11,6,15,50,臺中市,太平區,0,1,0,8,1,5,30,11,9,1,5,4,5,7,4,4,4,5,5,1,11,13,2,9,1,1,C03,7,9,1,10,2,12,  ,13,13,1,18,8,C03,24.10526,120.774768,2
2018,11,6,15,55,臺中市,潭子區,0,1,0,8,1,5,60,14,12,1,5,4,5,7,4,4,1,4,4,1,17,40,3,10,1,1,B03,7,15,1,8,2,4,  ,40,40,1,22,9,B03,24.208057,120.705114,2
2018,11,6,15,58,臺中市,北屯區,0,2,0,8,1,5,50,4,1,1,5,4,5,7,4,4,10,5,5,2,16,26,2,9,1,1,C03,7,9,1,10,2,11,  ,26,26,1,21,8,C03,24.164861,120.693495,2
2018,11,6,16,5,臺中市,清水區,0,0,,8,,,50,,,,,,,,,,,,,,,,,,,,B03,,,1,,2,,,23,,1,  ,,B03,24.262261,120.572556,3
2018,11,6,16,6,臺中市,大肚區,0,0,,8,1,5,50,14,9,1,5,4,5,7,4,4,5,4,5,1,16,,,,,,B03,,,1,,2,,,10,,1,20,,B03,24.159999,120.54428,3
2018,11,6,16,8,臺中市,西屯區,0,2,0,8,1,5,50,4,1,1,5,4,5,7,1,1,5,5,4,2,16,43,2,5,1,1,C03,7,9,1,10,2,12,  ,43,43,1,21,8,C03,24.171855,120.666465,2
2018,11,6,16,12,臺中市,南屯區,0,1,0,8,1,5,40,4,8,1,5,4,5,7,1,1,5,5,4,2,13,16,3,10,1,1,C03,7,9,1,10,2,11,  ,16,16,1,22,8,C03,24.139797,120.638221,2
2018,11,6,16,12,臺中市,沙鹿區,0,1,0,8,2,5,50,3,2,1,5,2,5,7,4,4,5,4,4,1,18,23,2,9,1,1,C03,7,9,1,10,2,12,  ,23,23,1,18,8,C03,24.218837,120.574606,2
2018,11,6,16,14,臺中市,西屯區,0,0,,8,,,50,,,,,,,,,,,,,,,,,,,,B03,,,1,,2,,,23,,1,22,,B03,24.159464,120.627558,3
2018,11,6,16,20,臺中市,石岡區,0,1,0,8,1,5,40,12,9,1,5,4,5,7,4,4,5,5,5,1,18,23,2,9,1,1,C03,7,9,3,18,2,12,14,23,23,1,22,8,C03,24.276985,120.778264,2
2018,11,6,16,26,臺中市,北屯區,0,0,0,8,,,50,,,,,,,,,,,,,,,25,  ,  ,  ,  ,B12,  ,  ,1,  ,2,  ,  ,25,25,1,11,  ,B12,24.201583,120.690458,3
2018,11,6,16,27,臺中市,沙鹿區,0,0,0,8,,,50,,,,,,,,,,,,,,,23,  ,  ,  ,  ,B12,  ,  ,1,  ,2,  ,  ,23,23,  ,  ,  ,B12,24.24894,120.564739,3
2018,11,6,16,30,臺中市,大里區,0,0,,8,,,40,,,,,,,,,,,,,,,,,,,,B03,,,1,,11,,,44,,1,11,,B03,24.086021,120.706097,3
2018,11,6,16,30,臺中市,太平區,0,0,,8,,,40,,,,,,,,,,,,,,,,,,,,B03,,,1,,2,,,12,,1,  ,,B03,24.148055,120.721111,3
2018,11,6,16,40,臺中市,潭子區,0,0,0,8,,,40,,,,,,,,,,,,,,,19,  ,  ,  ,  ,B12,  ,  ,1,  ,2,  ,  ,19,19,1,22,  ,B12,24.231236,120.708474,3
2018,11,6,16,47,臺中市,大里區,0,2,0,8,1,5,50,3,1,1,5,4,5,7,4,4,10,5,5,1,12,42,2,9,4,5,F01,7,5,8,20,2,16,  ,42,42,1,20,9,F01,24.104861,120.666336,2
2018,11,6,16,48,臺中市,大雅區,0,0,,8,,,50,,,,,,,,,,,,,,,,,,,,A12,,,1,,2,,,23,,1,  ,,A12,24.215757,120.672779,3
2018,11,6,16,55,臺中市,南區,0,1,0,8,1,5,50,14,7,1,5,4,5,7,4,4,5,4,4,2,16,10,3,10,1,1,B12,7,11,1,8,2,4,  ,10,10,1,22,8,B12,24.122316,120.682576,2
2018,11,6,17,2,臺中市,北區,0,1,0,8,1,5,50,4,2,1,5,4,5,7,1,1,5,5,4,2,12,8,2,9,3,4,C03,7,5,1,10,2,14,  ,8,8,1,22,8,C03,24.148576,120.678165,2
2018,11,6,17,13,臺中市,大雅區,0,0,,8,,,50,,,,,,,,,,,,,,,,,,,,B03,,,1,,2,,,7,,1,  ,,B03,24.214344,120.6497,3