年,月,日,時,分,縣市,區,死,受傷,2-30,天候,光線,道路類別,速限,道路型態,事故位置,路面鋪裝,路面狀態,路面缺陷,障礙物,視距,號誌種類,號誌動作,分向設施,快車道或一般車道間,快慢車道間,路面邊線,事故類型及型態,主要肇因,受傷程度,主要傷處,保護裝備,行動電話,當事者區分_類別,車輛用途,當事者行動狀態,駕駛資格情形,駕駛執照種類,飲酒情形,車輛撞擊部位最初,車輛撞擊部位其他,肇事因素個別,肇事因素主要,肇事逃逸,職業,旅次目的,車種,GPS座標_緯度,GPS座標_經度,事故類別
2018,11,6,17,16,臺中市,西屯區,0,1,0,8,3,5,40,3,1,1,5,4,5,6,4,4,10,5,5,2,16,43,2,9,1,1,C03,7,9,1,10,2,12,  ,43,43,1,18,8,C03,24.174953,120.647233,2
2018,11,6,17,18,臺中市,西屯區,0,0,,8,,,50,,,,,,,,,,,,,,,,,,,,B03,,,1,,2,,,23,,1,22,,B03,24.194055,120.648844,3
2018,11,6,17,19,臺中市,北屯區,0,1,0,8,1,5,50,4,1,1,5,4,5,7,1,1,10,5,5,2,16,6,3,10,1,1,C03,7,5,1,10,2,11,  ,6,6,1,21,8,C03,24.1696,120.704748,2
2018,11,6,17,20,臺中市,大里區,0,1,0,8,1,5,50,14,7,1,5,4,5,7,4,4,5,4,4,1,18,42,2,9,1,1,C03,7,9,1,10,2,11,  ,42,42,1,4,5,C03,24.110189,120.689158,2
2018,11,6,17,23,臺中市,清水區,0,0,,8,,,70,,,,,,,,,,,,,,,,,,,,B03,,,1,,2,,,17,,1,  ,,B03,24.303901,120.589873,3
2018,11,6,17,28,臺中市,北屯區,0,0,,8,,,50,,,,,,,,,,,,,,,,,,,,B03,,,1,,2,,,23,,1,5,,B03,24.201288,120.687351,3
2018,11,6,17,29,臺中市,北區,0,2,0,8,2,5,50,3,2,1,5,4,5,7,4,4,5,2,5,2,16,6,2,7,1,1,C03,7,5,1,10,2,13,  ,6,6,1,22,8,C03,24.155772,120.690027,2
2018,11,6,17,29,臺中市,西屯區,0,0,,8,,,40,,,,,,,,,,,,,,,,,,,,A12,,,1,,2,,,17,,1,  ,,A12,24.169561,120.658906,3
2018,11,6,17,30,臺中市,沙鹿區,0,0,,8,,,60,,,,,,,,,,,,,,,,,,,,B03,,,1,,2,,,6,,1,9,,B03,24.244002,120.614988,3
2018,11,6,17,31,臺中市,南屯區,0,0,0,8,3,5,40,14,7,1,5,4,5,7,4,4,1,4,5,2,13,23,3,10,1,1,B03,7,14,1,8,2,1,  ,23,23,1,22,8,B03,24.153616,120.614153,3
2018,11,6,17,35,臺中市,清水區,0,1,0,8,3,5,40,14,9,1,5,4,5,7,4,4,10,5,5,1,18,43,2,9,1,1,C03,7,9,1,10,2,14,  ,43,43,1,21,8,C03,24.3095,120.560038,2
2018,11,6,17,40,臺中市,大甲區,0,1,0,8,3,5,50,14,9,1,5,4,5,7,4,4,5,5,5,1,17,40,3,10,1,1,B03,7,15,1,8,2,4,  ,40,40,1,22,8,B03,24.350729,120.622738,2
2018,11,6,17,41,臺中市,南屯區,0,0,,8,,,50,,,,,,,,,,,,,,,,,,,,B03,,,1,,2,,,26,,1,22,,B03,24.140373,120.622698,3
2018,11,6,17,48,臺中市,北區,0,0,,8,,,50,,,,,,,,,,,,,,,,,,,,C03,,,1,,2,,,16,,1,22,,C03,24.158123,120.681406,3
2018,11,6,17,48,臺中市,西屯區,0,1,0,8,3,5,40,14,8,1,5,4,5,7,4,4,1,5,1,2,13,23,2,8,3,4,C03,7,9,1,10,2,12,  ,23,23,1,21,8,C03,24.183287,120.605558,2
2018,11,6,17,51,臺中市,大肚區,0,2,0,8,3,5,70,4,1,1,5,4,5,7,1,1,10,5,5,2,15,6,2,9,1,1,C03,7,9,1,10,2,11,  ,6,6,1,3,1,C03,24.14872,120.54992,2
2018,11,6,17,56,臺中市,清水區,0,0,,8,,,40,,,,,,,,,,,,,,,,,,,,B03,,,1,,2,,,12,,1,  ,,B03,24.288326,120.585883,3
2018,11,6,18,0,臺中市,南區,0,0,,8,3,5,50,14,7,1,5,4,5,7,4,4,1,4,4,2,29,,,,,,   ,,,7,,11,,,43,,1,  ,,   ,24.129218,120.657683,3
2018,11,6,18,1,臺中市,北區,0,0,0,8,,,50,,,,,,,,,,,,,,,7,  ,  ,  ,  ,B03,  ,  ,1,  ,2,  ,  ,7,7,1,5,  ,B03,24.163128,120.676239,3
2018,11,6,18,4,臺中市,西區,0,0,,8,,,50,,,,,,,,,,,,,,,,,,,,B03,,,1,,2,,,23,,1,5,,B03,24.137889,120.675166,3
2018,11,6,18,5,臺中市,西屯區,0,0,,8,,,40,,,,,,,,,,,,,,,,,,,,B12,,,1,,2,,,6,,1,22,,B12,24.201541,120.64865,3
2018,11,6,18,7,臺中市,南屯區,0,0,0,8,3,5,50,14,7,1,5,4,5,7,1,1,3,4,4,2,13,23,3,10,1,1,B03,7,1,1,8,2,1,  ,23,23,1,22,8,B03,24.153523,120.614055,3
2018,11,6,18,8,臺中市,中區,0,2,0,8,3,5,50,4,1,1,5,4,5,7,1,1,10,5,5,2,13,16,2,9,1,1,C03,7,9,2,18,2,11,  ,16,16,1,5,5,C03,24.143108,120.680268,2
2018,11,6,18,8,臺中市,西屯區,0,0,0,8,1,5,80,4,1,1,5,4,5,7,1,1,5,5,5,2,12,7,3,10,1,1,B03,7,8,1,10,2,2,  ,7,7,1,22,8,B03,24.16767,120.631046,3
2018,11,6,18,8,臺中市,西屯區,0,2,0,8,2,5,50,3,2,1,5,4,5,7,1,1,1,4,5,2,13,4,2,9,1,1,C03,7,9,3,18,2,11,  ,4,4,1,21,8,C03,24.170426,120.657931,2
2018,11,6,18,8,臺中市,龍井區,0,1,0,8,3,5,50,14,9,1,5,4,5,7,4,4,9,5,5,1,13,23,3,10,1,1,C03,7,9,1,10,2,11,  ,23,23,1,12,1,C03,24.215448,120.524086,2
2018,11,6,18,9,臺中市,大里區,0,0,,8,,,50,,,,,,,,,,,,,,,,,,,,B03,,,1,,11,,,12,,1,21,,B03,24.082416,120.694486,3
2018,11,6,18,12,臺中市,西屯區,0,1,0,8,3,5,50,4,1,1,5,4,5,7,2,1,10,5,5,2,16,6,3,10,4,5,F02,7,5,8,20,2,16,  ,6,6,1,21,8,F02,24.192323,120.6455,2
2018,11,6,18,13,臺中市,沙鹿區,0,1,0,7,3,5,50,3,1,1,5,4,5,7,4,4,10,5,5,2,16,10,3,10,1,1,B12,7,11,1,8,2,8,  ,10,10,1,21,9,B12,24.217635,120.559302,2
2018,11,6,18,15,臺中市,潭子區,0,0,,8,,,40,,,,,,,,,,,,,,,,,,,,B03,,,1,,2,,,23,,1,22,,B03,24.201113,120.699679,3
2018,11,6,18,21,臺中市,南屯區,0,0,,8,,,50,,,,,,,,,,,,,,,,,,,,B03,,,1,,2,,,42,,1,20,,B03,24.149319,120.624356,3
2018,11,6,18,29,臺中市,西屯區,0,1,0,8,3,5,50,14,11,1,5,4,5,7,4,4,5,2,5,2,12,26,3,10,1,1,B03,7,8,1,8,2,2,  ,26,26,1,21,8,B03,24.169433,120.608176,2
2018,11,6,18,30,臺中市,大甲區,0,1,0,8,3,5,50,14,9,1,5,4,5,7,4,4,9,5,5,1,17,23,3,10,1,1,B03,7,9,1,8,2,1,  ,23,23,1,22,9,B03,24.341577,120.615761,2
2018,11,6,18,38,臺中市,西屯區,0,1,0,8,3,5,50,14,8,1,5,4,5,7,4,4,1,3,4,2,14,12,3,10,1,1,B03,7,2,1,8,2,3,  ,12,12,1,22,8,B03,24.186742,120.61431,2
2018,11,6,18,38,臺中市,潭子區,0,2,0,8,3,5,50,14,18,1,5,4,5,7,1,1,10,5,5,2,8,23,2,9,1,1,C03,7,9,1,10,2,12,  ,23,23,1,22,8,C03,24.204396,120.678882,2
2018,11,6,18,40,臺中市,大雅區,0,0,,8,,,50,,,,,,,,,,,,,,,,,,,,B03,,,1,,2,,,6,,1,  ,,B03,24.211781,120.666305,3
2018,11,6,18,42,臺中市,霧峰區,0,1,0,8,3,5,70,14,8,1,5,4,5,7,4,4,1,4,4,1,18,42,2,9,1,1,C03,7,9,1,10,2,11,  ,42,42,1,18,2,C03,24.066014,120.695929,2
2018,11,6,18,43,臺中市,東區,0,0,0,8,,,50,,,,,,,,,,,,,,,,3,  ,  ,  ,B03,  ,  ,1,  ,2,  ,  ,16,  ,1,20,  ,B03,24.135924,120.686958,3
2018,11,6,18,44,臺中市,沙鹿區,0,1,0,8,3,5,40,14,8,1,5,4,5,7,4,4,1,4,4,1,13,23,2,1,1,1,C03,7,9,1,10,2,11,  ,23,23,1,18,8,C03,24.22353,120.578437,2
2018,11,6,18,45,臺中市,沙鹿區,0,0,,8,,,40,,,,,,,,,,,,,,,,,,,,C03,,,1,,2,,,16,,1,18,,C03,24.223671,120.578305,3
2018,11,6,18,47,臺中市,西屯區,0,1,0,8,2,5,50,5,1,1,5,4,5,7,1,1,1,4,4,2,16,8,2,2,3,4,B03,7,5,1,8,2,7,  ,8,8,1,21,8,B03,24.200035,120.656514,2
2018,11,6,19,0,臺中市,沙鹿區,0,0,,8,,,50,,,,,,,,,,,,,,,,,,,,B12,,,1,,2,,,42,,1,22,,B12,24.239732,120.56401,3
2018,11,6,19,4,臺中市,西區,0,1,0,8,3,5,50,4,1,1,5,4,5,7,1,1,10,5,5,2,16,26,3,10,1,1,B03,7,6,1,8,2,2,  ,26,26,1,5,5,B03,24.132114,120.667327,2
2018,11,6,19,6,臺中市,龍井區,0,1,0,8,3,5,50,4,2,1,5,4,5,7,4,4,10,4,4,2,27,23,2,9,1,1,C03,7,9,1,10,2,11,  ,23,23,1,18,2,C03,24.199475,120.561398,2
2018,11,6,19,6,臺中市,梧棲區,0,2,0,8,3,5,50,4,1,1,5,4,5,7,4,4,10,5,5,2,16,6,2,9,1,1,C03,7,5,4,8,2,12,  ,6,6,1,19,7,C03,24.254715,120.530473,2
2018,11,6,19,8,臺中市,潭子區,0,1,0,8,3,5,50,3,1,1,5,4,4,1,3,1,5,5,4,2,16,6,3,10,1,1,B03,7,5,1,8,2,6,  ,6,6,1,22,9,B03,24.213379,120.70363,2
2018,11,6,19,12,臺中市,南區,0,1,0,8,3,5,50,4,1,1,5,4,5,7,1,1,10,5,5,2,29,23,2,9,1,1,C03,7,9,1,10,2,11,  ,23,23,1,22,8,C03,24.118223,120.652248,2
2018,11,6,19,19,臺中市,南屯區,0,0,,8,,,40,,,,,,,,,,,,,,,,,,,,B03,,,1,,2,,,23,,1,  ,,B03,24.141429,120.638143,3
2018,11,6,19,19,臺中市,大里區,0,1,0,8,3,5,50,4,1,1,5,4,5,7,1,1,5,5,4,2,15,26,3,10,1,1,B03,7,9,1,8,2,7,  ,26,26,1,4,8,B03,24.10026,120.694232,2
2018,11,6,19,19,臺中市,大里區,0,2,0,8,3,5,50,14,7,1,5,4,5,7,1,1,5,4,4,2,2,23,2,9,1,1,C03,7,9,1,10,2,11,  ,23,23,1,22,8,C03,24.112346,120.691561,2
2018,11,6,19,20,臺中市,西屯區,0,3,0,8,3,5,1,4,1,1,5,4,5,7,1,1,5,5,4,2,16,8,2,9,4,5,F03,7,5,8,20,2,16,  ,8,8,1,21,8,F03,24.178421,120.664743,2
2018,11,6,19,23,臺中市,北區,0,0,,8,,,50,,,,,,,,,,,,,,,,,,,,B03,,,1,,2,,,23,,1,5,,B03,24.161448,120.66456,4
2018,11,6,19,25,臺中市,南屯區,0,1,0,8,3,5,40,13,9,1,5,4,5,7,4,4,10,5,5,2,29,23,2,9,1,1,C03,7,6,1,10,2,12,  ,23,23,1,21,8,C03,24.167188,120.586341,2
2018,11,6,19,29,臺中市,北區,0,2,0,8,3,5,50,14,8,1,5,4,5,7,4,4,3,4,4,2,17,40,3,10,1,1,B03,7,14,1,8,2,4,  ,40,40,1,21,8,B03,24.16102,120.684956,2
2018,11,6,19,32,臺中市,太平區,0,0,,8,,,40,,,,,,,,,,,,,,,,,,,,B03,,,1,,2,,,12,,1,21,,B03,24.15278,120.730437,3
2018,11,6,19,51,臺中市,南屯區,0,1,0,8,3,5,40,4,10,1,5,4,5,7,4,4,10,5,5,2,13,23,3,10,1,1,B03,7,6,3,18,2,1,  ,23,23,1,22,8,B03,24.146565,120.633836,2
2018,11,6,19,52,臺中市,西屯區,0,0,,8,,,50,,,,,,,,,,,,,,,,,,,,B03,,,1,,2,,,6,,1,22,,B03,24.165529,120.655936,3
2018,11,6,20,2,臺中市,太平區,0,2,0,8,3,5,50,4,1,1,5,4,5,7,4,4,10,5,5,2,15,6,2,9,1,1,C03,7,9,1,10,2,11,  ,6,6,1,18,8,C03,24.141849,120.716394,2
2018,11,6,20,3,臺中市,后里區,0,0,,8,,,50,,,,,,,,,,,,,,,,,,,,B12,,,1,,2,,,12,,1,19,,B12,24.301389,120.712313,3
2018,11,6,20,4,臺中市,梧棲區,0,2,0,8,3,5,50,3,1,1,5,4,5,7,2,1,10,5,5,2,3,23,2,8,1,1,C03,7,5,1,10,2,11,  ,23,23,1,2,1,C03,24.242726,120.533384,2
2018,11,6,20,5,臺中市,潭子區,0,2,0,8,3,5,50,3,1,1,5,4,5,7,3,1,10,5,5,2,16,6,2,9,1,1,C03,7,5,4,8,2,12,  ,6,6,1,22,8,C03,24.194546,120.698932,2
2018,11,6,20,7,臺中市,梧棲區,0,1,0,8,3,5,50,14,7,1,5,2,5,7,4,4,1,4,4,2,18,43,2,9,1,1,C03,7,9,1,10,2,14,  ,43,43,1,2,1,C03,24.247837,120.530551,2
2018,11,6,20,8,臺中市,南屯區,0,0,,8,,,50,,,,,,,,,,,,,,,,,,,,B03,,,1,,2,,,26,,1,21,,B03,24.146167,120.633908,3
2018,11,6,20,27,臺中市,南屯區,0,0,,8,,,50,,,,,,,,,,,,,,,,,,,,C03,,,1,,2,,,23,,1,  ,,C03,24.146786,120.646486,3
2018,11,6,20,32,臺中市,東區,0,2,0,8,3,5,40,14,8,1,5,4,5,7,4,4,1,4,4,2,17,16,2,9,1,1,C03,7,9,1,10,2,14,  ,16,16,1,21,8,C03,24.13271,120.699326,2
2018,11,6,20,40,臺中市,南區,0,1,0,8,3,5,50,4,1,1,5,4,5,7,1,1,10,5,5,2,29,67,  ,  ,  ,  ,   ,  ,  ,  ,  ,  ,  ,  ,67,67,1,  ,  ,   ,24.129161,120.677663,2
2018,11,6,20,40,臺中市,烏日區,0,2,0,8,1,5,30,11,9,1,5,4,5,7,4,4,10,5,5,2,10,23,2,9,1,1,C03,7,9,1,10,2,11,  ,23,23,1,21,8,C03,24.119472,120.606383,2
2018,11,6,20,43,臺中市,南區,0,2,0,8,3,5,50,4,1,1,5,4,5,7,4,4,10,5,5,2,15,6,2,9,1,1,C03,7,9,1,10,2,11,  ,6,6,1,21,8,C03,24.131651,120.675373,2
2018,11,6,20,47,臺中市,中區,0,1,0,8,3,5,50,4,1,1,5,4,5,7,1,1,10,5,5,2,13,16,2,9,1,1,C03,7,9,1,10,2,12,  ,16,16,1,5,5,C03,24.142475,120.679539,2
2018,11,6,20,50,臺中市,北屯區,0,2,0,8,4,5,50,3,18,1,5,4,5,7,1,1,10,5,5,2,3,51,2,9,4,5,H01,8,18,8,20,10,16,  ,51,51,1,21,8,H01,24.181383,120.666343,2
2018,11,6,20,54,臺中市,南屯區,0,1,0,8,3,5,40,4,1,1,5,4,5,7,4,4,7,5,5,2,12,16,2,9,1,1,C03,7,9,1,10,2,14,  ,16,16,1,22,8,C03,24.145955,120.61204,2
2018,11,6,21,4,臺中市,梧棲區,0,1,0,8,1,5,70,4,1,1,5,4,5,7,1,1,10,5,5,1,16,6,3,10,3,4,B03,7,5,1,8,2,2,  ,6,6,1,21,8,B03,24.229073,120.545826,2
2018,11,6,21,7,臺中市,大里區,0,2,0,8,3,5,40,4,1,1,5,4,5,7,1,1,10,5,5,2,15,25,2,8,1,1,C03,7,9,1,10,7,11,  ,25,25,1,21,9,C03,24.09697,120.695371,2
2018,11,6,21,10,臺中市,西區,0,0,0,8,,,50,,,,,,,,,,,,,,,,3,  ,  ,  ,C03,  ,  ,1,  ,2,  ,  ,23,  ,  ,21,  ,C03,24.131681,120.668479,3
2018,11,6,21,20,臺中市,大肚區,0,1,0,8,3,5,70,4,1,1,5,4,5,7,2,1,10,5,5,2,16,25,3,10,1,1,C03,7,9,1,10,2,12,  ,25,25,1,6,8,C03,24.169486,120.542276,2
2018,11,6,21,20,臺中市,大雅區,0,1,0,8,3,5,50,4,2,1,5,4,5,7,1,1,5,5,5,1,17,11,2,7,1,1,C03,7,11,1,10,2,11,  ,11,11,1,21,8,C03,24.24116,120.629772,2
2018,11,6,21,36,臺中市,太平區,0,0,,8,,,50,,,,,,,,,,,,,,,,,,,,C03,,,1,,2,,,43,,1,18,,C03,24.150541,120.733253,3
2018,11,6,21,46,臺中市,北屯區,0,1,0,8,1,5,50,4,1,1,5,4,5,7,1,1,10,5,5,2,12,1,3,10,1,1,B03,7,9,1,8,2,5,  ,1,1,1,21,8,B03,24.16978,120.702021,2
2018,11,6,22,6,臺中市,西屯區,0,2,0,8,3,5,50,4,1,1,5,4,5,7,3,1,10,5,5,2,16,6,2,9,1,1,C03,7,9,1,10,2,12,  ,6,6,1,21,8,C03,24.190726,120.642609,2
2018,11,6,22,8,臺中市,西屯區,0,0,,8,,,50,,,,,,,,,,,,,,,,,,,,B03,,,1,,2,,,23,,1,  ,,B03,24.170561,120.636665,3
2018,11,6,22,10,臺中市,西區,0,0,,8,,,50,,,,,,,,,,,,,,,,,,,,B03,,,1,,2,,,42,,1,5,,B03,24.150968,120.65409,3
2018,11,6,22,30,臺中市,潭子區,0,0,,8,,,50,,,,,,,,,,,,,,,,,,,,B03,,,1,,2,,,23,,1,22,,B03,24.203177,120.722578,3
2018,11,6,23,26,臺中市,大甲區,0,1,0,8,3,5,50,14,9,1,5,4,5,7,4,4,5,5,5,1,13,23,2,3,1,4,B03,7,9,1,8,2,7,  ,23,23,1,20,8,B03,24.368271,120.615606,2
2018,11,6,23,39,臺中市,中區,0,0,,8,,,50,,,,,,,,,,,,,,,,,,,,B03,,,1,,2,,,6,,  ,  ,,B03,24.138651,120.682302,3
2018,11,7,1,3,臺中市,神岡區,0,0,0,8,,,60,,,,,,,,,,,,,,,66,  ,  ,  ,  ,B03,  ,  ,1,  ,2,  ,  ,44,66,1,21,  ,B03,24.247427,120.688275,3
2018,11,7,6,38,臺中市,北屯區,0,1,0,8,1,5,80,10,7,1,5,4,5,7,4,4,1,4,4,2,13,23,2,7,1,1,B03,7,14,1,8,2,1,  ,23,23,1,21,5,B03,24.201265,120.672271,2
2018,11,7,7,5,臺中市,北屯區,0,1,0,8,2,5,40,14,8,1,5,4,5,7,4,4,9,5,4,2,16,10,3,10,1,1,B12,7,11,1,8,2,7,  ,10,10,1,10,4,B12,24.161748,120.713886,2
2018,11,7,7,15,臺中市,北屯區,0,0,,8,,,40,,,,,,,,,,,,,,,,,,,,B03,,,1,,2,,,16,,1,5,,B03,24.176758,120.669906,3
2018,11,7,7,15,臺中市,太平區,0,0,0,8,1,5,40,3,1,1,5,4,5,7,4,4,10,5,5,2,16,6,3,10,3,4,B03,7,5,1,8,2,4,  ,6,6,1,9,8,B03,24.125068,120.748837,3
2018,11,7,7,16,臺中市,南區,0,0,0,8,,,50,,,,,,,,,,,,,,,,3,  ,  ,  ,B03,  ,  ,1,  ,2,  ,  ,23,  ,1,21,  ,B03,24.114238,120.667521,3
2018,11,7,7,21,臺中市,西屯區,0,0,,8,,,50,,,,,,,,,,,,,,,,,,,,B03,,,1,,2,,,7,,1,22,,B03,24.185634,120.617896,3
2018,11,7,7,25,臺中市,西屯區,0,0,0,8,,,40,,,,,,,,,,,,,,,43,  ,  ,  ,  ,B03,  ,  ,1,  ,1,  ,  ,43,43,1,21,  ,B03,24.183346,120.615235,3
2018,11,7,7,25,臺中市,東勢區,0,1,0,8,1,5,50,5,1,1,5,4,5,7,1,1,4,3,4,2,12,6,2,9,1,1,C03,7,9,1,10,2,11,  ,42,6,1,22,9,C03,24.260075,120.827858,2
2018,11,7,7,26,臺中市,西屯區,0,2,0,8,1,5,50,14,7,1,5,4,5,7,4,4,10,5,5,2,13,16,2,9,1,1,C03,7,9,1,10,2,11,  ,16,16,1,21,8,C03,24.173119,120.637288,2
2018,11,7,7,30,臺中市,大里區,0,0,,8,,,50,,,,,,,,,,,,,,,,,,,,B12,,,1,,11,,,12,,1,12,,B12,24.105623,120.698208,3
2018,11,7,7,30,臺中市,大肚區,0,1,0,8,1,5,50,3,1,1,5,4,5,7,4,4,10,5,5,2,16,6,3,10,1,1,B03,7,5,1,8,2,5,  ,6,6,1,19,8,B03,24.14745,120.550094,2
2018,11,7,7,32,臺中市,龍井區,0,2,0,8,1,5,50,4,1,1,5,4,5,7,4,4,10,5,5,1,12,43,2,8,1,1,C03,7,5,1,10,2,15,  ,43,43,1,9,8,C03,24.191373,120.531923,2
2018,11,7,7,39,臺中市,西屯區,0,0,,8,1,5,50,14,9,1,5,4,5,7,1,1,8,3,4,1,12,,,,,,B01,,,1,,2,,,19,,1,22,,B01,24.158278,120.655626,3
2018,11,7,7,42,臺中市,西屯區,0,1,0,8,1,5,50,4,2,1,5,4,5,7,2,1,3,2,1,2,16,26,3,10,3,4,B03,7,6,1,8,2,2,  ,26,26,1,22,8,B03,24.200002,120.655525,2
2018,11,7,7,48,臺中市,沙鹿區,0,1,0,8,1,5,40,3,2,1,5,4,5,7,4,4,10,5,5,2,18,23,2,9,1,1,C03,7,9,1,10,2,12,  ,23,23,1,21,8,C03,24.222577,120.559708,2
2018,11,7,7,48,臺中市,外埔區,0,1,0,8,1,5,50,4,1,1,5,4,5,7,4,4,10,5,5,2,15,6,3,10,1,1,B03,7,9,1,8,2,2,  ,6,6,1,21,1,B03,24.332826,120.655661,2
2018,11,7,7,49,臺中市,太平區,0,2,0,8,1,5,40,4,1,1,5,4,5,7,3,1,10,5,5,2,16,6,2,9,1,1,C03,7,9,1,10,2,12,  ,6,6,1,18,8,C03,24.142146,120.723931,2
2018,11,7,7,50,臺中市,南屯區,0,0,0,8,1,5,80,14,7,1,5,4,5,7,4,4,1,4,4,2,13,16,3,10,1,1,B03,7,9,1,8,2,1,1,16,16,1,5,3,B03,24.125574,120.619743,3
2018,11,7,7,50,臺中市,西屯區,0,1,0,8,1,5,50,3,1,1,5,4,5,7,1,1,5,5,5,2,16,9,3,10,1,1,B03,7,6,1,8,2,2,  ,9,9,1,22,8,B03,24.191473,120.622065,2
2018,11,7,7,51,臺中市,梧棲區,0,1,0,8,1,5,40,3,1,1,5,4,5,7,4,4,10,5,5,2,15,6,2,9,1,1,C03,7,9,3,18,2,11,  ,6,6,1,19,8,C03,24.242658,120.537581,2
2018,11,7,7,55,臺中市,太平區,0,0,0,8,1,5,40,3,1,1,5,4,5,7,4,4,10,5,5,2,17,17,3,10,1,1,B03,7,6,1,8,3,8,  ,17,17,1,19,2,B03,24.155807,120.708071,3
2018,11,7,8,0,臺中市,北屯區,0,0,0,8,,,50,,,,,,,,,,,,,,,23,  ,  ,  ,  ,B12,  ,  ,1,  ,2,  ,  ,23,23,1,19,  ,B12,24.174098,120.673995,3
2018,11,7,8,0,臺中市,大雅區,0,0,,8,,,40,,,,,,,,,,,,,,,,,,,,C03,,,1,,2,,,1,,1,22,,C03,24.220148,120.631057,3
2018,11,7,8,5,臺中市,潭子區,0,1,0,8,1,5,40,14,9,1,5,4,5,7,4,4,10,5,5,1,13,23,3,10,1,1,B03,7,9,1,8,2,6,  ,43,23,1,22,8,B03,24.21894,120.713832,2
2018,11,7,8,10,臺中市,大雅區,0,0,,8,,,50,,,,,,,,,,,,,,,,,,,,C03,,,1,,2,,,7,,1,  ,,C03,24.242242,120.626139,3
2018,11,7,8,11,臺中市,西屯區,0,1,0,8,1,5,50,4,2,1,5,4,5,7,1,1,1,4,1,2,16,6,3,10,3,4,B03,7,6,1,8,2,2,  ,6,6,1,22,9,B03,24.157838,120.641846,2
2018,11,7,8,12,臺中市,北屯區,0,0,,8,,,50,,,,,,,,,,,,,,,,,,,,B03,,,1,,2,,,16,,1,  ,,B03,24.181916,120.682108,3
2018,11,7,8,25,臺中市,潭子區,0,2,0,8,1,5,50,4,1,1,5,4,5,7,1,1,5,4,5,1,16,25,2,8,1,1,C03,7,5,1,10,2,14,  ,25,25,1,22,9,C03,24.204145,120.722549,2
2018,11,7,8,31,臺中市,南區,0,1,0,8,1,5,50,4,1,1,5,4,5,7,1,1,10,5,5,2,16,7,3,10,1,1,C03,7,8,1,10,2,13,  ,7,7,1,17,2,C03,24.11904,120.679571,2
2018,11,7,8,32,臺中市,北屯區,0,1,0,8,1,5,50,4,2,1,5,4,5,7,1,1,5,5,5,2,17,26,3,10,1,1,C03,7,11,1,10,2,15,  ,26,26,1,5,8,C03,24.168616,120.680988,2
2018,11,7,8,34,臺中市,太平區,0,0,,8,,,50,,,,,,,,,,,,,,,,,,,,B12,,,1,,2,,,26,,1,9,,B12,24.149284,120.714383,3
2018,11,7,8,38,臺中市,梧棲區,0,1,0,8,1,5,40,4,1,1,5,4,5,7,3,1,10,5,5,2,16,6,3,10,1,1,B03,7,5,1,8,2,5,  ,6,6,1,19,8,B03,24.227963,120.547545,2
2018,11,7,8,39,臺中市,霧峰區,0,1,0,8,1,5,50,14,12,1,5,4,5,7,4,4,8,3,4,1,16,6,3,10,1,1,B02,7,6,1,8,2,2,  ,6,6,1,22,9,B02,24.065423,120.698255,2
2018,11,7,8,40,臺中市,北屯區,0,1,0,8,1,5,50,14,7,1,5,4,5,7,4,4,1,4,4,2,13,16,3,10,1,1,B03,7,9,1,8,2,1,  ,16,16,1,21,8,B03,24.182343,120.689543,2
2018,11,7,8,40,臺中市,西屯區,0,0,,8,,,50,,,,,,,,,,,,,,,,,,,,B01,,,1,,2,,,17,,1,21,,B01,24.201333,120.663986,3
2018,11,7,8,40,臺中市,太平區,0,0,,8,,,40,,,,,,,,,,,,,,,,,,,,B12,,,1,,2,,,12,,1,21,,B12,24.123918,120.713586,3
2018,11,7,8,44,臺中市,沙鹿區,0,1,0,8,1,5,40,11,9,1,5,4,5,1,4,4,10,5,5,2,10,43,2,9,1,1,C03,7,9,1,10,2,15,  ,43,43,1,21,9,C03,24.222887,120.559631,2
2018,11,7,8,46,臺中市,西屯區,0,1,0,8,1,5,50,3,1,1,5,4,1,7,1,1,10,5,5,2,13,23,2,9,1,1,B03,7,5,1,8,2,1,  ,23,23,1,21,8,B03,24.165011,120.640785,2
2018,11,7,8,50,臺中市,西屯區,0,0,0,8,1,5,50,14,10,1,5,4,5,7,4,4,8,3,4,1,12,42,  ,  ,  ,  ,B03,  ,  ,1,  ,2,  ,  ,42,42,1,22,  ,B03,24.167121,120.640395,3
2018,11,7,8,53,臺中市,西屯區,0,0,,8,,,50,,,,,,,,,,,,,,,,,,,,C03,,,1,,2,,,43,,1,22,,C03,24.162936,120.649763,3
2018,11,7,8,54,臺中市,西屯區,0,0,0,8,1,5,40,,,,,,,,,,,,,,,43,  ,  ,  ,  ,C03,  ,  ,1,  ,2,14,  ,43,43,1,22,  ,C03,24.168258,120.613364,3
2018,11,7,9,0,臺中市,大雅區,0,1,0,8,1,5,50,14,9,1,5,4,5,7,4,4,5,5,5,1,16,6,3,10,1,1,B12,7,5,1,8,2,5,  ,6,6,1,22,9,B12,24.215219,120.647777,2
2018,11,7,9,1,臺中市,梧棲區,0,1,0,8,1,5,50,3,1,1,5,4,5,7,1,1,10,5,5,2,16,25,2,9,1,1,C03,7,9,3,18,2,11,  ,25,25,1,19,8,C03,24.246025,120.547029,2