年,月,日,時,分,縣市,區,死,受傷,2-30,天候,光線,道路類別,速限,道路型態,事故位置,路面鋪裝,路面狀態,路面缺陷,障礙物,視距,號誌種類,號誌動作,分向設施,快車道或一般車道間,快慢車道間,路面邊線,事故類型及型態,主要肇因,受傷程度,主要傷處,保護裝備,行動電話,當事者區分_類別,車輛用途,當事者行動狀態,駕駛資格情形,駕駛執照種類,飲酒情形,車輛撞擊部位最初,車輛撞擊部位其他,肇事因素個別,肇事因素主要,肇事逃逸,職業,旅次目的,車種,GPS座標_緯度,GPS座標_經度,事故類別
2018,11,7,9,2,臺中市,北屯區,,,,,,,,,,,,,,,,,,,,,,,,,,,A11,,,1,,2,,,23,,1,10,,A11,,,3
2018,11,7,9,5,臺中市,南區,0,1,0,8,1,5,50,14,9,1,5,4,5,7,1,1,5,5,5,2,16,19,3,10,1,1,B03,7,1,1,8,2,4,  ,19,19,1,21,8,B03,24.123141,120.66638,2
2018,11,7,9,5,臺中市,烏日區,0,0,0,8,,,60,,,,,,,,,,,,,,,43,  ,  ,  ,  ,B12,  ,  ,1,  ,2,  ,  ,43,43,1,22,  ,B12,24.106147,120.633353,3
2018,11,7,9,8,臺中市,西區,0,0,0,8,1,5,50,4,1,1,5,4,5,7,1,1,5,4,4,2,13,,3,  ,  ,  ,B03,  ,  ,1,  ,2,  ,  ,16,  ,1,21,  ,B03,24.141289,120.672762,3
2018,11,7,9,12,臺中市,北區,0,0,0,8,,,40,,,,,,,,,,,,,,,,3,  ,  ,  ,B03,  ,  ,1,  ,2,  ,  ,23,  ,1,22,  ,B03,24.165615,120.686737,3
2018,11,7,9,24,臺中市,南區,0,0,0,8,,,50,,,,,,,,,,,,,,,26,3,  ,  ,  ,C03,  ,  ,1,  ,2,  ,  ,26,26,1,21,  ,C03,24.123951,120.656821,3
2018,11,7,9,25,臺中市,沙鹿區,0,1,0,8,1,5,50,14,9,1,5,4,5,7,4,4,5,5,5,1,11,4,2,9,1,1,C03,7,4,1,10,2,14,  ,4,4,1,21,8,C03,24.236092,120.562636,2
2018,11,7,9,30,臺中市,烏日區,0,0,,,,,,,,,,,,,,,,,,,,,,,,,G03,,,8,,2,,,23,,1,  ,,G03,24.0635,120.647,4
2018,11,7,9,35,臺中市,太平區,0,1,0,8,1,5,40,5,1,1,5,4,5,7,3,1,5,5,5,2,15,6,2,9,1,1,C03,7,9,1,10,2,11,  ,6,6,1,21,1,C03,24.122223,120.721103,2
2018,11,7,9,42,臺中市,西屯區,0,0,,8,,,50,,,,,,,,,,,,,,,,,,,,B12,,,1,,2,,,12,,1,22,,B12,24.155582,120.607012,3
2018,11,7,9,45,臺中市,南屯區,0,0,,8,,,50,,,,,,,,,,,,,,,,,,,,B03,,,1,,2,,,23,,1,  ,,B03,24.158189,120.634218,4
2018,11,7,9,45,臺中市,太平區,0,0,,8,,,50,,,,,,,,,,,,,,,,,,,,B11,,,1,,1,,,19,,1,10,,B11,24.126999,120.710561,3
2018,11,7,9,50,臺中市,南區,0,1,0,8,1,5,50,14,7,1,5,4,5,7,4,4,5,3,4,2,16,26,2,9,1,1,C03,7,5,1,10,2,12,  ,26,26,1,20,5,C03,24.124531,120.675168,2
2018,11,7,9,54,臺中市,大里區,0,0,,8,,,50,,,,,,,,,,,,,,,,,,,,B03,,,1,,2,,,12,,1,21,,B03,24.106127,120.701056,3
2018,11,7,9,55,臺中市,西屯區,0,2,0,8,1,5,50,3,1,1,5,4,5,7,1,1,5,4,5,2,12,23,2,9,1,1,C03,7,5,1,10,2,14,  ,6,23,1,21,8,C03,24.168775,120.648777,2
2018,11,7,10,0,臺中市,東區,0,1,0,8,1,5,50,14,8,1,5,4,5,7,4,4,5,5,4,2,17,23,2,9,1,1,C03,7,9,1,10,2,11,  ,23,23,1,21,8,C03,24.140343,120.703007,2
2018,11,7,10,0,臺中市,后里區,0,0,0,8,,,40,,,,,,,,,,,,,,,19,  ,  ,  ,  ,B03,  ,  ,1,  ,2,  ,  ,19,19,1,22,  ,B03,24.308915,120.717935,3
2018,11,7,10,3,臺中市,東勢區,0,1,0,8,1,5,50,14,9,1,5,4,5,7,4,4,4,5,5,1,3,23,3,10,1,1,C03,7,9,1,10,2,11,  ,23,23,1,22,9,C03,24.24567,120.841856,2
2018,11,7,10,7,臺中市,北屯區,0,0,,8,,,50,,,,,,,,,,,,,,,,,,,,B12,,,1,,2,,,6,,1,  ,,B12,24.172221,120.685827,3
2018,11,7,10,7,臺中市,西屯區,0,1,0,8,1,5,50,14,7,1,5,4,5,7,4,4,10,5,5,2,16,26,3,10,1,1,B03,7,11,1,8,2,5,  ,26,26,1,21,8,B03,24.186716,120.621186,2
2018,11,7,10,12,臺中市,北屯區,0,1,0,8,1,5,50,14,7,1,5,4,5,7,4,4,9,5,4,2,16,43,2,9,1,1,C03,7,4,1,10,2,11,12,43,43,1,5,8,C03,24.180401,120.676948,2
2018,11,7,10,13,臺中市,霧峰區,0,0,,8,,,50,,,,,,,,,,,,,,,,,,,,B12,,,1,,2,,,23,,1,22,,B12,24.065039,120.679277,3
2018,11,7,10,19,臺中市,大雅區,0,1,0,7,1,5,50,3,1,1,5,4,5,7,2,1,10,5,5,2,16,6,3,10,1,1,B12,7,6,1,8,2,2,  ,6,6,1,22,9,B12,24.218729,120.639453,2
2018,11,7,10,27,臺中市,南屯區,0,2,0,8,1,5,50,4,1,1,5,4,5,7,2,1,10,5,5,2,3,15,2,8,1,1,C03,7,5,1,10,2,11,  ,15,15,1,22,8,C03,24.153763,120.634928,2
2018,11,7,10,27,臺中市,北屯區,0,0,,,,,,,,,,,,,,,,,,,,,,,,,B12,,,6,,2,,,12,,1,5,,B12,24.18446,120.712568,3
2018,11,7,10,30,臺中市,豐原區,0,0,,,,,,,,,,,,,,,,,,,,,,,,,,,,,,,,,,,,,,,,,3
2018,11,7,10,46,臺中市,太平區,0,0,0,8,,,50,,,,,,,,,,,,,,,25,  ,  ,  ,  ,B12,  ,  ,1,  ,2,  ,  ,25,25,1,21,  ,B12,24.134158,120.711506,3
2018,11,7,11,0,臺中市,北屯區,0,2,0,8,1,5,50,4,1,1,5,4,5,7,2,1,10,5,5,2,16,26,2,9,1,4,C03,7,5,1,10,2,14,  ,6,26,1,19,8,C03,24.170646,120.687385,2
2018,11,7,11,9,臺中市,神岡區,0,0,,8,,,50,,,,,,,,,,,,,,,,,,,,A12,,,1,,2,,,23,,1,21,,A12,24.250004,120.677733,3
2018,11,7,11,10,臺中市,西屯區,0,0,,8,,,50,,,,,,,,,,,,,,,,,,,,B03,,,1,,2,,,25,,1,22,,B03,24.17569,120.597706,3
2018,11,7,11,15,臺中市,西屯區,0,0,0,8,1,5,40,,,,,,,,,,,,,,,23,  ,  ,  ,  ,B03,  ,  ,1,  ,2,1,  ,23,23,1,22,  ,B03,24.159047,120.639289,3
2018,11,7,11,18,臺中市,西屯區,0,0,0,8,1,5,40,,,,,,,,,,,,,,,12,  ,  ,  ,  ,B03,  ,  ,1,  ,2,6,  ,12,12,1,  ,  ,B03,24.161991,120.651963,3
2018,11,7,11,27,臺中市,西屯區,0,0,,8,,,40,,,,,,,,,,,,,,,,,,,,B03,,,1,,2,,,6,,1,22,,B03,24.187834,120.617456,3
2018,11,7,11,30,臺中市,南屯區,0,1,0,8,1,5,40,4,2,1,5,4,5,7,2,1,1,2,1,2,17,7,3,10,1,1,C03,7,7,1,10,2,13,13,7,7,1,18,2,C03,24.148327,120.635879,2
2018,11,7,11,33,臺中市,南屯區,0,0,,8,,,40,,,,,,,,,,,,,,,,,,,,A12,,,1,,2,,,23,,2,  ,,A12,24.149515,120.623485,3
2018,11,7,11,43,臺中市,南區,0,2,0,8,1,5,50,4,1,1,5,4,5,7,1,1,10,5,5,2,16,6,2,9,1,1,C03,7,5,1,10,2,11,  ,6,6,1,21,8,C03,24.12713,120.656197,2
2018,11,7,11,45,臺中市,清水區,0,1,0,8,1,5,60,4,2,1,5,4,5,7,4,4,1,4,4,1,18,23,2,9,1,1,C03,7,9,1,10,2,12,  ,23,23,1,5,8,C03,24.262856,120.541828,2
2018,11,7,11,50,臺中市,南區,0,0,0,8,,,50,,,,,,,,,,,,,,,,3,  ,  ,  ,B03,  ,  ,1,  ,2,  ,  ,10,  ,1,21,  ,B03,24.129497,120.67785,3
2018,11,7,11,50,臺中市,南屯區,0,0,0,8,,,50,,,,,,,,4,,,,,,,7,3,  ,  ,  ,B12,  ,  ,6,  ,2,  ,  ,7,7,1,21,  ,B12,24.142627,120.633976,3
2018,11,7,11,50,臺中市,西屯區,0,0,0,8,,,50,,,,,,,,,,,,,,,42,  ,  ,  ,  ,C03,  ,  ,1,  ,2,  ,  ,42,42,1,  ,  ,C03,24.18455,120.619563,3
2018,11,7,11,52,臺中市,大里區,0,3,0,8,1,5,50,5,1,1,5,4,5,7,1,1,10,5,5,2,15,25,2,9,1,1,C03,7,9,1,10,2,12,  ,25,25,1,21,8,C03,24.109915,120.689711,2
2018,11,7,12,16,臺中市,西屯區,0,1,0,8,1,5,50,14,8,1,5,4,5,7,4,4,9,5,4,2,12,43,3,10,3,4,B03,7,9,1,8,2,2,  ,43,43,1,22,8,B03,24.163563,120.658818,2
2018,11,7,12,20,臺中市,東區,0,0,,,,,,,,,,,,,,,,,,,,,,,,,A05,,,1,,2,,,12,,1,  ,,A05,24.131418,120.686181,3
2018,11,7,12,20,臺中市,西屯區,0,1,0,8,1,5,40,11,9,1,5,4,5,7,4,4,10,5,5,1,19,13,2,9,1,1,C03,7,6,1,10,2,11,  ,13,13,1,22,9,C03,24.176318,120.628538,2
2018,11,7,12,20,臺中市,霧峰區,0,0,,8,,,40,,,,,,,,,,,,,,,,,,,,C03,,,1,,2,,,16,,1,18,,C03,24.073286,120.7152,3
2018,11,7,12,31,臺中市,梧棲區,0,1,0,8,1,5,40,3,2,1,5,4,5,7,4,4,10,5,5,2,12,17,3,10,1,1,B03,7,9,1,10,2,2,  ,17,17,1,7,9,B03,24.249583,120.537844,2
2018,11,7,12,36,臺中市,北屯區,0,1,0,8,1,5,50,4,2,1,5,4,5,7,1,1,5,2,5,2,9,42,3,10,1,1,A02,7,9,1,2,2,15,  ,42,42,1,21,8,A02,24.182291,120.719417,2
2018,11,7,12,39,臺中市,沙鹿區,0,0,,8,,,60,,,,,,,,,,,,,,,,,,,,B03,,,1,,2,,,26,,1,2,,B03,24.219154,120.580373,3
2018,11,7,12,39,臺中市,清水區,0,1,0,8,1,5,50,5,1,1,5,4,5,7,1,1,1,4,4,2,13,23,3,10,1,1,C03,7,1,1,10,2,11,  ,23,23,1,22,8,C03,24.27519,120.57735,2
2018,11,7,12,40,臺中市,南屯區,0,2,0,8,1,5,50,14,7,1,5,4,5,7,4,4,5,5,4,2,17,19,2,9,1,1,F02,7,1,8,20,2,16,16,19,19,1,19,8,F02,24.145866,120.634495,2
2018,11,7,12,45,臺中市,大甲區,0,1,0,8,1,5,40,3,2,3,5,2,5,7,4,4,10,5,5,2,18,43,2,8,1,1,C03,7,6,1,10,2,12,  ,43,43,1,7,8,C03,24.416003,120.618975,2
2018,11,7,12,50,臺中市,大雅區,0,1,0,8,1,5,50,3,13,1,5,4,5,7,4,4,1,4,4,1,12,6,2,9,1,1,C03,7,4,1,10,2,14,  ,1,6,1,22,9,C03,24.21109,120.650522,2
2018,11,7,13,5,臺中市,西屯區,0,1,0,8,1,5,50,3,2,1,5,4,5,7,1,1,1,4,5,2,16,6,3,10,3,4,B03,7,6,1,8,2,2,  ,6,6,1,22,9,B03,24.196859,120.657271,2
2018,11,7,13,13,臺中市,大里區,0,1,0,8,1,5,50,14,20,1,5,4,5,7,4,4,10,5,5,1,18,44,2,9,1,1,C03,7,15,1,10,2,14,  ,44,44,1,22,9,C03,24.086831,120.693061,2
2018,11,7,13,15,臺中市,北屯區,0,1,0,8,1,5,50,3,1,1,5,4,5,7,4,4,10,5,5,2,16,6,3,10,1,1,A11,7,5,1,3,2,6,  ,6,6,1,22,8,A11,24.193329,120.687922,2
2018,11,7,13,20,臺中市,西屯區,0,0,,8,,,40,,,,,,,,,,,,,,,,,,,,B03,,,1,,2,,,42,,1,21,,B03,24.174507,120.639425,3
2018,11,7,13,20,臺中市,霧峰區,0,0,0,8,1,5,50,14,22,1,5,4,5,7,4,4,1,4,4,1,13,16,3,10,1,1,C03,7,14,1,10,2,13,  ,26,16,1,12,8,C03,24.075916,120.699698,3
2018,11,7,13,25,臺中市,北屯區,0,0,,8,,,50,,,,,,,,,,,,,,,,,,,,B03,,,1,,2,,,16,,1,21,,B03,24.170573,120.696639,3
2018,11,7,13,27,臺中市,南屯區,0,0,,8,,,50,,,,,,,,,,,,,,,,,,,,B11,,,1,,2,,,16,,1,9,,B11,24.136995,120.61014,3
2018,11,7,13,36,臺中市,神岡區,0,0,,8,,,50,,,,,,,,,,,,,,,,,,,,B03,,,1,,1,,,7,,2,22,,B03,24.247048,120.685136,3
2018,11,7,13,40,臺中市,北屯區,0,1,0,8,1,5,50,4,1,1,5,4,5,7,1,1,10,5,5,2,15,25,3,10,1,1,B03,7,9,1,8,2,2,  ,25,25,1,22,8,B03,24.175051,120.682246,2
2018,11,7,13,43,臺中市,烏日區,0,1,0,8,1,5,40,4,1,1,5,4,5,7,4,4,10,5,5,2,15,6,2,9,1,2,C03,7,9,1,10,2,11,  ,6,6,1,21,8,C03,24.102475,120.629265,2
2018,11,7,13,50,臺中市,西區,0,0,0,8,1,5,50,14,2,1,5,4,5,7,2,1,5,4,4,2,17,43,3,10,1,1,B03,7,9,1,8,2,1,  ,16,43,1,20,8,B03,24.134347,120.656756,3
2018,11,7,13,57,臺中市,西區,0,1,0,8,1,5,50,14,8,1,5,4,5,7,4,4,1,4,4,2,12,6,3,10,3,4,B03,7,6,1,8,2,6,10,6,6,1,21,8,B03,24.140185,120.656635,2
2018,11,7,13,59,臺中市,龍井區,0,0,,8,,,50,,,,,,,,,,,,,,,,,,,,B03,,,1,,2,,,19,,1,  ,,B03,24.182309,120.59277,3
2018,11,7,14,14,臺中市,西屯區,0,0,,8,,,50,,,,,,,,,,,,,,,,,,,,B03,,,1,,2,,,7,,1,22,,B03,24.166104,120.637468,3
2018,11,7,14,20,臺中市,西屯區,0,2,0,8,1,5,50,4,1,1,5,4,5,7,1,1,5,5,5,2,16,6,3,10,1,1,B12,7,5,1,8,2,5,  ,6,6,1,22,8,B12,24.169791,120.666324,2
2018,11,7,14,27,臺中市,西區,0,1,0,8,1,5,50,14,7,1,5,4,5,7,4,4,1,5,4,2,12,42,3,10,1,1,B03,7,8,1,8,2,7,  ,44,42,1,5,8,B03,24.140905,120.66647,2
2018,11,7,14,34,臺中市,南屯區,0,0,,8,,,40,,,,,,,,,,,,,,,,,,,,B03,,,1,,2,,,16,,1,20,,B03,24.153556,120.617276,3
2018,11,7,14,40,臺中市,烏日區,0,0,,8,1,5,50,4,1,1,5,4,5,7,4,4,1,5,5,2,11,,,,,,B03,,,1,,2,,,6,,1,  ,,B03,24.106278,120.607581,3
2018,11,7,14,41,臺中市,北屯區,0,2,0,8,1,5,50,4,2,1,5,4,5,7,1,1,5,5,4,2,17,23,2,9,1,1,C04,7,9,1,10,2,12,  ,23,23,1,22,8,C04,24.164144,120.694115,2
2018,11,7,14,45,臺中市,東區,0,2,0,8,1,5,50,4,1,1,5,4,5,7,4,4,10,5,5,2,17,6,2,9,1,1,C03,7,9,1,10,6,11,  ,6,6,1,21,8,C03,24.134574,120.6865,2
2018,11,7,14,45,臺中市,南屯區,0,2,0,8,1,5,50,14,9,1,5,4,5,7,4,4,5,5,5,2,16,19,2,9,1,1,C03,7,1,1,10,2,14,  ,19,19,1,18,2,C03,24.136673,120.610291,2
2018,11,7,14,46,臺中市,太平區,0,1,0,8,1,5,50,4,1,1,5,4,5,7,2,1,5,2,5,1,15,25,3,10,1,1,B12,7,9,1,8,2,1,  ,25,25,1,21,1,B12,24.133526,120.716174,2
2018,11,7,14,47,臺中市,北屯區,0,0,,8,,,50,,,,,,,,,,,,,,,,,,,,B03,,,1,,2,,,23,,1,  ,,B03,24.176884,120.685906,3
2018,11,7,14,48,臺中市,太平區,0,1,0,8,1,5,50,4,1,1,5,4,5,7,3,1,10,5,5,2,15,6,2,9,1,1,C03,7,9,1,10,2,14,  ,6,6,1,18,9,C03,24.155886,120.711238,2
2018,11,7,14,48,臺中市,梧棲區,0,2,0,8,1,5,50,3,1,1,5,4,5,7,4,4,10,5,5,2,16,6,2,9,1,1,C03,7,5,1,10,2,14,  ,6,6,1,2,1,C03,24.254547,120.531305,2
2018,11,7,14,55,臺中市,沙鹿區,0,1,0,8,1,5,40,14,8,1,5,4,5,7,4,4,1,4,3,1,13,23,2,8,1,1,C03,7,9,1,10,2,11,  ,23,23,1,18,8,C03,24.250138,120.583654,2
2018,11,7,15,0,臺中市,西屯區,0,0,,8,,,50,,,,,,,,,,,,,,,,,,,,B03,,,1,,1,,,7,,1,22,,B03,24.18414,120.609023,3
2018,11,7,15,5,臺中市,西屯區,0,0,,8,,,50,,,,,,,,,,,,,,,,,,,,C03,,,1,,2,,,4,,1,22,,C03,24.185553,120.603758,3
2018,11,7,15,6,臺中市,西屯區,0,0,,8,,,40,,,,,,,,,,,,,,,,,,,,B03,,,1,,2,,,12,,1,  ,,B03,24.16818,120.665998,3
2018,11,7,15,12,臺中市,西區,0,0,,8,,,50,,,,,,,,,,,,,,,,,,,,B03,,,1,,2,,,42,,1,5,,B03,24.140067,120.658204,3
2018,11,7,15,19,臺中市,西屯區,0,1,0,8,1,5,40,14,8,1,5,4,5,7,2,1,1,5,1,2,2,19,3,10,1,1,B01,7,1,1,2,2,8,  ,19,19,1,10,8,B01,24.183073,120.603312,2
2018,11,7,15,22,臺中市,神岡區,0,2,0,8,1,5,50,3,1,1,5,4,5,7,1,1,10,5,5,2,11,25,2,8,1,1,C03,7,5,1,10,2,12,  ,44,25,1,12,1,C03,24.257308,120.668108,2
2018,11,7,15,31,臺中市,西屯區,0,0,,8,,,60,,,,,,,,,,,,,,,,,,,,B03,,,1,,2,,,16,,1,  ,,B03,24.155514,120.646188,3
2018,11,7,15,32,臺中市,西屯區,0,0,,8,,,60,,,,,,,,,,,,,,,,,,,,B03,,,1,,2,,,16,,1,  ,,B03,24.183695,120.614188,3
2018,11,7,15,35,臺中市,南屯區,0,0,0,8,1,5,50,3,1,1,5,4,5,7,1,1,10,5,5,2,12,6,3,10,1,1,B12,7,7,1,8,2,5,  ,6,6,1,22,8,B12,24.166783,120.585423,3
2018,11,7,15,35,臺中市,北屯區,0,1,0,8,1,5,50,4,1,1,5,4,5,7,1,1,10,5,5,2,16,26,2,9,1,1,C03,7,9,1,10,2,15,  ,26,26,1,22,8,C03,24.162992,120.690752,2
2018,11,7,15,40,臺中市,大肚區,0,0,,8,,,40,,,,,,,,,,,,,,,23,,,,,B03,,,1,,2,,,6,23,1,21,,B03,24.123385,120.570443,3
2018,11,7,15,50,臺中市,大里區,0,3,0,8,1,5,50,4,1,1,5,4,5,7,4,4,10,5,5,1,15,6,2,9,1,1,C03,7,9,1,10,2,11,  ,6,6,1,4,8,C03,24.109689,120.684988,2
2018,11,7,15,55,臺中市,北區,0,1,0,8,1,5,50,4,1,5,5,4,5,7,1,1,10,5,5,2,16,6,3,10,1,1,B03,7,6,1,8,2,5,  ,6,6,1,5,8,B03,24.156272,120.66851,2
2018,11,7,15,57,臺中市,北區,0,0,0,8,,,50,,,,,,,,,,,,,,,7,  ,  ,  ,  ,C03,  ,  ,1,  ,2,  ,  ,7,7,1,  ,  ,C03,24.165365,120.685009,3
2018,11,7,16,2,臺中市,北區,0,2,0,8,1,5,40,4,1,1,5,4,5,7,1,1,7,4,4,2,16,19,2,9,1,1,C03,7,6,1,10,2,11,  ,23,19,1,5,8,C03,24.153269,120.682654,2
2018,11,7,16,3,臺中市,大雅區,0,2,0,8,1,5,50,3,1,1,5,4,5,7,4,4,10,5,5,2,16,23,2,9,1,1,C03,7,4,1,10,2,14,  ,23,23,1,21,8,C03,24.21436,120.6692,2
2018,11,7,16,9,臺中市,龍井區,0,2,0,8,1,5,50,5,1,5,5,4,5,7,4,4,10,5,5,2,12,43,2,9,1,1,C03,7,9,1,10,2,11,  ,43,43,1,18,8,C03,24.209305,120.547536,2
2018,11,7,16,10,臺中市,潭子區,0,0,,8,,,60,,,,,,,,,,,,,,,,,,,,B03,,,1,,2,,,23,,1,22,,B03,24.211013,120.705325,3
2018,11,7,16,25,臺中市,沙鹿區,0,1,0,8,1,5,50,14,9,1,5,4,5,4,4,4,10,5,5,2,11,42,2,9,1,1,C03,7,9,1,10,2,14,  ,42,42,1,9,1,C03,24.223068,120.58938,2
2018,11,7,16,32,臺中市,北區,0,2,0,8,1,5,50,3,1,1,5,4,5,7,2,1,5,2,4,2,12,17,2,8,3,4,C03,7,9,1,10,2,14,  ,17,17,1,22,9,C03,24.157318,120.681276,2
2018,11,7,16,40,臺中市,霧峰區,0,3,0,8,1,5,70,3,2,1,5,4,5,7,4,4,1,4,4,1,17,9,2,8,1,1,C03,7,6,4,8,2,14,  ,9,9,1,21,8,C03,24.025307,120.696573,2
2018,11,7,16,40,臺中市,大雅區,0,1,0,8,1,5,50,4,1,1,5,4,5,7,1,1,10,5,5,2,17,4,2,9,1,1,C03,7,5,3,18,2,14,  ,4,4,1,22,7,C03,24.236932,120.668668,2
2018,11,7,16,40,臺中市,神岡區,0,0,,8,,,40,,,,,,,,,,,,,,,,,,,,A12,,,1,,2,,,17,,1,21,,A12,24.23993,120.694325,3
2018,11,7,16,43,臺中市,清水區,0,1,0,8,1,5,40,3,2,1,5,4,5,7,4,4,4,4,4,1,16,10,3,10,1,1,B03,7,11,1,8,2,8,  ,10,10,1,6,8,B03,24.237293,120.564261,2
2018,11,7,16,46,臺中市,北區,0,0,,8,,,50,,,,,,,,,,,,,,,,,,,,B03,,,1,,2,,,23,,1,5,,B03,24.172113,120.679239,3
2018,11,7,16,50,臺中市,北屯區,0,0,,8,,,50,,,,,,,,,,,,,,,,,,,,B03,,,1,,2,,,42,,1,21,,B03,24.182468,120.713088,3
2018,11,7,16,51,臺中市,南區,0,0,0,8,,,50,,,,,,,,,,,,,,,,3,  ,  ,  ,B03,  ,  ,1,  ,2,  ,  ,12,  ,1,21,  ,B03,24.113893,120.664733,3
2018,11,7,16,55,臺中市,潭子區,0,1,0,8,2,5,50,5,1,1,5,4,5,7,1,1,10,5,5,2,16,8,2,8,1,1,C03,7,5,1,10,2,14,  ,8,8,1,22,8,C03,24.199879,120.714672,2
2018,11,7,17,9,臺中市,西區,0,1,0,8,1,5,50,4,1,1,5,4,5,7,4,4,10,5,5,2,15,6,2,8,1,1,C03,7,9,1,10,2,12,  ,23,6,1,5,5,C03,24.138373,120.677403,2
2018,11,7,17,9,臺中市,北區,0,1,0,8,1,5,50,3,1,1,5,4,5,7,1,1,10,5,5,2,16,6,3,10,1,1,B03,7,5,1,8,2,6,  ,6,6,1,21,8,B03,24.170039,120.668293,2
2018,11,7,17,12,臺中市,西屯區,0,2,0,8,1,5,50,4,1,1,5,4,5,7,3,1,5,5,4,2,16,6,2,6,1,1,C03,7,9,1,10,2,11,  ,6,6,1,21,8,C03,24.19051,120.642455,2
2018,11,7,17,12,臺中市,龍井區,0,1,0,8,2,5,50,3,8,1,5,4,5,7,4,4,4,5,4,2,26,23,2,1,3,4,B03,7,9,1,8,2,5,  ,23,23,1,9,5,B03,24.125786,120.581258,2
2018,11,7,17,15,臺中市,西屯區,0,1,0,8,3,5,50,4,1,1,5,4,5,7,1,1,10,5,5,2,16,9,3,10,1,1,B01,7,6,1,8,2,5,  ,9,9,1,22,9,B01,24.183546,120.618151,2
2018,11,7,17,17,臺中市,梧棲區,0,0,,8,,,50,,,,,,,,,,,,,,,,,,,,B12,,,1,,2,,,12,,  ,  ,,B12,24.262245,120.537434,4
2018,11,7,17,18,臺中市,西屯區,0,1,0,8,1,5,50,4,1,1,5,4,5,7,4,4,5,5,5,2,15,6,2,9,1,1,C03,7,9,1,10,2,12,  ,6,6,1,22,8,C03,24.167664,120.636987,2
2018,11,7,17,20,臺中市,南屯區,0,1,0,8,3,5,40,4,1,1,5,4,5,7,4,4,10,5,5,2,15,6,2,9,3,4,C03,7,9,1,10,2,12,  ,6,6,1,22,9,C03,24.155115,120.630776,2
2018,11,7,17,22,臺中市,龍井區,0,1,0,8,1,5,50,3,7,1,5,4,5,7,1,1,1,1,4,2,13,23,3,10,1,1,B03,7,9,1,8,2,1,  ,23,23,1,9,5,B03,24.125424,120.521578,2
2018,11,7,17,31,臺中市,西區,0,2,0,8,3,5,50,5,1,1,5,4,5,7,1,1,10,5,5,2,16,6,2,9,1,1,C04,7,5,2,18,2,12,  ,6,6,1,16,8,C04,24.140731,120.672004,2
2018,11,7,17,31,臺中市,西屯區,0,0,0,8,,,40,,,,,,,,,,,,,,,23,  ,  ,  ,  ,C03,  ,  ,1,  ,2,  ,  ,23,23,1,  ,  ,C03,24.182493,120.593858,3
2018,11,7,17,35,臺中市,西屯區,0,1,0,8,3,5,50,4,1,1,5,4,5,2,1,1,10,5,5,2,11,6,2,9,1,1,C03,7,5,1,10,2,11,  ,6,6,1,22,8,C03,24.197971,120.634746,2
2018,11,7,17,37,臺中市,北屯區,0,2,0,8,2,5,50,14,9,1,5,4,5,7,4,4,1,4,5,2,13,16,2,8,1,1,C03,7,9,1,10,2,11,  ,16,16,1,4,8,C03,24.1727,120.6805,2
2018,11,7,17,38,臺中市,西屯區,0,1,0,8,3,5,50,4,1,1,5,4,5,7,1,1,10,5,5,2,15,25,3,10,1,1,B01,7,9,1,4,2,2,  ,25,25,1,21,8,B01,24.16161,120.633769,2
2018,11,7,17,40,臺中市,南屯區,0,1,0,8,3,5,50,4,4,1,5,4,5,7,1,1,1,2,5,2,17,26,3,10,1,1,B02,7,6,1,8,2,1,  ,26,26,1,21,8,B02,24.145348,120.632448,2
2018,11,7,17,43,臺中市,東區,0,1,0,8,1,5,40,3,1,1,5,4,5,7,1,1,10,5,5,2,17,16,3,10,1,1,C03,7,9,1,10,2,13,  ,44,16,1,21,8,C03,24.151038,120.694333,2
2018,11,7,17,49,臺中市,北屯區,0,1,0,8,3,5,50,14,7,1,5,4,5,7,4,4,9,5,4,2,18,43,2,9,1,1,C03,7,9,1,10,2,12,11,43,43,1,5,8,C03,24.170544,120.688917,2
2018,11,7,17,49,臺中市,大甲區,0,0,0,,,,,,,,,,,,,,,,,,,6,  ,  ,  ,  ,B03,  ,  ,1,  ,2,  ,  ,6,6,1,22,  ,B03,24.350513,120.627437,3
2018,11,7,17,50,臺中市,西屯區,0,0,,8,,,70,,,,,,,,,,,,,,,,,,,,B03,,,1,,2,,,23,,1,21,,B03,24.182243,120.595846,3
2018,11,7,17,51,臺中市,西屯區,0,2,0,8,1,5,40,3,1,1,5,4,5,7,4,4,5,5,4,2,16,6,2,9,1,1,C03,7,5,1,10,2,14,  ,6,6,1,21,8,C03,24.165184,120.656991,2
2018,11,7,17,51,臺中市,大里區,0,0,,8,,,50,,,,,,,,,,,,,,,,,,,,B03,,,1,,2,,,23,,1,22,,B03,24.096896,120.696255,3
2018,11,7,17,51,臺中市,大里區,0,1,0,8,3,5,50,3,1,1,5,4,5,7,4,4,10,5,5,2,16,6,3,10,1,1,B03,7,5,1,8,2,2,  ,6,6,1,21,9,B03,24.100013,120.694809,2
2018,11,7,17,53,臺中市,霧峰區,0,0,,8,,,40,,,,,,,,,,,,,,,,,,,,B03,,,1,,2,,,16,,1,4,,B03,24.067702,120.662494,3