年,月,日,時,分,縣市,區,死,受傷,2-30,天候,光線,道路類別,速限,道路型態,事故位置,路面鋪裝,路面狀態,路面缺陷,障礙物,視距,號誌種類,號誌動作,分向設施,快車道或一般車道間,快慢車道間,路面邊線,事故類型及型態,主要肇因,受傷程度,主要傷處,保護裝備,行動電話,當事者區分_類別,車輛用途,當事者行動狀態,駕駛資格情形,駕駛執照種類,飲酒情形,車輛撞擊部位最初,車輛撞擊部位其他,肇事因素個別,肇事因素主要,肇事逃逸,職業,旅次目的,車種,GPS座標_緯度,GPS座標_經度,事故類別
2018,11,8,17,29,臺中市,大里區,0,0,,8,,,40,,,,,,,,,,,,,,,,,,,,A41,,,1,,2,,,26,,2,10,,A41,24.103474,120.692792,3
2018,11,8,17,30,臺中市,南屯區,0,1,0,8,1,5,50,4,1,1,5,4,5,7,4,4,10,5,5,2,15,6,3,10,1,1,B03,7,9,1,8,2,8,  ,6,6,1,22,9,B03,24.145555,120.61255,2
2018,11,8,17,31,臺中市,西屯區,0,1,0,8,3,5,40,14,8,1,5,4,5,7,4,4,1,5,1,2,13,16,2,9,1,1,C03,7,9,1,10,2,11,  ,16,16,1,22,9,C03,24.181706,120.59666,2
2018,11,8,17,38,臺中市,大肚區,0,0,,8,,,40,,,,,,,,,,,,,,,,,,,,B03,,,1,,3,,,23,,1,9,,B03,24.149903,120.545603,3
2018,11,8,17,40,臺中市,南屯區,0,0,,8,,,50,,,,,,,,,,,,,,,,,,,,B03,,,1,,2,,,23,,1,22,,B03,24.129546,120.627259,3
2018,11,8,17,43,臺中市,西屯區,0,0,0,8,,,50,,,,,,,,,,,,,,,23,  ,  ,  ,  ,B03,  ,  ,1,  ,2,  ,  ,23,23,1,5,  ,B03,24.159173,120.63912,3
2018,11,8,17,45,臺中市,東區,0,1,0,8,1,5,50,4,1,1,5,4,5,7,4,4,10,5,5,2,17,6,2,9,1,1,C03,7,9,1,10,2,12,11,14,6,1,21,8,C03,24.141549,120.697179,2
2018,11,8,17,48,臺中市,西區,0,0,0,8,,,50,,,,,,,,,,,,,,,42,3,  ,  ,  ,B03,  ,  ,1,  ,2,  ,  ,42,42,  ,5,  ,B03,24.132163,120.67333,3
2018,11,8,17,52,臺中市,大甲區,0,0,,8,,,60,,,,,,,,,,,,,,,,,,,,B03,,,1,,2,,,23,,1,21,,B03,24.343024,120.617646,3
2018,11,8,17,54,臺中市,東區,0,0,,8,,,50,,,,,,,,,,,,,,,17,,,,,B03,,,1,,2,,,17,17,1,22,,B03,24.13646,120.68784,3
2018,11,8,17,55,臺中市,大里區,0,1,0,8,3,5,80,14,9,1,5,4,5,7,4,4,1,4,5,1,13,16,3,10,1,1,B03,7,9,1,8,2,5,  ,16,16,1,21,8,B03,24.11974,120.700641,2
2018,11,8,17,56,臺中市,沙鹿區,0,2,0,8,2,5,50,3,18,1,5,4,5,7,3,1,10,5,5,2,3,15,2,9,1,1,C03,7,9,1,10,2,11,  ,15,15,1,21,8,C03,24.235905,120.562118,2
2018,11,8,18,0,臺中市,大里區,0,0,,8,,,40,,,,,,,,,,,,,,,,,,,,B12,,,1,,9,,,12,,1,  ,,B12,24.09723,120.671141,3
2018,11,8,18,0,臺中市,大甲區,0,2,0,8,3,5,70,3,12,1,5,4,5,7,4,4,1,4,4,1,16,19,2,9,1,4,C03,7,1,1,10,2,12,  ,19,19,1,21,8,C03,24.383183,120.65176,2
2018,11,8,18,1,臺中市,西區,0,2,0,8,3,5,50,3,1,1,5,4,5,7,4,4,10,5,5,2,17,4,2,9,1,1,C03,7,15,1,10,2,11,  ,4,4,1,5,5,C03,24.150822,120.668202,2
2018,11,8,18,4,臺中市,南屯區,0,0,,8,,,50,,,,,,,,,,,,,,,,,,,,B03,,,1,,2,,,23,,1,22,,B03,24.133106,120.643906,3
2018,11,8,18,6,臺中市,龍井區,0,1,0,8,3,5,50,4,1,1,5,4,5,7,2,1,10,5,5,2,11,8,2,9,1,1,C03,7,5,1,10,2,12,  ,8,8,1,21,8,C03,24.187247,120.583283,2
2018,11,8,18,7,臺中市,西屯區,0,0,,8,,,40,,,,,,,,,,,,,,,,,,,,B03,,,1,,2,,,23,,1,  ,,B03,24.181127,120.618771,3
2018,11,8,18,11,臺中市,北區,0,0,,8,,,50,,,,,,,,,,,,,,,38,,,,,B03,,,1,,2,,,12,38,1,5,,B03,24.169111,120.677766,3
2018,11,8,18,16,臺中市,北屯區,0,0,,8,,,50,,,,,,,,,,,,,,,,,,,,B03,,,1,,2,,,23,,1,5,,B03,24.2007,120.6691,3
2018,11,8,18,20,臺中市,南屯區,0,2,0,8,3,5,40,14,9,1,5,4,5,7,4,4,10,5,5,2,3,51,2,9,1,1,H01,8,16,8,20,10,16,  ,51,51,1,22,9,H01,24.133236,120.610349,2
2018,11,8,18,20,臺中市,潭子區,0,0,,8,,,50,,,,,,,,,,,,,,,,,,,,B03,,,1,,2,,,7,,1,22,,B03,24.195492,120.70181,3
2018,11,8,18,22,臺中市,大雅區,0,2,0,8,3,5,50,3,1,1,5,4,5,7,4,4,5,5,5,1,17,19,2,9,1,1,C03,7,1,1,10,2,14,  ,19,19,1,21,8,C03,24.224854,120.653593,2
2018,11,8,18,24,臺中市,梧棲區,0,1,0,8,3,5,50,3,1,1,5,4,5,7,1,1,10,5,5,2,16,6,3,10,1,1,B03,7,5,1,8,2,5,  ,6,6,1,8,8,B03,24.245875,120.547353,2
2018,11,8,18,26,臺中市,西屯區,0,2,0,8,3,5,40,14,8,1,5,4,5,7,4,4,1,4,4,2,16,19,2,9,1,1,C04,7,1,3,18,2,14,  ,19,19,1,22,8,C04,24.20096,120.658732,2
2018,11,8,18,27,臺中市,太平區,0,0,,8,3,6,50,4,1,1,5,4,5,7,1,1,5,4,5,1,16,,,,,,B03,,,1,,2,,,44,,1,21,,B03,24.133751,120.721098,3
2018,11,8,18,28,臺中市,清水區,0,1,0,8,3,5,50,14,7,1,5,4,5,7,4,4,8,5,4,2,16,10,3,10,1,1,B03,7,11,1,8,11,8,  ,10,10,1,21,8,B03,24.274391,120.610271,2
2018,11,8,18,30,臺中市,中區,0,1,0,8,3,5,50,4,1,1,5,4,5,7,3,1,10,5,5,2,15,6,3,10,3,4,B03,7,9,1,8,2,2,  ,6,6,1,21,8,B03,24.140021,120.679119,2
2018,11,8,18,30,臺中市,大肚區,0,2,0,8,3,5,50,4,1,1,5,4,5,7,1,1,10,5,5,2,16,11,2,8,1,1,C03,7,11,1,10,2,12,  ,11,11,1,8,1,C03,24.159703,120.543653,2
2018,11,8,18,32,臺中市,沙鹿區,0,1,0,8,3,5,40,3,1,1,5,4,5,7,1,1,10,5,5,2,17,9,3,10,1,1,C03,7,6,1,10,2,13,  ,9,9,1,4,8,C03,24.229988,120.574305,2
2018,11,8,18,33,臺中市,南屯區,0,2,0,8,3,5,40,14,7,1,5,4,5,7,4,4,5,4,4,2,3,53,2,9,1,1,C03,7,9,1,10,2,11,  ,23,53,1,22,8,C03,24.158135,120.617189,2
2018,11,8,18,35,臺中市,南區,0,1,0,7,3,5,50,14,7,1,5,4,5,7,4,4,5,4,4,2,13,42,3,10,1,1,B03,7,9,1,8,2,5,  ,42,42,1,21,8,B03,24.117001,120.654637,2
2018,11,8,18,35,臺中市,沙鹿區,0,0,,8,,,50,,,,,,,,,,,,,,,,,,,,C03,,,1,,2,,,23,,1,18,,C03,24.222997,120.573411,3
2018,11,8,18,35,臺中市,沙鹿區,0,1,0,8,3,5,40,14,8,1,5,4,5,7,4,4,1,4,4,2,27,23,3,10,1,1,C03,7,9,1,10,2,11,  ,23,23,1,9,8,C03,24.210195,120.569375,2
2018,11,8,18,38,臺中市,東區,0,1,0,8,2,5,40,5,1,1,5,4,5,7,1,1,10,5,5,2,27,66,  ,  ,  ,  ,   ,  ,  ,  ,  ,  ,  ,  ,66,66,1,  ,  ,   ,24.14277,120.697177,2
2018,11,8,18,40,臺中市,沙鹿區,0,1,0,8,3,5,40,14,8,1,5,4,5,7,4,4,1,4,3,1,17,19,3,10,1,1,B12,7,1,1,7,2,7,  ,19,19,1,21,8,B12,24.229046,120.572206,2
2018,11,8,18,45,臺中市,東區,0,1,0,8,3,5,50,4,1,1,5,4,5,7,2,1,10,5,5,2,12,43,2,9,1,1,C03,7,9,1,10,2,14,  ,43,43,1,22,8,C03,24.147958,120.697253,2
2018,11,8,18,45,臺中市,北屯區,0,1,0,8,3,5,50,14,9,1,5,4,5,7,4,4,8,3,5,2,12,40,3,10,1,1,B03,7,13,1,8,2,4,  ,40,40,1,21,8,B03,24.162076,120.696114,2
2018,11,8,18,47,臺中市,西屯區,0,1,0,8,1,5,40,14,9,1,5,4,5,7,4,4,10,5,5,2,16,43,2,7,1,1,C03,7,9,1,10,2,12,  ,43,43,1,22,8,C03,24.162416,120.65067,2
2018,11,8,18,47,臺中市,大肚區,0,0,,8,,,50,,,,,,,,,,,,,,,,,,,,B03,,,1,,2,,,44,,1,  ,,B03,24.168703,120.578896,3
2018,11,8,18,52,臺中市,南區,0,1,0,8,3,5,50,5,1,1,5,4,5,7,1,1,1,2,5,2,13,16,2,9,1,1,C03,7,9,1,10,2,11,  ,16,16,1,22,8,C03,24.126375,120.677541,2
2018,11,8,18,56,臺中市,神岡區,0,2,0,8,1,5,50,5,1,1,5,4,5,7,1,1,10,5,5,2,17,17,2,9,3,4,F02,7,9,8,20,2,16,  ,17,17,1,19,9,F02,24.258206,120.663623,2
2018,11,8,19,0,臺中市,西屯區,0,0,,8,,,50,,,,,,,,,,,,,,,,,,,,A02,,,1,,11,,,7,,1,10,,A02,24.178626,120.624169,3
2018,11,8,19,1,臺中市,西屯區,0,0,0,8,,,50,,,,,,,,,,,,,,,23,  ,  ,  ,  ,B03,  ,  ,1,  ,2,  ,  ,23,23,1,  ,  ,B03,24.170563,120.659245,3
2018,11,8,19,1,臺中市,西屯區,0,1,0,8,1,5,50,15,7,1,5,4,5,7,4,4,5,4,4,2,17,43,3,10,1,1,C03,7,9,1,10,2,14,  ,43,43,2,22,8,C03,24.166404,120.653716,2
2018,11,8,19,13,臺中市,太平區,0,1,0,8,3,5,50,14,9,1,5,4,5,7,4,4,5,5,5,1,16,42,3,10,1,1,B03,7,6,1,8,2,5,  ,42,42,1,5,8,B03,24.15881,120.719076,2
2018,11,8,19,23,臺中市,西區,0,0,,8,,,40,,,,,,,,,,,,,,,,,,,,B03,,,1,,2,,,12,,1,21,,B03,24.150218,120.664435,3
2018,11,8,19,25,臺中市,大雅區,0,0,,8,,,40,,,,,,,,,,,,,,,,,,,,B03,,,1,,2,,,5,,1,  ,,B03,24.2087,120.637154,3
2018,11,8,19,27,臺中市,西屯區,0,1,0,8,3,5,50,4,1,1,5,4,5,7,3,1,10,5,5,2,16,26,3,10,1,1,B03,7,6,1,8,2,5,  ,26,26,1,5,8,B03,24.192745,120.645276,2
2018,11,8,19,30,臺中市,西屯區,0,0,,8,,,40,,,,,,,,,,,,,,,,,,,,A12,,,1,,9,,,23,,1,22,,A12,24.195249,120.634276,3
2018,11,8,19,39,臺中市,霧峰區,0,0,,8,,,50,,,,,,,,,,,,,,,,,,,,A04,,,1,,2,,,17,,1,10,,A04,24.067812,120.699111,3
2018,11,8,19,53,臺中市,西區,0,1,0,8,3,5,40,14,8,1,5,4,5,7,4,4,5,4,4,2,13,23,2,9,1,1,C03,7,9,1,10,2,11,  ,23,23,1,5,8,C03,24.137734,120.670572,2
2018,11,8,20,1,臺中市,南屯區,0,1,0,8,3,5,50,3,1,1,5,4,5,7,4,4,10,5,5,2,16,6,2,9,1,1,C03,7,5,1,9,2,11,  ,6,6,1,22,9,C03,24.136334,120.603867,2
2018,11,8,20,2,臺中市,南屯區,0,1,0,8,3,5,40,4,1,1,5,4,5,7,2,1,3,5,5,2,3,15,3,10,1,1,B03,7,5,1,6,2,1,  ,15,15,1,22,8,B03,24.150951,120.650773,2
2018,11,8,20,8,臺中市,潭子區,0,1,0,8,3,5,60,15,9,1,5,4,3,7,4,4,9,4,5,1,17,23,2,9,1,1,C03,7,9,1,10,2,11,  ,23,23,1,21,8,C03,24.196116,120.721535,2
2018,11,8,20,12,臺中市,龍井區,0,1,0,8,3,5,40,3,1,1,5,4,5,7,4,4,10,5,5,2,16,6,3,10,1,1,B03,7,5,1,8,2,8,  ,6,6,1,21,8,B03,24.180963,120.587982,2
2018,11,8,20,13,臺中市,北區,0,0,0,8,,,50,,,,,,,,,,,,,,,12,  ,  ,  ,  ,B03,  ,  ,1,  ,2,  ,  ,12,12,1,  ,  ,B03,24.157245,120.680453,3
2018,11,8,20,35,臺中市,北區,0,1,0,7,3,5,50,4,1,1,5,4,5,7,1,1,10,5,5,2,15,25,2,9,1,1,C03,7,9,3,18,2,12,  ,43,25,1,5,8,C03,24.151514,120.678213,2
2018,11,8,20,35,臺中市,霧峰區,0,0,,8,,,40,,,,,,,,,,,,,,,,,,,,B03,,,1,,2,,,23,,1,11,,B03,24.070668,120.666496,3
2018,11,8,20,37,臺中市,大甲區,0,0,,8,,,50,,,,,,,,,,,,,,,,,,,,B03,,,1,,3,,,23,,1,21,,B03,24.345319,120.629771,3
2018,11,8,20,38,臺中市,北屯區,0,1,0,8,3,5,40,4,1,1,5,4,5,7,4,4,10,5,5,2,16,23,2,7,1,1,C03,7,5,1,10,2,12,  ,23,23,1,4,8,C03,24.174,120.7111,2
2018,11,8,21,5,臺中市,沙鹿區,0,1,0,8,3,5,50,4,1,1,5,4,5,7,2,1,10,5,5,2,17,26,2,9,1,1,C03,7,5,1,10,2,14,  ,26,26,1,18,8,C03,24.234798,120.558885,2
2018,11,8,21,19,臺中市,北屯區,0,1,0,8,3,5,50,4,1,1,5,4,5,7,2,1,1,3,5,2,12,6,3,10,1,1,B03,7,6,1,8,2,2,  ,6,6,1,21,8,B03,24.177206,120.669323,2
2018,11,8,21,24,臺中市,西屯區,0,0,,8,,,40,,,,,,,,,,,,,,,,,,,,B03,,,1,,2,,,17,,1,22,,B03,24.200826,120.655406,3
2018,11,8,21,30,臺中市,南區,0,0,,7,3,5,50,14,9,1,5,4,5,7,4,4,1,4,5,2,13,,,,,,B11,,,1,,2,,,23,,1,21,,B11,24.110735,120.64631,3
2018,11,8,21,30,臺中市,沙鹿區,0,1,0,8,1,5,50,4,1,1,5,4,5,7,1,1,10,5,5,2,16,6,3,10,1,1,B03,7,5,1,8,2,8,  ,6,6,1,21,8,B03,24.22124,120.57871,2
2018,11,8,21,48,臺中市,北屯區,0,1,0,8,3,5,50,4,1,1,5,4,5,7,1,1,10,4,4,2,18,43,2,9,1,1,C03,7,12,1,10,2,15,  ,43,43,1,20,5,C03,24.160953,120.713531,2
2018,11,8,21,50,臺中市,北屯區,0,1,0,8,3,5,50,14,7,1,5,4,5,7,4,4,1,4,4,2,13,16,3,10,1,1,B03,7,9,1,8,2,1,  ,16,16,1,20,8,B03,24.179113,120.668084,2
2018,11,8,22,1,臺中市,北區,0,0,,8,3,5,50,4,1,1,5,4,5,7,4,4,5,5,5,2,15,,,,,,C03,,,1,,2,,,6,,1,22,,C03,24.161606,120.682374,3
2018,11,8,22,2,臺中市,東區,0,0,0,7,3,5,50,14,9,1,5,4,5,6,4,4,9,4,5,2,14,12,  ,  ,  ,  ,B03,  ,2,1,8,2,2,  ,18,12,1,5,  ,B03,24.137813,120.708266,3
2018,11,8,22,9,臺中市,太平區,0,1,0,8,3,5,50,4,1,1,5,4,5,7,1,1,5,5,5,2,16,43,3,10,1,1,B03,7,6,1,8,5,2,  ,43,43,1,21,8,B03,24.147983,120.700553,2
2018,11,8,22,10,臺中市,南屯區,0,0,0,8,,,60,,,,,,,,,,,,,,,23,  ,  ,  ,  ,B03,  ,  ,1,8,2,  ,  ,23,23,1,12,  ,B03,24.145563,120.623892,3
2018,11,8,22,13,臺中市,大里區,0,0,,8,,,50,,,,,,,,,,,,,,,,,,,,B03,,,1,,11,,,43,,1,22,,B03,24.091616,120.69169,3
2018,11,8,22,13,臺中市,東勢區,0,3,0,7,3,5,50,4,1,1,5,4,5,7,4,4,5,5,5,1,16,9,2,9,1,1,C03,7,6,1,10,2,12,  ,9,9,1,22,8,C03,24.24455,120.8318,2
2018,11,8,22,26,臺中市,大里區,0,2,0,8,3,5,40,14,8,1,5,4,5,7,1,1,1,2,1,1,13,23,2,8,1,1,C03,7,9,1,10,2,13,  ,23,23,1,18,8,C03,24.094296,120.688315,2
2018,11,8,22,26,臺中市,潭子區,0,2,0,8,3,5,50,5,2,1,5,4,5,7,1,1,10,4,5,1,3,23,2,9,1,1,C03,7,9,3,18,2,11,  ,23,23,1,21,8,C03,24.216568,120.697776,2
2018,11,8,22,36,臺中市,后里區,0,0,0,,,,,,,,,,,,,,,,,,,12,  ,  ,  ,  ,B03,  ,  ,1,  ,2,  ,  ,12,12,1,22,  ,B03,24.29636,120.722834,3
2018,11,8,22,40,臺中市,西區,0,0,,8,,,50,,,,,,,,,,,,,,,,,,,,B03,,,1,,2,,,26,,1,  ,,B03,24.146727,120.653016,3
2018,11,8,22,44,臺中市,西區,0,0,0,8,,,40,,,,,,,,,,,,,,,23,3,  ,  ,  ,B03,  ,  ,1,  ,2,  ,  ,23,23,  ,5,  ,B03,24.140925,120.653676,3
2018,11,8,22,45,臺中市,大里區,0,2,0,8,3,5,50,14,9,1,5,4,5,7,4,4,5,4,5,1,18,23,2,1,1,1,C03,7,9,1,10,2,14,  ,23,23,1,18,8,C03,24.104652,120.68909,2
2018,11,9,1,12,臺中市,北區,0,1,0,8,3,5,50,4,1,1,5,4,5,7,3,1,10,5,5,2,15,6,2,9,1,1,C03,7,9,1,10,2,14,  ,6,6,1,22,8,C03,24.171689,120.673188,2
2018,11,9,3,56,臺中市,南屯區,0,0,,8,,,50,,,,,,,,,,,,,,,,,,,,B03,,,1,,2,,,23,,1,21,,B03,24.140693,120.64921,3
2018,11,9,4,29,臺中市,南屯區,0,1,0,8,3,5,40,4,1,1,5,4,5,7,1,1,10,5,5,2,16,25,2,9,3,4,C03,7,9,1,10,2,11,  ,25,25,1,22,8,C03,24.151183,120.608,2
2018,11,9,4,41,臺中市,大雅區,1,0,0,8,3,5,50,4,2,1,5,4,5,7,3,1,5,5,5,1,1,14,3,10,1,1,B03,7,9,3,18,4,5,  ,14,14,1,22,8,B03,24.219475,120.646524,1
2018,11,9,6,50,臺中市,北屯區,0,1,0,8,1,5,50,3,1,1,5,4,5,7,4,4,5,4,5,2,16,26,3,10,1,1,B12,7,5,1,7,2,1,  ,26,26,1,21,8,B12,24.169671,120.707236,2
2018,11,9,6,55,臺中市,大雅區,0,0,,8,,,40,,,,,,,,,,,,,,,,,,,,B03,,,3,,2,,,16,,1,  ,,B03,24.221372,120.653537,3
2018,11,9,7,13,臺中市,潭子區,0,1,0,8,1,5,60,3,1,1,5,4,5,7,2,1,10,5,5,2,16,6,3,10,1,1,B03,7,5,1,8,2,2,  ,6,6,1,22,8,B03,24.192126,120.702558,2
2018,11,9,7,18,臺中市,西屯區,0,1,0,8,1,5,40,3,1,1,5,4,5,7,4,4,10,5,5,2,17,43,3,10,1,1,B03,7,6,1,8,2,15,  ,43,43,1,22,8,B03,24.190347,120.612066,2
2018,11,9,7,21,臺中市,南屯區,0,0,,8,,,50,,,,,,,,,,,,,,,,,,,,B03,,,1,,2,,,6,,1,22,,B03,24.145859,120.614958,3
2018,11,9,7,29,臺中市,龍井區,0,2,0,8,1,5,40,4,2,1,5,4,5,7,1,1,1,4,5,1,16,43,2,9,1,1,C03,7,5,1,10,2,12,  ,43,43,1,9,1,C03,24.202234,120.515571,2
2018,11,9,7,30,臺中市,南屯區,0,0,,8,,,50,,,,,,,,,,,,,,,,,,,,B12,,,1,,11,,,7,,2,10,,B12,24.133049,120.635787,3
2018,11,9,7,30,臺中市,西屯區,0,0,,8,,,50,,,,,,,,,,,,,,,,,,,,A11,,,1,,2,,,42,,1,  ,,A11,24.199958,120.656035,3
2018,11,9,7,33,臺中市,西屯區,0,0,,8,,,50,,,,,,,,,,,,,,,,,,,,B03,,,1,,2,,,16,,1,22,,B03,24.181335,120.619045,3
2018,11,9,7,38,臺中市,大雅區,0,0,,8,,,50,,,,,,,,,,,,,,,,,,,,B03,,,1,,2,,,6,,1,21,,B03,24.20978,120.6514,3
2018,11,9,7,39,臺中市,神岡區,0,2,0,8,1,5,50,3,1,1,5,4,5,7,4,4,5,5,5,1,16,6,2,9,1,1,C03,7,5,1,10,2,11,12,6,6,1,3,1,C03,24.241753,120.689393,2
2018,11,9,7,40,臺中市,西區,0,1,0,8,1,5,50,14,7,1,5,4,5,7,4,4,5,4,4,2,13,23,3,10,1,1,B03,7,9,1,8,2,1,  ,23,23,1,21,8,B03,24.132128,120.668136,2
2018,11,9,7,40,臺中市,南屯區,0,1,0,8,1,5,50,14,9,1,5,4,5,7,4,4,1,4,5,2,18,23,2,9,1,1,C03,7,9,1,10,2,14,  ,23,23,1,21,8,C03,24.145367,120.61975,2
2018,11,9,7,43,臺中市,西屯區,0,1,0,8,1,5,50,3,1,1,5,4,5,7,4,4,10,5,5,2,29,67,2,8,1,1,C03,7,9,1,10,2,11,  ,43,67,1,22,8,C03,24.17816,120.665428,2
2018,11,9,7,44,臺中市,烏日區,0,0,,,,,,,,,,,,,,,,,,,,,,,,,B03,,,1,,2,,,17,,1,22,,B03,24.10784,120.638226,3
2018,11,9,7,45,臺中市,南屯區,0,2,0,8,1,5,50,4,1,1,5,4,5,7,1,1,10,5,5,2,16,25,2,9,1,1,C03,7,5,1,10,2,14,  ,25,25,1,21,8,C03,24.146775,120.646758,2
2018,11,9,7,45,臺中市,龍井區,0,1,0,8,1,5,60,3,1,1,5,4,5,7,1,1,10,5,5,2,16,25,3,10,1,1,B03,7,6,1,8,2,6,  ,25,25,1,21,1,B03,24.187913,120.578884,2
2018,11,9,7,46,臺中市,西屯區,0,0,,8,1,5,50,14,2,1,5,4,5,7,2,1,8,3,4,1,13,,,,,,B03,,,1,,2,,,23,,1,22,,B03,24.178991,120.62512,3
2018,11,9,7,49,臺中市,太平區,0,2,0,8,1,5,40,5,1,1,5,4,5,7,4,4,10,5,5,2,15,6,2,9,1,1,C03,7,9,1,10,2,14,  ,6,6,1,21,1,C03,24.145823,120.734986,2
2018,11,9,7,50,臺中市,西屯區,0,0,,8,,,50,,,,,,,,,,,,,,,,,,,,C03,,,1,,2,,,23,,1,22,,C03,24.161853,120.606571,3
2018,11,9,7,50,臺中市,大雅區,0,1,0,8,1,8,40,14,9,1,5,4,5,7,4,4,10,5,5,1,17,23,3,10,1,1,C03,7,9,1,10,2,11,  ,23,23,1,21,8,C03,24.211758,120.652247,2
2018,11,9,7,51,臺中市,西屯區,0,0,0,8,,,50,,,,,,,,,,,,,,12,2,  ,  ,  ,  ,B03,  ,  ,1,  ,2,4,2,2,2,1,22,  ,B03,24.201497,120.656922,3
2018,11,9,7,51,臺中市,梧棲區,0,0,,8,,,50,,,,,,,,,,,,,,,,,,,,B03,,,1,,2,,,23,,1,9,,B03,24.261029,120.530226,3
2018,11,9,7,52,臺中市,大里區,0,1,0,8,1,5,50,14,9,1,5,4,5,7,4,4,10,5,5,1,17,6,3,10,1,1,B03,7,1,1,8,2,7,  ,6,6,1,21,5,B03,24.107423,120.669932,2
2018,11,9,7,54,臺中市,大肚區,0,2,0,8,1,5,50,4,1,1,5,4,5,7,1,1,10,5,5,2,15,25,2,9,1,1,C03,7,1,1,10,2,11,  ,25,25,1,12,5,C03,24.159544,120.543796,2
2018,11,9,7,55,臺中市,南區,0,0,,8,,,50,,,,,,,,,,,,,,,,,,,,B03,,,1,,2,,,23,,1,22,,B03,24.125157,120.670095,3
2018,11,9,7,55,臺中市,西屯區,0,1,0,8,1,5,40,14,8,1,5,4,5,7,4,4,9,4,4,2,18,23,2,9,1,1,C03,7,9,1,10,2,14,  ,23,23,1,21,8,C03,24.186419,120.615391,2
2018,11,9,7,55,臺中市,清水區,0,0,0,8,,,70,,,,,,,,,,,,,,,8,  ,  ,  ,  ,B03,  ,  ,1,  ,2,  ,  ,8,8,1,21,  ,B03,24.270212,120.567406,3
2018,11,9,7,57,臺中市,南區,0,1,0,8,1,5,40,13,9,1,4,4,5,7,4,4,10,5,5,2,17,23,2,9,1,1,C03,7,9,1,10,2,15,  ,23,23,1,21,8,C03,24.130868,120.682965,2
2018,11,9,7,59,臺中市,西屯區,0,0,,8,,,60,,,,,,,,,,,,,,,,,,,,B03,,,1,,2,,,17,,1,22,,B03,24.182495,120.616581,3
2018,11,9,8,0,臺中市,西屯區,0,0,0,8,,,50,,,,,,,,,,,,,,,9,  ,  ,  ,  ,A31,  ,  ,1,  ,2,  ,  ,9,9,1,22,  ,A31,24.200036,120.656346,3
2018,11,9,8,0,臺中市,神岡區,0,0,0,8,,,50,,,,,,,,,,,,,,,19,  ,  ,  ,  ,B03,  ,  ,1,  ,2,  ,  ,19,19,1,12,  ,B03,24.251335,120.701241,3
2018,11,9,8,0,臺中市,大雅區,0,1,0,8,1,5,40,4,2,1,5,4,5,7,4,4,5,5,4,1,16,26,2,9,1,1,C03,7,6,1,10,2,11,  ,6,26,1,22,8,C03,24.232647,120.667272,2
2018,11,9,8,8,臺中市,潭子區,0,0,,8,,,60,,,,,,,,,,,,,,,,,,,,B03,,,1,,2,,,7,,1,  ,,B03,24.218348,120.723683,3
2018,11,9,8,10,臺中市,梧棲區,0,0,,8,,,40,,,,,,,,,,,,,,,,,,,,B12,,,1,,2,,,19,,1,19,,B12,24.246658,120.544171,3
2018,11,9,8,10,臺中市,梧棲區,0,1,0,8,1,5,50,14,9,1,5,4,5,7,4,4,5,5,5,2,14,12,3,10,1,1,B03,7,2,1,8,2,7,  ,12,12,1,1,1,B03,24.243383,120.547507,2
2018,11,9,8,12,臺中市,大里區,0,0,,8,,,50,,,,,,,,,,,,,,,,,,,,C03,,,1,,2,,,16,,1,12,,C03,24.097558,120.677002,3
2018,11,9,8,18,臺中市,西屯區,0,1,0,8,1,5,50,5,2,1,5,4,5,7,1,1,8,3,4,1,16,6,2,9,1,1,C03,7,6,1,10,2,11,  ,6,6,1,22,8,C03,24.178941,120.624613,2
2018,11,9,8,19,臺中市,北區,0,1,0,8,1,5,50,4,1,1,5,4,5,7,1,1,10,5,5,2,13,16,3,10,1,4,C03,7,9,1,10,2,11,  ,16,16,1,21,8,C03,24.159191,120.675861,2
2018,11,9,8,28,臺中市,南區,0,2,0,8,1,5,50,4,1,1,5,4,5,7,1,1,10,5,5,2,15,25,2,8,1,1,C03,7,9,1,10,2,14,  ,25,25,1,4,8,C03,24.117096,120.658984,2
2018,11,9,8,29,臺中市,后里區,0,1,0,8,1,5,50,14,7,1,5,4,5,7,1,1,1,4,4,1,16,19,3,10,3,4,B12,7,1,1,8,2,4,  ,19,19,1,21,8,B12,24.309071,120.722368,2
2018,11,9,8,36,臺中市,龍井區,0,2,0,8,1,5,50,3,1,1,5,4,5,7,4,4,10,5,5,2,11,6,2,9,1,1,C03,7,5,1,10,2,11,  ,6,6,1,21,1,C03,24.193651,120.574541,2
2018,11,9,8,40,臺中市,西屯區,0,1,0,8,1,5,50,3,2,1,5,4,5,7,4,4,10,5,5,2,13,19,3,10,1,1,B03,7,1,1,4,2,15,  ,19,19,1,22,8,B03,24.178467,120.645281,2
2018,11,9,8,42,臺中市,梧棲區,0,1,0,8,1,5,40,3,1,1,5,4,5,7,4,4,10,5,5,2,16,6,3,10,1,1,B03,7,5,1,8,2,1,  ,6,6,1,19,5,B03,24.248007,120.555019,2