年,月,日,時,分,縣市,區,死,受傷,2-30,天候,光線,道路類別,速限,道路型態,事故位置,路面鋪裝,路面狀態,路面缺陷,障礙物,視距,號誌種類,號誌動作,分向設施,快車道或一般車道間,快慢車道間,路面邊線,事故類型及型態,主要肇因,受傷程度,主要傷處,保護裝備,行動電話,當事者區分_類別,車輛用途,當事者行動狀態,駕駛資格情形,駕駛執照種類,飲酒情形,車輛撞擊部位最初,車輛撞擊部位其他,肇事因素個別,肇事因素主要,肇事逃逸,職業,旅次目的,車種,GPS座標_緯度,GPS座標_經度,事故類別
2018,11,9,8,44,臺中市,北區,0,1,0,8,1,5,40,14,8,1,5,4,5,7,4,4,1,4,4,2,18,23,2,7,1,1,C03,7,9,1,10,2,12,  ,23,23,1,22,8,C03,24.163553,120.674304,2
2018,11,9,8,52,臺中市,后里區,0,1,0,8,1,5,50,4,1,1,5,4,5,7,1,1,1,4,4,1,16,25,2,8,1,1,C03,7,9,3,18,3,11,  ,25,25,1,21,8,C03,24.31318,120.722393,2
2018,11,9,8,53,臺中市,北區,0,1,0,8,1,5,50,14,9,1,5,4,5,7,4,4,1,4,5,2,16,16,2,8,1,1,C03,7,7,1,10,2,12,  ,16,16,1,4,1,C03,24.165397,120.673436,2
2018,11,9,8,56,臺中市,南屯區,0,0,,8,,,50,,,,,,,,,,,,,,,,,,,,B12,,,1,,2,,,12,,1,22,,B12,24.138895,120.599706,3
2018,11,9,9,0,臺中市,西區,0,0,,8,,,50,,,,,,,,,,,,,,,,,,,,B03,,,1,,2,,,6,,1,21,,B03,24.152654,120.666329,3
2018,11,9,9,13,臺中市,北屯區,0,2,0,8,1,5,50,4,1,1,5,4,5,7,1,1,10,5,5,2,15,25,2,9,3,4,C03,7,9,1,10,2,12,  ,25,25,1,22,8,C03,24.172811,120.690614,2
2018,11,9,9,15,臺中市,西區,0,0,0,8,1,5,50,4,1,1,,4,5,7,2,1,10,5,5,2,17,43,3,10,1,1,A12,7,5,1,3,2,5,  ,43,43,1,20,8,A12,24.156908,120.659629,3
2018,11,9,9,22,臺中市,西屯區,0,1,0,8,1,5,50,4,2,1,2,4,5,7,1,1,5,4,5,1,18,61,  ,  ,  ,  ,   ,  ,  ,  ,  ,  ,  ,  ,61,61,1,  ,  ,   ,24.17378,120.598744,2
2018,11,9,9,22,臺中市,龍井區,0,2,0,8,1,5,40,3,1,1,5,4,5,7,4,4,10,5,5,2,6,43,2,5,1,1,B03,7,9,1,2,2,2,  ,43,43,1,10,1,B03,24.125789,120.562387,2
2018,11,9,9,24,臺中市,太平區,0,0,,8,,,50,,,,,,,,,,,,,,,,,,,,B12,,,1,,2,,,23,,1,6,,B12,24.159079,120.712073,3
2018,11,9,9,26,臺中市,東區,0,0,0,8,,,50,,,,,,,,,,,,,,,,3,  ,  ,  ,B03,  ,  ,1,  ,2,  ,  ,16,  ,1,21,  ,B03,24.136343,120.687835,3
2018,11,9,9,32,臺中市,南區,0,0,0,8,,,50,,,,,,,,,,,,,,,9,  ,  ,  ,  ,A11,  ,  ,1,  ,2,  ,  ,9,9,1,22,  ,A11,24.119312,120.648922,3
2018,11,9,9,35,臺中市,大里區,0,2,0,8,1,5,50,5,2,1,5,4,5,7,1,1,5,5,4,2,17,43,2,9,2,1,C03,7,1,1,10,2,11,  ,43,43,1,22,8,C03,24.093745,120.700763,2
2018,11,9,9,35,臺中市,新社區,0,1,0,8,1,5,40,3,1,1,5,4,5,7,4,4,10,5,5,2,29,67,  ,  ,  ,  ,   ,  ,  ,  ,  ,  ,  ,  ,67,67,1,  ,  ,   ,24.16802,120.825903,2
2018,11,9,9,37,臺中市,北屯區,0,0,0,8,,,40,,,,,,,,,,,,,,,23,  ,  ,  ,  ,B12,  ,  ,1,  ,2,  ,  ,23,23,1,10,  ,B12,24.203554,120.679571,3
2018,11,9,9,37,臺中市,大里區,0,0,,8,,,50,,,,,,,,,,,,,,,,,,,,B03,,,1,,2,,,12,,1,  ,,B03,24.110281,120.686657,3
2018,11,9,9,46,臺中市,南區,0,1,0,8,1,5,50,13,8,1,5,4,5,7,4,4,1,4,5,2,13,23,2,9,1,1,C03,7,9,1,10,2,12,  ,23,23,1,21,8,C03,24.114524,120.654718,2
2018,11,9,9,47,臺中市,北屯區,0,2,0,8,1,5,50,5,1,1,5,4,5,7,1,1,10,5,5,2,11,23,2,8,1,1,C03,7,9,1,10,2,14,  ,23,23,2,20,8,C03,24.195436,120.74796,2
2018,11,9,9,50,臺中市,大里區,0,2,0,8,1,5,50,4,1,1,5,4,5,7,1,1,10,5,5,2,17,19,2,9,1,1,C03,7,1,1,10,2,11,  ,19,19,1,21,1,C03,24.104039,120.686202,2
2018,11,9,9,51,臺中市,北區,0,1,0,8,1,5,50,4,2,1,5,4,5,7,1,1,10,5,5,2,17,43,3,10,1,4,C03,7,12,3,18,9,13,  ,43,43,1,21,8,C03,24.153952,120.665726,2
2018,11,9,9,59,臺中市,西屯區,0,0,,8,,,60,,,,,,,,,,,,,,,,,,,,B03,,,1,,2,,,7,,1,22,,B03,24.178935,120.62165,3
2018,11,9,10,0,臺中市,龍井區,0,0,0,8,1,4,40,12,9,1,5,4,5,7,4,4,5,5,5,1,24,26,3,10,1,1,B11,7,9,1,3,3,9,9,26,26,1,10,4,B11,24.190342,120.551467,3
2018,11,9,10,1,臺中市,大里區,0,0,,8,,,40,,,,,,,,,,,,,,,,,,,,B12,,,1,,2,,,6,,1,6,,B12,24.097706,120.704033,3
2018,11,9,10,7,臺中市,大甲區,0,0,,8,,,50,,,,,,,,,,,,,,,,,,,,B12,,,1,,2,,,12,,1,21,,B12,24.360046,120.63532,3
2018,11,9,10,15,臺中市,烏日區,0,1,0,8,1,5,50,14,7,1,5,4,5,7,4,4,4,4,5,1,16,26,3,10,1,1,C03,7,11,1,10,2,13,  ,26,26,1,21,8,C03,24.096874,120.637968,2
2018,11,9,10,19,臺中市,大里區,0,1,0,8,1,5,50,5,1,1,5,4,5,7,3,1,10,5,5,1,17,23,3,10,1,1,A11,7,6,1,3,2,15,  ,23,23,1,10,8,A11,24.115086,120.678044,2
2018,11,9,10,19,臺中市,太平區,0,1,0,8,1,5,50,5,1,1,5,4,5,7,3,1,10,5,5,2,16,17,3,10,1,1,C03,7,4,1,10,2,12,  ,23,17,1,9,3,C03,24.154186,120.708889,2
2018,11,9,10,20,臺中市,北屯區,0,0,,8,,,50,,,,,,,,,,,,,,,,,,,,B03,,,1,,2,,,12,,1,21,,B03,24.170455,120.690975,3
2018,11,9,10,20,臺中市,龍井區,0,1,0,8,1,5,60,3,1,1,5,4,5,7,1,1,10,5,5,2,16,25,3,10,1,1,B03,7,6,1,8,2,5,  ,25,25,1,21,1,B03,24.187844,120.57893,2
2018,11,9,10,23,臺中市,南屯區,0,0,,8,,,40,,,,,,,,,,,,,,,,,,,,C03,,,1,,2,,,19,,1,22,,C03,24.118477,120.638556,3
2018,11,9,10,25,臺中市,北區,,,,8,,,50,,,,,,,,,,,,,,,,,,,,B03,,,1,,2,,,16,,1,19,,B03,24.149184,120.675417,3
2018,11,9,10,33,臺中市,霧峰區,0,2,0,8,1,5,40,14,12,1,5,4,5,7,4,4,9,4,4,1,12,17,2,7,3,4,C03,7,9,1,10,2,12,  ,17,17,1,16,8,C03,24.067396,120.699081,2
2018,11,9,10,36,臺中市,西屯區,0,1,0,8,1,5,50,14,9,1,5,4,5,7,4,4,8,3,4,1,17,11,2,9,1,1,C03,7,11,1,10,2,11,  ,11,11,1,22,8,C03,24.185848,120.640135,2
2018,11,9,10,48,臺中市,北屯區,0,0,,8,,,50,,,,,,,,,,,,,,,,,,,,B03,,,1,,2,,,19,,1,22,,B03,24.171229,120.709469,3
2018,11,9,10,50,臺中市,大雅區,0,2,0,8,1,5,40,3,2,1,5,4,5,7,1,1,5,5,5,1,16,25,3,10,1,1,B03,7,5,1,8,2,1,  ,25,25,1,22,8,B03,24.222236,120.653584,2
2018,11,9,10,53,臺中市,后里區,0,1,0,8,1,5,50,4,1,1,5,4,5,7,3,1,5,5,5,1,15,6,3,10,1,1,B11,7,9,1,7,2,1,  ,6,6,1,21,8,B11,24.316588,120.707943,2
2018,11,9,10,54,臺中市,龍井區,0,1,0,8,1,5,50,4,2,1,5,4,5,7,1,1,10,5,5,2,16,6,3,10,1,1,B12,7,5,1,8,2,8,  ,6,6,1,9,5,B12,24.125768,120.524129,2
2018,11,9,10,56,臺中市,大里區,0,0,,8,,,50,,,,,,,,,,,,,,,,,,,,B11,,,1,,2,,,23,,1,22,,B11,24.091066,120.692483,3
2018,11,9,10,58,臺中市,大雅區,0,0,,8,,,40,,,,,,,,,,,,,,,,,,,,B12,,,1,,2,,,10,,1,21,,B12,24.207654,120.66471,3
2018,11,9,11,0,臺中市,南屯區,0,0,,8,,,40,,,,,,,,,,,,,,,,,,,,B03,,,1,,2,,,12,,1,20,,B03,24.154442,120.650585,3
2018,11,9,11,0,臺中市,神岡區,0,0,,8,,,50,,,,,,,,,,,,,,,,,,,,C03,,,1,,2,,,16,,1,22,,C03,24.237998,120.691838,3
2018,11,9,11,2,臺中市,大雅區,0,0,,8,,,40,,,,,,,,,,,,,,,,,,,,B12,,,1,,2,,,12,,1,21,,B12,24.222665,120.656685,3
2018,11,9,11,3,臺中市,西區,0,1,0,8,1,5,50,4,1,1,5,4,5,7,4,4,10,5,5,2,14,12,3,10,1,1,B03,7,2,1,8,2,3,  ,12,12,1,21,8,B03,24.146644,120.671306,2
2018,11,9,11,7,臺中市,潭子區,0,1,0,8,1,5,60,14,7,1,5,4,5,7,4,4,1,3,4,1,16,7,2,8,1,1,C03,7,7,1,10,2,14,  ,7,7,1,22,8,C03,24.206426,120.704835,2
2018,11,9,11,20,臺中市,北屯區,0,0,0,8,,,50,,,,,,,,,,,,,,,25,  ,  ,  ,  ,B03,  ,  ,1,  ,2,  ,  ,25,25,1,22,  ,B03,24.185976,120.722198,3
2018,11,9,11,24,臺中市,東區,0,1,0,8,1,5,50,4,1,1,5,4,5,7,1,1,10,5,5,2,13,16,2,9,1,1,C03,7,9,1,10,2,11,  ,16,16,1,21,8,C03,24.143281,120.689176,2
2018,11,9,11,25,臺中市,烏日區,0,0,,8,,,40,,,,,,,,,,,,,,,,,,,,A12,,,1,,2,,,23,,1,10,,A12,24.107969,120.60298,3
2018,11,9,11,29,臺中市,大里區,0,0,,8,,,40,,,,,,,,,,,,,,,,,,,,B01,,,1,,2,,,23,,1,10,,B01,24.121088,120.686583,3
2018,11,9,11,35,臺中市,清水區,0,1,0,8,1,5,40,14,8,1,5,4,4,7,4,4,1,4,4,2,12,7,3,10,1,1,C03,7,9,1,10,2,14,  ,44,7,1,18,8,C03,24.26764,120.574972,2
2018,11,9,11,36,臺中市,南區,0,0,,8,,,50,,,,,,,,,,,,,,,,,,,,B03,,,1,,2,,,1,,1,4,,B03,24.124092,120.662387,3
2018,11,9,11,44,臺中市,大甲區,0,0,,8,,,50,,,,,,,,,,,,,,,,,,,,B12,,,1,,2,,,23,,1,5,,B12,24.345451,120.619439,3
2018,11,9,11,45,臺中市,北屯區,0,0,0,8,,,50,,,,,,,,,,,,,,,23,  ,  ,  ,  ,B03,  ,  ,1,  ,11,  ,  ,23,23,2,5,  ,B03,24.195408,120.747853,3
2018,11,9,11,45,臺中市,太平區,0,1,0,8,1,5,50,14,9,1,5,4,5,7,4,4,5,5,5,1,17,7,2,9,1,1,F01,7,7,8,20,2,16,  ,7,7,1,21,8,F01,24.12464,120.726941,2
2018,11,9,11,59,臺中市,西區,0,1,0,8,1,5,50,14,7,1,5,4,5,7,4,4,1,4,4,2,12,7,3,10,1,1,B03,7,9,1,8,2,2,  ,23,7,1,22,8,B03,24.142658,120.668661,2
2018,11,9,12,2,臺中市,南屯區,,,,8,,,40,,,,,,,,,,,,,,,,,,,,C03,,,1,,2,,,6,,1,22,,C03,24.136696,120.653837,3
2018,11,9,12,5,臺中市,西屯區,0,1,0,8,1,5,50,4,1,1,5,4,5,7,1,1,10,5,5,2,12,9,3,10,1,1,B03,7,6,1,8,2,2,  ,9,9,1,21,8,B03,24.174221,120.621855,2
2018,11,9,12,10,臺中市,霧峰區,0,0,,8,,,40,,,,,,,,,,,,,,,,,,,,B03,,,1,,2,,,7,,1,5,,B03,24.062778,120.662683,3
2018,11,9,12,12,臺中市,外埔區,0,1,0,8,1,5,50,14,9,1,5,4,5,7,4,4,5,4,5,1,12,23,3,10,3,4,B12,7,9,1,8,2,5,  ,23,23,1,22,8,B12,24.342751,120.637131,2
2018,11,9,12,20,臺中市,大里區,0,0,,8,,,50,,,,,,,,,,,,,,,,,,,,B12,,,1,,2,,,17,,1,  ,,B12,24.097201,120.670875,3
2018,11,9,12,29,臺中市,西區,0,0,0,8,,,0,,,,,,,,,,,,,,,,3,  ,  ,  ,B03,  ,  ,1,  ,2,  ,  ,23,  ,  ,21,  ,B03,24.152646,120.660356,3
2018,11,9,12,36,臺中市,西屯區,0,0,,8,,,50,,,,,,,,,,,,,,,,,,,,B12,,,1,,2,,,12,,1,22,,B12,24.173458,120.613733,3
2018,11,9,12,46,臺中市,西屯區,0,0,,8,1,5,40,14,2,1,5,4,5,7,2,1,1,3,4,1,13,,,,,,B03,,,1,,2,,,23,,1,22,,B03,24.159391,120.627216,3
2018,11,9,12,50,臺中市,南屯區,0,0,0,8,,,40,,,,,,,,,4,,,,,,23,3,  ,  ,  ,B03,  ,  ,1,  ,2,  ,  ,23,23,1,21,  ,B03,24.154632,120.64568,3
2018,11,9,12,55,臺中市,北區,0,1,0,8,1,5,50,4,1,1,5,4,5,7,4,4,10,5,5,2,15,6,3,10,1,1,B03,7,9,1,8,2,4,  ,6,6,1,22,8,B03,24.171638,120.66945,2
2018,11,9,13,7,臺中市,西屯區,0,1,0,8,1,5,40,3,1,1,5,4,5,7,4,4,5,4,4,2,12,6,3,10,1,1,C03,7,6,1,10,2,12,  ,6,6,1,21,8,C03,24.173642,120.648458,2
2018,11,9,13,16,臺中市,大雅區,0,2,0,8,1,5,50,4,1,1,5,4,5,7,1,1,1,4,5,1,17,25,3,10,1,1,B03,7,5,1,8,2,7,  ,25,25,1,21,8,B03,24.221196,120.648365,2
2018,11,9,13,32,臺中市,北屯區,0,3,0,8,1,5,40,14,8,1,5,4,5,7,4,4,1,4,4,2,13,16,2,9,1,1,C03,7,9,1,10,2,11,  ,16,16,1,22,8,C03,24.163649,120.717781,2
2018,11,9,13,33,臺中市,西屯區,0,0,,8,,,50,,,,,,,,,,,,,,,,,,,,B03,,,1,,2,,,42,,1,  ,,B03,24.185789,120.637404,3
2018,11,9,13,52,臺中市,西屯區,0,0,,8,,,50,,,,,,,,,,,,,,,,,,,,B03,,,1,,2,,,42,,1,22,,B03,24.167895,120.657263,3
2018,11,9,13,54,臺中市,西屯區,0,0,0,8,1,5,60,3,2,1,5,4,5,7,1,1,1,3,4,1,17,42,  ,  ,  ,  ,B11,  ,  ,1,  ,2,  ,  ,42,42,2,22,  ,B11,24.160943,120.63529,3
2018,11,9,13,55,臺中市,南屯區,0,1,0,8,1,5,50,4,2,1,5,4,5,7,1,1,10,5,5,2,17,43,2,8,1,1,C03,7,21,4,8,2,14,  ,43,43,1,22,9,C03,24.147743,120.64985,2
2018,11,9,13,57,臺中市,西屯區,0,1,0,8,1,5,40,3,1,1,5,4,5,7,4,4,9,4,4,2,16,19,3,10,1,1,A12,7,1,1,7,3,6,  ,19,19,1,21,8,A12,24.172699,120.613602,2
2018,11,9,14,0,臺中市,烏日區,0,0,,8,,,50,,,,,,,,,,,,,,,,,,,,B12,,,1,,2,,,23,,1,22,,B12,24.102918,120.615119,3
2018,11,9,14,6,臺中市,沙鹿區,0,0,,8,,,50,,,,,,,,,,,,,,,,,,,,B12,,,1,,2,,,19,,1,21,,B12,24.229501,120.558537,3
2018,11,9,14,10,臺中市,西屯區,0,1,0,8,2,5,40,3,2,1,5,4,5,7,4,4,9,4,4,2,12,9,3,10,1,1,B03,7,6,1,8,2,5,  ,9,9,1,21,8,B03,24.171341,120.646542,2
2018,11,9,14,16,臺中市,西屯區,0,1,0,8,1,5,50,14,7,1,5,4,5,7,4,4,5,5,4,2,17,10,3,10,3,4,B01,7,11,1,4,2,15,  ,10,10,1,10,9,B01,24.190805,120.613471,2
2018,11,9,14,17,臺中市,西屯區,0,2,0,8,1,5,50,3,1,1,5,4,5,7,4,4,10,5,5,2,3,23,2,9,1,1,C03,7,9,1,10,2,11,  ,23,23,1,22,8,C03,24.16527,120.662333,2
2018,11,9,14,21,臺中市,南屯區,0,0,0,8,1,5,40,14,16,1,5,4,5,7,4,4,10,5,5,2,13,23,3,10,1,1,B03,7,9,1,8,2,5,  ,23,23,1,22,8,B03,24.150014,120.623327,3
2018,11,9,14,23,臺中市,西屯區,0,0,0,8,,,50,,,,,,,,,,,,,,,17,  ,  ,  ,  ,B02,  ,  ,1,  ,2,  ,  ,17,17,1,21,  ,B02,24.200475,120.656726,3
2018,11,9,14,28,臺中市,南區,0,1,0,8,1,5,50,3,1,1,5,4,5,7,4,4,1,3,4,2,16,6,3,10,1,1,B03,7,9,1,8,2,1,  ,6,6,1,22,8,B03,24.13079,120.657244,2
2018,11,9,14,29,臺中市,西屯區,0,0,,8,1,5,50,3,2,1,5,4,5,7,4,4,9,5,5,1,16,,,,,,B03,,,1,,2,,,43,,2,22,,B03,24.182006,120.64099,3
2018,11,9,14,30,臺中市,南區,0,0,0,8,,,40,,,,,,,,,,,,,,,23,3,  ,  ,  ,B12,  ,  ,1,8,2,  ,  ,23,23,  ,21,  ,B12,24.121898,120.679113,3
2018,11,9,14,30,臺中市,南屯區,0,0,0,8,,,50,,,,,,,,4,,,,,,,42,3,  ,  ,  ,C03,  ,  ,1,  ,2,  ,  ,42,42,1,21,  ,C03,24.139439,120.64468,3
2018,11,9,14,30,臺中市,北屯區,0,0,0,8,,,50,,,,,,,,,,,,,,,42,  ,  ,  ,  ,C03,  ,  ,1,  ,2,  ,  ,42,42,1,21,  ,C03,24.170805,120.685513,3
2018,11,9,14,30,臺中市,沙鹿區,0,0,,8,,,50,,,,,,,,,,,,,,,,,,,,B03,,,1,,2,,,12,,1,4,,B03,24.20834,120.579947,3
2018,11,9,14,42,臺中市,潭子區,0,0,,8,1,5,40,14,7,1,5,4,5,7,4,1,8,3,4,1,13,,,,,,B11,,,1,,2,,,23,,1,22,,B11,24.213755,120.712248,3
2018,11,9,14,47,臺中市,中區,0,1,0,8,1,5,50,4,1,1,5,4,5,7,1,1,10,5,5,2,16,42,2,9,1,1,C03,7,5,1,10,2,15,  ,42,42,1,21,8,C03,24.1451,120.678351,2
2018,11,9,14,47,臺中市,潭子區,0,0,,8,,,40,,,,,,,,,,,,,,,,,,,,B03,,,1,,2,,,42,,1,22,,B03,24.201501,120.707203,3
2018,11,9,14,51,臺中市,梧棲區,1,0,0,8,1,5,50,3,1,1,5,4,5,7,4,4,10,5,5,2,16,6,3,10,1,1,B03,7,5,1,8,2,1,  ,6,6,1,19,8,B03,24.260238,120.537341,1
2018,11,9,14,54,臺中市,龍井區,0,1,0,8,1,5,40,14,8,1,5,4,5,7,4,4,1,4,1,1,17,19,3,10,1,4,B03,7,1,1,8,2,8,  ,19,19,1,22,8,B03,24.185786,120.586118,2
2018,11,9,14,55,臺中市,西屯區,0,3,0,8,2,5,30,3,1,1,5,4,5,7,4,4,10,5,5,2,13,23,2,8,1,1,H02,7,20,8,20,10,16,  ,67,23,1,21,8,H02,24.186372,120.645383,2
2018,11,9,14,56,臺中市,北屯區,0,1,0,8,1,5,50,4,1,1,5,4,5,7,3,1,10,5,5,2,15,6,3,10,1,1,B03,7,9,1,8,2,1,  ,6,6,1,4,8,B03,24.170859,120.723538,2
2018,11,9,14,56,臺中市,北屯區,0,3,0,8,1,5,50,4,1,1,5,4,5,7,1,1,10,5,5,2,16,25,2,9,1,1,C03,7,9,1,10,2,11,  ,25,25,1,21,8,C03,24.180283,120.690682,2
2018,11,9,14,59,臺中市,沙鹿區,0,2,0,8,1,5,40,14,9,1,5,4,5,7,4,4,10,5,5,1,10,5,2,9,1,1,C03,7,9,3,18,2,11,  ,5,5,1,9,8,C03,24.251117,120.569495,2
2018,11,9,15,6,臺中市,西屯區,0,1,0,8,1,5,50,11,9,1,5,4,5,7,4,4,1,4,5,1,13,23,2,8,3,4,C03,7,9,1,10,2,11,  ,23,23,1,21,8,C03,24.191854,120.601324,2
2018,11,9,15,7,臺中市,南屯區,0,1,0,8,1,5,50,14,9,1,5,4,5,7,4,4,9,5,5,2,16,19,2,9,1,1,C03,7,1,1,10,2,14,  ,19,19,1,22,8,C03,24.126369,120.642559,2
2018,11,9,15,9,臺中市,南屯區,0,0,0,8,1,5,50,4,2,1,5,4,5,7,1,1,1,4,5,2,13,23,3,10,1,1,B03,7,9,1,8,2,1,  ,23,23,1,22,8,B03,24.150856,120.647718,3
2018,11,9,15,15,臺中市,南區,0,1,0,8,1,5,50,14,7,1,5,4,5,7,4,4,1,4,5,2,16,10,3,10,1,1,B03,7,11,1,8,2,6,  ,10,10,1,4,8,B03,24.118055,120.652472,2
2018,11,9,15,15,臺中市,大雅區,0,1,0,8,1,5,50,3,1,1,5,4,5,7,3,1,5,5,5,1,17,23,2,8,1,1,C03,7,9,1,8,2,12,  ,23,23,1,21,8,C03,24.216334,120.649987,2
2018,11,9,15,29,臺中市,南屯區,0,0,,8,,,50,,,,,,,,,,,,,,,,,,,,B03,,,1,,2,,,19,,1,22,,B03,24.151844,120.614934,3
2018,11,9,15,30,臺中市,大肚區,0,2,0,8,1,5,40,4,1,1,5,4,5,7,4,4,10,5,5,2,16,6,2,8,1,1,C03,7,5,1,10,2,14,  ,6,6,1,22,5,C03,24.12643,120.568763,2
2018,11,9,15,30,臺中市,大雅區,0,0,,8,,,50,,,,,,,,,,,,,,,,,,,,B12,,,1,,2,,,12,,1,21,,B12,24.23291,120.6667,3
2018,11,9,15,38,臺中市,西區,0,2,0,8,1,5,40,4,1,1,5,4,5,7,1,1,10,5,5,2,16,6,2,8,1,1,C03,7,5,1,10,2,14,  ,6,6,1,5,8,C03,24.134678,120.665876,2
2018,11,9,15,40,臺中市,霧峰區,0,0,,8,,,40,,,,,,,,,,,,,,,,,,,,B12,,,1,,2,,,19,,1,5,,B12,24.059528,120.694798,3
2018,11,9,15,42,臺中市,大雅區,0,1,0,8,1,5,50,3,2,1,5,4,5,7,3,1,5,5,5,1,17,19,3,10,1,1,B03,7,1,1,8,2,4,  ,19,19,1,21,8,B03,24.216454,120.64783,2
2018,11,9,15,45,臺中市,西屯區,0,1,0,8,1,5,40,3,1,1,5,4,5,7,1,1,5,5,4,2,16,43,2,8,1,1,C03,7,6,3,18,2,14,  ,43,43,1,21,8,C03,24.17166,120.613104,2
2018,11,9,15,45,臺中市,大雅區,0,2,0,8,1,5,40,4,1,1,5,4,5,7,4,4,10,5,5,2,17,23,2,9,1,1,C03,7,9,1,10,2,14,  ,23,23,1,21,8,C03,24.231159,120.646994,2
2018,11,9,15,47,臺中市,北區,0,0,,8,,,50,,,,,,,,,,,,,,,,,,,,B03,,,1,,2,,,23,,1,5,,B03,24.166882,120.668288,3
2018,11,9,15,53,臺中市,西區,0,0,,8,,,50,,,,,,,,,,,,,,,,,,,,B03,,,1,,2,,,9,,1,5,,B03,24.154391,120.661825,3
2018,11,9,15,55,臺中市,大甲區,0,1,0,8,1,5,40,14,9,1,5,4,5,7,4,4,10,5,5,2,11,23,2,3,1,1,C04,7,9,1,11,2,11,  ,23,23,1,21,8,C04,24.358635,120.621023,2
2018,11,9,15,57,臺中市,霧峰區,0,0,,8,,,40,,,,,,,,,,,,,,,,,,,,B03,,,1,,2,,,12,,1,22,,B03,24.071718,120.653972,3
2018,11,9,15,58,臺中市,南屯區,0,0,,8,,,50,,,,,,,,,,,,,,,,,,,,B12,,,1,,2,,,7,,1,22,,B12,24.13938,120.646801,3
2018,11,9,15,58,臺中市,北屯區,0,0,,8,,,50,,,,,,,,,,,,,,,,,,,,B03,,,1,,2,,,23,,1,  ,,B03,24.178802,120.719335,3
2018,11,9,16,2,臺中市,大里區,0,0,,8,,,50,,,,,,,,,,,,,,,,,,,,B03,,,1,,2,,,23,,1,4,,B03,24.100161,120.694152,3
2018,11,9,16,5,臺中市,大里區,0,1,0,8,1,5,40,14,9,4,5,2,5,7,4,4,1,5,5,2,29,42,2,9,1,1,C03,7,9,1,10,2,14,  ,42,42,1,18,8,C03,24.090956,120.68409,2
2018,11,9,16,12,臺中市,北屯區,0,0,0,8,,,50,,,,,,,,,,,,,,,23,  ,  ,  ,  ,B03,  ,  ,1,  ,2,  ,  ,23,23,  ,21,  ,B03,24.17381,120.676271,3
2018,11,9,16,13,臺中市,西屯區,0,3,0,8,1,5,40,3,1,1,5,4,5,7,4,4,10,5,5,2,16,6,2,9,3,4,C03,7,5,1,10,2,12,  ,6,6,1,22,8,C03,24.189078,120.607228,2
2018,11,9,16,20,臺中市,西屯區,0,1,0,8,1,5,50,4,1,1,5,4,5,7,4,4,10,5,5,2,15,6,3,10,1,1,B03,7,9,1,8,2,1,  ,6,6,1,22,8,B03,24.182827,120.646288,2
2018,11,9,16,20,臺中市,西屯區,0,1,0,8,1,5,40,3,1,1,5,4,5,7,1,1,1,3,4,2,16,9,2,9,1,1,C03,7,6,1,10,2,12,  ,9,9,1,21,8,C03,24.168404,120.638415,2
2018,11,9,16,22,臺中市,北屯區,0,1,0,8,1,5,50,4,1,1,5,4,5,7,1,1,10,5,5,2,16,6,3,10,1,1,B03,7,6,1,8,2,6,  ,6,6,1,5,8,B03,24.2008,120.6767,2
2018,11,9,16,22,臺中市,后里區,0,1,0,8,1,5,50,3,12,1,5,4,5,7,1,1,4,3,4,1,13,16,2,9,3,4,C03,7,9,1,10,2,11,  ,16,16,1,22,9,C03,24.313768,120.692951,2
2018,11,9,16,23,臺中市,梧棲區,0,0,,8,,,40,,,,,,,,,,,,,,,,,,,,B03,,,1,,2,,,6,,1,  ,,B03,24.257008,120.529686,4
2018,11,9,16,25,臺中市,西區,0,2,0,8,1,5,50,14,7,1,5,4,5,7,4,4,9,5,4,2,12,7,2,9,1,1,C03,7,7,3,18,2,14,  ,7,7,1,21,8,C03,24.137931,120.661763,2
2018,11,9,16,25,臺中市,南屯區,0,0,0,8,,,50,,,,,,,,,,,,,,,,3,  ,  ,  ,B03,  ,  ,1,  ,2,  ,  ,6,  ,1,22,  ,B03,24.148898,120.649838,3
2018,11,9,16,26,臺中市,北區,0,0,,8,,,50,,,,,,,,,,,,,,,,,,,,B03,,,1,,2,,,12,,1,  ,,B03,24.162923,120.671283,3
2018,11,9,16,27,臺中市,東勢區,0,0,0,8,,,50,,,,,,,,,,,,,,,23,  ,  ,  ,  ,B12,  ,  ,1,  ,2,  ,  ,23,23,1,21,  ,B12,24.265191,120.825756,3
2018,11,9,16,28,臺中市,北區,0,1,0,8,1,5,50,14,9,1,5,4,5,7,4,4,8,3,5,2,12,6,3,10,1,1,C03,7,6,1,10,2,12,  ,6,6,1,22,7,C03,24.171821,120.672918,2
2018,11,9,16,33,臺中市,南區,0,0,,8,1,5,50,4,1,1,5,4,5,7,1,1,10,5,5,2,13,,,,,,B03,,,1,,2,,,23,,1,5,,B03,24.11274,120.670108,3
2018,11,9,16,40,臺中市,霧峰區,0,1,0,8,1,5,50,4,2,1,5,4,5,7,4,4,5,4,5,1,16,8,2,9,1,1,C03,7,5,1,10,2,12,  ,8,8,1,4,8,C03,24.064199,120.700278,2