年,月,日,時,分,縣市,區,死,受傷,2-30,天候,光線,道路類別,速限,道路型態,事故位置,路面鋪裝,路面狀態,路面缺陷,障礙物,視距,號誌種類,號誌動作,分向設施,快車道或一般車道間,快慢車道間,路面邊線,事故類型及型態,主要肇因,受傷程度,主要傷處,保護裝備,行動電話,當事者區分_類別,車輛用途,當事者行動狀態,駕駛資格情形,駕駛執照種類,飲酒情形,車輛撞擊部位最初,車輛撞擊部位其他,肇事因素個別,肇事因素主要,肇事逃逸,職業,旅次目的,車種,GPS座標_緯度,GPS座標_經度,事故類別
2018,11,9,16,40,臺中市,大雅區,0,0,,8,,,40,,,,,,,,,,,,,,,,,,,,B03,,,1,,2,,,16,,1,21,,B03,24.23106,120.653681,3
2018,11,9,16,41,臺中市,北屯區,0,1,0,8,1,5,50,4,1,1,5,4,5,7,2,1,10,5,5,2,16,25,2,9,3,4,C03,7,5,1,10,2,12,  ,25,25,1,21,8,C03,24.176305,120.694919,2
2018,11,9,16,45,臺中市,大里區,0,0,,,,,,,,,,,,,,,,,,,,,,,,,B03,,,1,,2,,,12,,1,5,,B03,24.100687,120.67532,3
2018,11,9,16,47,臺中市,西屯區,0,1,0,8,1,5,40,14,7,1,5,4,5,7,4,4,9,4,4,2,16,19,3,10,3,4,B01,7,1,1,8,2,7,  ,19,19,1,22,8,B01,24.165893,120.661976,2
2018,11,9,16,47,臺中市,大里區,0,0,0,8,,,50,,,,,,,,,,,,,,,1,  ,  ,  ,  ,B11,  ,  ,1,  ,2,  ,  ,1,1,1,10,  ,B11,24.08999,120.697805,3
2018,11,9,16,48,臺中市,大里區,0,2,0,8,1,5,50,14,9,1,5,4,5,7,4,4,5,4,5,1,11,42,3,10,1,1,C03,7,9,1,10,2,15,  ,42,42,1,22,8,C03,24.093625,120.693023,2
2018,11,9,16,50,臺中市,南屯區,0,0,0,8,,,50,,,,,,,,,,,,,,,26,  ,  ,  ,  ,B12,  ,  ,1,  ,2,  ,  ,3,26,1,22,  ,B12,24.13999,120.620855,3
2018,11,9,16,50,臺中市,西屯區,0,0,0,8,,,40,,,,,,,,,,,,,,,43,  ,  ,  ,  ,A04,  ,  ,1,  ,2,  ,  ,43,43,1,10,  ,A04,24.179101,120.622886,3
2018,11,9,16,50,臺中市,烏日區,0,1,0,7,2,5,50,15,18,1,5,4,5,7,2,1,5,4,4,2,9,8,2,1,4,5,H01,8,16,8,20,10,16,  ,67,8,1,21,8,H01,24.113695,120.589598,2
2018,11,9,16,51,臺中市,大里區,0,2,0,8,2,5,50,3,1,1,5,4,5,7,4,4,10,5,5,1,16,6,2,8,1,1,C03,7,5,1,10,2,14,  ,6,6,1,4,8,C03,24.081313,120.702529,2
2018,11,9,16,53,臺中市,北區,0,1,0,8,1,5,50,4,1,1,5,4,5,7,4,4,5,4,5,2,16,6,3,10,1,1,B12,7,7,1,7,2,1,  ,6,6,1,21,8,B12,24.158362,120.697329,2
2018,11,9,16,54,臺中市,西屯區,0,1,0,8,1,5,50,14,7,1,5,4,5,7,4,4,5,4,4,2,13,23,3,10,1,1,B03,7,9,1,8,2,1,  ,23,23,1,22,8,B03,24.159363,120.638526,2
2018,11,9,16,55,臺中市,西區,0,0,,8,,,50,,,,,,,,,,,,,,,,,,,,B01,,,1,,2,,,23,,1,10,,B01,24.134296,120.674849,3
2018,11,9,17,0,臺中市,北屯區,0,1,0,8,1,5,40,14,8,1,5,4,5,7,1,1,1,4,4,2,16,23,3,10,1,1,B02,7,9,1,4,2,5,  ,23,23,1,21,8,B02,24.177205,120.66936,2
2018,11,9,17,0,臺中市,西屯區,0,0,,8,,,40,,,,,,,,,,,,,,,,,,,,C03,,,1,,2,,,18,,1,22,,C03,24.16716,120.637895,3
2018,11,9,17,0,臺中市,后里區,0,0,0,8,1,5,50,14,9,1,5,4,5,7,4,4,9,5,5,1,17,42,3,10,1,1,B03,7,9,1,8,2,5,  ,42,42,1,21,8,B03,24.300771,120.735745,3
2018,11,9,17,7,臺中市,南屯區,0,1,0,8,1,5,50,4,1,1,5,4,5,7,1,1,10,5,5,2,16,6,3,10,1,1,B03,7,6,1,8,2,6,  ,6,6,1,22,8,B03,24.151104,120.643838,2
2018,11,9,17,11,臺中市,北屯區,0,3,0,8,3,5,50,4,1,1,5,4,5,7,1,1,4,3,5,2,11,6,2,9,1,1,C03,7,5,1,10,2,15,  ,6,6,1,21,8,C03,24.166935,120.689131,2
2018,11,9,17,12,臺中市,大雅區,0,3,0,8,2,5,40,3,1,1,5,4,5,7,4,4,10,5,5,1,16,6,3,10,1,1,B03,7,5,1,7,2,2,  ,6,6,1,22,9,B03,24.217587,120.653911,2
2018,11,9,17,13,臺中市,梧棲區,0,1,0,8,2,5,40,14,8,1,5,4,5,7,4,4,1,4,1,1,16,6,3,10,1,1,A41,7,1,1,1,2,8,  ,6,6,1,10,1,A41,24.241336,120.519401,2
2018,11,9,17,20,臺中市,神岡區,0,0,,8,,,50,,,,,,,,,,,,,,,,,,,,C03,,,1,,2,,,16,,1,22,,C03,24.24155,120.681053,4
2018,11,9,17,20,臺中市,潭子區,0,0,,8,1,5,50,14,7,1,5,4,5,7,4,4,1,4,4,1,13,,,,,,B03,,,1,,2,,,23,,1,22,,B03,24.216921,120.703526,3
2018,11,9,17,26,臺中市,太平區,0,0,,8,,,40,,,,,,,,,,,,,,,,,,,,B03,,,1,,2,,,23,,1,4,,B03,24.15005,120.716933,3
2018,11,9,17,27,臺中市,南屯區,0,3,0,8,1,5,40,4,1,1,5,4,5,7,1,1,10,5,5,2,12,17,2,8,1,1,C03,7,9,1,10,2,14,  ,17,17,1,22,8,C03,24.145103,120.623468,2
2018,11,9,17,29,臺中市,北區,0,2,0,8,3,5,50,14,9,2,5,4,5,7,4,4,1,4,5,2,13,23,2,7,3,4,C03,7,9,1,10,2,11,  ,23,23,1,22,9,C03,24.159641,120.684988,2
2018,11,9,17,29,臺中市,西屯區,0,1,0,8,1,5,50,4,2,1,5,4,5,7,1,1,3,4,5,2,16,42,3,10,1,1,B03,7,6,1,8,2,5,  ,42,42,1,21,8,B03,24.19666,120.657566,2
2018,11,9,17,33,臺中市,龍井區,,,,8,,,60,,,,,,,,,,,,,,,,,,,,B03,,,1,,2,,,42,,1,22,,B03,24.187794,120.57876,3
2018,11,9,17,33,臺中市,潭子區,0,0,0,8,2,5,60,14,7,1,5,4,5,7,1,1,8,3,4,1,12,7,3,10,1,1,C03,7,7,1,10,6,14,  ,7,7,1,22,1,C03,24.201066,120.703567,3
2018,11,9,17,35,臺中市,沙鹿區,0,0,,8,,,40,,,,,,,,,,,,,,,,,,,,C03,,,1,,2,,,42,,1,4,,C03,24.217599,120.570423,3
2018,11,9,17,35,臺中市,潭子區,0,2,0,8,3,5,50,11,9,1,5,4,5,7,4,4,7,5,5,1,12,17,3,10,1,1,B03,7,9,1,8,2,2,  ,17,17,1,22,9,B03,24.22263,120.711384,2
2018,11,9,17,37,臺中市,北屯區,0,1,0,8,1,5,50,4,1,1,5,4,5,7,1,1,10,5,5,2,16,4,3,10,1,1,C03,7,5,1,10,2,14,  ,4,4,1,4,8,C03,24.172221,120.711336,2
2018,11,9,17,40,臺中市,大肚區,0,1,0,8,1,5,40,14,9,1,5,4,5,7,4,4,10,5,5,1,17,23,2,3,1,1,C03,7,9,1,10,2,12,14,23,23,1,4,1,C03,24.123896,120.568469,2
2018,11,9,17,41,臺中市,大里區,0,0,,8,,,50,,,,,,,,,,,,,,,,,,,,B03,,,1,,2,,,23,,1,  ,,B03,24.103271,120.681548,3
2018,11,9,17,45,臺中市,西屯區,0,2,0,8,1,5,40,4,1,1,5,4,5,7,4,4,10,5,5,2,15,6,2,9,3,4,C04,7,9,1,10,2,12,  ,6,6,1,22,8,C04,24.168513,120.631243,2
2018,11,9,17,48,臺中市,西屯區,0,1,0,8,3,5,50,4,1,1,5,4,5,7,2,1,10,5,5,2,16,10,3,10,1,1,B03,7,11,1,8,2,1,  ,10,10,1,22,8,B03,24.164926,120.638948,2
2018,11,9,17,49,臺中市,大雅區,0,1,0,8,3,5,50,14,8,1,5,4,5,7,4,4,1,4,5,2,16,40,2,9,1,1,C03,7,9,1,10,3,11,  ,23,40,1,22,9,C03,24.211592,120.647871,2
2018,11,9,17,50,臺中市,龍井區,0,0,,8,,,40,,,,,,,,,,,,,,,,,,,,B02,,,1,,2,,,12,,1,21,,B02,24.180871,120.591037,3
2018,11,9,17,50,臺中市,大雅區,0,0,,8,,,40,,,,,,,,,,,,,,,,,,,,B03,,,1,,2,,,16,,1,21,,B03,24.240402,120.631955,3
2018,11,9,17,51,臺中市,北區,0,0,0,8,3,5,50,14,9,1,5,4,5,7,4,4,8,3,5,2,12,7,3,10,1,1,B03,7,  ,1,  ,2,  ,  ,7,7,1,22,  ,B03,24.166403,120.677886,3
2018,11,9,17,55,臺中市,南區,0,1,0,8,3,5,50,4,2,1,5,4,5,7,2,1,3,4,4,2,11,26,3,10,1,1,B03,7,9,1,8,2,2,  ,26,26,1,21,8,B03,24.113804,120.65355,2
2018,11,9,17,55,臺中市,南屯區,0,0,0,8,,,50,,,,,,,,,,,,,,,,3,  ,  ,  ,B03,  ,  ,1,  ,2,  ,  ,23,  ,1,22,  ,B03,24.139938,120.652975,4
2018,11,9,17,55,臺中市,西屯區,0,3,0,8,3,5,40,14,8,1,5,4,5,7,4,4,7,3,5,2,13,23,2,9,1,1,C03,7,9,1,10,2,11,  ,23,23,1,21,8,C03,24.183995,120.60856,2
2018,11,9,17,59,臺中市,大里區,0,2,0,8,3,5,50,3,2,1,5,4,5,7,4,4,5,5,4,2,3,4,2,8,1,1,C03,7,9,1,10,2,11,  ,4,4,1,18,8,C03,24.10028,120.681621,2
2018,11,9,18,1,臺中市,大雅區,0,0,,8,,,40,,,,,,,,,,,,,,,10,,,,,C03,,,1,,2,,,10,10,1,21,,C03,24.226881,120.649901,3
2018,11,9,18,4,臺中市,北區,0,1,0,8,3,5,50,3,2,1,5,4,5,7,4,4,5,5,5,2,13,23,2,9,1,1,C04,7,14,1,10,2,11,  ,23,23,1,21,8,C04,24.164041,120.676862,2
2018,11,9,18,7,臺中市,北區,0,2,0,8,3,5,50,3,2,1,5,4,5,7,4,4,1,4,5,2,12,6,2,7,3,4,C03,7,6,1,10,2,13,  ,6,6,1,22,9,C03,24.151619,120.684788,2
2018,11,9,18,9,臺中市,太平區,0,1,0,8,3,5,50,4,1,1,5,4,5,7,2,1,5,5,5,2,16,23,3,10,1,1,C03,7,9,1,10,2,14,  ,23,23,1,18,8,C03,24.159472,120.70508,2
2018,11,9,18,10,臺中市,大里區,0,1,0,8,3,5,50,14,9,1,5,4,5,7,4,4,1,4,5,1,16,7,3,10,1,1,B01,7,8,1,4,2,6,  ,7,7,1,10,8,B01,24.10724,120.680533,2
2018,11,9,18,11,臺中市,霧峰區,0,1,0,8,3,5,50,4,1,1,5,4,5,7,4,4,10,5,5,2,17,8,3,10,1,1,B12,7,5,1,8,2,4,  ,8,8,1,22,8,B12,24.079191,120.709374,2
2018,11,9,18,13,臺中市,梧棲區,0,0,,8,,,50,,,,,,,,,,,,,,,,,,,,B03,,,1,,2,,,17,,1,  ,,B03,24.257839,120.53183,4
2018,11,9,18,14,臺中市,西區,0,1,0,8,3,5,40,4,1,1,5,4,5,7,1,1,10,5,5,2,18,42,2,9,1,1,C03,7,9,1,10,2,14,  ,42,42,1,5,8,C03,24.133659,120.670482,2
2018,11,9,18,15,臺中市,南屯區,0,0,0,8,,,50,,,,,,,,,,,,,,,,3,  ,  ,  ,B03,  ,  ,1,  ,2,  ,  ,17,  ,1,22,  ,B03,24.149694,120.623176,3
2018,11,9,18,15,臺中市,西屯區,0,0,,8,,,50,,,,,,,,,,,,,,,,,,,,B03,,,1,,2,,,23,,1,22,,B03,24.174206,120.639838,3
2018,11,9,18,17,臺中市,西屯區,0,0,,8,,,80,,,,,,,,,,,,,,,,,,,,B03,,,1,,2,,,16,,1,22,,B03,24.177985,120.63456,3
2018,11,9,18,17,臺中市,龍井區,0,2,0,8,3,5,60,3,1,1,5,4,5,7,1,1,10,5,5,2,15,43,2,9,1,1,C03,7,9,1,10,2,14,  ,43,43,1,18,8,C03,24.18938,120.544225,2
2018,11,9,18,23,臺中市,西屯區,0,0,,8,,,40,,,,,,,,,,,,,,,,,,,,B12,,,1,,2,,,16,,1,  ,,B12,24.173528,120.63349,3
2018,11,9,18,24,臺中市,西屯區,0,1,0,8,1,5,50,15,5,1,5,4,5,7,4,4,10,5,5,2,17,19,3,10,1,1,C03,7,1,1,10,2,11,  ,19,19,1,22,8,C03,24.189866,120.613793,2
2018,11,9,18,30,臺中市,大里區,0,2,0,8,3,5,50,11,9,1,5,4,5,7,4,4,5,5,5,2,17,26,2,9,4,1,F01,7,5,8,20,2,16,  ,26,26,1,16,8,F01,24.096484,120.707296,2
2018,11,9,18,30,臺中市,大里區,0,0,,8,,,70,,,,,,,,,,,,,,,,,,,,B03,,,1,,2,,,23,,1,  ,,B03,24.10315,120.681811,3
2018,11,9,18,32,臺中市,南屯區,,,,8,,,40,,,,,,,,,,,,,,,,,,,,B03,,,1,,2,,,23,,1,22,,B03,24.143941,120.634209,3
2018,11,9,18,32,臺中市,西屯區,0,0,,8,,,80,,,,,,,,,,,,,,,,,,,,B03,,,1,,2,,,16,,1,22,,B03,24.187165,120.638253,3
2018,11,9,18,33,臺中市,南區,0,0,0,8,,,50,,,,,,,,,,,,,,,12,3,  ,  ,  ,B03,  ,  ,1,  ,2,  ,  ,12,12,  ,22,  ,B03,24.119338,120.669075,3
2018,11,9,18,34,臺中市,東區,0,0,,8,,,0,,,,,,,,,,,,,,,,,,,,C03,,,1,,2,,,42,,1,5,,C03,24.125083,120.691678,3
2018,11,9,18,38,臺中市,西屯區,0,0,,8,,,80,,,,,,,,,,,,,,,,,,,,B03,,,1,,2,,,16,,1,22,,B03,24.187216,120.638051,3
2018,11,9,18,40,臺中市,東區,0,0,,8,,,50,,,,,,,,,,,,,,,,,,,,B01,,,1,,2,,,1,,1,  ,,B01,24.135995,120.68679,3
2018,11,9,18,42,臺中市,大里區,0,0,,,,,,,,,,,,,,,,,,,,23,,,,,C03,,,1,,10,,,67,23,1,  ,,C03,24.105805,120.683233,3
2018,11,9,18,46,臺中市,北區,0,2,0,8,3,5,50,4,1,1,5,4,5,7,2,1,8,3,4,2,15,25,2,3,1,1,B03,7,9,1,8,2,5,  ,25,25,1,5,9,B03,24.160367,120.684984,2
2018,11,9,18,50,臺中市,北區,0,1,0,8,3,5,40,4,4,1,5,4,5,7,1,1,1,2,4,2,13,16,2,9,3,4,C03,7,9,1,10,2,11,  ,16,16,1,5,8,C03,24.163004,120.674456,2
2018,11,9,18,52,臺中市,北屯區,0,1,0,8,3,5,50,4,1,1,5,4,5,7,1,1,4,3,5,2,15,25,3,10,1,1,B03,7,9,1,8,2,1,  ,25,25,1,21,8,B03,24.174201,120.727063,2
2018,11,9,18,52,臺中市,烏日區,0,0,,8,,,50,,,,,,,,,,,,,,,,,,,,B02,,,1,,2,,,7,,1,21,,B02,24.114188,120.616594,3
2018,11,9,18,53,臺中市,北屯區,0,0,,8,,,50,,,,,,,,,,,,,,,,,,,,B12,,,1,,2,,,16,,1,5,,B12,24.182652,120.699216,3
2018,11,9,18,57,臺中市,西屯區,0,0,,8,,,80,,,,,,,,,,,,,,,,,,,,B12,,,1,,2,,,23,,1,22,,B12,24.171566,120.632928,3
2018,11,9,19,1,臺中市,西屯區,0,1,0,8,3,5,40,4,1,1,5,4,5,7,2,1,10,5,5,2,16,9,3,10,1,1,B02,7,6,1,15,2,2,  ,9,9,1,22,8,B02,24.164518,120.645793,2
2018,11,9,19,2,臺中市,大甲區,0,0,,8,,,40,,,,,,,,,,,,,,,,,,,,B03,,,1,,2,,,17,,1,4,,B03,24.347301,120.632495,3
2018,11,9,19,5,臺中市,東區,0,0,,,,,,,,,,,,,,,,,,,,,,,,,C03,,,1,,9,,,6,,1,5,,C03,24.132695,120.689241,3
2018,11,9,19,5,臺中市,大里區,0,0,,8,,,60,,,,,,,,,,,,,,,,,,,,B03,,,1,,2,,,16,,1,5,,B03,24.103006,120.670194,3
2018,11,9,19,6,臺中市,大里區,0,1,0,8,3,5,50,3,1,1,5,4,5,7,4,4,10,5,5,2,16,6,3,10,1,1,B03,7,5,1,8,2,5,  ,6,6,1,21,8,B03,24.110716,120.683808,2
2018,11,9,19,7,臺中市,沙鹿區,0,3,0,8,3,5,40,11,6,1,5,4,5,7,4,4,1,5,5,2,10,4,3,10,1,1,B03,7,9,1,7,2,8,  ,4,4,1,4,8,B03,24.241485,120.558703,2
2018,11,9,19,10,臺中市,西屯區,0,1,0,8,3,5,50,4,1,1,5,4,5,7,1,1,4,3,4,2,16,44,2,9,1,1,C03,7,6,1,10,2,12,  ,9,44,1,21,8,C03,24.180995,120.638226,2
2018,11,9,19,15,臺中市,北屯區,0,0,0,8,,,50,,,,,,,,,,,,,,,23,  ,  ,  ,  ,B03,  ,  ,1,  ,2,  ,  ,23,23,  ,21,  ,B03,24.177363,120.676893,3
2018,11,9,19,24,臺中市,北區,0,1,0,8,3,5,50,4,1,1,5,4,5,7,2,1,1,2,4,2,12,9,3,10,3,4,A02,7,1,1,2,2,1,  ,19,9,1,22,9,A02,24.152565,120.677356,2
2018,11,9,19,28,臺中市,南屯區,0,0,,8,,,40,,,,,,,,,,,,,,,,,,,,B03,,,1,,2,,,23,,1,22,,B03,24.151418,120.621188,3
2018,11,9,19,30,臺中市,西屯區,0,1,0,8,3,5,40,4,2,1,5,4,5,7,4,4,10,5,5,1,17,43,2,9,4,5,F02,7,9,8,20,2,16,  ,43,43,1,21,8,F02,24.18213,120.619496,2
2018,11,9,19,30,臺中市,外埔區,0,0,,8,,,50,,,,,,,,,,,,,,,,,,,,C03,,,1,,2,,,23,,1,22,,C03,24.329687,120.652994,3
2018,11,9,19,32,臺中市,西屯區,0,0,,8,,,40,,,,,,,,,,,,,,,,,,,,B03,,,1,,2,,,23,,1,22,,B03,24.165284,120.651118,3
2018,11,9,19,36,臺中市,太平區,0,0,,8,,,50,,,,,,,,,,,,,,,,,,,,B03,,,1,,2,,,12,,1,  ,,B03,24.15595,120.719833,3
2018,11,9,19,50,臺中市,南屯區,0,0,0,8,,,50,,,,,,,,,,,,,,,19,  ,  ,  ,  ,C03,  ,  ,3,  ,2,  ,  ,19,19,1,22,  ,C03,24.140336,120.611955,3
2018,11,9,20,3,臺中市,南屯區,0,2,0,8,3,5,40,4,1,1,5,4,5,7,4,4,10,5,5,2,15,25,2,9,1,1,C03,7,9,1,10,2,14,  ,25,25,1,22,8,C03,24.152563,120.635008,2
2018,11,9,20,4,臺中市,北區,0,0,0,8,3,5,50,14,2,1,5,4,5,7,2,1,8,3,4,2,13,23,3,10,1,1,C03,7,9,4,8,2,11,  ,23,23,1,5,9,C03,24.160235,120.685113,3
2018,11,9,20,5,臺中市,西屯區,0,0,,8,,,50,,,,,,,,,,,,,,,,,,,,B03,,,1,,2,,,12,,1,22,,B03,24.1678,120.651893,3
2018,11,9,20,15,臺中市,大里區,0,0,,8,,,50,,,,,,,,,,,,,,,,,,,,   ,,,7,,11,,,43,,1,  ,,   ,24.106294,120.689574,3
2018,11,9,20,18,臺中市,大里區,0,2,0,8,3,5,50,4,1,1,5,4,5,7,1,1,10,5,5,1,17,4,3,10,1,1,C03,7,9,1,10,2,15,  ,4,4,1,22,8,C03,24.094532,120.698283,2
2018,11,9,20,20,臺中市,南屯區,0,0,0,8,,,40,,,,,,,,,,,,,,,,3,  ,  ,  ,B03,  ,  ,1,  ,2,  ,  ,23,  ,1,22,  ,B03,24.145448,120.622941,4
2018,11,9,20,22,臺中市,潭子區,0,2,0,8,3,5,40,14,9,1,5,4,5,7,1,1,10,4,5,1,12,6,3,10,1,1,B03,7,9,1,8,2,5,  ,23,6,1,22,2,B03,24.204472,120.716398,2
2018,11,9,20,31,臺中市,清水區,0,0,,8,,,70,,,,,,,,,,,,,,,,,,,,B12,,,1,,2,,,23,,1,21,,B12,24.304296,120.59053,3
2018,11,9,20,45,臺中市,南屯區,0,0,,8,,,50,,,,,,,,,,,,,,,,,,,,B03,,,1,,2,,,23,,1,22,,B03,24.154436,120.612791,3
2018,11,9,20,55,臺中市,南屯區,,,,8,,,50,,,,,,,,,,,,,,,,,,,,C03,,,1,,2,,,23,,1,22,,C03,24.151225,120.640585,3
2018,11,9,21,1,臺中市,西屯區,0,0,,8,,,40,,,,,,,,,,,,,,,,,,,,B03,,,1,,2,,,12,,1,22,,B03,24.169119,120.638868,3
2018,11,9,21,5,臺中市,大里區,0,0,,8,,,50,,,,,,,,,,,,,,,,,,,,B03,,,1,,2,,,23,,1,5,,B03,24.109938,120.684708,3
2018,11,9,21,5,臺中市,太平區,0,1,0,8,3,5,50,4,1,1,5,4,5,7,1,1,5,5,5,2,16,23,3,10,1,1,B03,7,9,1,8,2,1,  ,23,23,1,21,8,B03,24.141064,120.7122,2
2018,11,9,21,9,臺中市,西屯區,0,1,0,8,3,5,40,14,8,1,5,4,5,7,4,4,10,5,4,2,13,23,2,8,3,4,C03,7,9,1,10,2,11,  ,23,23,1,21,8,C03,24.203376,120.644512,2
2018,11,9,21,14,臺中市,西區,0,0,,8,,,50,,,,,,,,,,,,,,,,,,,,B03,,,1,,2,,,23,,1,2,,B03,24.140028,120.65737,3
2018,11,9,21,29,臺中市,神岡區,0,1,0,8,3,5,50,4,2,1,5,4,5,7,4,4,4,3,4,2,3,23,3,10,1,1,B03,7,9,1,8,2,8,  ,23,23,1,22,9,B03,24.248615,120.679858,2
2018,11,9,21,34,臺中市,南屯區,0,0,0,8,3,5,40,4,1,1,5,4,5,7,1,1,10,5,5,2,13,16,3,10,1,1,C03,7,9,1,10,2,11,  ,16,16,1,22,8,C03,24.149825,120.623123,3
2018,11,9,21,41,臺中市,西區,0,1,0,8,3,5,50,14,9,1,5,4,5,7,4,4,10,2,4,2,12,26,2,9,1,1,C03,7,7,1,10,2,11,  ,26,26,1,21,8,C03,24.147351,120.673832,2
2018,11,9,21,41,臺中市,南屯區,0,1,0,8,3,5,50,14,9,1,5,4,5,7,4,4,5,4,5,2,13,23,2,9,3,4,C03,7,8,1,10,2,11,  ,23,23,1,22,8,C03,24.154497,120.653005,2
2018,11,9,21,56,臺中市,北屯區,0,0,0,8,3,5,50,14,9,1,5,4,5,7,4,4,10,5,5,2,14,12,3,10,1,1,B03,7,2,1,8,2,5,  ,12,12,1,21,8,B03,24.192203,120.663994,3
2018,11,9,22,6,臺中市,西區,0,1,0,8,3,5,50,4,1,1,5,4,5,7,2,1,10,5,5,2,12,7,2,9,1,1,C03,7,7,1,10,2,14,  ,7,7,1,5,9,C03,24.146717,120.658821,2
2018,11,9,22,10,臺中市,霧峰區,0,2,0,8,1,5,50,14,9,1,5,4,5,7,4,4,5,4,5,1,16,8,2,9,1,1,C03,7,5,1,10,2,14,  ,8,8,1,18,8,C03,24.07377,120.715187,2
2018,11,9,22,10,臺中市,大甲區,0,0,,8,,,50,,,,,,,,,,,,,,,,,,,,B03,,,1,,2,,,12,,1,4,,B03,24.39193,120.653243,3
2018,11,9,22,14,臺中市,南屯區,0,0,0,8,,,50,,,,,,,,,,,,,,,25,  ,  ,  ,  ,C03,  ,  ,1,10,2,  ,  ,25,25,1,12,  ,C03,24.145862,120.638205,3
2018,11,9,22,30,臺中市,大里區,0,0,,8,,,50,,,,,,,,,,,,,,,,,,,,B12,,,1,,2,,,17,,1,21,,B12,24.11108,120.681775,3
2018,11,9,22,52,臺中市,霧峰區,0,0,,8,,,50,,,,,,,,,,,,,,,,,,,,B12,,,1,,11,,,12,,1,22,,B12,24.062828,120.6968,3
2018,11,9,23,4,臺中市,西屯區,0,2,0,8,3,5,50,3,1,1,5,4,5,7,4,4,10,5,5,2,18,43,2,9,1,1,C03,7,9,1,10,2,14,  ,43,43,1,5,8,C03,24.18218,120.63772,2
2018,11,9,23,32,臺中市,西屯區,0,0,0,8,,,50,,,,,,,,,,,,,,,7,  ,  ,  ,  ,B03,  ,  ,1,  ,2,  ,  ,7,7,1,20,  ,B03,24.176066,120.651273,3
2018,11,9,23,49,臺中市,北區,0,0,0,8,3,5,50,5,1,1,5,4,5,7,2,1,10,5,5,2,23,23,3,10,3,4,B03,7,9,1,18,8,1,  ,23,23,1,5,8,B03,24.165171,120.673889,3
2018,11,10,0,8,臺中市,西屯區,0,1,0,8,3,5,40,14,8,1,5,4,5,7,4,4,1,4,4,2,16,6,3,10,1,1,B03,7,6,1,8,2,5,  ,6,6,1,5,8,B03,24.165678,120.6396,2
2018,11,10,0,38,臺中市,龍井區,0,0,0,8,3,5,50,14,9,1,5,4,5,7,4,4,5,5,5,1,12,21,3,10,3,4,B03,7,9,1,8,7,1,  ,21,21,1,9,9,B03,24.189926,120.545765,3
2018,11,10,1,46,臺中市,北區,0,1,0,8,3,5,50,4,1,1,5,4,5,7,2,1,10,5,5,2,16,25,3,10,1,1,B03,7,5,1,8,2,1,  ,25,25,1,22,8,B03,24.162997,120.674579,2
2018,11,10,2,10,臺中市,沙鹿區,0,2,0,8,3,5,60,3,2,1,5,4,5,7,1,1,1,4,5,1,13,9,3,10,1,1,B03,7,6,1,3,1,5,  ,9,9,1,9,5,B03,24.252131,120.575826,2
2018,11,10,2,28,臺中市,北屯區,0,2,0,8,3,5,50,4,1,1,5,4,5,7,3,1,10,5,5,2,15,6,2,9,1,1,C03,7,9,1,10,2,14,  ,6,6,1,4,8,C03,24.172633,120.694323,2
2018,11,10,2,50,臺中市,大里區,0,0,,8,,,40,,,,,,,,,,,,,,,,,,,,B03,,,1,,2,,,16,,2,18,,B03,24.083483,120.70714,3
2018,11,10,2,52,臺中市,中區,0,0,,,,,,,,,,,,,,,,,,,,,,,,,   ,,,7,,11,,,43,,  ,  ,,   ,,,3
2018,11,10,3,9,臺中市,北屯區,0,0,,8,,,40,,,,,,,,,,,,,,,,,,,,B02,,,1,,2,,,23,,2,10,,B02,24.195711,120.661681,3
2018,11,10,4,38,臺中市,南屯區,0,1,0,8,3,5,50,5,1,1,5,4,5,7,2,1,10,5,5,2,18,23,2,9,3,4,C03,7,9,1,10,7,14,  ,23,23,1,22,8,C03,24.142456,120.646649,2
2018,11,10,4,40,臺中市,清水區,0,1,0,8,3,5,60,14,7,1,5,4,5,7,4,4,1,4,4,1,12,17,2,1,1,1,C03,7,9,1,10,7,12,  ,17,17,1,5,8,C03,24.266255,120.54342,2
2018,11,10,4,50,臺中市,東區,0,1,0,8,3,5,50,4,1,1,5,4,5,7,4,4,10,5,5,2,17,14,3,10,1,1,C03,7,9,1,10,2,15,  ,6,14,1,22,8,C03,24.134793,120.691313,2
2018,11,10,5,18,臺中市,潭子區,0,0,,8,,,60,,,,,,,,,,,,,,,,,,,,B03,,,1,,11,,,23,,2,22,,B03,24.194966,120.70255,3
2018,11,10,5,36,臺中市,石岡區,0,2,0,8,3,5,40,3,1,1,5,4,5,7,3,1,10,5,5,1,9,5,2,9,1,1,C03,7,6,1,9,2,11,  ,5,5,1,21,8,C03,24.26509,120.808798,2
2018,11,10,5,45,臺中市,大甲區,0,0,,8,,,50,,,,,,,,,,,,,,,,,,,,B03,,,1,,9,,,42,,1,9,,B03,24.354469,120.628944,3
2018,11,10,5,58,臺中市,南區,0,1,0,8,1,5,50,4,1,1,5,4,5,7,1,1,10,5,5,2,12,17,3,10,1,1,A05,7,9,1,1,2,5,  ,17,17,1,22,9,A05,24.120233,120.650663,2