年,月,日,時,分,縣市,區,死,受傷,2-30,天候,光線,道路類別,速限,道路型態,事故位置,路面鋪裝,路面狀態,路面缺陷,障礙物,視距,號誌種類,號誌動作,分向設施,快車道或一般車道間,快慢車道間,路面邊線,事故類型及型態,主要肇因,受傷程度,主要傷處,保護裝備,行動電話,當事者區分_類別,車輛用途,當事者行動狀態,駕駛資格情形,駕駛執照種類,飲酒情形,車輛撞擊部位最初,車輛撞擊部位其他,肇事因素個別,肇事因素主要,肇事逃逸,職業,旅次目的,車種,GPS座標_緯度,GPS座標_經度,事故類別
2018,11,10,6,10,臺中市,豐原區,0,1,0,7,2,5,50,14,7,1,5,4,5,7,4,4,5,4,4,2,17,16,3,10,1,1,B03,7,9,1,8,2,1,  ,16,16,1,12,8,B03,24.253781,120.721271,2
2018,11,10,6,16,臺中市,太平區,1,0,0,8,1,5,50,4,18,1,5,4,5,7,1,1,10,5,5,2,3,15,3,10,1,1,A02,7,5,1,1,2,8,  ,15,15,1,10,4,A02,24.119926,120.721526,1
2018,11,10,6,31,臺中市,大里區,0,1,0,8,1,5,25,4,9,1,5,4,5,7,1,2,5,2,5,1,16,7,3,10,1,1,B03,7,8,1,8,2,2,  ,7,7,1,22,8,B03,24.110085,120.699301,2
2018,11,10,6,50,臺中市,大里區,0,1,0,8,2,5,50,5,2,1,5,4,5,7,3,1,4,3,4,2,17,23,2,9,1,1,C03,7,9,2,18,2,11,  ,23,23,1,22,8,C03,24.100775,120.683473,2
2018,11,10,7,1,臺中市,西區,0,2,0,8,1,5,50,4,1,1,5,4,5,7,1,1,10,5,5,2,17,23,2,9,1,1,C03,7,9,1,10,2,14,  ,23,23,1,5,1,C03,24.147607,120.673487,2
2018,11,10,7,14,臺中市,潭子區,0,0,,8,,,60,,,,,,,,,,,,,,,,,,,,B03,,,1,,2,,,42,,1,22,,B03,24.213739,120.703234,3
2018,11,10,7,19,臺中市,中區,0,1,0,8,1,5,50,14,9,1,5,4,5,7,4,4,5,4,5,2,18,42,2,9,1,1,C04,7,9,1,10,2,14,  ,42,42,1,21,8,C04,24.14207,120.680098,2
2018,11,10,7,22,臺中市,潭子區,0,2,0,8,1,5,50,14,9,1,5,4,5,7,4,4,8,3,5,1,11,6,2,9,1,1,C03,7,5,1,10,2,11,  ,6,6,1,22,1,C03,24.222038,120.693945,2
2018,11,10,7,31,臺中市,大雅區,0,0,,8,,,50,,,,,,,,,,,,,,,,,,,,   ,,,7,,11,,,25,,2,  ,,   ,24.232677,120.66212,3
2018,11,10,7,34,臺中市,大雅區,0,1,0,8,1,5,50,14,8,1,5,4,5,7,4,4,9,4,4,1,12,23,2,9,1,1,C03,7,9,1,10,2,11,  ,23,23,1,12,9,C03,24.23476,120.66556,2
2018,11,10,7,40,臺中市,龍井區,0,1,0,8,1,5,50,14,9,1,5,4,5,7,4,4,9,5,5,1,16,26,3,10,1,1,B03,7,11,1,8,2,4,  ,26,26,1,4,1,B03,24.210105,120.524098,2
2018,11,10,7,43,臺中市,北屯區,0,1,0,8,1,5,50,4,1,1,5,4,5,7,4,4,10,5,5,2,17,7,3,10,1,1,C03,7,9,1,10,2,15,  ,23,7,1,5,8,C03,24.169295,120.70206,2
2018,11,10,7,46,臺中市,清水區,0,0,,8,,,50,,,,,,,,,,,,,,,,,,,,B03,,,1,,2,,,23,,1,  ,,B03,24.263343,120.573163,3
2018,11,10,7,58,臺中市,梧棲區,0,0,,8,,,50,,,,,,,,,,,,,,,,,,,,B03,,,1,,2,,,23,,1,5,,B03,24.261022,120.541252,3
2018,11,10,8,9,臺中市,霧峰區,0,0,,8,,,30,,,,,,,,,,,,,,,,,,,,A05,,,1,,2,,,42,,1,10,,A05,24.066408,120.69569,3
2018,11,10,8,10,臺中市,南屯區,0,0,,8,,,40,,,,,,,,,,,,,,,,,,,,B03,,,1,,2,,,12,,1,22,,B03,24.146316,120.633853,3
2018,11,10,8,20,臺中市,西屯區,0,0,,8,,,50,,,,,,,,,,,,,,,,,,,,B03,,,1,,2,,,7,,1,  ,,B03,24.184714,120.611274,3
2018,11,10,8,22,臺中市,西屯區,0,0,0,8,,,50,,,,,,,,,,,,,,,6,  ,  ,  ,  ,B12,  ,  ,1,  ,2,6,  ,6,6,1,22,  ,B12,24.19428,120.64879,3
2018,11,10,8,25,臺中市,西屯區,0,1,0,8,1,5,40,14,9,1,5,4,5,7,4,4,10,5,5,2,14,12,3,10,1,1,B03,7,2,1,8,2,3,  ,12,12,1,21,8,B03,24.200913,120.624405,2
2018,11,10,8,28,臺中市,西屯區,0,0,,8,,,50,,,,,,,,,,,,,,,,,,,,B03,,,1,,2,,,23,,1,22,,B03,24.167958,120.641035,3
2018,11,10,8,30,臺中市,北屯區,0,1,0,8,1,5,50,14,9,1,5,4,5,7,4,4,5,5,5,2,17,40,3,10,1,1,B03,7,13,1,8,2,4,  ,40,40,1,22,8,B03,24.186825,120.668063,2
2018,11,10,8,35,臺中市,西區,0,2,0,8,1,5,50,4,1,1,5,4,5,7,1,1,5,4,4,1,16,6,2,9,1,1,C03,7,5,1,10,2,13,  ,6,6,1,21,8,C03,24.146769,120.678355,2
2018,11,10,8,35,臺中市,南區,0,1,0,8,1,5,50,14,9,1,5,4,5,7,4,4,3,4,5,2,12,7,2,9,1,1,C03,7,7,1,10,2,14,  ,7,7,1,21,8,C03,24.126376,120.677241,2
2018,11,10,8,50,臺中市,神岡區,0,0,,8,,,50,,,,,,,,,,,,,,,,,,,,B03,,,1,,2,,,16,,1,22,,B03,24.242325,120.68472,3
2018,11,10,8,52,臺中市,北屯區,0,2,0,8,1,5,50,4,1,1,5,4,5,7,4,4,10,5,5,2,16,6,2,9,1,1,C03,7,9,1,10,2,14,  ,6,6,1,21,8,C03,24.174027,120.680569,2
2018,11,10,9,0,臺中市,烏日區,0,0,,8,,,50,,,,,,,,,,,,,,,,,,,,B03,,,1,,2,,,26,,1,  ,,B03,24.116069,120.616835,3
2018,11,10,9,3,臺中市,南區,0,0,,8,,,50,,,,,,,,,,,,,,,,,,,,B03,,,1,,2,,,16,,1,22,,B03,24.127061,120.675029,3
2018,11,10,9,4,臺中市,南區,0,1,0,8,1,5,50,3,1,1,5,4,5,5,4,4,10,5,5,2,16,6,2,9,1,1,C03,7,5,1,10,2,11,14,6,6,1,21,8,C03,24.112012,120.659877,2
2018,11,10,9,5,臺中市,南屯區,0,0,0,8,,,40,,,,,,,,,,,,,,,23,  ,  ,  ,  ,B03,  ,  ,1,  ,2,  ,  ,23,23,1,22,  ,B03,24.136171,120.65428,3
2018,11,10,9,10,臺中市,南屯區,0,0,0,8,,,40,,,,,,,,4,,,,,,,23,3,  ,  ,  ,B02,  ,  ,1,  ,2,  ,  ,23,23,1,21,  ,B02,24.153649,120.65115,3
2018,11,10,9,13,臺中市,霧峰區,0,1,0,8,1,5,50,4,1,1,5,4,5,7,4,4,10,5,5,2,17,6,3,10,1,1,B03,7,9,1,8,2,2,  ,6,6,1,21,5,B03,24.074779,120.714836,2
2018,11,10,9,15,臺中市,神岡區,0,0,0,8,,,50,,,,,,,,,,,,,,,23,  ,  ,  ,  ,B03,  ,  ,1,  ,2,  ,  ,23,23,1,22,  ,B03,24.248476,120.693865,3
2018,11,10,9,20,臺中市,北屯區,0,0,,8,,,50,,,,,,,,,,,,,,,,,,,,B03,,,1,,2,,,6,,1,4,,B03,24.169363,120.686269,3
2018,11,10,9,25,臺中市,大里區,0,0,,8,,,40,,,,,,,,,,,,,,,,,,,,B03,,,1,,2,,,12,,1,22,,B03,24.111081,120.695488,3
2018,11,10,9,35,臺中市,太平區,0,1,0,8,1,5,50,3,1,1,5,4,5,7,4,4,10,5,5,2,16,43,3,10,1,1,C03,7,5,1,10,2,14,  ,43,43,1,21,8,C03,24.140277,120.731085,2
2018,11,10,9,41,臺中市,沙鹿區,0,1,0,8,1,5,50,3,1,1,5,4,5,7,4,4,5,4,4,1,14,12,3,10,1,1,B12,7,2,1,7,2,3,  ,12,12,1,12,8,B12,24.223469,120.554418,2
2018,11,10,9,53,臺中市,西屯區,0,0,,8,,,50,,,,,,,,,,,,,,,,,,,,B12,,,1,,2,,,17,,1,  ,,B12,24.165794,120.654802,3
2018,11,10,9,55,臺中市,和平區,0,0,0,8,1,2,30,14,9,1,5,4,5,7,4,4,5,4,5,1,12,17,3,10,1,1,B12,7,9,1,3,2,15,  ,17,17,1,22,9,B12,24.257456,121.260108,3
2018,11,10,10,0,臺中市,大甲區,0,0,,8,,,50,,,,,,,,,,,,,,,,,,,,B03,,,1,,2,,,12,,1,19,,B03,24.350538,120.615437,3
2018,11,10,10,2,臺中市,北區,0,1,0,8,1,5,50,4,1,1,5,4,5,7,1,1,10,5,5,2,16,6,3,10,1,1,B03,7,5,1,8,2,6,  ,6,6,1,21,8,B03,24.166906,120.673337,2
2018,11,10,10,3,臺中市,西屯區,0,0,0,8,,,50,,,,,,,,,,,,,,,23,  ,  ,  ,  ,B03,  ,  ,1,  ,2,1,  ,23,23,1,22,  ,B03,24.201056,120.656955,3
2018,11,10,10,7,臺中市,龍井區,0,1,0,8,1,5,50,4,1,1,5,4,5,7,4,4,10,5,5,2,16,6,3,10,1,1,B01,7,5,1,4,2,6,  ,6,6,1,10,8,B01,24.180708,120.583637,2
2018,11,10,10,8,臺中市,北屯區,0,2,0,8,1,5,50,4,1,1,5,4,5,7,1,1,3,2,5,2,17,23,2,9,1,1,C03,7,9,1,10,2,14,  ,23,23,1,22,8,C03,24.16945,120.685407,2
2018,11,10,10,16,臺中市,沙鹿區,0,1,0,8,1,5,50,3,3,1,5,4,5,7,4,4,10,5,5,2,17,6,3,10,1,1,C03,7,5,1,10,2,11,  ,6,6,1,18,8,C03,24.236676,120.56333,2
2018,11,10,10,23,臺中市,南區,0,1,0,8,1,5,50,5,2,1,5,4,5,7,1,1,5,5,4,2,12,17,3,10,1,1,A02,7,9,1,1,2,2,  ,17,17,1,10,8,A02,24.114489,120.668202,2
2018,11,10,10,23,臺中市,南區,0,1,0,8,1,5,50,3,2,1,5,4,5,7,4,4,5,5,5,2,16,6,2,9,1,1,C03,7,5,1,10,2,13,14,6,6,1,21,8,C03,24.127161,120.672513,2
2018,11,10,10,26,臺中市,北區,0,1,0,8,1,5,50,3,1,1,5,4,1,7,1,1,10,5,5,2,16,25,2,9,1,4,C03,7,9,1,10,2,11,  ,25,25,1,21,8,C03,24.153155,120.698598,2
2018,11,10,10,30,臺中市,西屯區,0,0,,8,,,50,,,,,,,,,,,,,,,,,,,,B03,,,1,,2,,,42,,1,  ,,B03,24.182284,120.6398,3
2018,11,10,10,33,臺中市,東勢區,0,0,0,8,,,50,,,,,,,,,,,,,,,23,  ,  ,  ,  ,B12,  ,  ,1,  ,2,  ,  ,23,23,1,22,  ,B12,24.162613,120.860634,3
2018,11,10,10,34,臺中市,北區,0,0,0,8,1,5,50,14,9,1,5,4,5,7,4,4,8,3,5,2,14,12,3,10,1,1,B03,7,2,1,8,2,6,  ,12,12,1,22,8,B03,24.159166,120.682815,3
2018,11,10,10,36,臺中市,南區,0,1,0,8,1,5,50,14,8,1,5,4,5,7,4,4,10,5,4,2,18,43,2,9,1,1,C03,7,9,1,10,2,15,  ,43,43,1,22,8,C03,24.118366,120.660582,2
2018,11,10,10,41,臺中市,潭子區,0,0,,8,1,5,50,14,9,1,5,4,5,7,4,4,8,3,5,1,13,,,,,,B03,,,1,,2,,,23,,1,22,,B03,24.201052,120.709278,3
2018,11,10,10,45,臺中市,西屯區,0,0,,8,,,40,,,,,,,,,,,,,,,,,,,,C03,,,1,,2,,,23,,1,22,,C03,24.177764,120.638355,3
2018,11,10,10,55,臺中市,霧峰區,0,0,,8,,,40,,,,,,,,,,,,,,,,,,,,B03,,,1,,2,,,26,,1,12,,B03,24.062475,120.662805,4
2018,11,10,10,58,臺中市,清水區,0,0,1,8,1,5,60,14,9,1,5,4,5,7,4,4,1,4,5,1,8,23,3,10,1,1,B03,7,9,1,8,2,5,  ,23,23,1,21,8,B03,24.307708,120.557601,2
2018,11,10,11,0,臺中市,北屯區,0,0,,8,,,40,,,,,,,,,,,,,,,,,,,,A11,,,1,,2,,,23,,1,  ,,A11,24.163397,120.734779,3
2018,11,10,11,10,臺中市,南屯區,0,0,0,8,,,40,,,,,,,,4,,,,,,,12,3,  ,  ,  ,B03,  ,  ,1,  ,2,  ,  ,12,12,1,21,  ,B03,24.140728,120.638395,3
2018,11,10,11,12,臺中市,南屯區,0,0,,8,,,50,,,,,,,,,,,,,,,,,,,,B03,,,1,,2,,,26,,1,19,,B03,24.13473,120.643951,3
2018,11,10,11,18,臺中市,南屯區,0,0,,8,,,50,,,,,,,,,,,,,,,,,,,,B03,,,1,,11,,,23,,2,21,,B03,24.146511,120.635297,3
2018,11,10,11,18,臺中市,太平區,0,1,0,8,1,5,50,14,9,1,5,4,5,7,4,4,5,4,5,2,12,23,2,8,1,1,C03,7,9,1,10,2,11,  ,23,23,1,18,8,C03,24.149117,120.715237,2
2018,11,10,11,20,臺中市,西區,0,1,0,8,1,5,50,14,7,1,5,4,5,7,4,4,5,4,4,2,13,23,3,10,1,1,C01,7,9,1,9,2,11,  ,23,23,1,20,8,C01,24.140032,120.661692,2
2018,11,10,11,24,臺中市,北區,0,0,,8,,,50,,,,,,,,,,,,,,,,,,,,B03,,,1,,2,,,5,,1,  ,,B03,24.165376,120.670542,3
2018,11,10,11,26,臺中市,東區,0,0,0,8,,,40,,,,,,,,,,,,,,,18,  ,  ,  ,  ,B12,  ,  ,1,8,2,  ,  ,18,18,1,  ,  ,B12,24.142763,120.704647,3
2018,11,10,11,27,臺中市,后里區,0,0,,8,,,50,,,,,,,,,,,,,,,,,,,,B12,,,1,,2,,,16,,1,22,,B12,24.311424,120.707075,4
2018,11,10,11,30,臺中市,霧峰區,0,1,0,7,1,5,50,4,1,1,5,4,5,7,4,4,9,5,5,1,16,19,2,9,1,1,C03,7,1,1,10,2,11,  ,19,19,1,20,8,C03,24.049761,120.680548,2
2018,11,10,11,32,臺中市,東區,0,0,0,8,,,50,,,,,,,,,,,,,,,,3,  ,  ,  ,B03,  ,  ,1,  ,2,  ,  ,23,  ,1,21,  ,B03,24.139046,120.698556,3
2018,11,10,11,35,臺中市,沙鹿區,0,0,,8,,,50,,,,,,,,,,,,,,,,,,,,B03,,,1,,2,,,18,,1,4,,B03,24.207236,120.56432,3
2018,11,10,11,35,臺中市,神岡區,0,0,,8,,,60,,,,,,,,,,,,,,,,,,,,B03,,,1,,2,,,16,,1,22,,B03,24.259006,120.708288,3
2018,11,10,11,40,臺中市,大甲區,0,0,,8,,,50,,,,,,,,,,,,,,,,,,,,B03,,,1,,2,,,16,,1,4,,B03,24.352078,120.613608,3
2018,11,10,11,42,臺中市,龍井區,0,1,0,8,1,5,50,3,1,1,5,4,5,7,4,4,10,5,5,2,16,6,3,10,1,1,B03,7,5,1,8,2,8,  ,6,6,1,21,8,B03,24.190866,120.593096,2
2018,11,10,11,45,臺中市,西屯區,0,1,0,8,1,5,50,4,2,1,5,4,5,7,1,1,9,2,1,2,13,42,2,9,1,1,B03,7,9,1,8,2,1,3,42,42,1,22,8,B03,24.19397,120.64901,2
2018,11,10,11,50,臺中市,潭子區,0,0,,8,,,80,,,,,,,,,,,,,,,,,,,,B03,,,1,,2,,,38,,1,22,,B03,24.195446,120.720735,3
2018,11,10,11,55,臺中市,西區,0,1,0,8,1,5,40,14,8,1,5,4,5,7,4,4,4,4,4,2,17,6,2,8,1,1,C03,7,8,1,10,2,12,  ,6,6,1,5,1,C03,24.152473,120.666267,2
2018,11,10,11,55,臺中市,大里區,0,1,0,7,1,5,50,4,2,1,5,4,5,7,1,1,5,5,5,1,12,23,3,10,1,1,B03,7,9,1,8,2,5,  ,23,23,1,19,8,B03,24.107366,120.684181,2
2018,11,10,11,58,臺中市,大安區,0,0,0,8,,,90,,,,,,,,,,,,,,,43,  ,  ,  ,  ,B03,  ,  ,1,  ,2,  ,  ,43,43,1,3,  ,B03,24.346256,120.586579,3
2018,11,10,12,8,臺中市,后里區,0,0,,8,,,50,,,,,,,,,,,,,,,,,,,,A05,,,1,,2,,,12,,1,4,,A05,24.311435,120.70686,3
2018,11,10,12,10,臺中市,東區,0,1,0,8,1,5,50,3,1,1,5,4,5,7,1,1,5,5,4,2,16,19,2,9,1,1,C03,7,1,1,10,2,14,  ,19,19,1,5,8,C03,24.138846,120.694881,2
2018,11,10,12,10,臺中市,大甲區,0,1,0,8,1,5,50,3,2,1,5,4,5,7,4,4,9,5,4,1,16,10,3,10,1,1,B03,7,11,1,8,2,8,  ,10,10,1,4,8,B03,24.351518,120.614306,2
2018,11,10,12,13,臺中市,北區,0,1,0,8,1,5,50,4,1,1,5,4,5,7,1,1,10,5,5,2,17,18,3,10,1,4,C03,7,3,1,10,2,14,  ,18,18,1,21,8,C03,24.152858,120.6853,2
2018,11,10,12,13,臺中市,清水區,0,0,,8,,,50,,,,,,,,,,,,,,,,,,,,B12,,,3,,2,,,23,,1,  ,,B12,24.263723,120.573311,3
2018,11,10,12,14,臺中市,大里區,0,1,0,8,1,5,50,14,9,1,5,4,5,7,4,4,5,5,5,1,17,26,3,10,1,1,C03,7,5,1,10,2,12,  ,26,26,1,19,5,C03,24.087053,120.707507,2
2018,11,10,12,17,臺中市,西區,0,2,0,8,1,5,50,5,2,1,5,4,5,7,1,1,5,5,5,1,16,19,2,9,1,1,C03,7,1,1,10,2,12,  ,19,19,1,21,8,C03,24.154597,120.663728,2
2018,11,10,12,18,臺中市,霧峰區,0,0,,8,,,50,,,,,,,,,,,,,,,,,,,,C03,,,1,,2,,,6,,1,22,,C03,24.076413,120.715456,3
2018,11,10,12,18,臺中市,神岡區,0,0,,8,,,50,,,,,,,,,,,,,,,,,,,,B12,,,1,,2,,,7,,1,21,,B12,24.248465,120.693688,4
2018,11,10,12,20,臺中市,梧棲區,0,2,0,8,1,5,40,14,8,1,5,4,5,7,4,4,1,4,1,1,16,19,3,10,1,1,B12,7,1,1,8,2,4,  ,19,19,1,20,8,B12,24.246586,120.545065,2
2018,11,10,12,26,臺中市,西屯區,0,0,,8,,,50,,,,,,,,,,,,,,,,,,,,B03,,,1,,2,,,23,,1,22,,B03,24.164564,120.645005,3
2018,11,10,12,29,臺中市,大里區,0,2,0,8,1,5,50,14,7,1,5,4,5,7,4,4,5,4,5,1,17,8,2,9,1,1,C03,7,5,1,8,2,12,  ,8,8,1,21,8,C03,24.109859,120.690014,2
2018,11,10,12,35,臺中市,清水區,0,0,0,,,,40,,,,,,,,,,,,,,,13,  ,  ,  ,  ,B03,  ,  ,1,  ,2,  ,  ,13,13,1,5,  ,B03,24.304016,120.629547,3
2018,11,10,12,38,臺中市,清水區,0,0,,8,,,50,,,,,,,,,,,,,,,,,,,,B03,,,1,,2,,,4,,1,21,,B03,24.270881,120.579822,3
2018,11,10,12,40,臺中市,西區,0,1,0,8,1,5,50,4,1,1,5,4,5,7,4,4,10,5,5,2,15,6,2,9,1,1,C03,7,9,1,10,2,12,  ,6,6,1,20,8,C03,24.14045,120.669093,2
2018,11,10,12,50,臺中市,沙鹿區,0,1,0,8,1,5,50,4,1,1,5,4,5,7,2,1,10,5,5,2,17,25,2,9,1,1,C03,7,9,1,10,2,11,  ,25,25,1,18,8,C03,24.233516,120.562512,2
2018,11,10,12,52,臺中市,西屯區,0,0,,8,,,40,,,,,,,,,,,,,,,,,,,,B03,,,1,,2,,,42,,1,  ,,B03,24.195984,120.647646,3
2018,11,10,12,55,臺中市,北屯區,0,0,,8,,,40,,,,,,,,,,,,,,,,,,,,B03,,,1,,2,,,12,,1,  ,,B03,24.183236,120.700288,3
2018,11,10,13,15,臺中市,北區,0,1,0,8,1,5,50,4,1,1,5,4,5,7,1,1,10,5,5,2,16,6,2,9,1,4,C03,7,6,1,10,2,12,  ,6,6,1,21,8,C03,24.153946,120.665722,2
2018,11,10,13,16,臺中市,大里區,0,1,0,8,1,5,50,3,1,1,5,4,5,7,1,1,10,5,5,2,16,10,3,10,1,1,B03,7,11,1,8,2,4,  ,10,10,1,22,8,B03,24.118338,120.68941,2
2018,11,10,13,18,臺中市,西屯區,0,0,0,8,,,50,,,,,,,,,,,,,,,23,  ,  ,  ,  ,B12,  ,  ,1,  ,2,  ,  ,23,23,1,22,  ,B12,24.201225,120.659585,3
2018,11,10,13,18,臺中市,清水區,0,2,0,8,1,5,50,14,9,1,5,4,5,7,4,4,9,4,4,2,18,42,2,9,1,1,C03,7,9,1,10,2,11,  ,44,42,1,21,8,C03,24.263946,120.562878,2
2018,11,10,13,20,臺中市,北區,0,0,,,,,,,,,,,,,,,,,,,,,,,,,B03,,,1,,2,,,22,,1,22,,B03,24.162124,120.669155,3
2018,11,10,13,30,臺中市,霧峰區,0,0,,8,,,30,,,,,,,,,,,,,,,,,,,,B03,,,1,,2,,,17,,1,18,,B03,24.067895,120.694231,3
2018,11,10,13,30,臺中市,大里區,0,0,,8,,,40,,,,,,,,,,,,,,,,,,,,   ,,,7,,11,,,43,,  ,  ,,   ,24.105122,120.701451,3
2018,11,10,13,30,臺中市,大甲區,0,1,0,8,1,5,50,14,13,1,5,4,5,7,4,4,9,5,5,1,8,23,3,10,1,1,B12,7,6,1,8,2,5,  ,23,23,1,4,8,B12,24.34826,120.61291,2
2018,11,10,13,30,臺中市,大雅區,0,1,0,8,1,5,50,4,1,1,5,4,5,7,1,1,9,4,4,1,17,12,3,10,1,1,B03,7,2,1,8,2,3,  ,12,12,1,22,9,B03,24.23387,120.66454,2
2018,11,10,13,31,臺中市,西區,0,0,0,8,,,0,,,,,,,,,,,,,,,,3,  ,  ,  ,B01,  ,  ,1,  ,2,  ,  ,23,  ,  ,21,  ,B01,24.137701,120.675753,3
2018,11,10,13,42,臺中市,北區,0,0,0,8,1,5,50,14,8,1,5,4,5,7,2,1,8,3,4,2,12,17,  ,  ,  ,  ,B03,  ,9,1,  ,2,2,  ,17,17,1,5,  ,B03,24.146406,120.686155,3
2018,11,10,13,45,臺中市,南屯區,0,0,,8,,,50,,,,,,,,,,,,,,,43,,,,,B03,,,1,,10,,,44,43,1,22,,B03,24.150701,120.644765,3
2018,11,10,13,50,臺中市,北屯區,0,2,0,8,1,5,40,4,1,1,5,4,5,7,2,1,10,5,5,2,16,25,2,9,1,4,C03,7,1,1,10,2,11,  ,25,25,1,22,8,C03,24.173086,120.683708,2
2018,11,10,13,56,臺中市,大里區,0,0,,8,,,40,,,,,,,,,,,,,,,,,,,,B03,,,1,,2,,,6,,1,21,,B03,24.106118,120.682036,3
2018,11,10,13,56,臺中市,外埔區,0,1,0,8,1,5,50,3,1,1,5,4,5,7,1,1,5,5,5,2,16,23,3,10,1,1,B12,7,9,1,8,2,5,  ,23,23,1,4,3,B12,24.342801,120.637026,2
2018,11,10,13,57,臺中市,西屯區,0,0,,8,,,70,,,,,,,,,,,,,,,,,,,,B03,,,1,,2,,,7,,1,22,,B03,24.182278,120.598532,3
2018,11,10,13,58,臺中市,西屯區,0,0,,8,,,50,,,,,,,,,,,,,,,,,,,,B03,,,4,,2,,,23,,1,  ,,B03,24.166091,120.651535,3
2018,11,10,14,0,臺中市,西區,0,0,0,8,,,50,,,,,,,,,,,,,,,23,3,  ,  ,  ,B03,  ,  ,1,  ,1,  ,  ,23,23,1,21,  ,B03,24.152892,120.669635,3
2018,11,10,14,2,臺中市,西區,0,0,,8,,,50,,,,,,,,,,,,,,,,,,,,B03,,,1,,2,,,23,,1,21,,B03,24.159175,120.660951,3
2018,11,10,14,6,臺中市,大雅區,0,1,0,8,1,5,50,5,1,1,5,4,5,7,1,1,10,5,5,2,16,44,2,9,1,1,C03,7,9,1,10,2,11,  ,23,44,1,22,9,C03,24.227359,120.650568,2
2018,11,10,14,10,臺中市,潭子區,0,1,0,8,1,5,60,14,8,1,5,4,5,7,4,4,8,3,4,1,13,23,2,9,1,1,C03,7,9,1,10,2,11,  ,23,23,1,22,1,C03,24.206684,120.686711,2
2018,11,10,14,14,臺中市,南區,0,1,0,8,1,5,50,3,1,1,5,4,5,7,4,4,10,5,5,2,17,19,3,10,1,1,B03,7,1,1,8,2,4,  ,19,19,1,5,8,B03,24.123305,120.665877,2
2018,11,10,14,15,臺中市,霧峰區,0,0,,8,,,70,,,,,,,,,,,,,,,,,,,,B03,,,1,,2,,,23,,1,21,,B03,24.055337,120.696528,3
2018,11,10,14,24,臺中市,西區,0,0,0,8,,,0,,,,,,,,,,,,,,,,3,  ,  ,  ,B03,  ,  ,1,  ,2,  ,  ,26,  ,  ,21,  ,B03,24.14782,120.661684,3
2018,11,10,14,28,臺中市,西區,0,2,0,8,1,5,40,3,2,1,5,4,5,7,4,4,5,5,5,1,16,6,2,9,1,1,C03,7,5,1,10,3,14,  ,6,6,1,21,8,C03,24.139172,120.673676,2
2018,11,10,14,30,臺中市,大里區,0,0,,8,,,50,,,,,,,,,,,,,,,,,,,,B12,,,1,,2,,,23,,1,22,,B12,24.118393,120.689453,3
2018,11,10,14,36,臺中市,西屯區,0,0,,8,,,50,,,,,,,,,,,,,,,,,,,,B02,,,1,,2,,,42,,1,  ,,B02,24.183679,120.629617,3
2018,11,10,14,40,臺中市,南屯區,0,1,0,8,1,5,40,3,1,1,5,4,5,7,4,4,10,5,5,2,16,8,3,10,1,1,B03,7,5,1,8,2,8,  ,8,8,1,22,9,B03,24.138839,120.644268,2
2018,11,10,14,46,臺中市,北屯區,0,1,0,8,1,5,50,4,1,1,5,4,5,7,1,1,10,5,5,2,15,25,3,10,1,1,B03,7,9,1,8,2,15,  ,25,25,1,8,8,B03,24.164917,120.69413,2
2018,11,10,14,52,臺中市,石岡區,0,1,0,8,1,5,50,4,1,1,5,4,5,7,4,4,10,5,5,2,17,6,3,10,1,1,B03,7,9,1,8,2,1,  ,6,6,1,9,8,B03,24.275998,120.776118,2
2018,11,10,14,53,臺中市,南屯區,0,1,0,8,1,5,40,4,1,1,5,4,5,7,4,4,10,5,5,2,15,6,3,10,1,1,B03,7,9,1,8,2,5,  ,6,6,1,22,8,B03,24.153268,120.616289,2
2018,11,10,15,0,臺中市,大里區,0,1,0,8,1,8,50,3,1,1,5,4,5,7,4,4,10,5,5,2,15,23,3,10,1,1,B03,7,9,1,8,2,8,  ,23,23,1,5,8,B03,24.110071,120.699523,2
2018,11,10,15,0,臺中市,太平區,0,0,,8,,,50,,,,,,,,,,,,,,,,,,,,B12,,,1,,2,,,23,,1,21,,B12,24.124286,120.734418,3
2018,11,10,15,10,臺中市,大里區,0,1,0,8,1,5,50,3,1,1,5,4,5,7,1,1,10,5,5,2,13,21,2,1,1,1,B12,7,9,1,8,6,8,  ,21,21,1,22,8,B12,24.091609,120.729837,2
2018,11,10,15,16,臺中市,西區,0,0,0,8,,,50,,,,,,,,,,,,,,,23,3,  ,  ,  ,B01,  ,  ,1,  ,2,  ,  ,23,23,1,21,  ,B01,24.144312,120.665262,3
2018,11,10,15,18,臺中市,西屯區,0,0,0,8,,,50,,,,,,,,,,,,,,,12,  ,  ,  ,  ,B03,  ,  ,1,  ,2,  ,  ,44,12,1,  ,  ,B03,24.165148,120.64669,3
2018,11,10,15,18,臺中市,梧棲區,0,1,0,8,1,5,50,14,9,1,5,4,5,7,4,4,5,5,5,2,3,43,3,10,1,1,B03,7,9,1,8,2,5,  ,43,43,1,12,8,B03,24.260653,120.538907,2