年,月,日,時,分,縣市,區,死,受傷,2-30,天候,光線,道路類別,速限,道路型態,事故位置,路面鋪裝,路面狀態,路面缺陷,障礙物,視距,號誌種類,號誌動作,分向設施,快車道或一般車道間,快慢車道間,路面邊線,事故類型及型態,主要肇因,受傷程度,主要傷處,保護裝備,行動電話,當事者區分_類別,車輛用途,當事者行動狀態,駕駛資格情形,駕駛執照種類,飲酒情形,車輛撞擊部位最初,車輛撞擊部位其他,肇事因素個別,肇事因素主要,肇事逃逸,職業,旅次目的,車種,GPS座標_緯度,GPS座標_經度,事故類別
2018,11,10,15,20,臺中市,大里區,0,0,,8,,,40,,,,,,,,,,,,,,,,,,,,B03,,,1,,2,,,12,,1,3,,B03,24.120694,120.694171,3
2018,11,10,15,24,臺中市,東勢區,0,1,0,8,1,5,50,4,1,1,5,4,5,7,4,4,5,5,5,1,17,42,3,10,1,1,B12,7,1,1,8,2,3,  ,42,42,1,22,8,B12,24.254588,120.829418,2
2018,11,10,15,25,臺中市,西屯區,0,0,,8,,,50,,,,,,,,,,,,,,,,,,,,B03,,,1,,2,,,16,,1,21,,B03,24.171883,120.63514,3
2018,11,10,15,27,臺中市,南屯區,0,0,,8,,,50,,,,,,,,,,,,,,,,,,,,B03,,,1,,11,,,43,,2,21,,B03,24.145321,120.622921,3
2018,11,10,15,31,臺中市,北區,0,0,,8,,,50,,,,,,,,,,,,,,,,,,,,B03,,,1,,2,,,23,,1,5,,B03,24.149579,120.675399,3
2018,11,10,15,43,臺中市,沙鹿區,0,4,0,8,1,5,40,14,8,1,5,4,5,7,4,4,1,4,4,2,17,23,3,10,2,1,B03,7,13,1,8,2,7,  ,38,23,1,4,8,B03,24.224226,120.5688,2
2018,11,10,15,55,臺中市,西區,0,2,0,8,1,5,40,3,1,1,5,4,5,7,4,4,10,5,5,2,13,23,2,9,1,1,C03,7,9,1,10,2,11,  ,23,23,1,21,8,C03,24.156501,120.660454,2
2018,11,10,16,6,臺中市,西屯區,0,1,0,8,1,5,40,14,8,1,5,4,5,7,1,1,5,4,4,2,17,26,3,10,1,1,B03,7,11,1,8,2,5,  ,26,26,1,22,8,B03,24.17635,120.640901,2
2018,11,10,16,10,臺中市,神岡區,0,2,0,8,1,5,50,3,1,1,5,4,5,7,4,4,10,5,5,1,16,19,2,9,1,1,C03,7,9,1,10,2,11,  ,14,19,1,22,9,C03,24.238883,120.678735,2
2018,11,10,16,28,臺中市,西屯區,0,1,0,8,1,5,50,3,7,1,5,4,5,7,4,4,5,4,4,2,16,43,2,9,3,4,C03,7,14,3,18,2,15,  ,43,43,1,22,8,C03,24.190016,120.613696,2
2018,11,10,16,30,臺中市,沙鹿區,0,1,0,8,1,5,50,4,1,1,5,4,5,7,1,1,10,5,4,1,16,42,2,9,1,1,C03,7,4,1,10,2,14,  ,1,42,1,18,5,C03,24.262676,120.573672,2
2018,11,10,16,32,臺中市,中區,0,0,0,8,,,50,,,,,,,,,,,,,,,43,  ,  ,  ,  ,   ,  ,  ,7,  ,11,  ,  ,43,43,  ,  ,  ,   ,24.145765,120.676318,3
2018,11,10,16,45,臺中市,東區,0,0,,8,,,40,,,,,,,,,,,,,,,,,,,,B12,,,1,,2,,,23,,1,22,,B12,24.135785,120.701407,3
2018,11,10,16,45,臺中市,西屯區,0,2,0,8,1,5,50,4,1,1,5,4,5,7,1,1,10,5,5,2,16,26,2,9,3,4,C03,7,5,2,18,2,11,  ,26,26,1,21,8,C03,24.169188,120.63599,2
2018,11,10,16,47,臺中市,西區,0,2,0,8,1,5,50,14,9,1,5,4,4,7,4,4,9,4,5,2,17,26,2,9,1,1,C03,7,9,2,18,2,11,  ,42,26,1,16,7,C03,24.137362,120.677821,2
2018,11,10,16,50,臺中市,清水區,0,0,0,8,,,40,,,,,,,,,,,,,,,42,  ,  ,  ,  ,B12,  ,  ,1,  ,2,  ,  ,42,42,1,9,  ,B12,24.265946,120.573081,3
2018,11,10,16,50,臺中市,沙鹿區,0,2,0,8,1,5,50,3,1,1,5,4,5,7,1,1,1,2,4,1,17,43,2,9,1,1,C03,7,9,1,10,2,11,  ,43,43,1,18,8,C03,24.224945,120.569926,2
2018,11,10,16,54,臺中市,西區,0,0,0,8,,,0,,,,,,,,,,,,,,,,3,  ,  ,  ,B03,  ,  ,1,  ,2,  ,  ,19,  ,  ,21,  ,B03,24.14577,120.651303,3
2018,11,10,16,54,臺中市,西屯區,0,0,,8,1,5,60,14,7,1,5,4,5,7,4,4,1,3,1,1,13,,,,,,B03,,,1,,2,,,23,,1,22,,B03,24.182301,120.600901,3
2018,11,10,16,58,臺中市,石岡區,0,1,0,8,1,5,50,4,1,1,5,4,5,7,4,4,10,5,5,2,17,6,2,9,1,1,C03,7,6,1,10,2,11,  ,6,6,1,7,8,C03,24.274808,120.778793,2
2018,11,10,17,9,臺中市,龍井區,0,1,0,8,1,5,70,5,1,1,5,4,5,7,1,1,10,5,5,2,16,25,2,9,3,4,C03,7,9,1,10,2,11,  ,25,25,1,9,1,C03,24.194533,120.535866,2
2018,11,10,17,14,臺中市,南屯區,0,0,,8,,,50,,,,,,,,,,,,,,,,,,,,C03,,,1,,2,,,17,,1,  ,,C03,24.148695,120.647471,3
2018,11,10,17,21,臺中市,中區,0,0,0,8,,,50,,,,,,,,,,,,,,,23,3,  ,  ,  ,B03,  ,  ,1,  ,2,  ,  ,23,23,1,21,  ,B03,24.13893,120.682023,3
2018,11,10,17,28,臺中市,烏日區,0,0,,8,,,50,,,,,,,,,,,,,,,,,,,,B03,,,1,,2,,,23,,1,22,,B03,24.109896,120.625659,3
2018,11,10,17,30,臺中市,大里區,0,1,0,8,3,5,50,3,1,1,5,4,5,7,4,4,10,5,5,2,16,19,3,10,1,1,C03,7,1,1,10,2,13,  ,19,19,1,5,8,C03,24.090549,120.710514,2
2018,11,10,17,37,臺中市,西屯區,0,0,,8,3,5,40,14,9,1,5,4,5,7,4,4,1,3,4,1,13,,,,,,B03,,,1,,2,,,23,,1,22,,B03,24.161665,120.628531,3
2018,11,10,17,38,臺中市,西屯區,0,0,0,8,,,50,,,,,,,,,,,,,,,44,  ,  ,  ,  ,B03,  ,  ,1,  ,2,  ,  ,1,44,1,5,  ,B03,24.172056,120.63706,3
2018,11,10,17,41,臺中市,北區,0,3,0,8,3,5,50,3,2,1,5,4,5,7,4,4,1,4,4,2,13,16,2,9,1,1,C03,7,9,1,10,2,11,  ,16,16,1,21,8,C03,24.14624,120.6869,2
2018,11,10,17,43,臺中市,石岡區,0,0,0,8,,,50,,,,,,,,,,,,,,,23,  ,  ,  ,  ,B03,  ,  ,1,  ,2,  ,  ,23,23,1,9,  ,B03,24.26041,120.817373,3
2018,11,10,17,44,臺中市,西屯區,0,1,0,8,2,5,50,14,9,1,5,4,5,7,4,4,1,4,5,2,12,43,3,10,3,4,C03,7,9,2,18,2,14,  ,43,43,1,21,8,C03,24.159294,120.647231,2
2018,11,10,17,50,臺中市,北區,0,1,0,8,2,5,50,4,1,1,5,4,5,7,1,1,5,5,5,2,13,16,2,8,1,1,C03,7,9,1,10,2,14,  ,16,16,1,5,8,C03,24.159119,120.680981,2
2018,11,10,17,50,臺中市,沙鹿區,0,0,,8,,,40,,,,,,,,,,,,,,,,,,,,B03,,,1,,2,,,23,,  ,4,,B03,24.202013,120.569355,3
2018,11,10,17,50,臺中市,東勢區,0,0,0,8,,,50,,,,,,,,,,,,,,,10,  ,  ,  ,  ,B03,  ,  ,1,  ,2,  ,  ,10,10,1,2,  ,B03,24.247445,120.831946,3
2018,11,10,17,51,臺中市,西屯區,0,1,0,8,3,5,40,14,8,1,5,4,5,7,4,4,5,5,4,2,17,38,3,10,3,4,B03,7,14,1,1,2,2,  ,38,38,1,21,8,B03,24.183301,120.644855,2
2018,11,10,17,55,臺中市,北屯區,0,2,0,8,3,5,50,4,1,1,5,4,5,7,4,4,10,5,5,2,16,6,2,7,1,4,C03,7,9,1,10,2,14,  ,6,6,1,19,8,C03,24.185251,120.699843,2
2018,11,10,17,56,臺中市,北區,0,0,,8,,,50,,,,,,,,,,,,,,,,,,,,B03,,,1,,2,,,7,,1,5,,B03,24.143008,120.685699,3
2018,11,10,17,57,臺中市,西區,0,2,0,8,3,5,50,3,1,1,5,4,5,7,4,4,10,5,5,2,17,19,2,8,1,1,C03,7,1,1,10,2,14,  ,19,19,1,21,8,C03,24.146638,120.667506,2
2018,11,10,17,57,臺中市,霧峰區,0,0,,8,,,50,,,,,,,,,,,,,,,,,,,,B03,,,1,,2,,,16,,1,10,,B03,24.1,120.6,3
2018,11,10,18,0,臺中市,潭子區,0,1,0,8,1,5,50,14,7,1,5,4,5,7,4,4,1,5,5,2,12,2,3,10,1,1,B03,7,9,1,8,2,2,  ,2,2,1,22,9,B03,24.201971,120.703794,2
2018,11,10,18,10,臺中市,神岡區,0,1,0,8,3,5,50,14,7,1,5,4,5,7,4,4,5,5,4,2,16,44,3,10,1,1,B03,7,9,1,8,2,2,  ,44,44,1,22,9,B03,24.26052,120.707311,2
2018,11,10,18,14,臺中市,北區,0,0,,8,,,50,,,,,,,,,,,,,,,,,,,,B03,,,1,,2,,,23,,1,  ,,B03,24.153516,120.685708,3
2018,11,10,18,15,臺中市,南區,0,1,0,8,3,5,50,3,2,1,5,4,5,7,4,4,5,5,5,2,13,23,2,9,1,1,C03,7,9,1,10,2,11,  ,23,23,1,5,5,C03,24.117799,120.666791,2
2018,11,10,18,19,臺中市,大里區,0,1,0,8,4,5,40,14,9,1,5,4,5,6,4,4,10,5,5,2,18,22,2,1,4,5,F01,7,9,8,20,2,16,  ,22,22,1,22,9,F01,24.108787,120.705419,2
2018,11,10,18,29,臺中市,南區,0,0,,8,,,50,,,,,,,,,,,,,,,,,,,,B03,,,1,,2,,,23,,1,4,,B03,24.122244,120.662108,3
2018,11,10,18,33,臺中市,西屯區,0,0,,8,,,40,,,,,,,,,,,,,,,,,,,,B01,,,1,,2,,,23,,1,22,,B01,24.175008,120.64853,3
2018,11,10,18,34,臺中市,北區,0,0,0,8,,,40,,,,,,,,,,,,,,,19,  ,  ,  ,  ,B03,  ,  ,1,  ,2,  ,  ,19,19,1,5,  ,B03,24.15872,120.691043,3
2018,11,10,18,34,臺中市,南屯區,0,0,,8,,,50,,,,,,,,,,,,,,,,,,,,B03,,,1,,2,,,12,,1,  ,,B03,24.132723,120.641436,3
2018,11,10,18,36,臺中市,北區,0,0,0,8,1,5,50,5,1,1,5,4,5,7,1,1,10,5,5,2,12,17,3,10,3,4,B03,7,6,1,8,2,8,  ,17,17,1,5,8,B03,24.164879,120.670514,3
2018,11,10,18,38,臺中市,南區,0,0,,8,,,50,,,,,,,,,,,,,,,,,,,,B03,,,1,,2,,,23,,1,2,,B03,24.125673,120.67518,3
2018,11,10,18,38,臺中市,北屯區,0,1,0,8,2,5,50,14,9,1,5,4,5,7,4,4,1,4,5,2,12,1,3,10,1,1,B03,7,4,1,7,2,2,  ,1,1,1,10,8,B03,24.1739,120.6795,2
2018,11,10,18,46,臺中市,西屯區,0,1,0,8,2,5,50,4,1,1,5,4,5,7,1,1,5,4,4,2,16,10,2,8,3,4,C03,7,11,1,10,2,14,  ,10,10,1,21,8,C03,24.173427,120.646821,2
2018,11,10,18,56,臺中市,中區,0,0,,8,,,50,,,,,,,,,,,,,,,,,,,,C03,,,1,,2,,,23,,1,21,,C03,24.14317,120.680491,3
2018,11,10,19,8,臺中市,東區,0,0,,8,,,50,,,,,,,,,,,,,,,,,,,,C03,,,1,,2,,,6,,1,5,,C03,24.148091,120.707055,3
2018,11,10,19,11,臺中市,沙鹿區,0,1,0,8,3,5,50,14,8,1,5,4,5,7,4,4,4,1,4,2,9,12,3,10,1,1,B03,7,2,1,8,2,6,  ,12,12,1,22,9,B03,24.228123,120.574321,2
2018,11,10,19,14,臺中市,西屯區,0,1,0,8,3,5,50,4,1,1,5,4,5,7,1,1,10,5,5,2,12,26,3,10,1,1,B03,7,6,1,8,2,2,  ,26,26,1,22,8,B03,24.179055,120.63736,2
2018,11,10,19,27,臺中市,北區,0,1,0,8,3,5,50,4,1,1,5,4,5,7,1,1,1,4,4,2,16,25,3,10,1,1,B03,7,9,1,8,2,8,  ,25,25,1,21,8,B03,24.163099,120.6867,2
2018,11,10,19,27,臺中市,南屯區,0,0,,8,,,50,,,,,,,,,,,,,,,,,,,,B03,,,1,,2,,,23,,1,22,,B03,24.141054,120.653131,3
2018,11,10,19,30,臺中市,大雅區,0,1,0,8,4,5,50,4,1,1,5,4,5,7,2,1,5,4,4,2,16,6,3,10,1,1,B03,7,5,1,8,2,8,  ,6,6,1,22,9,B03,24.222461,120.669612,2
2018,11,10,19,45,臺中市,北區,0,2,0,8,1,5,40,4,1,1,5,4,5,7,1,1,8,4,4,2,16,6,3,10,1,1,B03,7,6,1,8,2,6,  ,6,6,1,5,8,B03,24.164762,120.674082,2
2018,11,10,19,45,臺中市,南屯區,0,1,0,8,3,5,40,4,1,1,5,4,5,7,1,1,10,5,5,2,16,23,2,8,1,1,C03,7,5,1,10,2,12,  ,23,23,1,22,9,C03,24.150827,120.648709,2
2018,11,10,19,47,臺中市,北區,0,0,,8,3,5,50,,,,,,,,,,,,,,,,,,,,B03,,,1,,2,,,6,,1,5,,B03,24.149813,120.67783,3
2018,11,10,19,50,臺中市,中區,0,2,0,8,3,5,50,4,1,1,5,4,5,7,1,1,10,5,5,2,16,9,2,8,1,1,C03,7,6,1,10,2,13,  ,9,9,1,5,8,C03,24.141956,120.676934,2
2018,11,10,19,53,臺中市,西屯區,0,0,,8,3,5,50,14,9,1,5,4,5,7,4,4,8,3,4,1,13,,,,,,A05,,,1,,2,,,7,,1,22,,A05,24.180008,120.645136,3
2018,11,10,20,17,臺中市,西屯區,0,2,0,8,3,5,40,14,8,1,5,4,5,7,4,4,1,4,1,2,13,23,3,10,3,4,B03,7,9,1,8,2,1,  ,23,23,1,21,8,B03,24.181352,120.635711,2
2018,11,10,20,33,臺中市,西屯區,0,1,0,8,3,5,40,4,1,1,5,4,5,7,1,1,10,5,5,2,16,6,3,10,1,1,B03,7,5,1,8,2,2,  ,6,6,1,5,8,B03,24.185487,120.623951,2
2018,11,10,21,0,臺中市,西屯區,0,0,0,8,,,40,,,,,,,,,,,,,,,23,  ,  ,  ,  ,B03,  ,  ,1,  ,2,  ,  ,23,23,1,22,  ,B03,24.165468,120.659258,3
2018,11,10,21,13,臺中市,南區,0,0,,8,3,5,50,3,2,1,5,4,5,7,4,4,1,4,4,2,12,,,,,,B03,,,1,,2,,,7,,1,5,,B03,24.118239,120.679396,3
2018,11,10,21,22,臺中市,西區,0,0,,8,,,50,,,,,,,,,,,,,,,,,,,,B03,,,1,,2,,,16,,1,4,,B03,24.140032,120.661692,3
2018,11,10,21,33,臺中市,西屯區,0,0,,8,,,40,,,,,,,,,,,,,,,,,,,,A11,,,1,,2,,,16,,1,22,,A11,24.201583,120.644688,3
2018,11,10,21,45,臺中市,大里區,0,0,,8,,,50,,,,,,,,,,,,,,,,,,,,B03,,,1,,2,,,23,,1,22,,B03,24.069855,120.55775,3
2018,11,10,21,50,臺中市,大甲區,0,0,0,8,4,5,70,14,13,1,5,4,5,7,4,4,10,3,5,1,14,12,3,10,1,1,B03,7,2,1,8,2,3,  ,12,12,1,22,8,B03,24.403708,120.641525,3
2018,11,10,21,51,臺中市,西區,0,0,0,8,,,50,,,,,,,,,,,,,,,16,3,  ,  ,  ,C03,  ,  ,1,  ,2,  ,  ,16,16,1,21,  ,C03,24.146737,120.608508,3
2018,11,10,21,58,臺中市,北區,0,0,0,,,,,,,,,,,,,,,,,,,23,  ,  ,  ,  ,C03,  ,  ,1,10,2,  ,  ,23,23,1,  ,  ,C03,24.147721,120.685128,3
2018,11,10,22,7,臺中市,北區,0,3,0,7,3,5,50,4,1,1,5,4,5,7,2,1,10,5,5,2,16,7,2,9,1,1,C03,7,10,1,10,2,12,  ,7,7,1,5,8,C03,24.146756,120.674661,2
2018,11,10,22,14,臺中市,西屯區,0,0,,8,,,50,,,,,,,,,,,,,,,,,,,,B03,,,1,,2,,,1,,1,  ,,B03,24.180046,120.638961,3
2018,11,10,22,15,臺中市,西屯區,0,1,0,8,3,5,40,14,8,1,5,4,5,7,4,4,1,4,1,2,18,42,2,9,3,4,C03,7,9,1,10,2,12,  ,42,42,1,21,8,C03,24.186901,120.637612,2
2018,11,10,22,15,臺中市,西屯區,0,0,,8,,,40,,,,,,,,,,,,,,,,,,,,B03,,,1,,2,,,12,,1,22,,B03,24.163266,120.649303,3
2018,11,10,22,22,臺中市,西屯區,0,2,0,8,3,5,60,14,7,1,5,4,5,7,4,4,1,4,1,2,13,23,2,3,1,1,B03,7,9,1,8,2,1,  ,23,23,1,22,8,B03,24.1686,120.639958,2
2018,11,10,22,31,臺中市,烏日區,0,5,0,8,3,5,70,4,2,1,5,4,5,7,2,1,1,2,4,1,13,16,2,7,1,1,B03,7,9,1,8,8,1,  ,16,16,1,21,8,B03,24.110766,120.60015,2
2018,11,10,22,39,臺中市,西屯區,0,0,,8,,,50,,,,,,,,,,,,,,,,,,,,B03,,,1,,2,,,23,,1,  ,,B03,24.178613,120.643739,3
2018,11,10,22,41,臺中市,后里區,0,1,0,8,3,5,50,4,1,1,5,4,5,3,3,1,10,5,5,2,15,6,2,9,1,1,C03,7,9,1,10,2,11,  ,6,6,1,21,8,C03,24.308011,120.730548,2
2018,11,10,22,44,臺中市,神岡區,0,1,0,8,3,5,50,3,2,1,5,4,5,1,4,4,5,5,5,1,18,21,2,9,1,1,C03,7,9,1,10,8,11,12,21,21,1,9,8,C03,24.2652,120.655651,2
2018,11,10,22,45,臺中市,潭子區,0,0,,8,,,40,,,,,,,,,,,,,,,,,,,,B03,,,1,,2,,,16,,1,22,,B03,24.193517,120.72362,3
2018,11,10,23,10,臺中市,豐原區,0,2,0,7,3,5,50,3,1,1,5,4,5,7,4,4,1,4,4,1,17,23,2,9,1,1,C03,7,9,1,10,5,11,  ,23,23,1,12,8,C03,24.250391,120.707438,2
2018,11,10,23,20,臺中市,大里區,0,1,0,8,3,5,50,4,2,1,5,4,5,7,3,1,4,5,5,1,11,26,3,10,1,1,B12,7,5,1,8,2,4,  ,26,26,1,22,8,B12,24.087288,120.702541,2
2018,11,10,23,35,臺中市,大里區,0,1,0,8,3,5,50,3,1,1,5,4,5,7,3,1,10,5,5,2,17,6,3,10,1,1,B03,7,5,1,8,2,5,  ,6,6,1,22,5,B03,24.110443,120.674656,2
2018,11,11,0,35,臺中市,梧棲區,0,1,0,8,1,5,60,4,1,1,5,4,5,7,2,1,10,5,5,2,15,25,2,9,1,1,C03,7,9,1,10,2,12,  ,25,25,1,9,5,C03,24.238735,120.531614,2
2018,11,11,1,46,臺中市,西屯區,0,0,0,8,,,40,,,,,,,,,,,,,,,19,  ,  ,  ,  ,B03,  ,  ,1,  ,2,  ,  ,44,19,1,22,  ,B03,24.173681,120.63483,3
2018,11,11,1,55,臺中市,龍井區,0,0,,8,,,40,,,,,,,,,,,,,,,,,,,,C03,,,3,,2,,,6,,1,22,,C03,24.186838,120.577841,3
2018,11,11,2,18,臺中市,東區,0,2,0,8,3,5,50,4,1,1,5,4,5,7,3,1,10,5,5,2,15,6,2,9,1,1,C03,7,9,6,18,7,12,  ,6,6,1,22,8,C03,24.14161,120.706018,2
2018,11,11,2,18,臺中市,龍井區,0,0,,8,,,50,,,,,,,,,,,,,,,,,,,,B03,,,1,,2,,,23,,1,22,,B03,24.178291,120.582839,3
2018,11,11,2,37,臺中市,梧棲區,0,0,,8,,,50,,,,,,,,,,,,,,,,,,,,B12,,,1,,2,,,12,,1,10,,B12,24.253225,120.529827,3
2018,11,11,3,11,臺中市,南屯區,0,0,,8,,,50,,,,,,,,,,,,,,,,,,,,B03,,,1,,2,,,26,,1,21,,B03,24.146237,120.634295,3
2018,11,11,3,30,臺中市,大肚區,0,1,0,8,3,5,50,11,9,1,5,4,5,7,4,4,5,4,5,1,11,26,2,8,1,1,C03,7,5,2,18,2,11,  ,26,26,1,22,8,C03,24.16029,120.572293,2
2018,11,11,4,29,臺中市,西屯區,0,0,0,8,,,50,,,,,,,,,,,,,,,23,  ,  ,  ,  ,B03,  ,  ,1,  ,2,  ,  ,23,23,1,5,  ,B03,24.168111,120.641246,3
2018,11,11,4,43,臺中市,太平區,0,0,,8,,,40,,,,,,,,,,,,,,,,,,,,B03,,,1,,2,,,23,,2,5,,B03,24.147949,120.70134,3
2018,11,11,5,12,臺中市,北屯區,0,1,0,8,3,5,50,14,7,1,5,4,5,7,4,4,5,4,4,2,13,23,2,1,1,1,C03,7,9,1,10,7,11,  ,23,23,1,5,9,C03,24.18893,120.670655,2
2018,11,11,6,16,臺中市,西屯區,0,1,0,8,2,5,40,4,2,1,5,4,5,7,1,1,4,1,4,1,13,23,2,9,1,2,C03,7,9,1,10,2,11,  ,23,23,2,22,9,C03,24.193543,120.648723,2
2018,11,11,6,50,臺中市,大甲區,0,2,0,8,1,5,50,3,1,1,5,4,5,7,4,4,10,5,5,2,16,6,2,8,2,1,C03,7,5,3,18,2,11,  ,6,6,1,9,8,C03,24.341797,120.632703,2
2018,11,11,7,3,臺中市,龍井區,0,1,0,8,1,5,40,14,8,1,5,4,5,7,4,4,1,4,1,2,9,60,3,10,4,5,H03,8,20,8,20,10,16,  ,60,60,1,20,8,H03,24.191273,120.572532,2
2018,11,11,7,12,臺中市,北區,0,0,,8,,,40,,,,,,,,,,,,,,,,,,,,B03,,,1,,2,,,23,,1,22,,B03,24.15923,120.670079,3
2018,11,11,7,14,臺中市,烏日區,0,1,0,8,2,5,50,4,1,1,5,4,5,7,4,4,1,5,5,2,15,6,2,4,1,1,B03,7,9,1,8,2,2,  ,6,6,1,22,8,B03,24.159231,120.681223,2
2018,11,11,7,30,臺中市,烏日區,0,1,0,8,1,5,30,11,9,1,5,4,5,7,4,4,5,4,5,1,10,4,3,10,1,1,B03,7,9,1,8,2,1,  ,4,4,1,21,8,B03,24.110984,120.618563,2
2018,11,11,7,40,臺中市,大里區,0,1,0,8,1,5,40,4,1,1,5,4,5,7,1,1,10,5,5,1,15,25,2,9,1,1,F03,7,9,8,20,2,16,  ,25,25,1,21,8,F03,24.097513,120.702348,2
2018,11,11,7,44,臺中市,龍井區,0,2,0,8,1,5,50,4,1,1,5,4,5,7,4,4,10,5,5,2,15,6,2,9,1,1,C03,7,9,1,10,2,11,  ,6,6,1,9,1,C03,24.128457,120.524867,2
2018,11,11,7,45,臺中市,北屯區,0,1,0,8,1,5,50,4,1,1,5,4,5,7,4,4,10,5,5,2,15,6,3,10,1,1,B03,7,9,1,8,2,2,  ,6,6,1,21,8,B03,24.168041,120.715674,2
2018,11,11,7,45,臺中市,霧峰區,0,2,0,8,1,5,40,11,9,1,5,4,5,7,4,4,10,5,5,2,10,5,2,9,1,1,C03,7,9,1,10,2,14,  ,5,5,1,22,8,C03,24.060614,120.705807,2
2018,11,11,7,48,臺中市,西屯區,0,1,0,8,1,5,50,4,1,1,5,4,5,7,1,1,1,3,4,2,16,25,3,10,1,1,B03,7,5,1,8,2,1,  ,25,25,1,21,8,B03,24.157375,120.642133,2
2018,11,11,7,49,臺中市,北區,0,0,,,,,,,,,,,,,,,,,,,,,,,,,B02,,,1,,2,,,23,,1,20,,B02,24.163181,120.678485,3
2018,11,11,8,4,臺中市,霧峰區,0,1,0,8,1,5,70,3,2,1,5,4,5,7,1,1,10,5,5,2,13,23,2,8,1,1,C03,7,1,1,10,2,11,  ,23,23,1,21,1,C03,24.073405,120.699641,2
2018,11,11,8,10,臺中市,南屯區,0,0,,8,,,40,,,,,,,,,,,,,,,,,,,,B12,,,1,,10,,,38,,1,21,,B12,24.140538,120.638678,3
2018,11,11,8,19,臺中市,清水區,0,0,,8,,,40,,,,,,,,,,,,,,,,,,,,B03,,,1,,2,,,12,,1,21,,B03,24.274376,120.572525,3
2018,11,11,8,30,臺中市,大雅區,0,2,0,8,1,5,50,4,1,1,5,4,5,7,3,1,9,4,5,1,12,44,2,9,1,1,C03,7,9,1,10,2,11,  ,23,44,1,12,9,C03,24.24629,120.65173,2
2018,11,11,8,32,臺中市,大甲區,0,0,,,,,,,,,,,,,,,,,,,,,,,,,B03,,,1,,2,,,16,,1,  ,,B03,,,3
2018,11,11,8,58,臺中市,烏日區,0,0,,8,1,5,50,3,1,1,5,4,5,7,1,1,1,2,1,2,16,,,,,,B03,,,1,,2,,,26,,1,  ,,B03,24.113846,120.619021,3
2018,11,11,9,0,臺中市,潭子區,0,0,,8,1,5,50,4,2,1,5,4,5,7,1,1,5,4,4,2,12,,,,,,B03,,,1,,2,,,19,,  ,22,,B03,24.211584,120.703802,3
2018,11,11,9,40,臺中市,南屯區,0,0,,8,,,50,,,,,,,,,,,,,,,,,,,,B03,,,1,,2,,,6,,1,22,,B03,24.131482,120.638557,3
2018,11,11,9,40,臺中市,后里區,0,0,,8,,,60,,,,,,,,,,,,,,,,,,,,E03,,,1,,2,,,16,,1,21,,E03,24.311022,120.723069,3
2018,11,11,9,46,臺中市,大里區,0,2,0,8,1,5,50,14,9,1,5,4,5,7,4,4,9,5,5,1,9,23,2,9,1,1,C03,7,9,1,10,2,15,  ,23,23,1,21,8,C03,24.116463,120.677376,2
2018,11,11,9,50,臺中市,大甲區,0,1,0,8,1,5,70,11,11,1,5,4,5,7,4,4,1,4,4,1,17,42,3,10,1,1,B03,7,14,1,8,2,2,  ,42,42,1,9,8,B03,24.403525,120.641431,2
2018,11,11,9,55,臺中市,新社區,0,1,0,8,1,5,40,14,9,1,5,4,5,7,4,4,5,5,5,1,17,26,2,9,1,1,C03,7,9,1,10,2,11,  ,26,26,1,9,8,C03,24.154993,120.872255,2
2018,11,11,9,57,臺中市,霧峰區,0,0,,8,,,50,,,,,,,,,,,,,,,,,,,,B03,,,1,,2,,,19,,1,20,,B03,24.061753,120.698446,3
2018,11,11,10,6,臺中市,霧峰區,0,0,,8,,,50,,,,,,,,,,,,,,,,,,,,B03,,,1,,2,,,23,,1,22,,B03,24.044773,120.69263,3
2018,11,11,10,6,臺中市,大雅區,0,0,,8,,,50,,,,,,,,,,,,,,,,,,,,B03,,,1,,2,,,23,,1,22,,B03,24.22274,120.64651,3
2018,11,11,10,14,臺中市,東勢區,0,0,0,8,,,50,,,,,,,,,,,,,,,23,  ,  ,  ,  ,B03,  ,  ,1,  ,2,  ,  ,23,23,1,  ,  ,B03,24.285585,120.793601,3
2018,11,11,10,15,臺中市,北區,0,0,,8,,,40,,,,,,,,,,,,,,,,,,,,B03,,,1,,2,,,23,,1,22,,B03,24.16299,120.671564,3
2018,11,11,10,20,臺中市,北屯區,0,1,0,8,1,5,50,4,1,1,5,4,5,7,2,1,10,5,5,2,12,42,2,9,1,1,C03,7,9,1,10,2,11,  ,42,42,1,21,8,C03,24.172264,120.68342,2
2018,11,11,10,24,臺中市,北區,0,1,0,8,1,5,50,4,1,1,5,4,5,7,2,1,8,3,4,2,11,6,3,10,1,1,B03,7,5,1,8,2,6,  ,6,6,1,22,9,B03,24.160367,120.684984,2
2018,11,11,10,40,臺中市,龍井區,0,0,,8,,,70,,,,,,,,,,,,,,,23,,,,,B03,,,1,,2,,,44,23,1,19,,B03,24.185749,120.58674,3