年,月,日,時,分,縣市,區,死,受傷,2-30,天候,光線,道路類別,速限,道路型態,事故位置,路面鋪裝,路面狀態,路面缺陷,障礙物,視距,號誌種類,號誌動作,分向設施,快車道或一般車道間,快慢車道間,路面邊線,事故類型及型態,主要肇因,受傷程度,主要傷處,保護裝備,行動電話,當事者區分_類別,車輛用途,當事者行動狀態,駕駛資格情形,駕駛執照種類,飲酒情形,車輛撞擊部位最初,車輛撞擊部位其他,肇事因素個別,肇事因素主要,肇事逃逸,職業,旅次目的,車種,GPS座標_緯度,GPS座標_經度,事故類別
2018,11,11,10,40,臺中市,大甲區,0,1,0,8,1,5,50,4,1,1,5,4,5,7,4,4,10,5,5,2,15,6,3,10,1,1,B03,7,9,1,8,2,5,  ,6,6,1,4,8,B03,24.344878,120.628673,2
2018,11,11,10,41,臺中市,西屯區,0,1,0,8,1,5,50,4,1,1,5,4,5,7,2,1,10,5,5,2,12,23,2,9,3,4,C03,7,6,1,10,2,14,  ,23,23,1,22,8,C03,24.176318,120.6345,2
2018,11,11,10,50,臺中市,東勢區,0,1,0,8,1,5,50,14,9,1,5,4,5,7,4,4,4,5,5,1,16,8,3,10,1,1,B03,7,5,1,8,2,1,  ,8,8,1,22,9,B03,24.261493,120.824135,2
2018,11,11,10,55,臺中市,南屯區,0,1,0,8,1,5,40,14,8,1,5,4,5,7,4,4,1,4,4,2,17,23,2,9,1,1,C03,7,9,1,10,4,12,  ,23,23,1,21,8,C03,24.14396,120.64055,2
2018,11,11,11,12,臺中市,神岡區,0,3,0,8,1,5,50,4,1,1,5,4,5,7,1,1,10,5,5,2,16,8,2,9,1,1,C03,7,9,1,10,2,11,  ,23,8,1,22,9,C03,24.24354,120.682706,2
2018,11,11,11,14,臺中市,北區,0,0,,8,,,50,,,,,,,,,,,,,,,,,,,,B03,,,1,,2,,,26,,1,  ,,B03,24.153366,120.682583,3
2018,11,11,11,20,臺中市,龍井區,0,1,0,8,1,5,40,4,1,1,5,4,5,7,4,4,10,5,5,2,16,6,2,9,4,5,F03,7,9,8,20,2,16,  ,6,6,1,9,9,F03,24.180696,120.544243,2
2018,11,11,11,20,臺中市,大甲區,0,1,0,8,1,5,50,4,1,1,5,4,5,7,4,4,10,5,5,2,15,6,2,8,1,1,C03,7,9,1,10,2,12,  ,6,6,1,20,8,C03,24.367621,120.618668,2
2018,11,11,11,25,臺中市,西屯區,0,0,0,8,,,50,,,,,,,,,,,,,,,9,  ,  ,  ,  ,B03,  ,  ,1,  ,2,  ,  ,9,9,1,  ,  ,B03,24.163891,120.646231,3
2018,11,11,11,26,臺中市,西屯區,0,0,0,8,,,50,,,,,,,,,,,,,,,23,  ,  ,  ,  ,C03,  ,  ,1,  ,2,  ,  ,23,23,1,22,  ,C03,24.200805,120.658195,3
2018,11,11,11,30,臺中市,大里區,0,0,,8,,,50,,,,,,,,,,,,,,,,,,,,B03,,,1,,2,,,23,,1,22,,B03,24.116018,120.689631,3
2018,11,11,11,35,臺中市,梧棲區,0,2,0,8,1,5,40,4,2,1,5,4,5,7,4,4,10,5,5,2,16,26,2,9,1,1,C03,7,5,1,10,2,11,  ,26,26,1,9,8,C03,24.24218,120.558154,2
2018,11,11,11,47,臺中市,南屯區,0,0,,8,,,50,,,,,,,,,,,,,,,,,,,,B03,,,1,,2,,,23,,1,22,,B03,24.140581,120.638526,3
2018,11,11,11,49,臺中市,西屯區,0,1,0,8,1,5,40,3,1,1,5,4,5,7,3,1,8,3,5,2,18,42,2,8,1,1,C03,7,9,1,10,2,14,  ,42,42,1,21,8,C03,24.198616,120.652603,2
2018,11,11,12,5,臺中市,清水區,0,0,,,,,50,,,,,,,,,,,,,,,,,,,,B12,,,1,,2,,,23,,1,5,,B12,24.268556,120.565921,3
2018,11,11,12,10,臺中市,烏日區,0,1,0,8,1,5,50,14,13,1,5,4,3,5,4,4,1,4,5,1,17,42,2,9,3,4,C03,7,9,1,10,2,11,  ,42,42,1,21,8,C03,24.108673,120.641046,2
2018,11,11,12,33,臺中市,太平區,0,1,0,8,1,5,50,3,1,1,5,4,5,7,3,1,5,5,5,1,12,26,2,7,1,1,C03,7,9,3,18,2,14,  ,26,26,1,6,5,C03,24.138926,120.732153,2
2018,11,11,12,36,臺中市,北屯區,0,0,0,8,1,5,50,4,2,1,5,4,5,7,2,1,4,3,5,2,11,23,3,10,1,1,B03,7,5,1,8,2,4,  ,23,23,1,21,8,B03,24.178481,120.671076,3
2018,11,11,12,37,臺中市,清水區,0,0,,8,,,50,,,,,,,,,,,,,,,,,,,,   ,,,8,,10,,,67,,  ,  ,,   ,24.268976,120.578535,3
2018,11,11,12,41,臺中市,南區,0,0,,8,1,5,40,4,2,1,5,4,5,7,2,1,5,2,4,2,16,,,,,,B03,,,1,,2,,,23,,1,5,,B03,24.119049,120.671776,3
2018,11,11,12,50,臺中市,大里區,0,1,0,8,1,5,50,3,2,1,5,4,5,7,4,4,5,5,5,2,17,10,2,8,1,1,C03,7,11,2,18,2,12,  ,10,10,1,16,8,C03,24.108682,120.675886,2
2018,11,11,12,50,臺中市,清水區,0,0,0,8,,,50,,,,,,,,,,,,,,,12,  ,  ,  ,  ,B03,  ,  ,1,  ,2,  ,  ,12,12,1,21,  ,B03,24.275243,120.587351,3
2018,11,11,12,58,臺中市,西區,0,1,0,8,1,5,50,14,9,1,5,4,5,7,4,4,1,4,4,2,17,19,3,10,1,1,B03,7,1,1,7,2,7,  ,19,19,1,5,7,B03,24.145385,120.657281,2
2018,11,11,12,59,臺中市,大雅區,0,0,,8,,,50,,,,,,,,,,,,,,,,,,,,B12,,,1,,2,,,16,,1,  ,,B12,24.218141,120.648885,3
2018,11,11,13,0,臺中市,南區,0,0,0,8,1,5,50,3,2,1,5,4,5,7,4,4,5,5,5,2,17,12,3,10,1,1,B03,7,2,1,8,2,5,  ,12,12,1,21,8,B03,24.117304,120.671797,3
2018,11,11,13,20,臺中市,北屯區,0,2,0,8,1,5,50,3,1,1,5,4,5,7,4,4,10,5,5,2,16,6,2,9,1,1,C03,7,5,1,10,2,12,  ,6,6,1,21,8,C03,24.173061,120.687451,2
2018,11,11,13,30,臺中市,霧峰區,0,0,,8,,,40,,,,,,,,,,,,,,,,,,,,   ,,,7,,11,,,43,,1,  ,,   ,24.070076,120.704268,3
2018,11,11,13,30,臺中市,沙鹿區,0,2,0,8,1,5,40,11,9,1,5,4,5,7,4,4,10,5,5,2,10,5,2,8,1,1,C03,7,9,1,10,2,11,  ,5,5,1,5,5,C03,24.240059,120.574373,2
2018,11,11,13,30,臺中市,大雅區,0,0,,8,,,40,,,,,,,,,,,,,,,,,,,,B03,,,1,,2,,,12,,1,22,,B03,24.2182,120.65244,3
2018,11,11,13,41,臺中市,西屯區,0,0,0,8,1,5,40,,,,,,,,,,,,,,,12,  ,  ,  ,  ,B03,  ,  ,1,  ,2,3,  ,12,12,1,21,  ,B03,24.17152,120.641243,3
2018,11,11,13,47,臺中市,梧棲區,0,2,0,8,1,5,40,14,8,1,5,4,5,7,4,4,1,4,3,1,13,16,2,8,1,1,C03,7,9,1,10,2,12,  ,16,16,1,9,8,C03,24.245498,120.549064,2
2018,11,11,13,49,臺中市,東勢區,0,0,0,8,,,50,,,,,,,,,,,,,,,23,  ,  ,  ,  ,B03,  ,  ,1,  ,2,  ,  ,23,23,1,22,  ,B03,24.24484,120.837071,3
2018,11,11,13,49,臺中市,新社區,0,1,0,8,1,5,40,14,9,1,5,4,5,7,4,4,5,5,5,1,18,23,2,9,1,1,C03,7,9,1,10,2,14,  ,23,23,1,9,8,C03,24.132373,120.875165,2
2018,11,11,13,50,臺中市,大甲區,0,0,,8,,,50,,,,,,,,,,,,,,,,,,,,B03,,,1,,2,,,41,,1,4,,B03,24.362773,120.639053,3
2018,11,11,14,14,臺中市,西屯區,0,0,0,8,,,50,,,,,,,,,,,,,,,26,  ,  ,  ,  ,B01,  ,  ,1,  ,2,  ,  ,26,26,1,22,  ,B01,24.165247,120.643281,3
2018,11,11,14,17,臺中市,北區,0,2,0,8,3,5,50,3,7,1,5,4,5,7,4,4,9,4,4,2,16,10,3,10,1,1,B03,7,11,1,8,2,7,  ,10,10,1,21,8,B03,24.151482,120.681841,2
2018,11,11,14,20,臺中市,南屯區,0,0,0,8,,,40,,,,,,,,4,,,,,,,23,3,  ,  ,  ,B03,  ,  ,1,  ,2,  ,  ,23,23,1,21,  ,B03,24.15212,120.623992,3
2018,11,11,14,20,臺中市,烏日區,0,0,,8,,,50,,,,,,,,,,,,,,,,,,,,B03,,,1,,2,,,17,,1,22,,B03,24.107076,120.603456,3
2018,11,11,14,33,臺中市,東區,,,,,,,,,,,,,,,,,,,,,,,,,,,B03,,,1,,2,,,26,,1,5,,B03,24.130261,120.693041,3
2018,11,11,14,34,臺中市,南屯區,0,3,0,8,1,5,50,14,7,1,5,4,5,7,4,4,5,5,4,2,16,26,2,9,1,4,C03,7,5,1,10,2,14,  ,26,26,1,22,9,C03,24.13395,120.61028,2
2018,11,11,14,38,臺中市,大里區,0,1,0,8,1,5,40,3,1,1,5,4,5,7,3,1,10,5,5,2,16,6,3,10,1,1,B03,7,5,1,8,2,1,  ,6,6,1,21,8,B03,24.117121,120.684315,2
2018,11,11,14,50,臺中市,潭子區,0,2,0,8,1,5,50,4,2,1,5,4,5,7,1,1,5,4,4,1,11,23,2,7,1,1,C03,7,9,1,10,2,11,  ,23,23,1,22,9,C03,24.207323,120.701679,2
2018,11,11,14,51,臺中市,潭子區,0,1,0,8,1,5,50,3,2,1,5,4,5,7,1,1,5,4,4,1,12,7,2,9,1,1,C03,7,7,1,10,2,11,  ,7,7,1,22,8,C03,24.211122,120.707638,2
2018,11,11,15,0,臺中市,大雅區,0,1,0,8,1,5,40,14,8,1,5,4,5,7,2,1,3,4,4,1,12,23,2,9,1,1,C03,7,9,1,10,2,11,  ,23,23,1,22,9,C03,24.227184,120.644259,2
2018,11,11,15,4,臺中市,大肚區,0,2,0,8,1,5,50,14,9,1,5,4,5,7,4,4,5,5,5,1,17,11,2,8,1,4,C03,7,11,1,10,2,14,  ,11,11,1,19,8,C03,24.164386,120.576803,2
2018,11,11,15,12,臺中市,南區,0,0,0,8,1,5,50,14,9,1,5,4,5,7,4,4,10,5,5,2,17,23,3,10,1,1,B12,7,9,1,18,11,2,  ,23,23,1,22,8,B12,24.128285,120.681158,3
2018,11,11,15,15,臺中市,北區,0,1,0,8,1,5,50,14,8,1,5,4,5,7,4,4,1,4,4,2,16,6,3,10,1,1,B02,7,6,1,8,2,2,  ,6,6,1,18,8,B02,24.145814,120.682603,2
2018,11,11,15,25,臺中市,西區,0,1,0,8,1,5,50,14,9,1,5,4,5,7,4,4,9,5,5,2,17,40,3,10,1,1,B03,7,13,1,8,2,4,  ,40,40,1,21,8,B03,24.144301,120.665033,2
2018,11,11,15,40,臺中市,龍井區,0,1,0,8,1,5,50,4,1,1,5,4,5,7,1,1,10,5,5,2,16,6,3,10,3,4,B03,7,5,1,8,2,6,  ,6,6,1,9,9,B03,24.210686,120.524393,2
2018,11,11,15,47,臺中市,西屯區,0,0,,8,,,50,,,,,,,,,,,,,,,,,,,,B03,,,1,,2,,,19,,1,21,,B03,24.164028,120.640197,3
2018,11,11,15,52,臺中市,南區,0,1,0,8,1,5,50,4,1,1,5,4,5,7,2,1,10,5,5,2,16,6,3,10,1,1,B03,7,6,1,8,2,5,  ,6,6,1,5,8,B03,24.132139,120.661651,2
2018,11,11,15,53,臺中市,西屯區,0,0,,8,,,50,,,,,,,,,,,,,,,,,,,,B03,,,1,,2,,,16,,1,  ,,B03,24.200906,120.656782,3
2018,11,11,16,0,臺中市,西區,0,1,0,8,1,5,50,4,1,1,5,4,5,7,2,1,10,5,5,2,17,6,3,10,1,1,B03,7,6,1,8,2,5,  ,6,6,1,5,7,B03,24.147899,120.665234,2
2018,11,11,16,4,臺中市,西屯區,0,0,,8,,,50,,,,,,,,,,,,,,,,,,,,B12,,,1,,2,,,7,,1,21,,B12,24.160511,120.648341,3
2018,11,11,16,13,臺中市,北區,0,1,0,8,1,5,50,5,1,1,5,4,5,7,2,1,10,5,5,2,16,6,3,10,1,1,B03,7,6,1,8,2,6,  ,6,6,1,22,9,B03,24.15477,120.683961,2
2018,11,11,16,24,臺中市,北區,0,0,,8,1,5,50,,,,,,,,,,,,,,,,,,,,B03,,,1,,2,,,12,,1,5,,B03,24.146988,120.689402,3
2018,11,11,16,40,臺中市,沙鹿區,0,2,0,8,1,5,60,4,1,1,5,4,5,7,1,1,10,5,5,2,16,26,3,10,1,1,B03,7,6,1,8,3,6,  ,26,26,1,5,5,B03,24.242411,120.571471,2
2018,11,11,16,40,臺中市,潭子區,0,1,0,8,1,5,50,3,1,1,5,4,5,7,4,4,1,4,4,1,12,17,3,10,1,1,B03,7,6,1,8,2,6,  ,17,17,1,22,9,B03,24.210674,120.686698,2
2018,11,11,16,45,臺中市,西屯區,0,0,,8,,,50,,,,,,,,,,,,,,,,,,,,B03,,,1,,2,,,23,,1,22,,B03,24.179485,120.622491,3
2018,11,11,17,10,臺中市,東勢區,0,0,,8,,,50,,,,,,,,,,,,,,,,,,,,B12,,,1,,2,,,12,,1,  ,,B12,24.265673,120.836551,3
2018,11,11,17,20,臺中市,南屯區,0,1,0,8,3,5,40,14,8,1,5,4,5,7,4,4,5,2,5,1,17,40,3,10,1,1,B01,7,14,1,4,2,4,  ,40,40,1,21,8,B01,24.126368,120.607419,2
2018,11,11,17,25,臺中市,大里區,0,1,0,8,3,5,50,4,1,1,5,4,5,7,1,1,10,5,5,2,16,6,3,10,1,1,B03,7,5,1,8,2,5,  ,6,6,1,5,8,B03,24.096539,120.698971,2
2018,11,11,17,33,臺中市,后里區,0,0,,8,,,60,,,,,,,,,,,,,,,43,,,,,B03,,,1,,2,,,44,43,1,21,,B03,24.287193,120.72296,3
2018,11,11,17,34,臺中市,南區,0,1,0,8,3,5,50,4,1,1,5,4,5,7,2,1,5,5,5,2,16,6,3,10,1,1,B01,7,5,1,3,2,2,  ,6,6,1,10,5,B01,24.12737,120.662556,2
2018,11,11,17,35,臺中市,西屯區,0,1,0,8,3,5,50,4,2,1,5,4,5,7,2,1,1,4,4,2,16,7,2,8,1,1,C03,7,7,1,10,2,14,  ,7,7,1,18,8,C03,24.174641,120.639566,2
2018,11,11,17,40,臺中市,太平區,0,1,0,8,2,5,50,5,1,1,5,4,5,7,1,1,10,5,5,2,16,42,2,8,4,5,F01,7,5,8,20,2,16,  ,42,42,1,21,8,F01,24.118408,120.72334,2
2018,11,11,17,41,臺中市,沙鹿區,0,0,0,8,,,60,,,,,,,,,,,,,,,2,  ,  ,  ,  ,B03,  ,  ,1,  ,2,  ,  ,2,2,  ,5,  ,B03,24.249995,120.579267,3
2018,11,11,17,52,臺中市,沙鹿區,0,0,,8,,,50,,,,,,,,,,,,,,,,,,,,B03,,,1,,2,,,18,,1,20,,B03,24.227321,120.567525,3
2018,11,11,17,53,臺中市,西屯區,0,0,,8,,,40,,,,,,,,,,,,,,,,,,,,C03,,,1,,2,,,23,,1,  ,,C03,24.164822,120.645149,3
2018,11,11,18,3,臺中市,西區,0,0,0,8,,,50,,,,,,,,,,,,,,,23,3,  ,  ,  ,B03,  ,  ,1,  ,2,  ,  ,23,23,1,21,  ,B03,24.135745,120.68226,3
2018,11,11,18,14,臺中市,沙鹿區,0,3,0,8,3,5,40,4,1,1,5,4,5,7,1,1,10,5,5,2,16,8,2,7,1,1,C03,7,5,1,10,2,14,  ,8,8,1,19,8,C03,24.221244,120.578682,2
2018,11,11,18,22,臺中市,西屯區,0,1,0,7,3,5,50,14,9,1,5,4,5,7,4,4,9,4,4,2,17,23,2,9,1,1,C03,7,9,1,10,2,11,  ,23,23,1,21,8,C03,24.175489,120.622824,2
2018,11,11,18,26,臺中市,大雅區,0,0,,8,,,50,,,,,,,,,,,,,,,,,,,,B03,,,1,,2,,,7,,1,22,,B03,24.210137,120.650648,3
2018,11,11,18,35,臺中市,烏日區,0,1,0,8,3,5,50,3,1,1,5,4,5,7,1,1,10,5,5,2,16,6,3,10,3,4,B03,7,5,1,8,2,7,  ,6,6,1,21,8,B03,24.106093,120.641671,2
2018,11,11,18,54,臺中市,梧棲區,0,1,0,8,3,5,50,11,9,1,5,4,5,7,4,4,5,5,5,1,18,43,2,9,3,4,C03,7,6,2,18,2,12,  ,43,43,1,20,9,C03,24.227223,120.548199,2
2018,11,11,18,55,臺中市,太平區,0,1,0,8,3,5,50,14,9,1,5,4,5,7,4,4,10,5,5,2,3,23,3,10,1,1,B03,7,9,1,8,2,8,  ,23,23,1,4,5,B03,24.149865,120.726437,2
2018,11,11,19,3,臺中市,南屯區,0,0,,8,,,50,,,,,,,,,,,,,,,,,,,,B03,,,1,,2,,,23,,1,4,,B03,24.146089,120.636257,3
2018,11,11,19,4,臺中市,南屯區,0,0,,8,,,50,,,,,,,,,,,,,,,,,,,,B03,,,1,,2,,,26,,1,5,,B03,24.157236,120.650831,4
2018,11,11,19,6,臺中市,大甲區,0,0,,8,,,50,,,,,,,,,,,,,,,,,,,,B03,,,1,,2,,,23,,1,21,,B03,24.353484,120.62975,3
2018,11,11,19,12,臺中市,沙鹿區,0,0,,8,,,60,,,,,,,,,,,,,,,,,,,,B03,,,1,,2,,,42,,1,21,,B03,24.249995,120.589467,3
2018,11,11,19,15,臺中市,大甲區,0,0,0,8,4,5,50,14,1,1,5,4,5,7,1,1,4,3,5,1,15,6,3,10,1,1,B03,7,5,1,8,2,5,  ,6,6,1,22,1,B03,24.391865,120.654907,3
2018,11,11,19,16,臺中市,沙鹿區,0,2,0,8,3,5,50,4,1,1,5,4,5,7,2,1,1,4,4,1,16,8,2,9,1,1,C03,7,5,1,10,2,11,  ,8,8,1,18,8,C03,24.243505,120.561566,2
2018,11,11,19,20,臺中市,梧棲區,0,1,0,8,3,5,40,4,1,1,5,4,5,7,4,4,10,5,5,2,16,8,2,9,4,5,F02,7,5,8,20,2,16,  ,8,8,1,11,5,F02,24.252097,120.527996,2
2018,11,11,19,23,臺中市,西屯區,0,1,0,8,1,5,40,4,2,1,5,4,5,7,4,4,5,4,4,2,16,19,3,10,1,1,C03,7,1,1,10,2,14,  ,19,19,1,22,8,C03,24.176911,120.645173,2
2018,11,11,19,26,臺中市,沙鹿區,0,1,0,8,3,5,50,5,1,1,5,4,5,7,4,4,10,5,5,2,16,6,2,8,1,1,C03,7,5,2,18,2,12,  ,6,6,1,5,5,C03,24.216646,120.568467,2
2018,11,11,19,30,臺中市,北區,0,3,0,8,3,5,50,4,1,1,5,4,5,7,1,1,10,5,5,2,12,7,2,9,3,4,C03,7,8,1,10,2,15,  ,7,7,1,5,8,C03,24.156242,120.690199,2
2018,11,11,19,35,臺中市,西屯區,0,0,,8,,,50,,,,,,,,,,,,,,,,,,,,B03,,,1,,2,,,12,,1,21,,B03,24.164794,120.651153,3
2018,11,11,19,36,臺中市,北屯區,0,0,0,8,3,5,50,3,1,1,5,3,5,7,4,4,4,3,5,2,16,6,3,10,1,1,B03,7,5,1,8,2,5,  ,6,6,1,21,8,B03,24.164081,120.722434,3
2018,11,11,19,50,臺中市,大雅區,0,0,,8,,,50,,,,,,,,,,,,,,,,,,,,C03,,,1,,2,,,1,,1,22,,C03,24.22785,120.651589,3
2018,11,11,20,0,臺中市,南屯區,0,0,0,8,,,40,,,,,,,,,,,,,,,,3,  ,  ,  ,B03,  ,  ,1,  ,2,  ,  ,7,  ,1,22,  ,B03,24.120547,120.619415,3
2018,11,11,20,0,臺中市,西屯區,0,0,,8,,,50,,,,,,,,,,,,,,,,,,,,B03,,,1,,2,,,17,,1,22,,B03,24.199139,120.654929,3
2018,11,11,20,10,臺中市,北屯區,0,0,,8,,,50,,,,,,,,,,,,,,,,,,,,B03,,,1,,2,,,12,,1,22,,B03,24.177398,120.69323,3
2018,11,11,20,19,臺中市,南屯區,0,0,,8,,,50,,,,,,,,,,,,,,,19,,,,,B03,,,1,,2,,,26,19,1,5,,B03,24.14255,120.648803,3
2018,11,11,20,45,臺中市,大里區,0,0,,8,,,50,,,,,,,,,,,,,,,,,,,,B03,,,1,,2,,,16,,1,21,,B03,24.114871,120.678305,3
2018,11,11,20,59,臺中市,南屯區,0,0,0,8,3,5,50,14,9,1,5,4,5,7,4,4,5,4,5,2,11,21,3,10,1,4,B03,7,9,6,8,8,8,  ,23,21,1,22,8,B03,24.144843,120.64258,3
2018,11,11,21,3,臺中市,大里區,0,0,0,8,3,5,50,3,2,1,5,4,5,7,4,4,10,5,5,2,14,12,3,10,1,1,B03,7,2,1,8,2,3,  ,12,12,1,9,8,B03,24.08906,120.702999,3
2018,11,11,21,12,臺中市,西區,0,1,0,8,3,5,50,4,1,1,5,4,5,7,4,4,10,5,5,2,16,9,3,10,1,1,B03,7,6,1,8,2,5,  ,9,9,1,4,7,B03,24.136555,120.66576,2
2018,11,11,21,16,臺中市,北區,0,1,0,8,3,5,50,14,12,1,5,4,5,7,4,4,5,5,4,2,17,19,3,10,1,4,C03,7,1,1,10,3,11,  ,19,19,1,20,8,C03,24.159171,120.669345,2
2018,11,11,21,18,臺中市,南屯區,0,0,,8,,,50,,,,,,,,,,,,,,,,,,,,B03,,,1,,2,,,23,,1,5,,B03,24.126875,120.646253,4
2018,11,11,21,34,臺中市,北區,,,,8,,,50,,,,,,,,,,,,,,,,,,,,B03,,,1,,2,,,42,,1,  ,,B03,24.163004,120.682785,3
2018,11,11,21,36,臺中市,北屯區,0,0,0,8,,,50,,,,,,,,,,,,,,,10,  ,  ,  ,  ,B03,  ,  ,1,8,2,  ,  ,10,10,1,21,  ,B03,24.188318,120.686254,3
2018,11,11,21,40,臺中市,后里區,0,1,0,8,1,5,50,4,1,1,5,4,5,7,1,1,10,5,5,2,16,25,2,9,3,4,C03,7,9,3,18,2,11,  ,25,25,1,21,8,C03,24.312075,120.709863,2
2018,11,11,21,41,臺中市,霧峰區,0,1,0,8,3,5,40,14,9,1,5,4,5,7,4,4,10,5,5,1,18,42,2,9,1,1,C03,7,9,1,10,2,11,  ,42,42,1,4,5,C03,24.026445,120.69146,2
2018,11,11,21,44,臺中市,西區,0,1,0,8,3,5,50,4,1,1,5,4,5,7,1,1,10,5,5,2,15,25,2,7,1,1,C03,7,9,1,10,2,14,  ,25,25,1,21,8,C03,24.139278,120.664162,2
2018,11,11,21,44,臺中市,西區,0,2,0,8,3,5,50,14,8,1,5,4,5,7,4,4,5,2,4,2,3,23,2,9,1,1,C03,7,9,1,10,2,11,  ,23,23,1,2,7,C03,24.150117,120.665322,2
2018,11,11,21,50,臺中市,西屯區,0,1,0,8,3,5,50,14,9,1,5,4,5,7,4,4,9,4,4,2,17,23,2,9,1,1,C03,7,9,1,10,2,11,  ,23,23,1,21,8,C03,24.178026,120.642731,2
2018,11,11,22,25,臺中市,北區,0,2,0,8,3,5,50,4,1,1,5,4,4,6,4,4,10,5,5,2,15,6,3,10,1,1,B03,7,9,1,8,2,1,  ,6,6,1,22,9,B03,24.151592,120.673635,2
2018,11,11,22,40,臺中市,西屯區,0,1,0,8,1,5,40,14,8,1,5,4,5,7,4,4,5,4,4,2,12,43,3,10,1,1,B03,7,21,1,8,2,4,  ,43,43,1,22,8,B03,24.17509,120.639395,2
2018,11,11,23,12,臺中市,南區,0,1,0,8,3,5,50,14,7,1,5,4,5,7,4,4,1,2,4,2,13,23,2,1,1,1,B03,7,9,1,8,2,5,  ,23,23,1,4,8,B03,24.127926,120.667572,2
2018,11,11,23,40,臺中市,大里區,0,1,0,8,3,5,40,3,2,1,5,4,5,7,4,4,10,5,5,2,17,21,2,9,4,5,F03,7,5,8,20,6,16,  ,21,21,1,12,8,F03,24.071708,120.685905,2
2018,11,11,23,54,臺中市,西屯區,0,1,0,8,3,5,50,4,1,1,5,4,5,7,2,1,10,5,5,2,16,6,3,10,1,1,B01,7,5,1,8,2,5,  ,6,6,1,10,8,B01,24.166583,120.638001,2
2018,11,12,0,8,臺中市,南區,0,2,0,8,3,5,50,4,1,1,4,4,5,7,1,1,10,5,5,2,16,7,2,9,1,1,C03,7,8,1,10,2,13,  ,7,7,1,5,5,C03,24.133733,120.657408,2
2018,11,12,1,20,臺中市,西屯區,0,1,0,8,1,5,50,4,1,1,5,4,5,7,1,1,10,5,5,2,16,8,2,9,1,1,C03,7,5,1,10,9,14,  ,8,8,1,21,8,C03,24.172732,120.637969,2
2018,11,12,3,20,臺中市,大里區,0,0,,8,,,0,,,,,,,,,,,,,,,,,,,,B03,,,1,,11,,,12,,2,22,,B03,24.11497,120.676156,3
2018,11,12,5,5,臺中市,西屯區,0,0,0,8,,,50,,,,,,,,,,,,,,,6,  ,  ,  ,  ,B03,  ,  ,1,  ,2,  ,  ,6,6,1,  ,  ,B03,24.19203,120.611228,3
2018,11,12,5,6,臺中市,北區,0,1,0,8,3,5,50,4,1,1,5,4,5,7,1,1,10,5,5,2,15,25,3,10,3,4,B03,7,9,3,18,2,2,2,25,25,2,22,9,B03,24.14701,120.674861,2
2018,11,12,5,51,臺中市,沙鹿區,0,1,0,8,2,5,50,4,1,1,5,4,5,7,4,4,10,5,5,2,15,6,2,9,1,1,C03,7,9,1,10,2,11,  ,6,6,1,20,9,C03,24.242233,120.566133,2
2018,11,12,6,2,臺中市,南區,0,2,0,8,1,5,50,4,1,1,5,4,5,7,1,1,10,5,5,2,15,25,2,1,1,1,C04,7,9,1,8,2,12,  ,25,25,1,4,8,C04,24.114794,120.669981,2
2018,11,12,7,12,臺中市,烏日區,0,1,0,8,1,5,40,3,1,1,5,4,5,7,4,4,10,5,5,2,16,26,2,5,1,1,C03,7,9,4,11,2,11,12,26,26,1,20,8,C03,24.1115,120.642885,2
2018,11,12,7,19,臺中市,豐原區,0,2,0,8,1,5,50,5,2,1,5,4,5,7,1,1,10,5,5,2,13,21,2,8,3,4,B03,7,9,3,18,5,15,  ,21,21,2,5,8,B03,24.242944,120.706114,2
2018,11,12,7,20,臺中市,大里區,0,0,,8,,,40,,,,,,,,,,,,,,,,,,,,C03,,,1,,2,,,6,,1,22,,C03,24.095285,120.703438,3
2018,11,12,7,21,臺中市,西屯區,0,1,0,8,1,5,50,3,1,1,5,4,5,7,4,4,10,5,5,2,16,19,2,8,1,1,C03,7,1,1,10,2,11,  ,19,19,1,22,8,C03,24.170175,120.659568,2
2018,11,12,7,24,臺中市,大肚區,0,1,0,8,1,5,40,14,9,1,5,4,5,7,4,4,10,5,5,2,12,43,2,9,1,1,C03,7,9,1,10,2,14,  ,43,43,1,12,1,C03,24.151346,120.542598,2
2018,11,12,7,25,臺中市,西屯區,0,1,0,8,1,5,50,4,1,1,5,4,5,7,1,1,4,3,4,2,18,23,2,9,1,1,C03,7,9,1,10,2,12,  ,23,23,1,21,8,C03,24.175835,120.655231,2
2018,11,12,7,25,臺中市,霧峰區,0,1,0,8,1,5,50,4,2,1,5,4,5,7,4,4,5,5,5,1,12,26,2,9,1,1,C03,7,6,1,10,2,14,  ,26,26,1,22,7,C03,24.073553,120.715036,2
2018,11,12,7,25,臺中市,大里區,0,0,0,8,,,50,,,,,,,,,,,,,,,23,3,10,  ,1,B03,7,6,1,8,2,6,  ,23,23,1,  ,8,B03,24.112228,120.691652,3
2018,11,12,7,26,臺中市,北屯區,0,0,0,8,,,50,,,,,,,,,,,,,,,23,3,  ,  ,  ,B03,  ,  ,1,  ,2,  ,  ,23,23,  ,21,  ,B03,24.172994,120.678577,3