年,月,日,時,分,縣市,區,死,受傷,2-30,天候,光線,道路類別,速限,道路型態,事故位置,路面鋪裝,路面狀態,路面缺陷,障礙物,視距,號誌種類,號誌動作,分向設施,快車道或一般車道間,快慢車道間,路面邊線,事故類型及型態,主要肇因,受傷程度,主要傷處,保護裝備,行動電話,當事者區分_類別,車輛用途,當事者行動狀態,駕駛資格情形,駕駛執照種類,飲酒情形,車輛撞擊部位最初,車輛撞擊部位其他,肇事因素個別,肇事因素主要,肇事逃逸,職業,旅次目的,車種,GPS座標_緯度,GPS座標_經度,事故類別
2018,11,12,7,26,臺中市,清水區,0,0,0,8,,,50,,,,,,,,,,,,,,,23,  ,  ,  ,  ,B03,  ,  ,1,  ,2,  ,  ,23,23,1,21,  ,B03,24.272168,120.558311,3
2018,11,12,7,32,臺中市,沙鹿區,0,0,,8,,,50,,,,,,,,,,,,,,,,,,,,B03,,,1,,2,,,23,,1,  ,,B03,24.24267,120.571066,3
2018,11,12,7,33,臺中市,后里區,0,1,0,8,1,5,40,14,9,1,5,4,5,7,4,4,5,5,5,1,16,10,3,10,1,4,B03,7,11,1,8,2,4,  ,10,10,1,22,8,B03,24.314391,120.6897,2
2018,11,12,7,38,臺中市,南屯區,0,1,0,8,1,5,40,14,8,1,5,4,5,7,4,4,1,4,4,2,17,40,3,10,3,4,B12,7,14,1,8,2,6,  ,40,40,1,22,9,B12,24.151523,120.638134,2
2018,11,12,7,38,臺中市,太平區,0,0,,8,,,50,,,,,,,,,,,,,,,,,,,,B12,,,1,,2,,,19,,1,21,,B12,24.148847,120.718312,3
2018,11,12,7,39,臺中市,西屯區,0,1,0,8,1,5,50,4,1,1,5,4,5,7,1,1,10,5,5,2,13,16,2,9,1,1,C03,7,9,1,10,2,11,  ,16,16,1,21,8,C03,24.17167,120.661,2
2018,11,12,7,40,臺中市,大里區,0,0,0,8,1,3,40,14,7,1,5,4,5,7,4,4,4,3,4,1,14,44,3,10,1,1,B03,7,2,1,8,2,3,  ,44,44,1,22,8,B03,24.109439,120.679205,3
2018,11,12,7,40,臺中市,梧棲區,0,1,0,8,1,5,50,3,1,1,5,4,5,7,4,4,10,5,5,2,16,19,3,10,1,1,B03,7,1,1,8,2,8,  ,19,19,1,3,1,B03,24.252923,120.531658,2
2018,11,12,7,43,臺中市,北區,0,1,0,8,1,5,50,11,9,1,5,4,5,7,4,4,10,5,5,2,12,17,2,9,1,1,C03,7,9,1,10,2,12,  ,17,17,1,21,8,C03,24.16618,120.677286,2
2018,11,12,7,45,臺中市,東區,0,1,0,8,1,5,50,3,1,1,5,4,5,7,4,4,10,5,5,2,14,12,3,10,1,1,B01,7,2,1,4,2,3,  ,12,12,1,22,8,B01,24.146445,120.69252,2
2018,11,12,7,45,臺中市,南屯區,0,1,0,8,1,5,40,4,2,1,5,4,5,7,1,1,1,2,1,2,18,23,2,9,1,1,C03,7,9,1,10,2,12,  ,23,23,1,22,8,C03,24.142609,120.640598,2
2018,11,12,7,47,臺中市,霧峰區,0,0,0,8,1,2,70,3,1,1,5,4,5,7,1,1,9,5,5,2,13,16,3,10,1,1,C03,7,9,1,10,2,11,  ,16,16,1,5,1,C03,24.013135,120.693679,3
2018,11,12,7,47,臺中市,沙鹿區,0,1,0,8,1,5,50,4,1,1,5,4,5,7,1,1,10,5,5,2,16,10,3,10,1,1,B03,7,11,1,8,2,6,  ,10,10,1,7,5,B03,24.234834,120.55883,2
2018,11,12,7,48,臺中市,西屯區,0,1,0,8,1,5,50,4,1,1,5,4,5,7,1,1,10,5,5,2,17,42,2,9,1,1,C03,7,9,1,10,2,11,  ,42,42,1,21,9,C03,24.16966,120.647918,2
2018,11,12,7,50,臺中市,外埔區,0,1,0,8,1,5,50,14,9,1,5,4,5,7,4,4,5,5,5,1,16,6,3,10,3,4,B03,7,5,1,8,2,5,  ,6,6,1,22,8,B03,24.345313,120.687531,2
2018,11,12,7,51,臺中市,西區,0,1,0,8,1,5,40,14,9,1,5,4,5,7,4,4,5,5,5,2,13,23,2,8,1,1,C03,7,9,1,10,2,14,  ,23,23,1,22,8,C03,24.136542,120.656277,2
2018,11,12,7,58,臺中市,東區,0,0,,8,,,50,,,,,,,,,,,,,,,,,,,,B03,,,1,,2,,,23,,1,5,,B03,24.141816,120.71018,3
2018,11,12,8,0,臺中市,北區,,,,8,,,40,,,,,,,,,,,,,,,,,,,,B03,,,1,,2,,,12,,1,22,,B03,24.166268,120.687636,3
2018,11,12,8,3,臺中市,潭子區,0,2,0,8,1,5,50,3,1,1,5,4,5,7,4,4,1,4,4,2,16,19,2,9,1,1,C03,7,1,1,10,2,14,  ,19,19,1,22,8,C03,24.200178,120.70718,2
2018,11,12,8,4,臺中市,北屯區,0,0,,8,,,50,,,,,,,,,,,,,,,,,,,,B03,,,1,,2,,,23,,1,  ,,B03,24.187071,120.676093,3
2018,11,12,8,5,臺中市,南屯區,0,1,0,8,1,5,40,14,8,1,5,4,5,7,4,4,1,4,4,2,12,6,3,10,1,1,B03,7,8,1,8,2,2,  ,6,6,1,22,8,B03,24.153616,120.614153,2
2018,11,12,8,6,臺中市,北屯區,0,0,,8,,,50,,,,,,,,,,,,,,,,,,,,B12,,,1,,2,,,12,,1,  ,,B12,24.174742,120.677492,3
2018,11,12,8,9,臺中市,西區,0,1,0,8,1,5,50,4,1,1,5,4,5,7,4,4,10,5,5,2,15,6,3,10,1,1,B03,7,9,1,8,2,5,  ,6,6,1,4,9,B03,24.152913,120.664475,2
2018,11,12,8,13,臺中市,北區,0,1,0,8,1,5,50,3,2,1,5,4,5,7,1,1,8,3,4,2,17,10,3,10,1,1,B11,7,11,1,8,2,15,  ,10,10,1,4,1,B11,24.158317,120.694426,2
2018,11,12,8,14,臺中市,沙鹿區,0,1,0,8,1,5,50,4,1,1,5,4,5,7,4,4,10,5,5,2,16,23,3,10,1,1,B03,7,5,1,8,2,4,  ,8,23,1,22,9,B03,24.244322,120.571826,2
2018,11,12,8,16,臺中市,東區,0,0,,8,,,50,,,,,,,,,,,,,,,,,,,,B03,,,1,,2,,,22,,1,5,,B03,24.141788,120.710113,3
2018,11,12,8,23,臺中市,北屯區,0,2,0,8,1,5,50,14,9,1,5,4,5,7,2,1,4,3,5,2,12,23,2,9,1,1,C03,7,9,1,10,2,11,12,23,23,1,21,8,C03,24.164976,120.693925,2
2018,11,12,8,27,臺中市,潭子區,0,0,,8,,,80,,,,,,,,,,,,,,,,,,,,B03,,,1,,2,,,23,,1,22,,B03,24.200272,120.714218,3
2018,11,12,8,29,臺中市,烏日區,0,0,0,8,1,5,40,14,8,1,5,4,5,7,4,4,1,4,1,1,13,23,3,10,1,1,C03,7,9,1,10,6,11,  ,23,23,1,9,1,C03,24.080809,120.64821,3
2018,11,12,8,35,臺中市,大甲區,0,0,,8,,,50,,,,,,,,,,,,,,,,,,,,B03,,,1,,2,,,26,,1,5,,B03,24.374515,120.651276,3
2018,11,12,8,36,臺中市,大里區,0,1,0,8,1,5,50,3,1,1,5,4,5,7,4,4,1,4,5,1,12,6,3,10,1,1,B03,7,6,1,8,2,2,  ,6,6,1,22,7,B03,24.103476,120.681366,2
2018,11,12,8,40,臺中市,潭子區,0,2,0,8,1,5,50,14,8,1,5,4,5,7,4,4,5,4,4,2,13,23,2,7,1,1,C03,7,9,1,10,2,14,  ,23,23,1,22,8,C03,24.211589,120.703699,2
2018,11,12,8,43,臺中市,大里區,0,0,,8,,,50,,,,,,,,,,,,,,,,,,,,B12,,,1,,2,,,42,,1,20,,B12,24.098914,120.708586,4
2018,11,12,8,44,臺中市,北區,0,1,0,8,1,8,50,4,2,1,5,4,5,7,1,1,1,4,4,2,16,6,3,10,1,1,B03,7,6,1,8,2,5,  ,6,6,1,21,8,B03,24.157145,120.676567,2
2018,11,12,8,44,臺中市,大里區,0,0,,8,,,40,,,,,,,,,,,,,,,,,,,,A12,,,1,,2,,,12,,1,10,,A12,24.110663,120.70262,4
2018,11,12,8,47,臺中市,西屯區,0,0,,8,,,50,,,,,,,,,,,,,,,,,,,,B12,,,1,,2,,,23,,1,22,,B12,24.17078,120.655853,3
2018,11,12,8,54,臺中市,潭子區,0,2,0,8,1,5,60,4,2,1,5,4,5,7,1,1,1,4,5,1,12,2,2,9,1,1,C03,7,9,1,10,2,12,  ,2,2,1,22,8,C03,24.211621,120.70534,2
2018,11,12,8,55,臺中市,西屯區,0,2,0,8,1,5,40,4,1,1,5,4,5,7,1,1,1,3,4,2,13,16,2,9,1,1,C03,7,9,1,10,2,11,  ,16,16,1,21,8,C03,24.183061,120.593269,2
2018,11,12,9,2,臺中市,神岡區,0,0,,8,,,60,,,,,,,,,,,,,,,,,,,,B03,,,1,,2,,,23,,1,3,,B03,24.247559,120.68955,3
2018,11,12,9,5,臺中市,梧棲區,0,1,0,8,1,5,40,4,1,1,5,4,5,7,4,4,10,5,5,2,15,6,3,10,1,1,B03,7,9,1,8,2,1,  ,6,6,1,1,8,B03,24.249605,120.55054,2
2018,11,12,9,11,臺中市,東區,0,0,,8,,,80,,,,,,,,,,,,,,,,,,,,A12,,,1,,2,,,30,,1,22,,A12,24.12518,120.703377,3
2018,11,12,9,18,臺中市,太平區,0,0,,8,,,40,,,,,,,,,,,,,,,,,,,,B12,,,1,,2,,,12,,1,  ,,B12,24.139802,120.711414,3
2018,11,12,9,35,臺中市,南屯區,0,0,,8,,,40,,,,,,,,,,,,,,,,,,,,B03,,,1,,2,,,12,,1,  ,,B03,24.144999,120.631801,3
2018,11,12,9,40,臺中市,太平區,0,2,0,8,1,5,50,4,1,1,5,4,5,7,1,1,10,5,5,2,16,6,2,9,1,1,C03,7,5,1,10,2,12,  ,6,6,1,20,7,C03,24.129199,120.718517,2
2018,11,12,9,41,臺中市,西屯區,0,0,0,8,,,50,,,,,,,,,,,,,,,16,  ,  ,  ,  ,B03,  ,  ,1,  ,2,  ,  ,16,16,1,  ,  ,B03,24.206767,120.651847,3
2018,11,12,9,44,臺中市,南屯區,0,0,,8,,,40,,,,,,,,,,,,,,,,,,,,A05,,,1,,2,,,25,,1,22,,A05,24.150115,120.623256,3
2018,11,12,9,45,臺中市,大里區,0,1,0,8,1,5,50,4,2,1,5,4,5,7,1,1,10,5,5,2,12,9,3,10,1,1,B03,7,6,1,8,2,6,  ,9,9,1,19,8,B03,24.100646,120.691841,2
2018,11,12,9,46,臺中市,太平區,,,,8,,,50,,,,,,,,,,,,,,,16,,,,,B03,,,1,,2,,,26,16,1,19,,B03,24.133589,120.718688,3
2018,11,12,9,51,臺中市,龍井區,0,0,,8,,,40,,,,,,,,,,,,,,,,,,,,A31,,,1,,2,,,19,,1,10,,A31,24.225444,120.512116,3
2018,11,12,9,54,臺中市,西屯區,0,1,0,8,1,5,40,14,8,1,5,4,5,7,4,4,10,5,3,2,17,23,2,8,1,1,C03,7,9,1,10,2,12,  ,23,23,1,19,8,C03,24.184535,120.61255,2
2018,11,12,9,59,臺中市,北屯區,0,2,0,8,1,5,50,3,1,1,5,4,5,7,3,1,10,5,5,2,13,16,2,9,1,1,C03,7,9,1,10,2,11,  ,16,16,1,21,8,C03,24.200805,120.665336,2
2018,11,12,10,0,臺中市,西屯區,0,0,0,8,1,5,60,4,2,1,5,4,5,7,2,1,1,4,5,2,13,43,3,10,3,4,B03,7,9,1,8,2,1,  ,43,43,1,22,8,B03,24.15938,120.63967,3
2018,11,12,10,9,臺中市,西屯區,0,1,0,8,1,5,50,4,18,1,5,4,5,7,2,1,10,5,5,2,3,21,3,10,3,4,A12,7,5,1,2,7,1,  ,21,21,1,22,8,A12,24.170089,120.661873,2
2018,11,12,10,15,臺中市,北屯區,0,1,0,8,1,5,50,14,9,1,5,4,5,7,1,1,5,2,4,2,16,26,3,10,1,1,C03,7,11,1,10,2,11,  ,26,26,1,21,8,C03,24.180803,120.689279,2
2018,11,12,10,18,臺中市,南區,0,0,0,8,1,5,40,3,1,1,5,4,5,7,4,4,10,5,5,2,16,6,  ,  ,  ,  ,B02,  ,  ,1,  ,2,  ,  ,6,6,1,5,  ,B02,24.125361,120.66926,3
2018,11,12,10,24,臺中市,南屯區,0,2,0,8,1,5,40,14,7,1,5,4,5,7,4,4,5,5,4,2,16,7,2,9,1,1,C03,7,7,1,10,2,14,  ,7,7,1,22,8,C03,24.149801,120.622756,2
2018,11,12,10,30,臺中市,中區,0,0,,8,,,50,,,,,,,,,,,,,,,,,,,,B03,,,1,,2,,,23,,1,22,,B03,24.137546,120.680375,3
2018,11,12,10,30,臺中市,太平區,0,0,,8,,,40,,,,,,,,,,,,,,,,,,,,B03,,,1,,2,,,23,,  ,20,,B03,24.113757,120.704331,3
2018,11,12,10,30,臺中市,沙鹿區,0,1,0,8,1,5,40,14,8,1,5,4,5,7,4,4,1,4,3,1,13,23,2,9,1,1,C03,7,9,1,10,2,11,  ,23,23,1,21,8,C03,24.227774,120.575229,2
2018,11,12,10,51,臺中市,太平區,0,0,,8,,,50,,,,,,,,,,,,,,,,,,,,B03,,,6,,11,,,43,,1,  ,,B03,24.149388,120.714348,3
2018,11,12,11,3,臺中市,南區,0,0,0,8,,,50,,,,,,,,,,,,,,,,3,  ,  ,  ,B03,  ,  ,1,  ,2,  ,  ,23,  ,1,21,  ,B03,24.132118,120.657238,3
2018,11,12,11,15,臺中市,太平區,0,1,0,8,1,5,40,4,1,1,5,4,5,7,4,4,10,5,5,2,15,6,2,8,1,1,C03,7,9,4,11,2,11,  ,6,6,1,4,8,C03,24.142706,120.724122,2
2018,11,12,11,17,臺中市,南屯區,0,1,0,8,1,5,40,4,5,1,5,4,5,7,1,1,5,4,4,2,15,6,3,10,1,1,C03,7,1,3,18,2,14,  ,6,6,1,22,8,C03,24.141255,120.613448,2
2018,11,12,11,18,臺中市,西屯區,0,0,0,8,,,60,,,,,,,,,,,,,,,7,  ,  ,  ,  ,B03,  ,  ,1,  ,2,  ,  ,7,7,1,  ,  ,B03,24.159428,120.655745,3
2018,11,12,11,25,臺中市,西區,0,1,0,8,1,5,40,14,8,1,5,4,5,7,4,4,1,4,4,2,11,17,3,10,1,1,B12,7,9,1,8,2,2,  ,17,17,1,5,1,B12,24.15647,120.659373,2
2018,11,12,11,36,臺中市,龍井區,0,0,,8,,,60,,,,,,,,,,,,,,,,,,,,A04,,,1,,2,,,23,,1,22,,A04,24.184777,120.575621,3
2018,11,12,11,42,臺中市,南屯區,0,2,0,8,1,5,40,4,1,1,5,4,5,7,1,1,10,5,5,2,15,25,2,9,1,1,C03,7,9,1,10,2,11,  ,25,25,1,22,8,C03,24.158171,120.634203,2
2018,11,12,11,49,臺中市,北屯區,0,1,0,8,1,5,50,4,1,1,5,4,5,7,2,1,1,1,5,2,16,25,3,10,1,1,B03,7,9,1,8,2,8,  ,25,25,1,21,8,B03,24.173453,120.671266,2
2018,11,12,12,13,臺中市,梧棲區,0,0,,8,,,50,,,,,,,,,,,,,,,,,,,,B03,,,1,,2,,,23,,1,20,,B03,24.25906,120.536097,3
2018,11,12,12,15,臺中市,太平區,0,1,0,8,1,5,50,4,1,1,5,4,5,7,1,1,10,5,4,2,16,6,3,10,1,1,B12,7,5,1,3,2,2,  ,6,6,1,12,8,B12,24.125149,120.713696,2
2018,11,12,12,17,臺中市,東區,,,,,,,,,,,,,,,,,,,,,,,,,,,C03,,,1,,2,,,12,,1,5,,C03,24.133381,120.693176,3
2018,11,12,12,20,臺中市,北屯區,0,1,0,8,1,5,50,4,1,1,5,4,5,7,1,1,10,5,5,2,15,25,2,9,1,1,C04,7,9,1,10,2,12,  ,25,25,1,20,8,C04,24.174348,120.673886,2
2018,11,12,12,22,臺中市,西區,0,0,0,8,,,0,,,,,,,,,,,,,,,,3,  ,  ,  ,B03,  ,  ,1,  ,2,  ,  ,42,  ,  ,21,  ,B03,24.150351,120.657426,3
2018,11,12,12,30,臺中市,大肚區,0,0,,8,,,50,,,,,,,,,,,,,,,,,,,,F01,,,1,,7,,,17,,1,8,,F01,24.142885,120.548016,3
2018,11,12,12,38,臺中市,太平區,0,1,0,8,1,5,50,4,1,1,5,4,5,7,3,1,10,5,5,2,15,6,3,10,1,1,B03,7,9,1,3,2,8,  ,6,6,1,10,4,B03,24.155921,120.722029,2
2018,11,12,12,50,臺中市,大里區,0,0,,8,,,50,,,,,,,,,,,,,,,,,,,,B03,,,1,,2,,,23,,1,21,,B03,24.082542,120.697521,3
2018,11,12,12,50,臺中市,梧棲區,0,0,,8,,,50,,,,,,,,,,,,,,,,,,,,B12,,,1,,2,,,42,,1,19,,B12,24.249993,120.538896,3
2018,11,12,12,51,臺中市,西屯區,0,1,0,8,1,5,50,14,7,1,5,4,5,7,4,4,10,5,5,2,12,7,3,10,1,1,B12,7,8,1,8,2,2,  ,7,7,1,21,8,B12,24.162107,120.650774,2
2018,11,12,13,2,臺中市,西屯區,0,0,0,8,,,50,,,,,,,,,,,,,,,23,  ,  ,  ,  ,C03,  ,  ,1,  ,2,  ,  ,23,23,1,21,  ,C03,24.164411,120.659806,3
2018,11,12,13,9,臺中市,西屯區,0,0,,8,,,50,,,,,,,,,,,,,,,,,,,,B12,,,1,,2,,,12,,1,22,,B12,24.172571,120.649853,3
2018,11,12,13,11,臺中市,南區,0,0,0,8,,,50,,,,,,,,,,,,,,,,3,  ,  ,  ,B03,  ,  ,1,  ,2,  ,  ,16,  ,1,21,  ,B03,24.122676,120.679281,3
2018,11,12,13,25,臺中市,北區,0,0,0,8,,,50,,,,,,,,,,,,,,,43,  ,  ,  ,  ,   ,  ,  ,7,  ,11,  ,  ,43,43,  ,  ,  ,   ,24.171345,120.668271,3
2018,11,12,13,41,臺中市,西屯區,0,0,0,8,,,40,,,,,,,,,,,,,,,43,  ,  ,  ,  ,B01,  ,  ,1,  ,2,  ,  ,43,43,1,  ,  ,B01,24.159546,120.656281,3
2018,11,12,13,45,臺中市,西屯區,0,0,,8,,,50,,,,,,,,,,,,,,,,,,,,B03,,,1,,2,,,6,,1,  ,,B03,24.176133,120.635283,3
2018,11,12,13,53,臺中市,南屯區,0,0,0,8,1,5,50,14,2,1,5,4,5,7,1,1,1,2,5,2,12,19,3,10,1,1,B03,7,1,1,8,2,8,  ,19,19,1,22,8,B03,24.14216,120.638486,3
2018,11,12,13,55,臺中市,南區,0,1,0,8,1,5,50,4,1,1,5,4,5,7,2,1,3,4,4,2,16,6,3,10,1,1,B12,7,6,1,8,2,6,  ,6,6,1,9,5,B12,24.13051,120.673366,2
2018,11,12,13,56,臺中市,南屯區,0,3,0,8,1,5,50,14,9,1,5,4,5,7,4,4,1,4,5,2,13,16,2,9,3,4,B03,7,9,1,8,2,1,  ,16,16,1,22,9,B03,24.138238,120.646697,2
2018,11,12,14,2,臺中市,西屯區,0,0,0,8,,,50,,,,,,,,,,,,,,,43,  ,  ,  ,  ,A11,  ,  ,1,  ,2,  ,  ,43,43,1,  ,  ,A11,24.200626,120.65653,3
2018,11,12,14,5,臺中市,大里區,0,0,,8,,,40,,,,,,,,,,,,,,,,,,,,A12,,,1,,9,,,42,,2,4,,A12,24.10583,120.685931,3
2018,11,12,14,14,臺中市,大里區,0,1,0,8,1,5,50,3,1,1,5,4,5,7,4,4,5,4,5,1,17,8,2,9,1,1,C03,7,5,1,10,2,11,  ,8,8,1,21,8,C03,24.102264,120.674569,2
2018,11,12,14,15,臺中市,南屯區,0,0,,8,,,40,,,,,,,,,,,,,,,,,,,,B03,,,1,,2,,,23,,1,  ,,B03,24.133563,120.649155,3
2018,11,12,14,15,臺中市,西屯區,0,2,0,8,1,5,40,14,9,1,5,4,5,7,4,4,10,5,5,2,18,42,2,9,1,1,C03,7,9,1,10,2,14,  ,42,42,1,22,7,C03,24.176705,120.648228,2
2018,11,12,14,17,臺中市,沙鹿區,0,2,0,8,1,5,40,3,1,1,5,4,5,7,2,1,1,4,1,1,16,25,2,9,1,1,C03,7,9,1,10,2,11,  ,25,25,1,18,8,C03,24.223284,120.578183,2
2018,11,12,14,24,臺中市,西區,0,1,0,8,1,5,50,4,1,1,5,4,5,7,2,1,5,5,5,2,16,6,3,10,1,1,B12,7,5,1,8,2,1,  ,6,6,1,22,7,B12,24.132189,120.661647,2
2018,11,12,14,24,臺中市,西屯區,0,0,0,8,,,40,,,,,,,,,,,,,,,42,  ,  ,  ,  ,B03,  ,  ,1,  ,2,  ,  ,42,42,1,22,  ,B03,24.178055,120.615368,3
2018,11,12,14,26,臺中市,西區,0,1,0,8,1,5,50,4,1,1,5,4,5,7,4,4,10,5,5,2,15,6,2,9,1,1,C03,7,9,4,11,2,12,  ,6,6,1,20,9,C03,24.155153,120.66509,2
2018,11,12,14,30,臺中市,西屯區,0,0,,8,,,50,,,,,,,,,,,,,,,,,,,,B03,,,1,,2,,,23,,1,22,,B03,24.200138,120.655351,3
2018,11,12,14,35,臺中市,太平區,0,1,0,7,1,5,50,4,1,1,5,4,5,7,1,1,10,5,5,2,16,42,2,9,1,1,C03,7,9,1,10,2,11,  ,23,42,1,21,8,C03,24.159017,120.71303,2
2018,11,12,14,39,臺中市,大甲區,0,1,0,8,1,5,40,3,1,1,5,4,5,7,4,4,5,5,5,1,17,42,3,10,1,1,A41,7,4,1,7,2,8,  ,42,42,1,10,3,A41,24.408045,120.619488,2
2018,11,12,14,40,臺中市,北屯區,0,0,0,8,,,50,,,,,,,,,,,,,,,23,  ,  ,  ,  ,B03,  ,  ,1,  ,2,  ,  ,23,23,1,  ,  ,B03,24.17801,120.685753,3
2018,11,12,14,44,臺中市,西區,0,1,0,8,1,5,50,14,7,1,5,4,5,7,4,4,5,5,4,2,12,17,3,10,1,1,B12,7,9,1,8,1,2,  ,17,17,2,21,8,B12,24.158877,120.664874,2
2018,11,12,14,50,臺中市,西屯區,0,0,,8,,,50,,,,,,,,,,,,,,,,,,,,B03,,,1,,2,,,23,,1,  ,,B03,24.156813,120.644099,3
2018,11,12,14,57,臺中市,西區,0,0,,8,,,40,,,,,,,,,,,,,,,,,,,,B03,,,1,,2,,,23,,1,5,,B03,24.155403,120.662307,4
2018,11,12,14,58,臺中市,西屯區,0,0,,8,,,60,,,,,,,,,,,,,,,,,,,,B03,,,1,,2,,,16,,1,  ,,B03,24.162872,120.648172,3
2018,11,12,15,0,臺中市,大里區,0,0,,8,,,40,,,,,,,,,,,,,,,,,,,,B12,,,1,,2,,,17,,1,12,,B12,24.104555,120.666257,3
2018,11,12,15,4,臺中市,東區,0,2,0,8,1,5,50,4,1,1,5,4,5,7,1,1,9,4,4,2,16,8,2,9,1,1,C03,7,5,4,8,9,14,  ,8,8,1,5,8,C03,24.13961,120.692701,2
2018,11,12,15,10,臺中市,太平區,0,1,0,8,1,5,50,14,9,1,5,4,5,7,4,4,5,5,5,1,16,19,3,10,1,1,B03,7,1,1,8,2,5,  ,19,19,1,5,8,B03,24.152855,120.714275,2
2018,11,12,15,10,臺中市,大雅區,0,2,0,8,1,5,50,4,1,1,5,4,5,7,4,4,10,4,5,1,15,23,2,9,1,1,C03,7,9,1,9,2,14,  ,6,23,1,22,9,C03,24.210542,120.660606,2
2018,11,12,15,11,臺中市,西屯區,0,1,0,8,1,5,50,3,9,1,5,4,5,7,4,4,5,4,4,2,17,19,3,10,1,1,C03,7,7,1,10,2,13,14,7,19,1,22,8,C03,24.163347,120.657089,2
2018,11,12,15,14,臺中市,霧峰區,0,1,0,8,1,5,50,4,1,1,5,4,5,7,1,1,10,5,5,2,16,6,3,10,1,1,C03,7,9,1,10,2,12,  ,23,6,1,21,9,C03,24.070577,120.703021,2
2018,11,12,15,24,臺中市,大雅區,0,1,0,8,1,5,50,4,1,1,5,4,5,7,4,4,5,4,5,2,15,6,2,9,1,1,C03,7,9,3,18,2,11,  ,6,6,1,22,9,C03,24.233357,120.667885,2
2018,11,12,15,26,臺中市,北屯區,0,0,0,8,,,50,,,,,,,,,,,,,,,25,3,  ,  ,  ,B03,  ,  ,1,  ,2,  ,  ,25,25,  ,21,  ,B03,24.186033,120.664916,3
2018,11,12,15,30,臺中市,霧峰區,0,0,,8,,,70,,,,,,,,,,,,,,,,,,,,A41,,,1,,2,,,44,,1,10,,A41,24.06669,120.696203,3
2018,11,12,15,36,臺中市,沙鹿區,0,1,0,8,1,5,50,14,7,1,5,4,3,5,4,4,1,4,4,2,17,19,2,9,1,1,C03,7,1,1,10,2,13,  ,19,19,1,18,8,C03,24.234204,120.558766,2
2018,11,12,15,42,臺中市,大里區,0,0,,8,,,40,,,,,,,,,,,,,,,,,,,,A12,,,1,,2,,,16,,1,10,,A12,24.116437,120.699947,3
2018,11,12,15,45,臺中市,神岡區,0,0,,8,,,50,,,,,,,,,,,,,,,,,,,,B03,,,1,,2,,,23,,1,21,,B03,24.270644,120.657294,3
2018,11,12,15,47,臺中市,梧棲區,0,1,0,8,1,5,40,4,1,1,5,4,5,7,4,4,10,5,5,2,15,6,3,10,1,1,B03,7,9,1,8,2,8,  ,23,6,1,20,5,B03,24.241829,120.532102,2
2018,11,12,15,50,臺中市,霧峰區,0,0,,8,,,50,,,,,,,,,,,,,,,,,,,,B03,,,1,,2,,,23,,1,5,,B03,24.052707,120.695776,3
2018,11,12,15,59,臺中市,龍井區,0,2,0,8,1,5,40,4,1,1,5,4,5,7,4,4,10,5,5,2,16,6,2,9,1,1,B03,7,5,1,8,2,2,  ,6,6,1,5,8,B03,24.211288,120.535761,2
2018,11,12,16,5,臺中市,西屯區,0,0,,8,,,50,,,,,,,,,,,,,,,,,,,,A04,,,1,,2,,,26,,1,10,,A04,24.16915,120.63926,3
2018,11,12,16,8,臺中市,東區,0,0,0,8,1,5,50,4,1,1,5,4,5,7,2,1,3,4,5,2,13,23,3,10,1,1,B03,7,9,1,8,2,1,  ,23,23,1,21,8,B03,24.147944,120.698037,3
2018,11,12,16,8,臺中市,西屯區,0,0,,8,,,50,,,,,,,,,,,,,,,16,,,,,B12,,,1,,2,,,44,16,1,21,,B12,24.20037,120.65612,3
2018,11,12,16,15,臺中市,北屯區,0,1,0,8,1,5,50,14,9,1,5,4,5,7,4,4,1,4,5,2,12,40,3,10,1,1,B03,7,13,1,8,2,4,  ,40,40,1,21,8,B03,24.173497,120.668901,2
2018,11,12,16,21,臺中市,西屯區,0,1,0,8,1,5,40,4,1,1,5,4,5,7,4,4,10,5,5,2,16,6,2,9,1,1,C03,7,9,1,10,2,11,  ,6,6,1,22,9,C03,24.18768,120.617591,2
2018,11,12,16,32,臺中市,沙鹿區,0,2,0,8,1,5,50,4,1,1,5,4,5,7,3,1,10,5,5,2,16,6,2,9,1,1,C03,7,9,1,10,2,12,  ,6,6,1,22,9,C03,24.236545,120.564245,2
2018,11,12,16,33,臺中市,東區,0,1,0,8,2,5,50,4,1,1,5,4,5,7,1,1,10,5,5,2,16,6,3,10,1,1,B12,7,5,1,8,2,1,  ,6,6,1,22,8,B12,24.135157,120.699411,2
2018,11,12,16,37,臺中市,北區,0,2,0,8,1,5,50,3,1,1,5,4,5,7,4,4,10,5,5,2,12,6,2,9,3,4,C03,7,6,1,10,2,12,  ,6,6,1,5,8,C03,24.159806,120.691749,2
2018,11,12,16,39,臺中市,霧峰區,0,0,,8,,,40,,,,,,,,,,,,,,,,,,,,B12,,,1,,2,,,12,,1,4,,B12,24.076026,120.716888,3
2018,11,12,16,46,臺中市,西屯區,0,0,0,8,,,40,,,,,,,,,,,,,,,43,  ,  ,  ,  ,B03,  ,  ,1,  ,2,  ,  ,43,43,1,22,  ,B03,24.181741,120.635571,3