年,月,日,時,分,縣市,區,死,受傷,2-30,天候,光線,道路類別,速限,道路型態,事故位置,路面鋪裝,路面狀態,路面缺陷,障礙物,視距,號誌種類,號誌動作,分向設施,快車道或一般車道間,快慢車道間,路面邊線,事故類型及型態,主要肇因,受傷程度,主要傷處,保護裝備,行動電話,當事者區分_類別,車輛用途,當事者行動狀態,駕駛資格情形,駕駛執照種類,飲酒情形,車輛撞擊部位最初,車輛撞擊部位其他,肇事因素個別,肇事因素主要,肇事逃逸,職業,旅次目的,車種,GPS座標_緯度,GPS座標_經度,事故類別
2018,11,12,16,52,臺中市,梧棲區,0,1,0,8,1,5,50,4,1,1,5,4,5,7,1,1,10,5,5,2,16,6,3,10,1,1,B03,7,6,1,8,2,2,  ,6,6,1,11,1,B03,24.223171,120.524604,2
2018,11,12,16,56,臺中市,大里區,0,0,,8,,,40,,,,,,,,,,,,,,,,,,,,B03,,,1,,2,,,18,,1,5,,B03,24.117397,120.686706,3
2018,11,12,17,0,臺中市,烏日區,0,0,,8,,,40,,,,,,,,,,,,,,,,,,,,A12,,,1,,1,,,23,,1,  ,,A12,24.107828,120.642933,3
2018,11,12,17,1,臺中市,北區,0,0,0,8,,,40,,,,,,,,,,,,,,,23,  ,  ,  ,  ,B03,  ,  ,1,  ,2,  ,  ,23,23,1,5,  ,B03,24.166475,120.672109,3
2018,11,12,17,8,臺中市,龍井區,0,2,0,8,2,5,50,14,9,1,5,4,5,7,4,4,5,5,5,1,17,43,2,9,1,1,C03,7,9,1,10,2,15,  ,43,43,1,22,8,C03,24.179142,120.583022,2
2018,11,12,17,15,臺中市,大甲區,0,1,0,7,3,5,40,11,9,1,5,4,5,7,4,4,10,5,5,2,11,23,2,9,1,1,C03,7,9,1,10,2,14,  ,23,23,1,2,8,C03,24.358962,120.609522,2
2018,11,12,17,16,臺中市,西區,0,2,0,8,1,5,40,4,1,1,5,4,5,7,1,1,10,5,5,2,16,26,2,7,1,1,C03,7,5,1,9,2,11,  ,26,26,1,5,9,C03,24.149583,120.669879,2
2018,11,12,17,20,臺中市,大肚區,0,0,,8,,,30,,,,,,,,,,,,,,,,,,,,C03,,,1,,2,,,26,,2,18,,C03,24.156871,120.565874,3
2018,11,12,17,21,臺中市,龍井區,0,0,,8,,,60,,,,,,,,,,,,,,,,,,,,B03,,,1,,3,,,23,,1,  ,,B03,24.180561,120.523703,3
2018,11,12,17,22,臺中市,南屯區,0,0,,8,,,50,,,,,,,,,,,,,,,,,,,,B12,,,1,,2,,,23,,1,22,,B12,24.153025,120.649723,3
2018,11,12,17,23,臺中市,潭子區,0,0,,8,1,5,50,14,2,1,5,4,5,7,1,1,3,4,4,1,14,,,,,,B03,,,1,,9,,,12,,1,22,,B03,24.210446,120.686948,3
2018,11,12,17,25,臺中市,南區,0,1,0,8,3,5,50,4,1,1,5,4,5,7,1,1,10,5,5,2,12,44,2,9,1,1,C03,7,9,1,10,2,14,  ,1,44,1,22,8,C03,24.120913,120.650296,2
2018,11,12,17,25,臺中市,沙鹿區,0,2,0,8,1,5,40,7,8,1,5,4,5,7,4,4,10,5,5,2,13,16,2,9,1,1,C03,7,9,1,10,2,11,  ,16,16,1,2,9,C03,24.241089,120.560192,2
2018,11,12,17,30,臺中市,大里區,0,1,0,8,3,5,50,14,9,1,5,4,5,7,4,4,1,4,5,1,13,16,3,10,1,1,B03,7,9,1,8,2,5,  ,16,16,1,5,8,B03,24.095938,120.685831,2
2018,11,12,17,31,臺中市,太平區,0,0,0,8,,,50,,,,,,,,,,,,,,,23,  ,  ,  ,  ,B03,  ,  ,1,  ,2,  ,  ,44,23,1,5,  ,B03,24.157529,120.743029,3
2018,11,12,17,35,臺中市,大里區,0,0,,8,,,50,,,,,,,,,,,,,,,,,,,,B01,,,1,,2,,,23,,1,10,,B01,24.111856,120.692318,3
2018,11,12,17,38,臺中市,大雅區,0,1,0,8,3,5,50,11,9,1,5,4,5,7,4,4,10,4,5,1,11,23,3,10,1,1,B12,7,9,1,8,2,8,  ,23,23,1,22,9,B12,24.226311,120.675659,2
2018,11,12,17,40,臺中市,北屯區,0,0,,8,,,50,,,,,,,,,,,,,,,,,,,,C03,,,1,,2,,,23,,1,22,,C03,24.178138,120.668787,3
2018,11,12,17,41,臺中市,龍井區,0,3,0,8,3,5,50,14,9,1,5,4,5,7,4,4,5,5,5,1,13,23,2,8,1,1,C03,7,9,1,10,2,14,  ,23,23,1,5,8,C03,24.189748,120.548288,2
2018,11,12,17,43,臺中市,西屯區,0,0,0,8,3,5,50,,,,,,,,,,,,,,,42,  ,  ,  ,  ,B03,  ,  ,1,  ,2,1,  ,42,42,1,22,  ,B03,24.179936,120.632443,3
2018,11,12,17,45,臺中市,西區,0,0,,8,,,50,,,,,,,,,,,,,,,,,,,,C03,,,1,,2,,,43,,1,22,,C03,24.159141,120.66089,3
2018,11,12,17,46,臺中市,大雅區,0,1,0,8,3,5,40,4,2,1,5,4,5,7,1,1,1,4,4,1,16,25,2,8,1,1,C03,7,5,1,10,2,12,  ,25,25,1,22,8,C03,24.222727,120.646637,2
2018,11,12,17,48,臺中市,梧棲區,0,0,,8,,,50,,,,,,,,,,,,,,,,,,,,B03,,,1,,2,,,6,,1,2,,B03,24.255268,120.549611,3
2018,11,12,17,49,臺中市,北區,0,0,,8,,,50,,,,,,,,,,,,,,,,,,,,B03,,,1,,2,,,23,,1,5,,B03,24.161542,120.685153,3
2018,11,12,17,49,臺中市,霧峰區,0,1,0,8,3,5,50,3,1,1,5,4,5,7,3,1,10,5,5,2,13,16,2,8,1,1,C03,7,9,1,10,2,11,  ,16,16,1,21,9,C03,24.068127,120.701864,2
2018,11,12,17,50,臺中市,神岡區,0,0,,8,,,50,,,,,,,,,,,,,,,,,,,,B03,,,1,,2,,,23,,1,21,,B03,24.289032,120.63787,3
2018,11,12,17,53,臺中市,大里區,0,0,,8,,,50,,,,,,,,,,,,,,,17,,,,,B03,,,1,,2,,,16,17,1,18,,B03,24.089632,120.69419,3
2018,11,12,18,0,臺中市,北屯區,0,0,0,8,,,80,,,,,,,,,,,,,,,23,  ,  ,  ,  ,B03,  ,  ,1,  ,2,  ,  ,23,23,1,  ,  ,B03,24.189545,120.7224,3
2018,11,12,18,2,臺中市,西區,0,0,0,8,,,50,,,,,,,,,,,,,,,4,3,  ,  ,  ,C03,  ,  ,1,  ,2,  ,  ,4,4,1,21,  ,C03,24.150406,120.660174,3
2018,11,12,18,6,臺中市,清水區,0,1,0,8,3,5,50,5,1,1,5,4,5,7,3,1,9,4,5,1,15,6,2,9,1,1,C03,7,9,1,10,2,12,11,6,6,1,21,8,C03,24.27836,120.560658,2
2018,11,12,18,7,臺中市,西屯區,0,1,0,8,3,5,50,14,9,1,5,4,5,7,4,4,1,4,5,2,17,42,2,9,1,1,C03,7,9,1,10,2,12,  ,42,42,1,21,8,C03,24.18082,120.628269,2
2018,11,12,18,20,臺中市,北屯區,0,0,,8,,,80,,,,,,,,,,,,,,,,,,,,B03,,,1,,2,,,16,,1,22,,B03,24.14944,120.714133,3
2018,11,12,18,23,臺中市,南區,0,1,0,8,1,5,50,14,7,1,5,4,5,7,4,4,5,4,4,2,16,1,2,7,1,1,C03,7,9,1,10,2,12,  ,1,1,1,22,9,C03,24.112513,120.652411,2
2018,11,12,18,25,臺中市,大里區,0,0,,8,,,50,,,,,,,,,,,,,,,,,,,,B03,,,1,,2,,,17,,1,4,,B03,24.104621,120.681029,3
2018,11,12,18,28,臺中市,南屯區,0,1,0,8,4,5,50,4,1,1,5,4,5,7,2,1,10,5,5,2,16,23,3,10,1,1,C03,7,9,1,10,2,11,  ,23,23,1,21,8,C03,24.151431,120.637243,2
2018,11,12,18,28,臺中市,南屯區,0,0,0,8,3,5,50,9,7,1,5,4,5,7,4,4,5,5,4,2,10,23,3,10,1,1,B03,7,9,1,8,2,1,  ,23,23,1,22,8,B03,24.134868,120.638767,3
2018,11,12,18,28,臺中市,沙鹿區,0,2,0,8,3,5,40,3,8,1,5,4,5,7,2,1,1,4,2,1,12,16,2,9,1,3,C03,7,9,1,10,2,14,  ,16,16,1,21,8,C03,24.225396,120.576864,2
2018,11,12,18,30,臺中市,南區,0,1,0,8,3,5,50,14,7,1,5,4,5,7,4,4,1,4,5,2,12,17,2,9,1,1,B03,7,9,1,10,2,2,  ,17,17,1,22,8,B03,24.120876,120.650246,2
2018,11,12,18,32,臺中市,西屯區,0,2,0,8,2,5,50,4,2,1,5,4,5,7,2,1,1,4,4,2,16,10,2,8,1,4,C03,7,11,1,10,2,12,  ,10,10,1,21,8,C03,24.173303,120.641218,2
2018,11,12,18,35,臺中市,南區,0,1,0,8,1,5,50,3,1,1,5,4,5,7,4,4,10,5,5,2,3,23,3,10,1,1,B03,7,11,1,8,2,1,  ,23,23,1,3,8,B03,24.12188,120.669258,2
2018,11,12,18,45,臺中市,西屯區,0,0,,8,,,50,,,,,,,,,,,,,,,,,,,,B03,,,1,,2,,,8,,1,21,,B03,24.167771,120.654064,3
2018,11,12,18,50,臺中市,外埔區,0,1,0,8,3,5,50,4,1,1,5,4,5,7,3,1,5,4,5,1,16,6,2,9,1,1,C03,7,5,3,18,2,11,  ,6,6,1,21,8,C03,24.34019,120.663016,2
2018,11,12,18,55,臺中市,沙鹿區,0,1,0,8,3,5,50,3,2,1,5,4,5,7,1,1,10,5,5,2,17,8,2,8,1,1,C03,7,5,1,10,2,14,  ,8,8,1,2,1,C03,24.222587,120.556811,2
2018,11,12,19,2,臺中市,大里區,0,0,,8,,,50,,,,,,,,,,,,,,,,,,,,B03,,,1,,2,,,23,,1,21,,B03,24.080066,120.698268,3
2018,11,12,19,4,臺中市,龍井區,0,0,,8,,,50,,,,,,,,,,,,,,,44,,,,,B03,,,1,,2,,,44,44,1,  ,,B03,24.21067,120.52468,3
2018,11,12,19,5,臺中市,南區,0,2,0,8,3,5,50,4,1,1,5,4,5,7,1,1,10,5,5,2,16,6,3,10,1,1,B03,7,5,1,8,2,8,  ,6,6,1,22,9,B03,24.10882,120.652643,2
2018,11,12,19,6,臺中市,南屯區,0,0,,8,,,50,,,,,,,,,,,,,,,,,,,,B03,,,1,,2,,,16,,1,5,,B03,24.155224,120.609441,3
2018,11,12,19,7,臺中市,梧棲區,0,0,,8,,,70,,,,,,,,,,,,,,,,,,,,B03,,,1,,2,,,7,,1,2,,B03,24.242584,120.55664,3
2018,11,12,19,10,臺中市,大里區,0,1,0,8,3,5,50,4,1,1,5,4,5,7,1,1,10,5,5,2,16,6,2,9,1,1,C03,7,5,1,10,2,11,  ,6,6,1,5,8,C03,24.107905,120.68999,2
2018,11,12,19,16,臺中市,北區,0,0,0,8,,,50,,,,,,,,,,,,,,,26,  ,  ,  ,  ,B03,  ,  ,1,  ,2,  ,  ,26,26,1,5,  ,B03,24.148357,120.683533,3
2018,11,12,19,20,臺中市,北屯區,0,2,0,8,3,5,50,14,7,1,5,4,5,7,4,4,5,5,5,2,17,40,3,10,1,1,A12,7,14,1,3,2,4,  ,40,40,1,22,8,A12,24.168438,120.683702,2
2018,11,12,19,20,臺中市,豐原區,0,0,,8,,,40,,,,,,,,,,,,,,,,,,,,B12,,,1,,9,,,12,,2,21,,B12,24.235981,120.733906,3
2018,11,12,19,35,臺中市,北屯區,0,0,0,8,,,40,,,,,,,,,,,,,,,12,  ,  ,  ,  ,B03,  ,  ,1,  ,2,  ,  ,12,12,1,  ,  ,B03,24.162058,120.722756,3
2018,11,12,19,37,臺中市,太平區,0,1,0,8,3,5,50,4,1,1,5,4,5,7,4,4,10,5,5,2,16,6,3,10,1,1,B03,7,5,1,8,2,1,  ,6,6,1,5,8,B03,24.139444,120.712777,2
2018,11,12,19,38,臺中市,清水區,0,0,0,8,,,50,,,,,,,,,,,,,,,12,  ,  ,  ,  ,A02,  ,  ,1,  ,2,6,  ,12,12,1,10,  ,A02,24.274906,120.559045,3
2018,11,12,19,43,臺中市,西屯區,0,1,0,8,3,5,50,14,9,1,5,4,5,7,4,4,5,4,4,2,16,6,3,10,1,1,B03,7,6,1,8,2,2,  ,6,6,1,9,8,B03,24.17436,120.659652,2
2018,11,12,19,50,臺中市,霧峰區,0,0,,8,,,70,,,,,,,,,,,,,,,,,,,,B03,,,1,,2,,,12,,1,20,,B03,24.05044,120.694383,3
2018,11,12,19,54,臺中市,西屯區,0,0,0,8,3,5,50,,,,,,,,,,,,,,,1,  ,  ,  ,  ,B03,  ,  ,1,  ,2,5,  ,1,1,1,22,  ,B03,24.182324,120.644933,3
2018,11,12,19,59,臺中市,南區,0,2,0,8,3,5,50,4,1,1,5,4,5,7,1,1,10,5,5,2,13,23,2,9,1,1,C03,7,9,1,10,2,11,  ,23,23,1,22,8,C03,24.126741,120.669841,2
2018,11,12,20,28,臺中市,南屯區,0,0,,8,,,40,,,,,,,,,,,,,,,,,,,,B03,,,1,,2,,,12,,1,  ,,B03,24.133996,120.650165,3
2018,11,12,20,28,臺中市,北屯區,0,2,0,8,3,5,50,3,1,1,5,4,5,7,4,4,10,5,5,2,15,19,2,9,1,1,C03,7,1,1,10,2,14,  ,19,19,1,5,8,C03,24.165954,120.694751,2
2018,11,12,20,40,臺中市,南區,0,0,,8,,,50,,,,,,,,,,,,,,,,,,,,B03,,,1,,2,,,23,,1,5,,B03,24.116608,120.679772,3
2018,11,12,20,40,臺中市,大雅區,0,0,,8,,,40,,,,,,,,,,,,,,,,,,,,B03,,,1,,2,,,1,,1,  ,,B03,24.216199,120.649258,3
2018,11,12,20,42,臺中市,西屯區,0,0,,8,,,50,,,,,,,,,,,,,,,,,,,,B03,,,1,,2,,,12,,1,21,,B03,24.187118,120.611678,3
2018,11,12,20,45,臺中市,大里區,0,1,0,8,1,5,50,4,1,1,5,4,5,7,2,1,1,5,5,2,15,25,2,7,1,1,C03,7,9,1,10,2,12,  ,25,25,1,5,1,C03,24.103974,120.683962,2
2018,11,12,20,47,臺中市,西屯區,0,1,0,8,3,5,50,3,1,1,5,4,5,7,4,4,5,4,4,2,17,42,2,9,3,4,C03,7,9,1,10,2,12,  ,42,42,1,21,8,C03,24.17648,120.64348,2
2018,11,12,20,50,臺中市,霧峰區,0,1,0,8,3,5,50,3,2,1,5,4,5,7,1,1,5,4,4,1,13,19,3,10,1,1,B03,7,1,1,8,2,8,  ,19,19,1,5,8,B03,24.068819,120.699255,2
2018,11,12,21,0,臺中市,大里區,0,0,,8,,,40,,,,,,,,,,,,,,,,,,,,B03,,,1,,2,,,16,,1,21,,B03,24.109295,120.69831,3
2018,11,12,21,3,臺中市,潭子區,0,1,0,8,3,5,50,4,1,1,5,4,5,7,2,1,5,4,5,1,16,8,2,9,1,1,C03,7,5,1,10,2,13,  ,8,8,1,22,9,C03,24.216116,120.700632,2
2018,11,12,21,9,臺中市,南區,0,1,0,8,1,5,50,4,1,1,5,4,5,7,3,1,10,5,5,2,17,6,3,10,1,1,C03,7,5,1,10,2,14,  ,6,6,1,22,9,C03,24.124206,120.677731,2
2018,11,12,21,30,臺中市,烏日區,0,1,0,8,3,5,50,4,1,1,5,4,5,7,4,4,10,5,5,2,18,23,2,9,1,1,C03,7,9,1,10,2,11,  ,23,23,1,21,8,C03,24.100431,120.630136,2
2018,11,12,21,37,臺中市,北區,0,0,,8,,,50,,,,,,,,,,,,,,,,,,,,B03,,,1,,2,,,25,,1,  ,,B03,24.157212,120.668307,3
2018,11,12,21,43,臺中市,西屯區,0,0,,8,,,50,,,,,,,,,,,,,,,,,,,,B03,,,1,,2,,,25,,1,22,,B03,24.162786,120.649295,3
2018,11,12,21,47,臺中市,南屯區,0,1,0,8,3,5,50,4,1,1,5,4,5,7,4,4,5,5,5,2,15,6,3,10,1,1,B03,7,9,1,8,2,1,  ,6,6,1,20,8,B03,24.138923,120.639628,2
2018,11,12,22,8,臺中市,清水區,0,1,0,8,3,5,50,4,1,1,5,4,5,7,4,4,10,5,5,2,16,6,3,10,1,1,B03,7,9,1,8,2,4,  ,6,6,1,21,8,B03,24.268821,120.576881,2
2018,11,12,22,13,臺中市,大雅區,0,0,,8,,,40,,,,,,,,,,,,,,,,,,,,B03,,,1,,2,,,16,,1,21,,B03,24.216219,120.667996,3
2018,11,12,22,31,臺中市,霧峰區,0,1,0,8,3,5,50,14,12,1,5,4,5,7,4,4,5,4,4,1,17,1,2,9,1,1,C02,7,4,4,10,2,14,  ,1,1,1,18,5,C02,24.065233,120.698841,2
2018,11,12,22,36,臺中市,外埔區,0,0,,8,3,5,50,14,13,1,5,4,5,7,4,4,9,3,4,1,26,,,,,,B03,,,7,,11,,,43,,1,  ,,B03,24.327551,120.657835,4
2018,11,12,23,23,臺中市,龍井區,0,2,0,8,3,5,40,4,1,1,5,4,5,7,4,4,10,5,5,2,16,6,2,7,1,1,C03,7,9,1,10,2,11,  ,6,6,1,22,8,C03,24.180846,120.586436,2
2018,11,12,23,51,臺中市,太平區,0,0,,8,,,50,,,,,,,,,,,,,,,,,,,,B12,,,6,,2,,,23,,1,21,,B12,24.134415,120.733718,3
2018,11,12,23,58,臺中市,南屯區,0,1,0,7,3,5,50,4,1,1,5,4,5,7,1,1,10,5,5,2,18,42,2,9,1,4,C03,7,9,3,18,2,14,  ,42,42,1,22,8,C03,24.134936,120.6411,2
2018,11,13,0,2,臺中市,南屯區,0,0,0,8,,,50,,,,,,,,,,,,,,,12,  ,  ,  ,  ,B03,  ,  ,1,  ,2,  ,  ,12,12,1,  ,  ,B03,24.150976,120.643618,4
2018,11,13,0,24,臺中市,太平區,0,1,0,8,3,5,40,14,9,1,5,4,5,7,4,4,10,5,5,2,13,23,2,9,3,4,C03,7,9,6,18,7,11,  ,23,23,1,5,8,C03,24.156734,120.719999,2
2018,11,13,0,29,臺中市,西屯區,0,0,,8,,,50,,,,,,,,,,,,,,,,,,,,B03,,,1,,2,,,23,,1,22,,B03,24.182637,120.602321,3
2018,11,13,0,30,臺中市,大甲區,0,0,,8,,,50,,,,,,,,,,,,,,,,,,,,A41,,,1,,2,,,30,,1,9,,A41,24.344026,120.628998,3
2018,11,13,0,53,臺中市,梧棲區,0,1,0,8,3,5,30,14,7,1,5,4,5,7,3,1,1,4,3,1,29,23,2,9,3,4,B03,7,9,1,8,2,1,  ,23,23,1,21,8,B03,24.245573,120.520866,2
2018,11,13,2,11,臺中市,南屯區,0,2,0,7,3,5,50,4,1,1,5,4,5,7,3,1,10,5,5,2,15,6,2,1,1,4,B03,7,9,1,8,2,2,  ,6,6,1,22,8,B03,24.158386,120.633888,2
2018,11,13,2,37,臺中市,沙鹿區,0,1,0,8,1,5,40,3,1,1,5,4,5,7,4,4,1,3,1,1,16,6,3,10,1,1,B03,7,6,1,1,2,2,  ,6,6,1,10,9,B03,24.238935,120.566923,2
2018,11,13,2,38,臺中市,北區,0,0,0,8,,,50,,,,,,,,,,,,,,,,3,  ,  ,  ,B03,  ,  ,1,  ,2,  ,  ,12,  ,1,22,  ,B03,24.162111,120.680876,3
2018,11,13,5,33,臺中市,潭子區,0,1,0,8,2,5,60,5,1,1,5,4,5,7,1,1,10,5,5,2,16,8,3,10,1,1,B03,7,5,1,8,2,2,  ,8,8,1,22,8,B03,24.201068,120.703448,2
2018,11,13,6,13,臺中市,大雅區,0,3,0,8,2,5,50,3,1,1,5,4,5,7,1,1,1,4,4,1,17,6,2,8,1,1,A12,7,5,1,3,2,5,  ,6,6,1,22,9,A12,24.218403,120.646219,2
2018,11,13,6,28,臺中市,大肚區,0,2,0,8,1,5,50,3,2,1,5,4,5,7,4,4,5,5,5,1,16,23,3,10,1,1,C03,7,11,1,10,2,11,  ,23,23,1,20,8,C03,24.157663,120.546,2
2018,11,13,6,30,臺中市,外埔區,0,1,0,8,1,5,50,14,9,1,5,4,5,7,4,4,5,5,5,1,19,43,2,8,1,4,C03,7,5,1,10,2,15,  ,43,43,1,22,8,C03,24.348515,120.663495,2
2018,11,13,6,32,臺中市,西屯區,0,0,,8,,,50,,,,,,,,,,,,,,,,,,,,B03,,,1,,2,,,23,,1,22,,B03,24.164586,120.660329,3
2018,11,13,6,52,臺中市,神岡區,0,0,0,8,,,60,,,,,,,,,,,,,,,1,  ,  ,  ,  ,B03,  ,4,1,  ,2,7,  ,1,1,1,12,  ,B03,24.232651,120.694446,3
2018,11,13,6,56,臺中市,西屯區,0,0,,8,,,60,,,,,,,,,,,,,,,,,,,,B01,,,1,,2,,,16,,1,22,,B01,24.178311,120.624848,3
2018,11,13,7,0,臺中市,大安區,0,1,0,8,1,5,50,4,1,1,5,4,5,7,1,1,10,5,5,2,17,8,3,10,1,1,B03,7,5,1,8,2,2,  ,8,8,1,22,9,B03,24.360695,120.585869,2
2018,11,13,7,5,臺中市,西屯區,0,1,0,8,1,5,50,3,1,1,5,4,5,7,4,4,10,5,5,2,16,6,3,10,1,1,B03,7,6,1,8,2,4,  ,6,6,1,22,8,B03,24.184226,120.614066,2
2018,11,13,7,12,臺中市,北區,0,0,,8,,,50,,,,,,,,,,,,,,,,,,,,A04,,,1,,2,,,7,,1,5,,A04,24.15224,120.685036,3
2018,11,13,7,15,臺中市,南區,0,2,0,8,1,5,50,14,7,1,5,4,5,7,4,4,1,4,5,2,12,17,2,9,1,1,C03,7,9,4,11,2,12,  ,17,17,1,22,8,C03,24.110398,120.646398,2
2018,11,13,7,23,臺中市,西屯區,0,0,,8,,,40,,,,,,,,,,,,,,,,,,,,B12,,,1,,2,,,12,,1,21,,B12,24.219285,120.648212,3
2018,11,13,7,25,臺中市,東區,0,2,0,8,1,5,50,4,1,5,5,4,5,7,4,4,10,5,5,2,17,43,2,9,1,1,C03,7,9,1,10,2,12,  ,43,43,1,22,8,C03,24.14789,120.693516,2
2018,11,13,7,25,臺中市,清水區,0,2,0,8,1,5,50,4,1,1,5,4,5,7,1,1,1,4,4,2,12,8,3,10,1,1,C03,7,5,1,10,2,14,  ,8,8,1,21,8,C03,24.272289,120.57676,2
2018,11,13,7,34,臺中市,大雅區,0,1,0,8,1,5,50,4,1,1,5,4,5,7,1,1,1,4,4,1,17,1,2,9,1,1,C03,7,9,1,10,2,12,  ,1,1,1,21,8,C03,24.221305,120.65239,2
2018,11,13,7,35,臺中市,南區,0,0,,8,,,50,,,,,,,,,,,,,,,,,,,,B03,,,1,,2,,,23,,1,5,,B03,24.119287,120.679282,3
2018,11,13,7,35,臺中市,大里區,0,2,0,8,1,5,40,14,9,1,5,4,5,7,4,4,5,4,5,1,16,7,2,8,1,1,C03,7,10,1,11,2,11,  ,7,7,1,4,8,C03,24.101363,120.691971,2
2018,11,13,7,35,臺中市,大安區,0,1,0,8,1,5,60,14,12,1,5,4,5,7,4,4,5,4,4,1,16,6,3,10,1,4,B03,7,5,1,8,2,5,  ,6,6,1,9,1,B03,24.369833,120.601223,2
2018,11,13,7,37,臺中市,大肚區,0,1,0,8,1,5,40,15,9,1,5,4,5,7,4,4,8,5,5,2,18,23,2,8,1,1,C03,7,5,1,10,2,14,  ,23,23,1,4,1,C03,24.117585,120.582366,2
2018,11,13,7,39,臺中市,沙鹿區,0,0,,8,,,50,,,,,,,,,,,,,,,,,,,,A02,,,1,,2,,,5,,  ,10,,A02,24.245619,120.568903,3
2018,11,13,7,40,臺中市,大里區,0,2,0,8,1,5,50,4,1,1,5,4,5,7,1,1,5,4,4,1,15,23,3,10,1,1,C03,7,9,1,10,2,12,  ,23,23,1,21,1,C03,24.094248,120.713631,2
2018,11,13,7,40,臺中市,清水區,0,1,0,8,1,5,40,14,9,1,5,4,5,7,4,4,10,5,5,2,16,19,3,10,1,1,B03,7,1,1,8,2,1,  ,19,19,1,21,8,B03,24.282766,120.55471,2
2018,11,13,7,42,臺中市,北屯區,0,1,0,8,1,5,50,3,1,1,5,4,5,7,4,4,10,5,5,2,16,6,3,10,1,1,B03,7,5,1,8,2,6,  ,6,6,1,21,8,B03,24.173932,120.676231,2
2018,11,13,7,45,臺中市,潭子區,0,0,,8,,,60,,,,,,,,,,,,,,,,,,,,C03,,,1,,2,,,23,,1,  ,,C03,24.21738,120.686277,3
2018,11,13,7,45,臺中市,大雅區,0,1,0,8,1,5,50,14,9,1,5,4,5,7,4,4,5,4,4,1,12,23,2,8,1,1,C03,7,9,1,10,2,11,  ,23,23,1,22,9,C03,24.218619,120.639307,2
2018,11,13,7,48,臺中市,北屯區,0,0,,8,,,80,,,,,,,,,,,,,,,,,,,,B03,,,1,,2,,,7,,1,  ,,B03,24.137072,120.622479,3
2018,11,13,7,50,臺中市,潭子區,0,2,0,8,1,5,50,4,1,1,5,4,5,7,1,1,10,5,5,2,15,25,2,9,1,1,C03,7,9,1,9,2,12,  ,25,25,1,22,8,C03,24.215931,120.703605,2
2018,11,13,7,51,臺中市,西屯區,0,2,0,8,1,5,50,4,1,1,5,4,5,7,1,1,10,5,5,2,12,43,2,9,1,1,C03,7,9,1,10,2,11,  ,43,43,1,21,8,C03,24.191969,120.611296,2
2018,11,13,7,52,臺中市,太平區,0,1,0,8,1,5,50,14,7,1,5,4,5,7,4,4,5,4,4,1,17,26,3,10,1,1,C03,7,9,1,10,2,13,  ,26,26,1,18,8,C03,24.152825,120.717721,2
2018,11,13,7,57,臺中市,西屯區,0,1,0,8,1,5,50,14,7,1,5,4,5,7,4,4,4,4,5,2,16,26,3,10,1,1,B03,7,11,1,8,2,4,  ,26,26,1,21,9,B03,24.176818,120.614241,2
2018,11,13,7,58,臺中市,龍井區,0,1,0,8,1,5,40,3,2,1,5,4,5,7,1,1,1,4,1,2,13,23,2,9,1,1,C03,7,9,1,10,2,11,  ,23,23,1,21,1,C03,24.172352,120.582396,2
2018,11,13,7,58,臺中市,沙鹿區,0,0,,8,,,60,,,,,,,,,,,,,,,,,,,,B12,,,1,,2,,,23,,1,4,,B12,24.222972,120.578713,3
2018,11,13,7,59,臺中市,西區,0,2,0,8,1,5,50,3,1,1,5,4,5,7,4,4,10,5,5,2,16,8,2,9,1,1,C03,7,5,1,10,2,14,  ,8,8,1,21,5,C03,24.14673,120.667592,2
2018,11,13,8,1,臺中市,北區,0,1,0,8,1,5,50,4,1,1,5,4,5,7,4,4,10,5,5,2,17,23,3,10,1,1,B03,7,5,1,8,2,8,  ,23,23,1,21,8,B03,24.161625,120.669221,2
2018,11,13,8,4,臺中市,龍井區,0,1,0,8,1,5,40,14,8,1,5,4,5,7,4,4,1,4,1,1,12,17,3,10,1,1,B12,7,9,1,8,2,2,  ,17,17,1,5,1,B12,24.193093,120.580226,2
2018,11,13,8,5,臺中市,梧棲區,0,1,0,8,1,5,50,4,1,1,5,4,5,7,1,1,10,5,5,2,16,25,3,10,1,1,C03,7,9,1,10,2,11,  ,25,25,1,2,1,C03,24.247323,120.538122,2
2018,11,13,8,7,臺中市,潭子區,0,1,0,8,1,5,60,14,9,1,5,4,5,7,4,4,9,4,4,1,17,7,3,10,1,1,B03,7,8,1,8,2,6,  ,7,7,1,21,8,B03,24.205952,120.686687,2
2018,11,13,8,8,臺中市,南屯區,0,0,0,8,1,5,40,14,8,1,5,4,5,7,2,1,3,4,4,1,12,23,3,10,1,1,C03,7,9,1,10,2,11,  ,23,23,1,22,8,C03,24.143975,120.634813,3
2018,11,13,8,10,臺中市,霧峰區,0,0,,8,,,40,,,,,,,,,,,,,,,,,,,,B12,,,1,,2,,,12,,1,22,,B12,24.075712,120.717416,3