年,月,日,時,分,縣市,區,死,受傷,2-30,天候,光線,道路類別,速限,道路型態,事故位置,路面鋪裝,路面狀態,路面缺陷,障礙物,視距,號誌種類,號誌動作,分向設施,快車道或一般車道間,快慢車道間,路面邊線,事故類型及型態,主要肇因,受傷程度,主要傷處,保護裝備,行動電話,當事者區分_類別,車輛用途,當事者行動狀態,駕駛資格情形,駕駛執照種類,飲酒情形,車輛撞擊部位最初,車輛撞擊部位其他,肇事因素個別,肇事因素主要,肇事逃逸,職業,旅次目的,車種,GPS座標_緯度,GPS座標_經度,事故類別
2018,11,13,8,13,臺中市,霧峰區,0,0,,8,,,50,,,,,,,,,,,,,,,,,,,,B03,,,1,,2,,,23,,1,  ,,B03,24.076552,120.707736,3
2018,11,13,8,16,臺中市,西區,0,1,0,8,1,5,1,15,22,4,5,4,5,7,4,4,10,5,5,2,18,42,2,9,1,1,C03,7,14,1,10,2,12,  ,42,42,1,22,8,C03,24.146799,120.666705,2
2018,11,13,8,20,臺中市,西區,0,1,0,8,1,5,50,4,1,1,5,4,5,7,2,1,10,5,5,2,12,26,2,8,1,1,C03,7,4,1,10,11,11,  ,26,26,1,22,9,C03,24.150785,120.655326,2
2018,11,13,8,20,臺中市,西屯區,0,0,0,8,,,30,,,,,,,,,,,,,,,42,  ,  ,  ,  ,B03,  ,  ,1,  ,2,  ,  ,42,42,1,22,  ,B03,24.189621,120.642915,3
2018,11,13,8,25,臺中市,太平區,0,1,0,8,1,5,50,4,2,1,5,4,5,7,2,1,10,5,5,2,12,1,2,8,1,1,C03,7,9,1,10,2,13,  ,1,1,1,5,8,C03,24.141075,120.71219,2
2018,11,13,8,26,臺中市,南區,0,1,0,8,1,5,50,3,2,1,5,4,5,7,4,4,5,5,4,2,17,42,3,10,1,1,C03,7,9,1,10,2,15,  ,42,42,1,5,8,C03,24.130636,120.671475,2
2018,11,13,8,26,臺中市,西屯區,0,1,0,8,1,5,50,3,1,1,5,4,4,7,2,1,10,5,5,2,18,23,2,9,1,1,C03,7,5,1,10,2,14,  ,23,23,1,22,8,C03,24.176485,120.634008,2
2018,11,13,8,27,臺中市,潭子區,0,0,,8,,,50,,,,,,,,,,,,,,,,,,,,B03,,,1,,2,,,6,,1,22,,B03,24.21608,120.688953,3
2018,11,13,8,36,臺中市,西屯區,0,0,0,8,,,60,,,,,,,,,,,,,,,9,  ,  ,  ,  ,B03,  ,  ,1,  ,2,  ,  ,9,9,1,  ,  ,B03,24.161275,120.633421,3
2018,11,13,8,37,臺中市,西屯區,0,2,0,8,1,5,50,4,1,1,5,4,5,7,1,1,9,4,4,2,13,23,2,9,1,1,C03,7,9,1,10,2,11,  ,23,23,1,21,8,C03,24.173359,120.64684,2
2018,11,13,8,40,臺中市,北屯區,0,2,0,8,1,5,50,14,7,1,5,4,5,7,4,4,5,5,4,2,13,16,2,7,1,1,C03,7,9,1,10,2,11,12,16,16,1,9,8,C03,24.169878,120.711178,2
2018,11,13,8,43,臺中市,西屯區,0,2,0,8,1,5,50,4,1,1,5,4,5,7,1,1,10,5,5,2,13,16,2,9,1,1,C03,7,9,1,10,2,11,  ,16,16,1,21,8,C03,24.16984,120.64785,2
2018,11,13,8,45,臺中市,南區,0,0,0,8,1,5,50,14,8,1,5,4,5,7,4,4,5,4,4,2,17,10,3,10,1,1,B03,7,11,1,8,2,5,  ,10,10,1,22,8,B03,24.132975,120.660301,3
2018,11,13,8,45,臺中市,北屯區,0,1,0,8,1,5,50,14,7,1,5,4,5,7,4,4,9,5,4,2,29,44,2,3,1,1,B03,7,9,1,8,2,5,  ,44,44,1,5,8,B03,24.1903,120.711311,2
2018,11,13,8,49,臺中市,北屯區,0,1,0,8,1,5,50,7,9,1,5,4,5,7,4,4,5,5,5,2,13,23,3,10,1,1,B03,7,14,1,8,2,3,  ,44,23,1,22,8,B03,24.164918,120.699667,2
2018,11,13,8,49,臺中市,西屯區,0,0,0,8,1,1,80,,,,,,,,,,,,,,,7,  ,  ,  ,  ,B03,  ,  ,1,  ,2,3,  ,7,7,1,21,  ,B03,24.20046,120.657645,3
2018,11,13,8,49,臺中市,潭子區,0,2,0,8,1,5,50,14,9,1,5,4,5,7,4,4,10,5,5,1,16,23,2,9,1,1,C03,7,9,1,10,2,13,  ,23,23,1,21,8,C03,24.205326,120.705592,2
2018,11,13,8,54,臺中市,大雅區,0,1,0,8,1,5,50,14,9,1,5,4,5,7,4,4,1,4,4,1,29,23,2,9,1,1,C03,7,9,1,10,2,11,  ,23,23,1,21,8,C03,24.22046,120.657923,2
2018,11,13,8,55,臺中市,南屯區,0,2,0,8,1,5,50,14,9,1,5,4,5,7,4,4,5,5,5,2,13,23,3,10,1,1,B03,7,9,1,8,2,1,  ,23,23,1,22,8,B03,24.136603,120.610322,2
2018,11,13,8,56,臺中市,北屯區,0,2,0,8,1,5,50,4,1,1,5,4,5,7,4,4,10,5,5,2,16,42,2,9,1,1,C03,7,9,1,10,2,11,  ,23,42,1,21,8,C03,24.172351,120.687596,2
2018,11,13,8,59,臺中市,南屯區,0,0,0,8,1,5,50,14,9,1,5,4,5,7,4,4,9,5,5,2,12,43,3,10,1,1,B03,7,9,1,8,2,4,  ,43,43,1,22,8,B03,24.149811,120.609913,3
2018,11,13,8,59,臺中市,北屯區,0,0,,8,,,50,,,,,,,,,,,,,,,,,,,,B12,,,1,,2,,,23,,1,  ,,B12,24.199111,120.677655,3
2018,11,13,9,0,臺中市,北區,0,1,0,8,1,5,50,14,7,1,5,4,5,7,4,4,1,4,4,2,18,23,2,9,1,1,C03,7,9,1,10,2,14,  ,23,23,1,5,8,C03,24.163182,120.684364,2
2018,11,13,9,0,臺中市,西屯區,0,2,0,8,1,5,30,3,1,1,5,4,5,7,4,4,10,5,5,2,13,23,2,9,3,4,C03,7,9,1,10,2,11,  ,23,23,1,22,8,C03,24.19022,120.643265,2
2018,11,13,9,1,臺中市,北區,0,1,0,8,1,5,50,4,1,1,5,4,5,7,4,4,10,5,5,2,15,6,2,7,1,1,C03,7,9,1,10,2,12,  ,6,6,1,21,8,C03,24.148221,120.685693,2
2018,11,13,9,2,臺中市,烏日區,0,0,,,,,,,,,,,,,,,,,,,,,,,,,B03,,,1,,2,,,16,,1,22,,B03,24.100704,120.611611,3
2018,11,13,9,5,臺中市,清水區,0,1,0,8,1,5,50,5,2,1,5,4,5,7,1,1,5,4,4,1,17,8,3,10,1,1,B03,7,5,1,8,2,8,  ,8,8,1,21,8,B03,24.266461,120.557013,2
2018,11,13,9,6,臺中市,西屯區,0,1,0,8,1,5,50,4,1,1,5,4,5,7,1,1,10,5,5,2,16,6,2,9,1,1,F03,7,5,8,20,2,16,  ,6,6,1,22,8,F03,24.163398,120.662245,2
2018,11,13,9,7,臺中市,西屯區,0,1,0,8,1,5,40,14,9,1,5,4,5,7,4,4,10,5,5,2,11,5,3,10,1,1,B12,7,9,1,8,2,4,  ,5,5,2,21,8,B12,24.207735,120.656748,2
2018,11,13,9,10,臺中市,南屯區,0,0,,8,,,50,,,,,,,,,,,,,,,,,,,,B03,,,1,,2,,,16,,1,  ,,B03,24.140577,120.625618,3
2018,11,13,9,10,臺中市,西屯區,0,0,0,8,1,5,50,,,,,,,,,,,,,,,42,  ,  ,  ,  ,B03,  ,  ,1,  ,2,5,  ,42,42,1,21,  ,B03,24.196403,120.647161,3
2018,11,13,9,14,臺中市,西屯區,0,0,0,8,,,40,,,,,,,,,,,,,,,42,  ,  ,  ,  ,B12,  ,  ,1,  ,3,  ,  ,42,42,1,21,  ,B12,24.174977,120.648969,3
2018,11,13,9,31,臺中市,烏日區,0,1,0,8,1,5,40,11,9,1,5,4,5,5,4,4,10,5,5,2,11,5,2,8,4,5,F02,7,5,8,20,2,16,  ,5,5,1,21,8,F02,24.108086,120.603123,2
2018,11,13,9,39,臺中市,南區,0,1,0,8,1,5,50,14,9,1,5,4,5,7,4,4,5,5,5,2,16,26,2,9,1,1,C03,7,11,1,10,2,14,  ,26,26,1,5,5,C03,24.134501,120.68291,2
2018,11,13,9,39,臺中市,烏日區,0,1,0,8,1,5,50,3,1,1,5,4,5,7,4,4,5,4,4,2,17,11,3,10,1,1,C03,7,11,1,10,2,15,12,11,11,1,21,8,C03,24.105558,120.639293,2
2018,11,13,9,41,臺中市,后里區,0,1,0,8,1,5,50,14,9,1,5,4,5,7,4,4,5,4,5,1,12,3,2,9,3,4,C03,7,5,3,18,2,13,  ,3,3,1,21,8,C03,24.305401,120.711148,2
2018,11,13,9,42,臺中市,大里區,0,0,,8,,,50,,,,,,,,,,,,,,,,,,,,B03,,,1,,9,,,12,,1,12,,B03,24.082641,120.708955,3
2018,11,13,9,45,臺中市,大里區,0,1,0,8,1,5,50,4,1,1,5,4,5,7,1,1,10,5,5,1,13,16,3,10,1,1,C03,7,5,1,10,2,11,  ,16,16,1,18,8,C03,24.103657,120.674603,2
2018,11,13,9,47,臺中市,北區,,,,8,,,50,,,,,,,,,,,,,,,,,,,,B03,,,1,,2,,,23,,1,  ,,B03,24.150911,120.676995,3
2018,11,13,9,50,臺中市,西區,0,3,0,8,1,5,40,4,1,1,5,4,5,7,2,1,3,4,4,2,15,25,2,5,1,1,C03,7,9,3,18,2,11,  ,25,25,1,22,8,C03,24.132148,120.667307,2
2018,11,13,9,51,臺中市,中區,0,1,0,8,1,5,50,14,9,1,5,4,5,7,4,4,5,2,5,2,17,23,3,10,1,1,C03,7,9,1,10,2,12,  ,23,23,1,5,9,C03,24.13698,120.680835,2
2018,11,13,9,52,臺中市,南屯區,0,2,0,8,1,5,40,4,2,1,5,4,5,7,1,1,5,2,4,1,16,8,2,9,1,1,B03,7,5,1,8,2,2,  ,8,8,1,22,8,B03,24.131958,120.641281,2
2018,11,13,9,52,臺中市,龍井區,0,0,,8,,,50,,,,,,,,,,,,,,,,,,,,B03,,,1,,2,,,17,,1,21,,B03,24.18188,120.584084,3
2018,11,13,9,57,臺中市,后里區,0,0,,8,,,50,,,,,,,,,,,,,,,,,,,,   ,,,7,,11,,,43,,1,  ,,   ,24.30903,120.724705,3
2018,11,13,10,0,臺中市,北區,0,1,0,8,1,5,40,3,1,1,5,4,5,7,4,4,10,5,5,2,17,6,3,10,4,5,F03,7,5,8,20,2,16,  ,6,6,1,22,8,F03,24.169997,120.675053,2
2018,11,13,10,0,臺中市,烏日區,0,0,,8,,,50,,,,,,,,,,,,,,,,,,,,B01,,,1,,2,,,7,,1,10,,B01,24.111741,120.615731,3
2018,11,13,10,3,臺中市,北屯區,0,2,0,8,1,5,50,14,9,1,5,4,5,7,4,4,5,2,5,2,5,23,2,9,1,1,C03,7,9,1,10,2,11,  ,23,23,1,21,8,C03,24.170354,120.697958,2
2018,11,13,10,6,臺中市,南區,0,1,0,8,1,5,40,3,1,1,5,4,5,7,1,1,10,5,5,2,16,25,3,10,4,5,F01,7,11,8,20,2,16,  ,25,25,1,5,8,F01,24.125265,120.657727,2
2018,11,13,10,6,臺中市,西屯區,0,1,0,8,1,5,50,3,1,1,5,4,5,7,3,1,10,5,5,2,16,43,2,9,1,1,C03,7,9,1,10,2,12,  ,43,43,1,22,8,C03,24.167435,120.649713,2
2018,11,13,10,16,臺中市,西屯區,0,1,0,8,1,5,50,3,7,1,5,4,5,7,4,4,4,3,4,2,13,6,2,9,1,1,C03,7,5,1,10,2,13,  ,6,6,1,21,8,C03,24.170033,120.65411,2
2018,11,13,10,20,臺中市,南屯區,0,0,0,8,,,40,,,,,,,,,,,,,,,23,  ,  ,  ,  ,B01,  ,  ,1,  ,2,  ,  ,23,23,1,  ,  ,B01,24.140125,120.648712,3
2018,11,13,10,22,臺中市,北區,0,0,,8,,,50,,,,,,,,,,,,,,,,,,,,B03,,,1,,2,,,23,,1,5,,B03,24.157047,120.694307,3
2018,11,13,10,25,臺中市,北屯區,0,2,0,8,1,5,50,5,1,1,5,4,5,7,1,1,10,5,5,2,13,16,2,9,1,1,C03,7,9,1,10,2,12,14,16,16,1,5,8,C03,24.170435,120.697935,2
2018,11,13,10,27,臺中市,西屯區,0,0,,8,,,50,,,,,,,,,,,,,,,,,,,,B03,,,1,,2,,,23,,1,21,,B03,24.201308,120.664925,3
2018,11,13,10,30,臺中市,大肚區,0,0,,8,,,40,,,,,,,,,,,,,,,,,,,,B12,,,1,,2,,,43,,1,20,,B12,24.168739,120.582368,3
2018,11,13,10,44,臺中市,潭子區,0,1,0,8,1,5,50,3,1,1,5,4,5,7,4,4,3,5,5,2,16,6,3,10,1,1,B03,7,6,1,8,2,6,  ,6,6,1,22,8,B03,24.215581,120.704358,2
2018,11,13,10,45,臺中市,北區,0,1,0,8,1,5,50,4,1,1,5,4,5,7,1,1,10,5,5,2,17,6,3,10,1,1,B01,7,6,1,4,2,15,  ,6,6,1,21,8,B01,24.159222,120.677601,2
2018,11,13,10,45,臺中市,烏日區,0,0,,8,,,60,,,,,,,,,,,,,,,,,,,,B03,,,1,,2,,,19,,1,22,,B03,24.107871,120.638202,3
2018,11,13,10,50,臺中市,龍井區,0,0,,8,,,40,,,,,,,,,,,,,,,,,,,,B11,,,1,,2,,,12,,1,10,,B11,24.189395,120.593423,3
2018,11,13,10,52,臺中市,新社區,0,0,0,8,,,50,,,,,,,,,,,,,,,1,  ,  ,  ,  ,B12,  ,  ,1,  ,2,  ,  ,1,1,1,21,  ,B12,24.244098,120.808295,3
2018,11,13,11,10,臺中市,南屯區,0,0,,8,,,50,,,,,,,,,,,,,,,,,,,,B12,,,1,,2,,,42,,1,22,,B12,24.158363,120.63419,3
2018,11,13,11,10,臺中市,西屯區,0,1,0,8,1,5,1,14,8,1,5,4,5,7,4,4,9,5,4,2,16,40,3,10,3,4,B03,7,15,1,8,2,4,  ,40,40,1,22,8,B03,24.158931,120.653918,2
2018,11,13,11,10,臺中市,大肚區,0,0,,8,,,40,,,,,,,,,,,,,,,,,,,,B03,,,1,,2,,,12,,1,4,,B03,24.154185,120.544351,3
2018,11,13,11,11,臺中市,西屯區,0,1,0,8,1,5,50,14,9,1,5,4,5,7,1,1,10,5,5,2,29,43,2,9,1,1,C03,7,9,1,10,2,11,  ,43,43,1,21,8,C03,24.179473,120.634551,2
2018,11,13,11,11,臺中市,太平區,0,0,,8,,,40,,,,,,,,,,,,,,,,,,,,A12,,,1,,2,,,12,,1,21,,A12,24.114395,120.705009,3
2018,11,13,11,15,臺中市,后里區,0,2,0,8,1,5,40,14,9,1,5,4,5,7,3,1,5,5,5,1,13,8,2,9,1,1,C03,7,5,1,10,2,14,  ,8,8,1,5,5,C03,24.309268,120.72948,2
2018,11,13,11,15,臺中市,潭子區,0,0,,8,,,60,,,,,,,,,,,,,,,,,,,,B02,,,1,,2,,,23,,1,22,,B02,24.212961,120.702909,3
2018,11,13,11,16,臺中市,南屯區,0,0,0,8,1,5,40,14,9,1,5,4,5,7,1,1,5,4,5,2,21,23,3,10,1,1,B03,7,3,1,8,2,1,  ,23,23,1,22,8,B03,24.150163,120.650463,3
2018,11,13,11,17,臺中市,南屯區,0,0,,8,,,40,,,,,,,,,,,,,,,,,,,,B12,,,1,,2,,,23,,1,  ,,B12,24.146051,120.634009,3
2018,11,13,11,20,臺中市,南區,0,1,0,8,1,5,50,4,1,1,5,4,5,7,1,1,10,5,5,2,13,16,3,10,1,1,B03,7,9,1,8,2,8,  ,16,16,1,22,8,B03,24.124371,120.67912,2
2018,11,13,11,20,臺中市,西屯區,0,1,0,8,1,5,50,4,1,1,5,4,5,7,3,1,1,4,1,2,16,10,3,10,1,1,B03,7,11,1,8,2,6,  ,10,10,1,21,8,B03,24.187753,120.638226,2
2018,11,13,11,27,臺中市,梧棲區,0,1,0,8,1,5,50,11,9,1,5,4,5,7,4,4,8,2,5,1,16,10,3,10,1,1,B12,7,11,1,8,2,4,  ,10,10,1,2,8,B12,24.253819,120.533808,2
2018,11,13,11,30,臺中市,和平區,0,0,0,8,1,2,60,14,9,1,5,4,5,7,4,4,4,1,5,1,13,16,3,10,3,1,B03,7,9,1,8,2,1,  ,16,16,1,4,8,B03,24.17466,120.909341,3
2018,11,13,11,30,臺中市,大雅區,0,2,0,8,1,5,50,3,1,1,5,4,5,7,4,4,10,4,5,1,16,19,2,9,1,1,C03,7,1,1,10,9,14,  ,19,19,2,22,9,C03,24.230337,120.641232,2
2018,11,13,11,31,臺中市,大里區,0,1,0,8,1,5,40,11,9,1,5,4,5,1,4,4,5,4,5,2,11,26,3,10,1,1,B03,7,9,1,1,2,8,  ,26,26,1,23,8,B03,24.087736,120.691561,2
2018,11,13,11,33,臺中市,沙鹿區,0,1,0,8,1,5,50,4,1,1,5,4,5,7,4,4,10,5,5,2,16,9,3,10,1,1,B03,7,6,1,8,2,2,  ,9,9,1,18,8,B03,24.229723,120.570849,2
2018,11,13,11,45,臺中市,西屯區,0,0,,8,,,60,,,,,,,,,,,,,,,7,,,,,B12,,,1,,2,,,7,7,1,  ,,B12,24.157873,120.657898,3
2018,11,13,11,45,臺中市,太平區,0,1,0,8,1,5,50,3,9,1,5,4,5,7,4,4,10,5,5,2,13,23,3,10,1,1,B03,7,9,1,8,2,8,  ,23,23,1,5,8,B03,24.126413,120.714429,2
2018,11,13,11,53,臺中市,西區,0,2,0,8,1,5,50,4,1,1,5,4,5,7,1,1,10,5,5,2,16,6,2,9,1,1,C03,7,6,1,10,2,12,  ,6,6,1,21,5,C03,24.146312,120.670239,2
2018,11,13,11,55,臺中市,大里區,0,1,0,8,1,5,50,14,9,1,5,4,5,7,4,4,1,4,4,1,12,7,3,10,1,1,C03,7,7,1,10,2,14,  ,7,7,1,4,8,C03,24.087944,120.69577,2
2018,11,13,12,19,臺中市,西屯區,0,1,0,8,1,5,50,14,9,1,5,4,5,7,4,4,10,5,5,2,14,12,3,10,1,1,B03,7,2,1,8,2,3,  ,12,12,1,21,8,B03,24.186258,120.616588,2
2018,11,13,12,25,臺中市,西區,0,1,0,8,1,5,50,14,9,1,5,4,5,7,4,4,5,4,5,2,17,26,3,10,1,1,B03,7,11,1,8,2,4,  ,26,26,1,5,7,B03,24.134815,120.676803,2
2018,11,13,12,28,臺中市,東區,0,0,0,8,1,5,50,14,9,1,5,4,5,7,2,1,5,4,5,2,13,16,3,10,1,1,B03,7,15,1,8,2,7,  ,44,16,1,21,8,B03,24.129884,120.706157,3
2018,11,13,12,29,臺中市,霧峰區,0,3,0,8,1,5,40,11,9,1,5,4,5,7,4,4,10,5,5,1,11,5,2,8,1,1,C03,7,9,1,10,2,11,  ,5,5,1,18,8,C03,24.071227,120.716298,2
2018,11,13,12,30,臺中市,西區,0,2,0,8,1,5,50,14,7,1,5,4,5,7,4,4,5,4,5,2,13,23,2,9,1,1,C03,7,9,1,10,2,11,  ,23,23,1,22,8,C03,24.131843,120.668542,2
2018,11,13,12,30,臺中市,新社區,0,0,0,8,,,50,,,,,,,,,,,,,,,26,  ,  ,  ,  ,B12,  ,  ,1,  ,2,  ,  ,26,26,1,  ,  ,B12,24.260266,120.803233,3
2018,11,13,12,44,臺中市,沙鹿區,0,1,0,8,1,5,50,3,1,1,5,4,5,7,4,4,10,5,5,2,17,6,2,8,1,1,C03,7,1,1,10,2,11,  ,6,6,1,2,8,C03,24.249509,120.567484,2
2018,11,13,12,51,臺中市,西屯區,0,1,0,8,1,5,40,4,1,1,5,4,5,7,4,4,10,5,5,2,16,6,3,10,1,1,C03,7,9,1,10,2,12,  ,6,6,1,21,8,C03,24.179891,120.644415,2
2018,11,13,12,52,臺中市,大雅區,0,1,0,8,1,5,50,3,1,1,5,4,5,7,2,1,3,4,4,1,16,10,3,10,1,1,B03,7,11,6,18,2,2,  ,10,10,1,22,9,B03,24.237915,120.633244,2
2018,11,13,12,53,臺中市,西屯區,0,0,,8,,,40,,,,,,,,,,,,,,,,,,,,B03,,,1,,2,,,7,,1,  ,,B03,24.161257,120.651632,3
2018,11,13,12,56,臺中市,西區,0,4,0,8,1,5,50,14,9,1,5,4,5,7,4,4,5,4,5,2,16,7,2,8,1,1,C03,7,7,1,10,2,14,  ,7,7,1,18,5,C03,24.149335,120.661652,2
2018,11,13,13,7,臺中市,西屯區,0,0,0,8,,,40,,,,,,,,,,,,,,,42,  ,  ,  ,  ,B12,  ,  ,1,  ,2,  ,  ,42,42,1,22,  ,B12,24.181241,120.640343,3
2018,11,13,13,12,臺中市,太平區,0,0,,8,,,50,,,,,,,,,,,,,,,,,,,,G03,,,1,,2,,,42,,1,6,,G03,24.12647,120.708223,3
2018,11,13,13,13,臺中市,西屯區,0,0,,8,,,50,,,,,,,,,,,,,,,,,,,,A02,,,1,,2,,,23,,1,22,,A02,24.179393,120.635791,3
2018,11,13,13,15,臺中市,南區,0,0,,8,1,5,50,3,1,1,5,4,5,7,1,1,10,5,5,2,13,,,,,,C03,,,1,,2,,,23,,1,5,,C03,24.119726,120.648623,3
2018,11,13,13,15,臺中市,大肚區,0,0,,8,,,50,,,,,,,,,,,,,,,,,,,,A12,,,1,,2,,,23,,1,10,,A12,24.118623,120.576945,3
2018,11,13,13,15,臺中市,神岡區,0,0,,8,,,50,,,,,,,,,,,,,,,,,,,,B03,,,1,,2,,,23,,1,21,,B03,24.264243,120.699559,3
2018,11,13,13,29,臺中市,南屯區,0,0,0,8,,,50,,,,,,,,,,,,,,,7,  ,  ,  ,  ,C03,  ,  ,1,  ,2,  ,  ,7,7,1,22,  ,C03,24.140153,120.652286,3
2018,11,13,13,38,臺中市,大雅區,0,0,,8,,,50,,,,,,,,,,,,,,,,,,,,B03,,,1,,2,,,6,,1,22,,B03,24.21537,120.666046,3
2018,11,13,13,40,臺中市,北區,0,0,,8,,,50,,,,,,,,,,,,,,,,,,,,B03,,,1,,2,,,23,,1,5,,B03,24.153233,120.684,3
2018,11,13,13,41,臺中市,南屯區,0,0,,8,,,50,,,,,,,,,,,,,,,,,,,,A31,,,1,,2,,,12,,1,10,,A31,24.132211,120.646116,3
2018,11,13,14,3,臺中市,大雅區,0,0,,,,,,,,,,,,,,,,,,,,,,,,,A41,,,1,,2,,,23,,1,21,,A41,24.21268,120.650019,3
2018,11,13,14,5,臺中市,大里區,0,0,,8,,,50,,,,,,,,,,,,,,,,,,,,C03,,,1,,2,,,16,,1,4,,C03,24.108735,120.689989,3
2018,11,13,14,9,臺中市,西屯區,0,1,0,8,1,5,50,3,1,1,5,4,5,7,4,4,4,3,4,2,16,10,3,10,1,1,B03,7,11,1,8,2,8,  ,10,10,1,21,8,B03,24.185483,120.621289,2
2018,11,13,14,10,臺中市,西區,0,1,0,8,1,5,50,4,1,1,5,4,5,7,4,4,10,5,5,2,15,6,2,9,1,1,C03,7,9,1,10,2,12,  ,6,6,1,21,8,C03,24.136532,120.656231,2
2018,11,13,14,10,臺中市,南區,0,2,0,8,1,5,50,4,1,1,5,4,5,7,2,1,10,5,5,2,3,15,2,9,1,1,C03,7,9,1,10,2,11,  ,15,15,1,22,8,C03,24.124263,120.675098,2
2018,11,13,14,10,臺中市,霧峰區,0,2,0,8,1,5,50,4,1,1,5,4,5,7,4,4,10,5,5,2,15,6,2,9,1,1,C03,7,9,1,10,2,12,  ,6,6,1,12,5,C03,24.060936,120.69571,2
2018,11,13,14,12,臺中市,北屯區,0,1,0,8,1,5,50,3,1,1,5,4,5,7,4,4,5,5,5,2,16,4,3,10,1,1,C03,7,5,4,8,2,12,  ,4,4,1,22,8,C03,24.181705,120.691079,2
2018,11,13,14,15,臺中市,大安區,0,1,0,8,1,5,50,4,2,1,5,4,5,7,4,4,5,5,5,1,10,26,2,9,1,1,C03,7,9,1,10,2,11,  ,26,26,1,18,8,C03,24.369293,120.594635,2
2018,11,13,14,15,臺中市,大甲區,0,0,,8,,,40,,,,,,,,,,,,,,,,,,,,B03,,,1,,2,,,44,,1,22,,B03,24.343972,120.622315,3
2018,11,13,14,22,臺中市,西屯區,0,1,0,8,1,5,50,4,2,1,5,4,5,7,1,1,9,4,4,2,13,23,3,10,1,1,B03,7,9,1,8,2,1,  ,23,23,1,21,8,B03,24.177803,120.642314,2
2018,11,13,14,28,臺中市,大里區,0,1,0,8,1,5,40,4,1,1,5,4,5,7,1,1,10,5,5,1,17,23,3,10,1,1,B12,7,5,1,8,2,4,  ,23,23,1,21,3,B12,24.09752,120.702371,2
2018,11,13,14,30,臺中市,北區,0,0,,8,,,50,,,,,,,,,,,,,,,,,,,,B03,,,1,,2,,,23,,1,  ,,B03,24.164697,120.68495,3
2018,11,13,14,35,臺中市,大肚區,0,0,,8,,,40,,,,,,,,,,,,,,,,,,,,B11,,,1,,2,,,17,,1,12,,B11,24.124748,120.569853,3
2018,11,13,14,39,臺中市,西屯區,0,0,0,8,,,50,,,,,,,,,,,,,,,16,  ,  ,  ,  ,B03,  ,  ,1,  ,2,  ,  ,16,16,1,  ,  ,B03,24.186325,120.615665,3
2018,11,13,14,40,臺中市,清水區,0,1,0,8,1,5,50,4,1,1,5,4,5,7,1,1,5,4,5,1,12,44,3,10,1,1,B03,7,6,1,8,2,2,  ,44,44,1,21,8,B03,24.267311,120.561106,2
2018,11,13,14,43,臺中市,西屯區,0,0,0,8,1,5,40,,,,,,,,,,,,,,,12,  ,  ,  ,  ,B03,  ,  ,1,  ,2,7,  ,12,12,1,21,  ,B03,24.184978,120.618619,3
2018,11,13,14,51,臺中市,南屯區,0,1,0,8,1,5,50,14,9,1,5,4,5,7,4,4,5,4,5,2,18,13,2,9,1,1,C04,7,9,1,10,2,14,  ,13,13,1,22,8,C04,24.140093,120.652336,2
2018,11,13,15,0,臺中市,大里區,0,0,,8,,,50,,,,,,,,,,,,,,,,,,,,B03,,,1,,2,,,6,,1,  ,,B03,24.103717,120.672688,3
2018,11,13,15,3,臺中市,西屯區,0,1,0,8,1,5,50,4,7,1,5,4,5,7,1,1,3,2,4,2,16,9,3,10,3,4,B03,7,6,1,8,2,5,  ,9,9,1,22,8,B03,24.1725,120.6609,2
2018,11,13,15,11,臺中市,北屯區,0,1,0,8,1,5,50,4,1,1,5,4,5,7,1,1,10,5,5,2,16,19,3,10,1,1,C03,7,6,3,18,9,12,  ,23,19,2,21,8,C03,24.178118,120.719211,2
2018,11,13,15,24,臺中市,大里區,0,2,0,8,1,5,40,4,2,1,5,4,5,7,4,4,10,5,2,2,17,19,2,9,1,1,C03,7,1,3,18,2,11,  ,19,19,1,20,5,C03,24.114372,120.686849,2
2018,11,13,15,28,臺中市,東區,0,0,0,7,1,5,50,13,9,1,5,4,5,7,4,4,10,5,5,2,14,12,  ,  ,  ,  ,B03,  ,2,1,7,2,4,  ,12,12,1,5,  ,B03,24.136953,120.70173,3
2018,11,13,15,30,臺中市,北屯區,0,2,0,8,1,5,40,14,9,4,5,4,3,6,4,4,10,5,5,2,3,53,2,9,1,1,C04,7,9,1,10,2,11,  ,23,53,1,21,8,C04,24.194201,120.663178,2
2018,11,13,15,33,臺中市,大里區,0,1,0,8,1,5,50,3,1,1,5,4,5,7,1,1,10,5,5,2,16,9,3,10,1,1,B02,7,6,1,8,2,6,  ,9,9,1,21,8,B02,24.104028,120.67798,2
2018,11,13,15,37,臺中市,南屯區,0,0,,8,,,50,,,,,,,,,,,,,,,,,,,,B03,,,1,,2,,,23,,1,21,,B03,24.140982,120.647781,3
2018,11,13,15,37,臺中市,大甲區,0,1,0,8,1,5,50,3,2,1,5,4,5,7,4,4,5,5,5,1,16,6,2,8,1,1,C03,7,6,1,10,2,14,  ,6,6,1,2,8,C03,24.348802,120.627548,2