年,月,日,時,分,縣市,區,死,受傷,2-30,天候,光線,道路類別,速限,道路型態,事故位置,路面鋪裝,路面狀態,路面缺陷,障礙物,視距,號誌種類,號誌動作,分向設施,快車道或一般車道間,快慢車道間,路面邊線,事故類型及型態,主要肇因,受傷程度,主要傷處,保護裝備,行動電話,當事者區分_類別,車輛用途,當事者行動狀態,駕駛資格情形,駕駛執照種類,飲酒情形,車輛撞擊部位最初,車輛撞擊部位其他,肇事因素個別,肇事因素主要,肇事逃逸,職業,旅次目的,車種,GPS座標_緯度,GPS座標_經度,事故類別
2018,11,13,15,41,臺中市,外埔區,0,0,0,8,,,40,,,,,,,,,,,,,,,6,  ,  ,  ,  ,B02,  ,  ,1,  ,2,  ,  ,6,6,1,4,  ,B02,24.332895,120.655363,3
2018,11,13,15,45,臺中市,神岡區,0,0,0,8,,,50,,,,,,,,,,,,,,,4,  ,  ,  ,  ,B12,  ,  ,1,  ,2,  ,  ,4,4,1,21,  ,B12,24.250726,120.646218,3
2018,11,13,15,46,臺中市,北屯區,0,0,,8,,,50,,,,,,,,,,,,,,,,,,,,B03,,,1,,2,,,23,,1,20,,B03,24.17612,120.669878,3
2018,11,13,15,47,臺中市,大雅區,0,0,,8,,,50,,,,,,,,,,,,,,,,,,,,B03,,,1,,2,,,16,,1,  ,,B03,24.211006,120.650525,3
2018,11,13,15,54,臺中市,西屯區,0,0,0,8,,,50,,,,,,,,,,,,,,,23,  ,  ,  ,  ,B03,  ,  ,1,  ,2,  ,  ,23,23,1,21,  ,B03,24.166841,120.651683,3
2018,11,13,15,54,臺中市,潭子區,0,1,0,8,1,8,40,14,16,1,5,4,5,7,4,4,10,5,5,1,13,23,3,10,1,1,B03,7,9,1,8,2,5,  ,23,23,1,22,8,B03,24.200891,120.709466,2
2018,11,13,15,55,臺中市,大里區,0,0,,8,,,40,,,,,,,,,,,,,,,,,,,,B03,,,1,,2,,,23,,1,9,,B03,24.112211,120.697781,3
2018,11,13,15,59,臺中市,西屯區,0,0,0,8,1,5,50,14,9,1,5,4,5,7,4,4,9,4,5,2,14,12,3,10,3,4,B11,7,2,1,3,2,3,  ,12,12,2,22,9,B11,24.160709,120.646762,3
2018,11,13,16,3,臺中市,北屯區,0,1,0,8,1,5,50,4,1,1,5,4,5,7,2,1,10,5,5,2,15,25,3,10,1,1,B03,7,9,1,4,2,1,  ,25,25,1,21,8,B03,24.166713,120.728361,2
2018,11,13,16,5,臺中市,北屯區,0,0,0,8,1,5,50,3,2,1,5,4,5,7,1,1,1,2,5,2,13,23,3,10,1,1,B12,7,9,6,8,7,1,  ,23,23,1,22,8,B12,24.167033,120.720715,3
2018,11,13,16,8,臺中市,清水區,0,0,,8,,,50,,,,,,,,,,,,,,,,,,,,A05,,,1,,2,,,23,,1,10,,A05,24.273866,120.577261,3
2018,11,13,16,9,臺中市,梧棲區,0,0,,8,,,40,,,,,,,,,,,,,,,19,,,,,B03,,,1,,2,,,23,19,  ,  ,,B03,24.246649,120.544148,4
2018,11,13,16,10,臺中市,西屯區,0,1,0,8,1,5,50,3,2,1,5,4,5,7,1,1,1,4,4,2,16,43,2,9,3,4,C03,7,5,1,10,2,12,  ,43,43,1,21,8,C03,24.15998,120.64361,2
2018,11,13,16,14,臺中市,大里區,0,0,,8,,,60,,,,,,,,,,,,,,,,,,,,B12,,,1,,2,,,16,,1,  ,,B12,24.085517,120.685767,3
2018,11,13,16,15,臺中市,沙鹿區,0,2,0,8,2,5,50,4,1,1,5,4,5,7,1,1,10,5,5,2,17,19,2,9,1,1,C03,7,1,1,10,2,14,  ,19,19,1,18,8,C03,24.224401,120.576683,2
2018,11,13,16,16,臺中市,霧峰區,0,0,,8,,,40,,,,,,,,,,,,,,,,,,,,B12,,,1,,2,,,6,,1,21,,B12,24.077961,120.670692,3
2018,11,13,16,18,臺中市,梧棲區,0,1,0,8,1,5,50,4,1,1,5,4,5,7,3,1,10,5,5,1,15,6,3,10,3,4,B12,7,9,1,7,2,2,  ,14,6,1,21,8,B12,24.256136,120.526878,2
2018,11,13,16,20,臺中市,后里區,0,0,,8,,,40,,,,,,,,,,,,,,,,,,,,B03,,,1,,2,,,6,,1,  ,,B03,24.308228,120.721158,4
2018,11,13,16,24,臺中市,大里區,0,1,0,8,1,5,40,14,9,1,5,4,5,7,4,4,10,5,5,2,17,40,3,10,1,1,B03,7,13,1,8,2,4,  ,40,40,1,19,5,B03,24.09385,120.703344,2
2018,11,13,16,25,臺中市,外埔區,0,0,0,8,2,5,50,12,16,1,5,4,5,7,1,1,1,4,5,2,13,16,3,10,1,1,B03,7,9,1,8,2,1,  ,42,16,1,22,9,B03,24.34122,120.639392,3
2018,11,13,16,30,臺中市,西屯區,0,1,0,8,1,5,50,4,2,1,5,4,5,7,1,1,5,5,5,2,17,43,2,9,1,1,C03,7,9,1,10,2,15,  ,43,43,1,21,8,C03,24.167935,120.646126,2
2018,11,13,16,30,臺中市,西屯區,0,0,,8,,,40,,,,,,,,,,,,,,,,,,,,B03,,,1,,2,,,12,,1,22,,B03,24.185255,120.61909,3
2018,11,13,16,34,臺中市,大里區,0,2,0,8,1,5,50,3,2,1,5,4,5,7,4,4,5,5,5,1,17,11,2,8,1,1,C03,7,11,1,10,2,11,  ,11,11,1,21,8,C03,24.094553,120.67796,2
2018,11,13,16,38,臺中市,西屯區,0,1,0,8,1,5,50,14,9,1,5,4,5,7,4,4,9,4,4,2,13,16,2,9,1,1,C03,7,9,1,10,2,11,  ,16,16,1,21,8,C03,24.200848,120.643968,2
2018,11,13,16,39,臺中市,南屯區,0,0,,8,,,50,,,,,,,,,,,,,,,,,,,,B03,,,1,,2,,,6,,1,5,,B03,24.150875,120.645508,3
2018,11,13,16,40,臺中市,烏日區,0,0,,8,,,40,,,,,,,,,,,,,,,,,,,,B03,,,1,,2,,,6,,1,21,,B03,24.100818,120.641055,3
2018,11,13,16,40,臺中市,大甲區,0,0,0,8,1,5,40,3,1,1,5,4,5,7,4,4,8,3,5,1,13,23,3,10,1,1,A11,7,14,1,1,2,1,  ,23,23,1,10,3,A11,24.408106,120.643634,3
2018,11,13,16,42,臺中市,西屯區,0,0,,8,,,50,,,,,,,,,,,,,,,,,,,,B03,,,1,,2,,,9,,1,22,,B03,24.181025,120.63825,3
2018,11,13,16,43,臺中市,新社區,0,1,0,8,1,5,40,3,9,1,5,4,5,7,4,4,10,5,5,2,16,6,3,10,1,1,B03,7,5,1,8,2,4,  ,6,6,1,22,9,B03,24.249338,120.813265,2
2018,11,13,16,46,臺中市,西區,0,0,,8,,,50,,,,,,,,,,,,,,,,,,,,B12,,,1,,2,,,9,,1,22,,B12,24.146184,120.670562,3
2018,11,13,16,46,臺中市,西屯區,0,1,0,8,1,5,40,14,9,1,5,4,5,7,4,4,5,5,5,2,20,42,2,7,1,1,B02,7,7,1,8,2,8,  ,42,42,1,21,8,B02,24.169081,120.619431,2
2018,11,13,17,2,臺中市,龍井區,0,2,0,8,2,5,50,3,1,1,5,4,5,7,4,4,10,5,5,2,3,23,2,9,1,1,C03,7,9,1,10,2,11,  ,23,23,1,22,8,C03,24.181557,120.586613,2
2018,11,13,17,5,臺中市,中區,0,1,0,8,2,5,50,14,9,1,5,4,5,7,4,4,5,2,5,2,11,19,3,10,1,1,B03,7,9,1,8,2,2,  ,23,19,1,21,8,B03,24.141122,120.682968,2
2018,11,13,17,6,臺中市,南屯區,0,1,0,8,2,5,40,4,1,1,5,4,5,7,4,4,10,5,5,2,15,6,3,10,1,1,B03,7,9,1,8,2,2,  ,6,6,1,22,8,B03,24.153126,120.628305,2
2018,11,13,17,7,臺中市,西屯區,0,1,0,8,1,5,50,3,1,1,5,4,5,7,1,1,1,4,4,2,16,25,3,10,3,4,B12,7,9,1,8,2,4,  ,25,25,1,21,8,B12,24.185188,120.64235,2
2018,11,13,17,7,臺中市,潭子區,0,0,,8,,,60,,,,,,,,,,,,,,,,,,,,B03,,,1,,2,,,7,,1,22,,B03,24.217859,120.705827,3
2018,11,13,17,8,臺中市,大雅區,0,1,0,8,2,5,40,3,2,1,5,4,5,7,4,4,5,5,5,1,16,26,2,9,1,1,C03,7,5,1,10,2,12,  ,26,26,1,22,8,C03,24.2191,120.651119,2
2018,11,13,17,11,臺中市,大里區,0,2,0,8,1,5,50,14,9,1,5,4,5,7,4,4,5,5,5,2,13,16,2,9,1,1,C03,7,9,1,10,2,11,  ,16,16,1,21,8,C03,24.090524,120.684811,2
2018,11,13,17,11,臺中市,沙鹿區,0,0,,8,,,60,,,,,,,,,,,,,,,,,,,,B12,,,1,,2,,,23,,1,  ,,B12,24.215285,120.552349,3
2018,11,13,17,14,臺中市,東區,0,1,0,8,2,5,50,11,9,1,5,4,5,7,4,4,3,4,5,2,12,17,3,10,1,1,B03,7,9,1,8,2,2,  ,17,17,1,21,8,B03,24.137898,120.689848,2
2018,11,13,17,18,臺中市,西區,0,1,0,8,3,5,50,3,1,1,5,4,5,7,4,4,1,4,1,2,16,42,3,10,1,1,B03,7,6,3,18,2,5,  ,42,42,1,21,8,B03,24.156535,120.661023,2
2018,11,13,17,19,臺中市,西區,0,1,0,8,3,5,50,3,1,1,5,4,5,7,4,4,1,4,1,2,16,42,3,10,1,1,B03,7,6,1,8,2,5,  ,42,42,1,21,8,B03,24.156533,120.660995,2
2018,11,13,17,20,臺中市,北屯區,0,0,,8,,,50,,,,,,,,,,,,,,,,,,,,   ,,,7,,11,,,43,,1,  ,,   ,24.195536,120.68636,3
2018,11,13,17,20,臺中市,龍井區,0,0,,8,,,50,,,,,,,,,,,,,,,,,,,,B03,,,1,,2,,,23,,1,21,,B03,24.184951,120.585252,3
2018,11,13,17,24,臺中市,北屯區,0,0,,8,,,50,,,,,,,,,,,,,,,,,,,,B12,,,1,,2,,,26,,1,21,,B12,24.176198,120.669983,3
2018,11,13,17,24,臺中市,大肚區,0,2,0,8,1,5,50,4,1,1,5,4,5,7,1,1,10,5,5,2,3,23,2,9,4,5,F01,7,9,8,20,2,16,  ,23,23,1,19,1,F01,24.157006,120.538434,2
2018,11,13,17,25,臺中市,大甲區,0,0,,,,,70,,,,,,,,,,,,,,,,,,,,B12,,,1,,2,,,16,,1,9,,B12,24.363536,120.639799,3
2018,11,13,17,30,臺中市,潭子區,0,0,,8,,,30,,,,,,,,,,,,,,,,,,,,B03,,,1,,2,,,5,,1,22,,B03,24.220217,120.68038,3
2018,11,13,17,31,臺中市,霧峰區,0,0,,8,,,70,,,,,,,,,,,,,,,,,,,,B03,,,1,,2,,,7,,1,4,,B03,24.01254,120.695928,3
2018,11,13,17,32,臺中市,東區,0,1,0,8,2,5,50,4,18,1,5,4,5,7,2,1,10,5,5,2,1,15,3,10,1,1,B03,7,5,1,8,2,8,  ,15,15,1,22,8,B03,24.126449,120.6888,2
2018,11,13,17,32,臺中市,大里區,0,0,,8,,,50,,,,,,,,,,,,,,,,,,,,C03,,,1,,2,,,7,,1,21,,C03,24.091078,120.703328,3
2018,11,13,17,36,臺中市,西區,0,0,0,8,3,5,50,4,2,1,5,4,5,7,4,4,5,5,5,2,14,12,3,10,1,1,B03,7,2,1,8,2,3,  ,12,12,1,21,8,B03,24.147901,120.670953,3
2018,11,13,17,37,臺中市,西屯區,0,0,,8,,,70,,,,,,,,,,,,,,,,,,,,B02,,,1,,2,,,7,,1,22,,B02,24.178551,120.624604,3
2018,11,13,17,38,臺中市,霧峰區,0,0,,,,,,,,,,,,,,,,,,,,,,,,,,,,,,,,,,,,,,,,,3
2018,11,13,17,38,臺中市,大雅區,0,1,0,8,3,5,50,14,7,1,5,4,5,7,4,4,5,5,4,1,16,10,3,10,1,1,B03,7,11,1,7,2,8,  ,10,10,1,22,9,B03,24.215651,120.63347,2
2018,11,13,17,39,臺中市,南區,0,1,0,8,1,5,50,4,1,1,5,4,5,7,4,4,10,5,5,2,16,19,2,9,1,1,C04,7,1,1,10,2,12,  ,19,19,1,22,9,C04,24.117805,120.666814,2
2018,11,13,17,39,臺中市,西屯區,0,0,0,8,,,50,,,,,,,,,,,,,,,7,  ,  ,  ,  ,C03,  ,  ,1,  ,2,  ,  ,7,7,1,22,  ,C03,24.170084,120.636483,3
2018,11,13,17,40,臺中市,大雅區,0,0,,8,,,50,,,,,,,,,,,,,,,,,,,,B12,,,1,,2,,,16,,1,  ,,B12,24.212646,120.650041,3
2018,11,13,17,41,臺中市,南區,0,0,0,8,,,50,,,,,,,,,,,,,,,,3,  ,  ,  ,B03,  ,  ,1,  ,2,  ,  ,16,  ,1,21,  ,B03,24.126708,120.679155,3
2018,11,13,17,42,臺中市,南區,0,0,0,,,,,,,,,,,,,,,,,,,7,3,  ,  ,  ,B03,  ,  ,1,  ,2,  ,  ,7,7,1,22,  ,B03,24.121815,120.649031,3
2018,11,13,17,45,臺中市,北區,0,2,0,8,3,5,40,3,2,1,5,4,5,7,4,4,1,4,4,2,3,51,2,9,4,5,H01,8,16,8,20,10,16,  ,51,51,1,22,8,H01,24.163,120.68,2
2018,11,13,17,52,臺中市,大里區,0,0,,8,,,50,,,,,,,,,,,,,,,,,,,,B03,,,1,,2,,,23,,1,22,,B03,24.099826,120.695966,3
2018,11,13,17,53,臺中市,東區,0,1,0,7,3,5,50,3,1,1,5,4,5,7,1,1,9,4,4,2,18,26,2,8,1,1,C03,7,15,1,10,2,12,  ,26,26,1,5,8,C03,24.149524,120.697498,2
2018,11,13,17,57,臺中市,東區,0,0,0,8,,,50,,,,,,,,,,,,,,,42,3,  ,  ,  ,B03,  ,  ,1,  ,2,  ,  ,42,42,1,21,  ,B03,24.141694,120.71029,3
2018,11,13,18,1,臺中市,大里區,0,0,,8,,,40,,,,,,,,,,,,,,,,,,,,B12,,,1,,2,,,12,,1,21,,B12,24.086077,120.673046,3
2018,11,13,18,6,臺中市,大甲區,0,0,,,,,,,,,,,,,,,,,,,,,,,,,B03,,,1,,2,,,23,,1,  ,,B03,24.348368,120.617988,3
2018,11,13,18,11,臺中市,西屯區,0,1,0,8,3,5,50,4,1,1,5,4,5,7,1,1,1,5,5,2,16,8,2,9,1,1,C03,7,5,3,18,2,14,12,8,8,1,22,8,C03,24.187232,120.608015,2
2018,11,13,18,13,臺中市,北區,0,1,0,8,3,5,50,5,1,1,5,4,5,7,2,1,10,5,5,2,16,26,3,10,1,1,B03,7,6,1,8,2,5,  ,26,26,1,22,8,B03,24.154772,120.686157,2
2018,11,13,18,13,臺中市,太平區,0,0,,8,,,50,,,,,,,,,,,,,,,44,,,,,C03,,,1,,2,,,23,44,1,21,,C03,24.111995,120.703642,3
2018,11,13,18,14,臺中市,西區,0,1,0,8,3,5,50,4,1,1,5,4,5,7,3,1,10,5,5,2,16,6,3,10,1,1,B03,7,9,1,8,2,8,  ,6,6,1,21,8,B03,24.16193,120.662315,2
2018,11,13,18,15,臺中市,西屯區,0,0,,8,,,50,,,,,,,,,,,,,,,,,,,,B03,,,1,,2,,,23,,1,21,,B03,24.1555,120.643808,3
2018,11,13,18,20,臺中市,西屯區,0,0,,8,,,50,,,,,,,,,,,,,,,,,,,,B03,,,1,,2,,,23,,1,  ,,B03,24.174534,120.648352,3
2018,11,13,18,25,臺中市,南區,0,1,0,8,3,5,50,4,1,1,5,4,5,7,1,1,10,5,5,2,12,17,3,10,1,1,B12,6,9,1,8,2,2,  ,17,17,1,22,9,B12,24.113568,120.653365,2
2018,11,13,18,34,臺中市,西區,0,0,,8,,,50,,,,,,,,,,,,,,,,,,,,B03,,,1,,2,,,9,,1,21,,B03,24.147754,120.652182,3
2018,11,13,18,40,臺中市,清水區,0,0,,8,,,50,,,,,,,,,,,,,,,,,,,,B12,,,1,,2,,,12,,1,21,,B12,24.273373,120.574983,3
2018,11,13,18,42,臺中市,北屯區,0,2,0,8,3,5,50,14,7,1,5,4,5,7,4,4,1,4,4,2,16,23,2,9,1,1,C03,7,9,1,10,2,14,  ,23,23,1,21,8,C03,24.175543,120.670746,2
2018,11,13,18,42,臺中市,太平區,0,0,,8,,,50,,,,,,,,,,,,,,,,,,,,B12,,,1,,2,,,7,,1,20,,B12,24.135176,120.709486,3
2018,11,13,18,43,臺中市,北區,0,1,0,8,3,5,50,4,1,1,5,4,5,7,2,1,1,2,4,2,11,6,3,10,3,4,B03,7,5,1,8,2,2,  ,6,6,1,22,9,B03,24.160527,120.675525,2
2018,11,13,18,43,臺中市,清水區,0,1,0,8,1,5,40,4,2,1,5,4,5,7,4,4,10,5,5,2,15,6,3,10,1,1,B03,7,9,1,8,3,5,  ,6,6,1,21,8,B03,24.274868,120.548972,2
2018,11,13,18,45,臺中市,大甲區,0,0,,8,,,50,,,,,,,,,,,,,,,,,,,,B03,,,1,,2,,,12,,1,5,,B03,24.342723,120.623815,3
2018,11,13,18,55,臺中市,南屯區,0,0,,8,,,50,,,,,,,,,,,,,,,,,,,,B03,,,1,,2,,,23,,1,19,,B03,24.148503,120.649827,3
2018,11,13,19,0,臺中市,大甲區,0,2,0,8,3,5,70,14,8,1,5,4,5,7,4,4,1,4,4,1,12,16,2,8,1,1,C03,7,9,1,10,2,11,  ,16,16,1,9,8,C03,24.332272,120.613364,2
2018,11,13,19,10,臺中市,東區,0,2,0,8,3,5,50,3,2,1,5,4,5,7,1,1,10,5,5,2,13,16,2,9,1,1,C03,7,9,1,10,2,11,  ,16,16,1,21,8,C03,24.15188,120.694216,2
2018,11,13,19,12,臺中市,北區,0,3,0,8,3,5,50,3,1,1,5,4,5,7,2,1,10,5,5,2,16,6,2,9,1,1,C03,7,5,1,10,2,12,  ,6,6,1,18,8,C03,24.1574,120.681,2
2018,11,13,19,13,臺中市,新社區,0,0,,8,,,50,,,,,,,,,,,,,,,,,,,,B03,,,1,,2,,,23,,1,7,,B03,24.237196,120.809718,3
2018,11,13,19,17,臺中市,西屯區,0,0,,8,,,40,,,,,,,,,,,,,,,,,,,,B03,,,1,,2,,,23,,1,22,,B03,24.199134,120.654883,3
2018,11,13,19,22,臺中市,西屯區,0,1,0,8,3,5,50,14,9,1,5,4,5,7,4,4,1,4,4,2,13,23,3,10,1,1,B03,7,9,1,8,2,8,  ,23,23,1,22,8,B03,24.200905,120.658351,2
2018,11,13,19,22,臺中市,西屯區,0,1,0,8,1,5,50,4,2,1,5,4,5,7,1,1,1,2,1,2,16,9,3,10,3,4,B03,7,6,1,8,2,5,  ,9,9,1,22,8,B03,24.195006,120.6443,2
2018,11,13,19,30,臺中市,東區,0,0,0,8,3,5,50,14,8,1,5,4,5,7,1,1,5,5,4,2,16,23,3,10,1,1,B03,7,6,1,8,1,2,  ,23,23,1,21,8,B03,24.144449,120.70606,3
2018,11,13,19,30,臺中市,南區,0,0,0,8,,,0,,,,,,,,,,,,,,,,3,  ,  ,  ,B12,  ,  ,1,  ,2,  ,  ,16,  ,1,21,  ,B12,24.113176,120.658316,3
2018,11,13,19,39,臺中市,南區,0,2,0,8,3,5,50,14,9,1,5,4,5,7,4,4,5,4,5,2,3,51,2,9,4,5,H01,8,16,8,20,10,16,  ,51,51,1,22,9,H01,24.132978,120.683736,2
2018,11,13,19,42,臺中市,南區,0,1,0,8,3,5,50,3,1,1,5,4,5,7,4,4,10,5,5,2,16,6,3,10,1,1,B03,7,6,1,1,2,2,  ,6,6,1,21,8,B03,24.121721,120.66674,2
2018,11,13,19,48,臺中市,西屯區,0,2,0,8,1,5,40,4,18,1,5,4,5,7,4,4,5,4,5,2,3,15,2,8,3,4,C04,7,9,1,10,2,11,  ,15,15,1,21,8,C04,24.177671,120.645157,2
2018,11,13,20,15,臺中市,龍井區,0,2,0,8,3,5,50,4,2,1,5,4,5,7,4,4,5,5,5,2,17,19,2,8,1,1,C03,7,1,1,10,2,14,  ,19,19,1,22,8,C03,24.18082,120.589342,2
2018,11,13,20,17,臺中市,大甲區,0,1,0,8,3,5,50,4,1,1,5,4,5,7,1,1,10,5,5,2,16,6,3,10,1,1,B03,7,11,1,8,2,8,  ,6,6,1,5,9,B03,24.347765,120.621523,2
2018,11,13,20,20,臺中市,南區,0,1,0,8,3,5,50,14,7,1,5,4,5,7,4,4,9,4,4,2,16,10,3,10,1,1,B03,7,11,1,8,2,7,  ,10,10,1,22,9,B03,24.124411,120.656288,2
2018,11,13,20,22,臺中市,北區,0,2,0,8,3,5,50,14,9,1,5,4,5,7,4,4,10,5,5,2,13,16,2,7,3,4,C03,7,9,3,18,3,11,  ,16,16,1,22,9,C03,24.165309,120.685685,2
2018,11,13,20,55,臺中市,大甲區,0,1,0,8,3,5,60,3,2,1,5,4,5,7,4,4,4,4,4,1,13,23,2,8,1,1,B03,7,9,1,8,2,1,  ,23,23,1,7,8,B03,24.357274,120.60735,2
2018,11,13,20,58,臺中市,西屯區,0,0,,8,,,60,,,,,,,,,,,,,,,,,,,,B03,,,1,,2,,,23,,1,22,,B03,24.184613,120.611943,3
2018,11,13,21,0,臺中市,北區,0,2,0,8,3,5,50,4,1,1,5,4,5,7,2,1,10,5,5,2,16,6,2,9,1,1,C03,7,5,1,10,2,11,  ,6,6,1,22,8,C03,24.1716,120.6682,2
2018,11,13,21,5,臺中市,南屯區,0,0,0,8,,,50,,,,,,,,,,,,,,,6,  ,  ,  ,  ,C03,  ,  ,1,10,2,  ,  ,6,6,1,12,  ,C03,24.148483,120.612709,3
2018,11,13,21,8,臺中市,北區,0,1,0,8,3,5,50,5,1,1,5,4,5,7,2,1,10,5,5,2,16,6,3,10,1,1,B03,7,6,1,8,2,5,  ,6,6,1,22,8,B03,24.164817,120.673855,2
2018,11,13,21,28,臺中市,西屯區,0,0,0,8,3,5,50,,,,,,,,,,,,,,,16,  ,  ,  ,  ,C03,  ,  ,1,  ,2,11,12,23,16,1,22,  ,C03,24.187262,120.643907,3
2018,11,13,21,55,臺中市,南屯區,0,1,0,8,3,5,50,14,9,1,5,4,5,7,4,4,1,4,5,2,17,19,3,10,1,1,B03,7,1,1,8,2,7,7,19,19,1,3,7,B03,24.140522,120.64937,2
2018,11,13,21,58,臺中市,東勢區,0,1,0,8,3,5,50,14,8,1,5,4,5,7,3,1,1,3,4,1,12,21,2,1,1,1,C03,7,9,1,10,8,12,  ,21,21,1,22,9,C03,24.239985,120.834026,2
2018,11,13,22,3,臺中市,大里區,0,0,,8,,,50,,,,,,,,,,,,,,,,,,,,B03,,,1,,2,,,16,,1,  ,,B03,24.115599,120.681764,3
2018,11,13,22,3,臺中市,大雅區,0,1,0,8,3,5,50,3,1,1,5,4,5,7,1,1,1,4,5,1,16,25,3,10,1,1,B12,7,5,1,8,2,1,  ,25,25,1,22,9,B12,24.218387,120.64584,2
2018,11,13,22,20,臺中市,北屯區,0,0,0,8,,,50,,,,,,,,,,,,,,,42,  ,  ,  ,  ,B03,  ,  ,1,  ,2,  ,  ,42,42,1,22,  ,B03,24.197553,120.670721,3
2018,11,13,22,47,臺中市,東區,0,0,0,8,,,50,,,,,,,,,,,,,,,33,  ,  ,  ,  ,C03,  ,  ,1,  ,2,  ,  ,33,33,1,5,  ,C03,24.144447,120.708827,3
2018,11,13,22,56,臺中市,東區,0,0,0,8,,,50,,,,,,,,,,,,,,,,3,  ,  ,  ,C03,  ,  ,1,  ,2,  ,  ,26,  ,1,21,  ,C03,24.132968,120.683758,3
2018,11,13,23,0,臺中市,南屯區,0,2,0,8,3,5,50,3,1,1,5,4,5,7,2,1,1,2,5,2,13,23,2,9,1,1,C03,7,12,1,10,2,11,14,23,23,1,5,8,C03,24.144853,120.646878,2
2018,11,13,23,11,臺中市,太平區,0,1,0,8,3,5,50,4,2,1,5,4,5,7,2,1,5,2,5,2,13,23,3,10,3,4,B03,7,9,1,8,2,1,  ,23,23,1,9,8,B03,24.128357,120.708311,2
2018,11,13,23,30,臺中市,西區,0,2,0,8,3,5,50,4,1,1,5,4,5,7,4,4,10,5,5,2,27,66,  ,  ,  ,  ,   ,  ,  ,  ,  ,  ,  ,  ,66,66,1,  ,  ,   ,24.143455,120.668989,2
2018,11,13,23,37,臺中市,清水區,,,,8,,,40,,,,,,,,,,,,,,,,,,,,B12,,,1,,2,,,12,,1,21,,B12,24.289158,120.540318,3
2018,11,13,23,48,臺中市,西屯區,0,1,0,8,3,5,50,3,1,1,5,4,5,7,1,1,10,5,5,2,16,6,3,10,1,1,C03,7,5,1,10,2,12,  ,6,6,1,22,9,C03,24.175166,120.646516,2
2018,11,13,23,52,臺中市,北區,0,0,0,8,,,50,,,,,,,,,,,,,,,23,3,  ,  ,  ,B03,  ,  ,3,  ,11,  ,  ,23,23,2,22,  ,B03,24.159733,120.677293,3
2018,11,14,0,1,臺中市,西屯區,0,1,0,8,3,5,50,3,1,1,5,4,5,7,2,1,1,5,5,2,13,23,2,9,1,1,C03,7,9,1,10,3,11,  ,23,23,1,22,8,C03,24.157197,120.646884,2
2018,11,14,0,27,臺中市,北屯區,0,0,,8,,,50,,,,,,,,,,,,,,,,,,,,B02,,,1,,2,,,6,,1,5,,B02,24.177514,120.683828,3
2018,11,14,0,30,臺中市,南屯區,0,0,0,8,3,5,50,14,9,1,5,4,5,7,4,4,5,5,5,2,17,23,3,10,1,1,C03,7,9,2,18,2,11,11,23,23,1,3,8,C03,24.14214,120.643784,3
2018,11,14,0,47,臺中市,豐原區,0,1,0,8,3,5,50,4,2,1,5,4,5,7,3,1,5,5,4,2,18,21,2,9,1,1,C03,7,5,1,10,8,12,  ,21,21,1,21,8,C03,24.251231,120.727663,2
2018,11,14,1,47,臺中市,西屯區,0,2,0,8,3,5,50,14,8,1,5,4,5,7,4,4,1,4,4,2,13,23,2,3,1,1,B03,7,9,1,8,2,1,  ,23,23,1,22,8,B03,24.174164,120.616779,2
2018,11,14,3,38,臺中市,沙鹿區,0,0,,8,,,40,,,,,,,,,,,,,,,,,,,,B03,,,3,,2,,,43,,  ,5,,B03,24.250133,120.590908,3
2018,11,14,3,39,臺中市,后里區,0,0,,8,,,60,,,,,,,,,,,,,,,,,,,,B03,,,1,,2,,,42,,1,22,,B03,24.294823,120.723781,3
2018,11,14,3,45,臺中市,西區,0,0,0,8,1,5,50,4,1,1,5,4,5,7,1,1,1,4,1,2,12,6,3,  ,  ,  ,B03,  ,  ,1,  ,2,  ,  ,6,6,1,21,  ,B03,24.15794,120.657732,3
2018,11,14,5,22,臺中市,沙鹿區,0,1,0,8,3,5,40,15,8,1,5,4,5,7,4,4,10,4,2,2,29,43,2,9,3,4,C03,7,15,1,10,2,12,  ,43,43,1,19,8,C03,24.242404,120.571804,2
2018,11,14,6,28,臺中市,西屯區,0,2,0,8,1,5,50,4,1,1,5,4,5,7,1,1,10,5,5,2,16,25,3,10,1,1,B03,7,9,1,8,2,8,  ,25,25,1,22,9,B03,24.199818,120.655575,2
2018,11,14,6,35,臺中市,大甲區,0,0,,8,,,50,,,,,,,,,,,,,,,,,,,,B03,,,1,,2,,,42,,  ,  ,,B03,24.356475,120.61508,3
2018,11,14,6,56,臺中市,南區,0,1,0,8,1,5,50,14,9,1,5,4,5,7,4,4,10,5,5,2,17,12,3,10,1,1,B12,7,2,1,8,2,8,  ,12,12,1,21,8,B12,24.12448,120.670458,2
2018,11,14,7,0,臺中市,西屯區,0,3,0,8,1,5,40,3,1,1,5,4,5,7,4,4,10,5,5,2,13,16,2,9,3,4,C03,7,9,1,10,2,11,  ,16,16,1,22,8,C03,24.183484,120.645721,2