年,月,日,時,分,縣市,區,死,受傷,2-30,天候,光線,道路類別,速限,道路型態,事故位置,路面鋪裝,路面狀態,路面缺陷,障礙物,視距,號誌種類,號誌動作,分向設施,快車道或一般車道間,快慢車道間,路面邊線,事故類型及型態,主要肇因,受傷程度,主要傷處,保護裝備,行動電話,當事者區分_類別,車輛用途,當事者行動狀態,駕駛資格情形,駕駛執照種類,飲酒情形,車輛撞擊部位最初,車輛撞擊部位其他,肇事因素個別,肇事因素主要,肇事逃逸,職業,旅次目的,車種,GPS座標_緯度,GPS座標_經度,事故類別
2018,11,14,7,1,臺中市,西屯區,0,2,0,8,1,5,50,14,7,1,5,4,5,7,4,4,5,5,4,2,16,1,2,8,1,1,C03,7,1,1,10,2,12,  ,1,1,1,4,8,C03,24.176888,120.61806,2
2018,11,14,7,3,臺中市,沙鹿區,0,3,0,8,1,5,40,14,8,1,5,4,5,7,4,4,1,4,1,1,17,40,3,10,1,1,A02,7,14,1,2,2,15,  ,40,40,1,10,8,A02,24.239696,120.565425,2
2018,11,14,7,5,臺中市,北屯區,0,0,,8,,,50,,,,,,,,,,,,,,,,,,,,   ,,,7,,11,,,43,,1,  ,,   ,24.201255,120.676353,3
2018,11,14,7,5,臺中市,外埔區,0,1,0,8,1,5,40,4,1,1,5,4,5,7,4,4,10,5,5,2,11,6,2,9,3,4,C03,7,9,1,10,2,15,  ,23,6,1,22,9,C03,24.316463,120.663937,2
2018,11,14,7,10,臺中市,太平區,0,0,,8,,,40,,,,,,,,,,,,,,,,,,,,C03,,,1,,2,,,6,,1,21,,C03,24.142406,120.724081,4
2018,11,14,7,15,臺中市,霧峰區,0,1,0,8,1,5,40,11,9,1,5,4,5,7,4,4,10,5,5,2,10,42,3,10,1,1,B03,7,9,1,8,2,8,  ,44,42,1,2,1,B03,24.061043,120.704166,2
2018,11,14,7,16,臺中市,潭子區,0,1,0,8,1,5,60,14,7,1,5,4,5,7,4,4,1,3,4,1,13,23,2,9,1,1,C03,7,9,1,10,2,11,  ,23,23,1,22,8,C03,24.216191,120.705238,2
2018,11,14,7,17,臺中市,沙鹿區,0,0,,8,,,60,,,,,,,,,,,,,,,,,,,,B03,,,1,,2,,,25,,1,21,,B03,24.250174,120.597619,3
2018,11,14,7,18,臺中市,大里區,0,0,,8,,,50,,,,,,,,,,,,,,,,,,,,B12,,,1,,2,,,12,,1,4,,B12,24.100398,120.69501,3
2018,11,14,7,18,臺中市,外埔區,0,1,0,8,1,5,50,4,1,1,5,4,5,7,4,4,5,4,4,1,12,6,3,10,1,1,B03,7,6,1,8,2,5,  ,6,6,1,22,9,B03,24.331363,120.653746,2
2018,11,14,7,19,臺中市,南屯區,0,1,0,8,1,5,50,4,1,1,5,4,5,7,1,1,10,5,5,2,18,23,2,9,1,1,C02,7,9,1,10,2,14,  ,23,23,1,22,8,C02,24.155389,120.646891,2
2018,11,14,7,24,臺中市,西屯區,0,1,0,8,1,5,60,14,9,1,5,4,5,7,4,4,1,4,5,2,13,23,3,10,1,1,B12,7,9,1,8,2,1,  ,23,23,1,22,8,B12,24.178272,120.625241,2
2018,11,14,7,25,臺中市,北區,0,2,0,8,1,5,50,3,2,1,5,4,5,7,4,4,5,5,5,2,11,4,2,8,3,4,C04,7,5,1,10,2,11,  ,4,4,1,22,9,C04,24.15469,120.673593,2
2018,11,14,7,27,臺中市,北屯區,0,2,0,8,1,5,50,4,1,1,5,4,5,7,1,1,5,5,5,2,15,25,2,9,1,5,F01,7,9,8,20,2,16,  ,25,25,1,22,8,F01,24.171438,120.717258,2
2018,11,14,7,27,臺中市,大里區,0,1,0,8,1,5,40,3,2,1,5,4,5,7,4,4,10,5,5,2,17,19,3,10,1,1,C03,7,1,1,10,2,11,  ,19,19,1,5,1,C03,24.097038,120.704306,2
2018,11,14,7,27,臺中市,東勢區,0,2,0,8,1,5,50,3,1,1,5,4,5,7,4,4,10,5,5,2,17,6,2,9,4,5,F01,7,5,8,20,2,16,  ,6,6,1,14,8,F01,24.258956,120.829208,2
2018,11,14,7,29,臺中市,太平區,0,0,,8,,,50,,,,,,,,,,,,,,,,,,,,B03,,,1,,2,,,23,,1,4,,B03,24.15632,120.719873,3
2018,11,14,7,30,臺中市,大雅區,0,2,0,8,1,5,40,3,1,1,5,4,5,7,4,4,10,5,5,2,17,6,3,10,1,1,B03,7,6,1,8,2,8,  ,6,6,1,21,8,B03,24.217449,120.655211,2
2018,11,14,7,35,臺中市,南屯區,,,,8,,,40,,,,,,,,,,,,,,,,,,,,B02,,,1,,2,,,23,,1,22,,B02,24.15553,120.597228,3
2018,11,14,7,37,臺中市,大里區,0,1,0,8,1,5,40,3,1,1,5,4,5,7,4,4,5,4,5,1,17,19,3,10,1,1,B03,7,1,1,8,2,15,  ,19,19,1,21,1,B03,24.086165,120.71511,2
2018,11,14,7,38,臺中市,西屯區,0,1,0,8,1,5,50,4,1,1,5,4,5,7,1,1,10,5,5,2,13,23,3,10,1,1,C03,7,9,1,10,2,11,  ,23,23,1,4,8,C03,24.192703,120.658164,2
2018,11,14,7,41,臺中市,北區,0,2,0,8,1,5,50,3,1,1,5,4,5,7,4,4,10,5,5,2,16,6,2,9,1,1,C03,7,5,1,10,2,11,  ,23,6,1,5,8,C03,24.159159,120.70181,2
2018,11,14,7,41,臺中市,西屯區,0,1,0,8,1,5,40,3,2,1,5,4,5,7,4,4,10,5,5,2,16,6,3,10,1,1,B03,7,5,1,8,2,1,  ,6,6,1,21,8,B03,24.177658,120.613839,2
2018,11,14,7,44,臺中市,西屯區,0,1,0,8,1,5,50,3,1,1,5,4,5,7,4,4,10,5,5,2,16,6,3,10,1,1,C03,7,5,3,18,9,11,  ,6,6,2,21,8,C03,24.171285,120.649203,2
2018,11,14,7,45,臺中市,龍井區,0,0,,8,,,50,,,,,,,,,,,,,,,,,,,,C03,,,1,,2,,,6,,1,12,,C03,24.197203,120.523061,3
2018,11,14,7,48,臺中市,大里區,0,2,0,8,1,5,50,14,9,1,5,4,5,7,4,4,5,5,5,2,10,4,2,9,1,1,C03,7,15,1,10,2,11,  ,4,4,1,21,8,C03,24.10775,120.671406,2
2018,11,14,7,50,臺中市,大里區,0,1,0,8,1,5,50,3,2,1,5,4,5,7,4,4,5,5,4,2,12,16,2,9,1,1,C03,7,9,1,10,2,11,  ,16,16,1,21,8,C03,24.100308,120.681725,2
2018,11,14,7,50,臺中市,大甲區,0,2,0,8,1,5,40,3,1,1,5,4,5,7,4,4,10,5,5,2,17,6,2,9,1,1,C03,7,5,1,10,2,11,  ,6,6,1,22,1,C03,24.391409,120.655342,2
2018,11,14,7,51,臺中市,霧峰區,0,1,0,8,1,5,40,14,9,1,5,4,5,7,4,4,10,5,5,1,17,23,2,9,1,1,C03,7,9,1,10,2,11,  ,23,23,1,22,8,C03,24.039433,120.661076,2
2018,11,14,7,54,臺中市,北區,,,,8,,,50,,,,,,,,,,,,,,,,,,,,B03,,,1,,2,,,19,,1,  ,,B03,24.144852,120.673536,3
2018,11,14,7,58,臺中市,西屯區,0,1,0,8,1,5,50,3,1,1,5,4,5,7,4,4,10,5,5,2,16,23,3,10,1,1,B03,7,5,1,8,2,8,  ,23,23,1,22,8,B03,24.164303,120.649383,2
2018,11,14,7,59,臺中市,西屯區,0,2,0,8,1,5,50,4,1,1,5,4,5,7,4,4,4,3,5,2,16,6,2,9,1,1,C03,7,9,1,10,2,11,  ,6,6,1,21,8,C03,24.176658,120.587624,2
2018,11,14,8,0,臺中市,梧棲區,0,0,,8,,,40,,,,,,,,,,,,,,,,,,,,C03,,,1,,2,,,6,,1,9,,C03,24.234442,120.539966,4
2018,11,14,8,2,臺中市,太平區,0,1,0,8,1,5,50,14,7,1,5,4,5,7,4,4,5,5,4,2,16,9,3,10,1,1,B03,7,6,1,8,2,2,  ,9,9,1,4,8,B03,24.129508,120.70887,2
2018,11,14,8,6,臺中市,南屯區,0,2,0,8,1,5,40,14,7,1,5,4,5,7,4,4,9,5,4,2,16,19,2,9,1,1,C03,7,1,1,10,2,12,  ,19,19,1,22,9,C03,24.141683,120.609901,2
2018,11,14,8,8,臺中市,西屯區,0,1,0,8,1,5,50,4,1,1,5,4,5,7,1,1,10,5,5,2,16,43,3,10,1,1,B03,7,9,1,8,2,1,  ,43,43,1,21,8,B03,24.172813,120.647466,2
2018,11,14,8,13,臺中市,北屯區,0,1,0,8,1,5,50,3,1,1,5,4,5,7,4,4,10,5,5,2,16,6,3,10,1,1,B03,7,6,1,8,2,8,  ,6,6,1,21,8,B03,24.176335,120.717356,2
2018,11,14,8,13,臺中市,北屯區,0,0,,8,,,40,,,,,,,,,,,,,,,,,,,,B12,,,1,,2,,,23,,2,  ,,B12,24.193793,120.661525,3
2018,11,14,8,16,臺中市,西屯區,0,1,0,8,1,5,50,4,1,1,5,4,5,7,1,1,10,5,5,2,16,7,3,10,1,1,B02,7,8,1,8,2,2,  ,7,7,1,4,8,B02,24.157901,120.657517,2
2018,11,14,8,18,臺中市,北區,0,2,0,8,2,5,50,4,1,1,5,4,5,7,1,1,5,2,5,2,15,25,3,10,3,4,B03,7,9,1,8,2,2,  ,25,25,1,22,9,B03,24.165104,120.667696,2
2018,11,14,8,18,臺中市,南屯區,0,0,0,8,1,5,50,3,1,1,5,4,5,7,1,1,3,2,4,2,13,23,3,10,1,1,B03,7,1,1,8,2,1,  ,23,23,1,22,8,B03,24.150273,120.622151,3
2018,11,14,8,20,臺中市,沙鹿區,0,1,0,8,1,5,50,4,1,1,5,4,5,7,4,4,10,5,5,2,16,23,2,9,1,1,C03,7,9,1,10,2,12,  ,23,23,1,5,5,C03,24.2145,120.580025,2
2018,11,14,8,21,臺中市,南區,0,2,0,8,3,5,50,3,1,1,5,4,5,7,4,4,10,5,5,2,16,9,2,9,1,1,C01,7,6,1,9,2,11,  ,9,9,1,22,9,C01,24.126586,120.670504,2
2018,11,14,8,25,臺中市,清水區,0,0,,,,,50,,,,,,,,,,,,,,,,,,,,A21,,,1,,2,,,26,,1,10,,A21,24.266367,120.559529,3
2018,11,14,8,26,臺中市,神岡區,0,0,0,8,1,5,50,5,1,1,5,4,5,7,1,1,5,5,5,1,14,12,3,10,1,1,B03,7,2,1,8,2,3,  ,12,12,1,21,1,B03,24.258671,120.655409,3
2018,11,14,8,27,臺中市,西區,0,0,,8,,,50,,,,,,,,,,,,,,,,,,,,B03,,,1,,2,,,26,,1,22,,B03,24.150815,120.669935,3
2018,11,14,8,27,臺中市,西屯區,0,0,0,8,,,50,,,,,,,,,,,,,,,7,  ,  ,  ,  ,B03,  ,  ,1,  ,2,  ,  ,7,7,1,22,  ,B03,24.199071,120.656465,3
2018,11,14,8,40,臺中市,南屯區,0,0,0,8,1,5,50,3,1,1,5,4,5,7,4,4,5,5,5,2,14,12,3,10,1,1,A05,7,2,1,2,2,3,  ,12,12,1,22,8,A05,24.14699,120.641678,3
2018,11,14,8,41,臺中市,北屯區,0,1,0,8,1,5,50,4,1,1,5,4,5,7,1,1,10,5,5,2,16,6,3,10,1,1,B12,7,6,1,8,2,2,  ,6,6,1,22,8,B12,24.192809,120.690537,2
2018,11,14,8,45,臺中市,南屯區,0,0,0,8,1,5,50,14,9,1,5,4,5,7,1,1,10,5,5,1,12,23,3,10,1,1,B03,7,1,1,4,2,2,  ,23,23,1,22,8,B03,24.129455,120.654553,3
2018,11,14,8,47,臺中市,南屯區,0,0,0,8,1,5,50,14,9,1,5,4,5,7,4,4,5,4,,2,17,23,3,10,1,1,C03,7,9,1,  ,2,12,  ,23,23,  ,22,8,C03,24.146774,120.646956,3
2018,11,14,8,47,臺中市,西屯區,0,1,0,8,1,5,50,14,7,1,5,4,5,7,4,4,1,4,4,2,13,23,3,10,1,1,B03,7,9,1,8,2,1,  ,23,23,1,22,8,B03,24.164309,120.64935,2
2018,11,14,8,48,臺中市,清水區,0,1,0,8,1,5,40,4,1,1,5,4,5,7,1,1,10,5,5,2,16,17,2,9,1,1,C03,7,9,1,10,2,14,  ,17,17,1,20,8,C03,24.272195,120.57632,2
2018,11,14,8,50,臺中市,西區,0,1,0,8,1,5,40,4,1,1,5,4,5,7,1,1,10,5,5,2,18,42,2,9,1,1,C03,7,9,1,10,2,12,  ,42,42,1,22,9,C03,24.133563,120.67044,2
2018,11,14,8,52,臺中市,太平區,0,1,0,8,2,5,50,14,9,1,5,4,5,7,4,4,5,5,5,1,17,40,3,10,1,1,B12,7,13,1,8,2,4,  ,40,40,1,5,8,B12,24.117515,120.714514,2
2018,11,14,9,2,臺中市,南區,0,2,0,8,1,5,50,4,8,1,5,4,5,7,1,1,3,2,4,2,13,23,2,9,1,1,C03,7,9,1,10,2,11,  ,23,23,1,21,8,C03,24.111103,120.659408,2
2018,11,14,9,4,臺中市,北屯區,0,2,0,8,1,5,50,4,1,1,5,4,5,7,4,4,5,5,4,2,12,6,2,9,1,1,C03,7,5,1,10,2,14,  ,6,6,1,22,8,C03,24.176251,120.682111,2
2018,11,14,9,4,臺中市,后里區,0,0,,8,1,5,40,11,13,2,5,4,4,7,4,4,10,5,5,2,26,,,,,,B12,,,1,,2,,,45,,1,  ,,B12,24.295247,120.735434,4
2018,11,14,9,13,臺中市,南區,0,2,0,8,1,5,50,4,1,1,5,4,5,7,1,1,10,5,5,2,16,25,2,9,1,1,C03,7,9,1,10,2,11,  ,25,25,1,22,8,C03,24.133806,120.65734,2
2018,11,14,9,20,臺中市,中區,0,0,,8,,,50,,,,,,,,,,,,,,,,,,,,C03,,,1,,11,,,26,,2,22,,C03,24.146104,120.677688,3
2018,11,14,9,21,臺中市,西屯區,0,2,0,8,1,5,50,3,1,1,5,4,5,7,1,1,9,4,4,2,13,23,2,9,1,1,C03,7,9,1,10,2,11,  ,23,23,1,21,8,C03,24.185152,120.62481,2
2018,11,14,9,23,臺中市,梧棲區,0,2,0,8,1,5,50,4,2,1,5,4,5,7,4,4,10,5,5,2,15,6,2,9,1,1,B12,7,9,1,8,2,2,  ,6,6,1,9,3,B12,24.252491,120.546263,2
2018,11,14,9,24,臺中市,西屯區,0,0,0,8,,,50,,,,,,,,,,,,,,,3,  ,  ,  ,  ,B12,  ,  ,1,  ,2,  ,  ,3,3,1,  ,  ,B12,24.173111,120.638355,3
2018,11,14,9,29,臺中市,北屯區,0,1,0,8,1,5,50,4,2,1,5,4,5,7,1,1,10,5,5,2,13,16,2,9,1,1,C03,7,9,1,10,2,11,  ,16,16,1,21,8,C03,24.186892,120.686863,2
2018,11,14,9,30,臺中市,西屯區,0,0,,8,,,50,,,,,,,,,,,,,,,,,,,,B01,,,1,,2,,,10,,1,4,,B01,24.177638,120.645093,3
2018,11,14,9,33,臺中市,東區,0,1,0,8,1,5,50,5,1,1,5,4,5,7,1,1,10,5,5,2,16,23,2,9,1,1,C03,7,9,3,18,3,14,  ,44,23,1,5,8,C03,24.13262,120.692836,2
2018,11,14,9,34,臺中市,西區,0,1,0,8,1,5,50,4,2,1,5,4,5,7,2,1,1,5,4,2,17,43,2,9,1,1,C03,7,9,3,18,2,13,  ,43,43,1,22,9,C03,24.151221,120.657078,2
2018,11,14,9,45,臺中市,后里區,0,1,0,8,1,5,50,14,9,1,5,4,5,7,4,4,9,4,4,1,16,10,3,10,1,1,B03,7,11,1,8,2,5,  ,10,10,1,22,8,B03,24.285755,120.718766,2
2018,11,14,9,49,臺中市,西屯區,0,0,0,8,,,60,,,,,,,,,,,,,,,16,  ,  ,  ,  ,B03,  ,  ,1,  ,2,  ,  ,16,16,1,22,  ,B03,24.168068,120.64066,3
2018,11,14,9,52,臺中市,西屯區,0,1,0,8,1,5,50,5,1,1,5,4,5,7,1,1,10,5,5,2,13,8,2,9,1,1,C03,7,5,1,10,2,13,  ,8,8,1,22,8,C03,24.163573,120.618351,2
2018,11,14,9,55,臺中市,南屯區,0,1,0,8,1,5,50,3,2,1,5,4,5,7,4,4,5,2,5,2,16,26,3,10,1,1,B03,7,5,1,7,2,7,  ,26,26,1,22,8,B03,24.146853,120.647812,2
2018,11,14,10,5,臺中市,南屯區,0,1,0,8,1,5,50,14,9,1,5,4,5,7,2,1,9,4,4,2,17,19,3,10,1,1,B12,7,1,1,8,2,15,  ,19,19,1,22,9,B12,24.136966,120.650161,2
2018,11,14,10,10,臺中市,清水區,0,0,0,,,,50,,,,,,,,,,,,,,,12,  ,  ,  ,  ,B12,  ,  ,1,  ,2,  ,  ,44,12,1,5,  ,B12,24.274516,120.572378,3
2018,11,14,10,14,臺中市,西屯區,0,0,,8,,,50,,,,,,,,,,,,,,,,,,,,B12,,,1,,2,,,12,,1,  ,,B12,24.171695,120.64466,3
2018,11,14,10,16,臺中市,西屯區,0,0,,8,,,50,,,,,,,,,,,,,,,,,,,,A11,,,1,,2,,,12,,1,  ,,A11,24.157174,120.6481,3
2018,11,14,10,17,臺中市,太平區,0,1,0,8,1,5,50,3,9,1,5,4,5,7,4,4,5,5,4,2,13,23,2,8,1,1,C03,7,9,1,10,2,11,  ,23,23,1,18,8,C03,24.115333,120.719699,2
2018,11,14,10,20,臺中市,西屯區,0,1,0,8,1,5,50,4,1,1,5,4,5,7,1,1,10,5,5,2,16,7,2,9,1,1,C03,7,7,1,10,2,14,  ,7,7,1,4,8,C03,24.164194,120.64612,2
2018,11,14,10,30,臺中市,沙鹿區,0,0,,8,,,50,,,,,,,,,,,,,,,,,,,,B12,,,1,,2,,,23,,1,21,,B12,24.242634,120.561299,3
2018,11,14,10,33,臺中市,潭子區,0,0,,,,,,,,,,,,,,,,,,,,,,,,,B03,,,1,,1,,,17,,1,21,,B03,24.191209,120.71575,4
2018,11,14,10,40,臺中市,大雅區,0,1,0,8,1,5,50,4,1,1,5,4,5,7,1,1,10,4,5,1,13,16,3,10,1,1,B03,7,9,1,8,2,1,  ,16,16,1,22,9,B03,24.221903,120.645431,2
2018,11,14,10,45,臺中市,南屯區,0,1,0,8,1,5,50,14,9,1,5,4,5,7,4,4,4,4,5,2,18,13,2,9,3,4,C03,7,9,1,10,2,12,  ,13,13,1,22,1,C03,24.146973,120.639985,2
2018,11,14,10,46,臺中市,大雅區,0,0,,8,,,60,,,,,,,,,,,,,,,,,,,,B03,,,1,,2,,,7,,1,21,,B03,24.211749,120.650151,3
2018,11,14,10,50,臺中市,南屯區,0,2,0,8,1,5,50,3,1,1,5,4,5,7,2,1,10,5,5,2,16,25,2,9,1,1,C03,7,9,1,10,2,11,  ,25,25,1,22,9,C03,24.136299,120.610359,2
2018,11,14,10,54,臺中市,北屯區,0,1,0,8,1,5,50,4,1,1,5,4,5,7,1,1,10,5,5,2,16,6,3,10,1,1,C03,7,6,1,10,2,15,  ,6,6,1,22,8,C03,24.177266,120.669482,2
2018,11,14,10,55,臺中市,西屯區,0,1,0,8,1,5,40,14,7,1,5,4,5,7,4,4,5,4,4,2,16,10,3,10,3,4,B02,7,11,1,8,2,4,  ,10,10,1,22,8,B02,24.164646,120.661251,2
2018,11,14,11,0,臺中市,西區,0,0,0,8,,,50,,,,,,,,,,,,,,,,3,  ,  ,  ,B03,  ,  ,1,  ,2,  ,  ,23,  ,  ,21,  ,B03,24.160183,120.661735,3
2018,11,14,11,0,臺中市,西屯區,0,0,,8,,,40,,,,,,,,,,,,,,,,,,,,B03,,,1,,2,,,23,,1,22,,B03,24.163546,120.629129,4
2018,11,14,11,8,臺中市,西屯區,0,0,,8,,,50,,,,,,,,,,,,,,,,,,,,B03,,,1,,2,,,12,,1,22,,B03,24.186012,120.606254,3
2018,11,14,11,15,臺中市,北區,0,0,,8,,,50,,,,,,,,,,,,,,,,,,,,B03,,,1,,2,,,23,,1,22,,B03,24.163363,120.684976,3
2018,11,14,11,17,臺中市,太平區,0,2,0,8,1,5,50,3,2,1,5,4,5,7,4,4,5,5,5,2,12,42,3,10,1,1,B12,7,9,1,8,2,2,  ,44,42,1,21,8,B12,24.148019,120.70098,2
2018,11,14,11,19,臺中市,南屯區,0,0,0,8,1,5,50,4,1,1,5,4,5,7,1,1,10,5,5,2,17,42,3,10,1,1,C03,7,2,4,8,2,13,  ,42,42,1,22,8,C03,24.139972,120.649979,3
2018,11,14,11,19,臺中市,南屯區,0,1,0,8,1,5,40,3,1,1,5,4,5,7,3,1,10,5,5,2,16,6,2,8,1,1,C03,7,6,1,10,2,11,  ,6,6,1,22,9,C03,24.132918,120.611219,2
2018,11,14,11,20,臺中市,西屯區,0,2,0,8,1,5,40,5,2,1,5,4,5,7,1,1,9,4,4,2,12,43,2,9,1,1,C03,7,6,1,10,2,12,  ,43,43,1,21,8,C03,24.166792,120.66524,2
2018,11,14,11,20,臺中市,外埔區,0,1,0,8,1,5,50,14,7,1,5,4,5,7,4,4,9,5,4,1,16,6,2,9,1,1,C03,7,5,2,18,2,14,  ,6,6,1,5,9,C03,24.329771,120.65546,2
2018,11,14,11,28,臺中市,西區,0,0,,8,,,50,,,,,,,,,,,,,,,,,,,,B03,,,1,,2,,,23,,1,22,,B03,24.145392,120.671254,3
2018,11,14,11,31,臺中市,西屯區,0,1,0,8,1,5,50,13,9,1,5,4,5,7,4,4,10,5,5,2,10,23,3,10,1,1,B03,7,9,1,8,2,1,  ,44,23,1,21,8,B03,24.169689,120.652612,2
2018,11,14,11,32,臺中市,北區,0,0,,8,,,50,,,,,,,,,,,,,,,,,,,,B03,,,1,,2,,,23,,1,5,,B03,24.163056,120.682171,3
2018,11,14,11,39,臺中市,西區,0,2,0,8,1,5,40,4,2,1,5,4,5,7,4,4,5,5,5,2,12,19,3,10,1,1,B03,7,9,1,8,2,2,  ,23,19,1,19,9,B03,24.138383,120.669783,2
2018,11,14,11,44,臺中市,大里區,0,1,0,8,1,5,40,4,1,1,5,4,5,7,1,1,1,4,4,1,18,42,2,9,1,1,C03,7,9,1,10,2,14,  ,42,42,1,21,3,C03,24.105266,120.667046,2
2018,11,14,11,45,臺中市,霧峰區,0,1,0,8,1,8,40,4,1,1,5,4,5,7,3,1,10,5,5,2,16,42,3,10,1,1,B12,7,7,1,8,2,4,  ,42,42,1,9,3,B12,24.077424,120.664175,2
2018,11,14,11,48,臺中市,烏日區,0,0,,8,,,40,,,,,,,,,,,,,,,,,,,,B12,,,1,,2,,,17,,1,21,,B12,24.107901,120.625875,3
2018,11,14,11,48,臺中市,新社區,0,0,0,8,,,50,,,,,,,,,,,,,,,6,  ,  ,  ,  ,B01,  ,  ,1,  ,2,  ,  ,6,6,1,10,  ,B01,24.203155,120.79744,3
2018,11,14,11,50,臺中市,潭子區,0,0,,8,,,50,,,,,,,,,,,,,,,,,,,,A12,,,1,,10,,,60,,1,22,,A12,24.201097,120.701517,3
2018,11,14,11,50,臺中市,神岡區,0,0,,8,,,50,,,,,,,,,,,,,,,,,,,,A11,,,1,,2,,,40,,1,21,,A11,24.25777,120.658499,3
2018,11,14,11,52,臺中市,大雅區,0,3,0,8,1,5,40,4,2,1,5,4,5,7,1,1,5,4,5,1,16,26,2,9,1,1,C03,7,11,1,8,2,11,  ,26,26,1,22,8,C03,24.226093,120.646709,2
2018,11,14,11,55,臺中市,烏日區,0,1,0,8,1,5,60,4,1,1,5,4,5,7,1,1,1,2,5,1,16,25,2,9,1,1,C03,7,1,1,10,2,14,  ,25,25,1,21,8,C03,24.110278,120.646583,2
2018,11,14,11,56,臺中市,梧棲區,0,0,,8,,,50,,,,,,,,,,,,,,,,,,,,B03,,,1,,2,,,19,,  ,  ,,B03,24.24861,120.538366,3
2018,11,14,12,1,臺中市,西屯區,0,1,0,8,1,5,40,14,8,1,5,4,5,7,3,1,1,3,4,2,16,19,3,10,1,1,B03,7,1,1,8,2,8,  ,19,19,1,21,8,B03,24.203976,120.65328,2
2018,11,14,12,1,臺中市,西屯區,0,0,,8,,,50,,,,,,,,,,,,,,,23,,,,,C03,,,1,,2,,,6,23,1,4,,C03,24.182562,120.616445,3
2018,11,14,12,3,臺中市,太平區,0,1,0,8,1,5,50,4,1,1,5,4,5,7,4,4,10,5,5,2,16,9,2,9,1,1,C03,7,6,1,10,2,12,  ,9,9,1,21,8,C03,24.107544,120.718881,2
2018,11,14,12,10,臺中市,西屯區,0,0,,8,,,50,,,,,,,,,,,,,,,,,,,,B12,,,1,,2,,,12,,1,22,,B12,24.183565,120.620376,3
2018,11,14,12,10,臺中市,西屯區,0,0,0,8,,,50,,,,,,,,,,,,,,,23,  ,  ,  ,  ,B03,  ,  ,1,  ,2,  ,  ,23,23,1,22,  ,B03,24.204481,120.652951,3
2018,11,14,12,23,臺中市,西屯區,0,0,,8,,,50,,,,,,,,,,,,,,,,,,,,B03,,,1,,2,,,7,,1,22,,B03,24.166018,120.64472,3
2018,11,14,12,27,臺中市,西區,0,1,0,8,1,5,50,5,1,1,5,4,5,7,4,4,10,5,5,2,15,6,2,9,1,1,C03,7,9,1,10,2,14,  ,6,6,1,5,7,C03,24.149471,120.671018,2
2018,11,14,12,30,臺中市,西屯區,0,0,,8,,,50,,,,,,,,,,,,,,,,,,,,C03,,,4,,2,,,7,,1,21,,C03,24.185027,120.609709,3
2018,11,14,12,32,臺中市,西屯區,0,1,0,8,1,5,50,14,7,5,5,4,5,7,1,1,10,5,5,2,12,7,3,10,1,1,B03,7,8,1,8,2,6,  ,7,7,1,21,8,B03,24.184411,120.611183,2
2018,11,14,12,34,臺中市,西屯區,0,1,0,8,1,5,40,4,1,1,5,4,5,7,1,1,1,3,4,2,16,9,3,10,1,1,B03,7,6,1,8,2,2,  ,9,9,2,21,8,B03,24.17853,120.624275,2
2018,11,14,12,37,臺中市,烏日區,0,0,,8,,,30,,,,,,,,,,,,,,,,,,,,B03,,,1,,2,,,19,,1,21,,B03,24.11191,120.616183,3
2018,11,14,12,48,臺中市,北區,0,1,0,8,1,5,50,14,9,1,5,4,5,7,4,4,1,4,5,2,12,19,3,10,3,4,B03,7,1,1,8,2,8,  ,19,19,1,22,9,B03,24.155681,120.68706,2
2018,11,14,12,49,臺中市,北屯區,0,2,0,8,1,5,50,3,1,1,5,4,5,7,4,4,10,5,5,2,13,16,2,9,3,4,C03,7,9,1,10,2,11,  ,16,16,1,21,8,C03,24.176956,120.732849,2
2018,11,14,12,55,臺中市,大安區,0,1,0,8,1,5,40,14,9,1,5,4,5,7,4,4,10,5,5,2,25,23,2,8,1,1,C03,7,9,1,10,2,11,  ,23,23,1,9,8,C03,24.360782,120.60333,2
2018,11,14,12,56,臺中市,大雅區,0,0,,,,,,,,,,,,,,,,,,,,,,,,,A31,,,1,,2,,,17,,1,10,,A31,24.210012,120.650675,3
2018,11,14,13,1,臺中市,南屯區,,,,8,,,60,,,,,,,,,,,,,,,23,,,,,B03,,,1,,2,,,44,23,1,22,,B03,24.155275,120.597657,3
2018,11,14,13,19,臺中市,北屯區,0,2,0,8,1,5,50,3,1,1,5,4,5,7,1,1,10,5,5,2,16,6,3,10,1,1,B03,7,6,1,8,2,5,  ,6,6,1,22,8,B03,24.188285,120.682398,2
2018,11,14,13,20,臺中市,霧峰區,0,0,,8,,,40,,,,,,,,,,,,,,,,,,,,C03,,,1,,2,,,16,,1,21,,C03,24.064904,120.679204,3
2018,11,14,13,21,臺中市,大肚區,0,2,0,8,1,5,50,14,9,1,5,4,5,7,4,4,5,5,5,1,17,19,2,9,1,4,C03,7,1,1,10,2,11,  ,19,19,1,22,8,C03,24.172259,120.580383,2
2018,11,14,13,26,臺中市,石岡區,0,2,0,8,1,5,40,14,9,2,5,4,5,7,4,4,10,5,5,2,11,5,2,9,1,1,C03,7,9,1,10,2,11,  ,5,5,1,21,7,C03,24.272431,120.777951,2