年,月,日,時,分,縣市,區,死,受傷,2-30,天候,光線,道路類別,速限,道路型態,事故位置,路面鋪裝,路面狀態,路面缺陷,障礙物,視距,號誌種類,號誌動作,分向設施,快車道或一般車道間,快慢車道間,路面邊線,事故類型及型態,主要肇因,受傷程度,主要傷處,保護裝備,行動電話,當事者區分_類別,車輛用途,當事者行動狀態,駕駛資格情形,駕駛執照種類,飲酒情形,車輛撞擊部位最初,車輛撞擊部位其他,肇事因素個別,肇事因素主要,肇事逃逸,職業,旅次目的,車種,GPS座標_緯度,GPS座標_經度,事故類別
2018,11,14,13,27,臺中市,西屯區,0,0,0,8,,,50,,,,,,,,,,,,,,,43,  ,  ,  ,  ,C03,  ,  ,1,  ,2,  ,  ,43,43,1,22,  ,C03,24.204385,120.653246,3
2018,11,14,13,30,臺中市,沙鹿區,0,0,,8,,,60,,,,,,,,,,,,,,,,,,,,B03,,,1,,2,,,7,,1,  ,,B03,24.208758,120.581545,3
2018,11,14,13,34,臺中市,北屯區,0,1,0,8,1,5,40,14,9,1,5,4,5,7,1,1,3,5,5,2,12,6,3,10,1,1,B03,7,6,1,8,2,2,  ,6,6,1,22,8,B03,24.182378,120.710788,2
2018,11,14,13,36,臺中市,烏日區,0,0,,8,,,30,,,,,,,,,,,,,,,,,,,,B03,,,1,,2,,,19,,1,22,,B03,24.111616,120.616493,3
2018,11,14,13,42,臺中市,太平區,0,0,,8,,,50,,,,,,,,,,,,,,,,,,,,B03,,,1,,2,,,6,,1,4,,B03,24.106838,120.729233,3
2018,11,14,13,43,臺中市,西區,0,0,,8,,,50,,,,,,,,,,,,,,,,,,,,B03,,,1,,2,,,10,,1,22,,B03,24.134913,120.676759,3
2018,11,14,13,58,臺中市,龍井區,0,1,0,8,1,5,50,4,1,1,5,4,5,7,2,1,10,5,5,2,16,9,2,8,1,1,C03,7,9,1,10,2,11,  ,23,9,1,22,8,C03,24.186351,120.585805,2
2018,11,14,13,59,臺中市,西屯區,0,1,0,8,1,5,50,14,7,1,5,4,5,7,4,4,10,5,5,2,12,40,3,10,1,1,B03,7,15,1,8,2,4,  ,40,40,1,21,8,B03,24.176109,120.643886,2
2018,11,14,14,5,臺中市,東勢區,0,0,0,8,,,50,,,,,,,,,,,,,,,43,  ,  ,  ,  ,   ,  ,  ,8,  ,10,  ,  ,43,43,1,  ,  ,   ,24.251451,120.83151,3
2018,11,14,14,8,臺中市,西屯區,0,0,,8,,,70,,,,,,,,,,,,,,,,,,,,B03,,,1,,2,,,7,,1,  ,,B03,24.168,120.640631,3
2018,11,14,14,12,臺中市,南屯區,0,1,0,8,1,5,50,4,1,1,5,4,5,7,4,4,10,5,5,2,15,6,3,10,3,4,B03,7,9,1,8,2,5,  ,6,6,1,22,9,B03,24.138856,120.639711,2
2018,11,14,14,15,臺中市,南屯區,0,0,,8,,,50,,,,,,,,,,,,,,,,,,,,B12,,,1,,2,,,12,,1,5,,B12,24.133271,120.647656,3
2018,11,14,14,15,臺中市,南屯區,0,0,,8,,,40,,,,,,,,,,,,,,,,,,,,B03,,,1,,2,,,12,,1,  ,,B03,24.148875,120.646945,3
2018,11,14,14,15,臺中市,大甲區,0,0,,8,,,50,,,,,,,,,,,,,,,6,,,,,B03,,,1,,2,,,14,6,1,5,,B03,24.346976,120.61995,3
2018,11,14,14,19,臺中市,南區,0,0,0,8,1,5,50,4,1,1,5,4,5,7,2,1,10,5,5,2,17,8,3,10,1,1,B01,7,11,1,1,2,7,  ,8,8,1,21,8,B01,24.117536,120.658311,3
2018,11,14,14,19,臺中市,潭子區,0,0,,8,,,50,,,,,,,,,,,,,,,,,,,,B12,,,1,,2,,,12,,1,22,,B12,24.211582,120.705771,3
2018,11,14,14,20,臺中市,西屯區,0,1,0,8,1,5,50,14,9,1,5,4,5,7,4,4,5,5,5,2,13,23,3,10,1,1,B03,7,9,1,8,2,1,  ,23,23,1,4,8,B03,24.166475,120.665139,2
2018,11,14,14,30,臺中市,新社區,0,1,0,8,1,5,50,3,1,1,5,4,5,7,4,4,5,5,5,1,11,6,2,9,1,1,C03,7,5,1,10,2,11,  ,6,6,1,21,8,C03,24.215948,120.82015,2
2018,11,14,14,31,臺中市,清水區,,,,8,,,70,,,,,,,,,,,,,,,,,,,,A31,,,1,,2,,,45,,1,10,,A31,24.297303,120.56492,4
2018,11,14,14,40,臺中市,西區,0,1,0,8,1,5,50,5,1,1,5,4,5,7,1,1,10,5,5,2,16,9,3,10,1,1,B03,7,6,1,8,2,5,  ,9,9,1,21,8,B03,24.135013,120.655177,2
2018,11,14,14,46,臺中市,大甲區,0,0,,8,,,50,,,,,,,,,,,,,,,,,,,,B03,,,1,,2,,,42,,1,22,,B03,24.353372,120.629854,3
2018,11,14,14,50,臺中市,南屯區,,,,8,,,40,,,,,,,,,,,,,,,,,,,,B03,,,1,,2,,,12,,1,22,,B03,24.135685,120.606583,3
2018,11,14,14,50,臺中市,西屯區,0,1,0,8,1,5,40,14,8,1,5,4,5,7,4,4,5,4,4,2,14,12,3,10,3,4,B03,7,2,3,18,2,6,  ,12,12,1,22,8,B03,24.192733,120.609636,2
2018,11,14,14,50,臺中市,霧峰區,0,0,,8,,,50,,,,,,,,,,,,,,,,,,,,C03,,,1,,2,,,8,,1,12,,C03,24.063956,120.700471,3
2018,11,14,14,50,臺中市,大雅區,0,1,0,8,1,5,50,3,2,1,5,4,5,7,1,1,5,5,4,1,16,6,3,10,1,1,B12,7,5,1,8,2,2,  ,6,6,1,22,8,B12,24.218664,120.639336,2
2018,11,14,14,54,臺中市,大里區,0,0,,8,,,60,,,,,,,,,,,,,,,,,,,,B03,,,1,,2,,,23,,1,22,,B03,24.102364,120.671821,3
2018,11,14,14,56,臺中市,西屯區,0,1,0,8,1,5,50,15,7,1,5,4,5,7,4,4,5,5,4,2,16,19,3,10,1,1,B03,7,1,1,8,2,8,  ,19,19,1,21,8,B03,24.168155,120.634273,2
2018,11,14,14,57,臺中市,西屯區,0,0,,8,,,50,,,,,,,,,,,,,,,,,,,,B12,,,1,,2,,,23,,1,22,,B12,24.173241,120.633579,3
2018,11,14,15,1,臺中市,南區,0,0,0,8,,,50,,,,,,,,,,,,,,,,3,  ,  ,  ,B03,  ,  ,1,  ,2,  ,  ,6,  ,1,21,  ,B03,24.123995,120.659804,3
2018,11,14,15,1,臺中市,西屯區,0,0,,8,1,5,60,14,7,1,5,4,5,7,4,4,1,3,5,1,29,,,,,,B03,,,1,,2,,,23,,1,22,,B03,24.195085,120.644737,3
2018,11,14,15,3,臺中市,太平區,,,,8,,,50,,,,,,,,,,,,,,,,,,,,A12,,,1,,2,,,12,,1,  ,,A12,24.12229,120.722936,3
2018,11,14,15,3,臺中市,大甲區,0,1,0,8,1,5,50,3,1,1,5,4,5,7,1,1,10,5,5,2,13,23,3,10,1,1,B03,7,9,1,8,2,1,  ,23,23,1,1,8,B03,24.353455,120.629905,2
2018,11,14,15,13,臺中市,太平區,0,0,,8,,,50,,,,,,,,,,,,,,,,,,,,B12,,,1,,2,,,23,,1,21,,B12,24.132296,120.712626,3
2018,11,14,15,16,臺中市,西屯區,0,0,,8,,,50,,,,,,,,,,,,,,,,,,,,B03,,,1,,2,,,23,,1,22,,B03,24.1705,120.6319,3
2018,11,14,15,18,臺中市,南區,0,1,0,8,1,5,50,14,7,1,5,4,5,7,4,4,5,4,4,2,16,26,3,10,1,1,B03,7,11,1,8,2,8,  ,26,26,1,22,8,B03,24.116904,120.666563,2
2018,11,14,15,23,臺中市,南屯區,0,1,0,8,1,5,50,4,2,1,5,4,5,7,1,1,5,5,4,2,16,13,2,9,1,1,C03,7,9,1,8,2,12,  ,13,13,1,22,8,C03,24.153676,120.643897,2
2018,11,14,15,34,臺中市,清水區,,,,8,,,40,,,,,,,,,,,,,,,,,,,,B03,,,1,,2,,,12,,1,21,,B03,24.267966,120.569913,3
2018,11,14,15,35,臺中市,西屯區,0,0,0,8,1,5,50,,,,,,,,,,,,,,,6,  ,  ,  ,  ,B03,  ,  ,1,  ,2,2,  ,6,6,1,22,  ,B03,24.184586,120.626113,3
2018,11,14,15,39,臺中市,西屯區,0,0,,8,,,50,,,,,,,,,,,,,,,,,,,,B03,,,1,,2,,,16,,1,21,,B03,24.181918,120.635483,3
2018,11,14,15,40,臺中市,南屯區,0,0,,8,,,40,,,,,,,,,,,,,,,,,,,,B03,,,1,,10,,,43,,1,  ,,B03,24.154174,120.63666,3
2018,11,14,15,40,臺中市,西屯區,0,0,,8,,,40,,,,,,,,,,,,,,,,,,,,B03,,,1,,2,,,12,,1,22,,B03,24.188248,120.617363,3
2018,11,14,15,40,臺中市,潭子區,0,0,,8,,,50,,,,,,,,,,,,,,,,,,,,B12,,,1,,2,,,12,,1,22,,B12,24.215659,120.700626,3
2018,11,14,15,46,臺中市,清水區,0,1,0,8,1,5,40,4,1,1,5,4,5,7,4,4,10,5,5,2,15,6,2,9,1,1,C03,7,9,1,10,2,12,  ,6,6,1,21,8,C03,24.276018,120.562316,2
2018,11,14,15,48,臺中市,東區,0,1,0,8,1,5,50,4,1,1,5,4,5,7,1,1,10,5,5,2,13,16,2,3,1,1,C03,7,9,1,10,2,11,  ,16,16,1,5,8,C03,24.129667,120.706347,2
2018,11,14,15,48,臺中市,太平區,0,1,0,8,1,5,50,14,9,1,5,4,5,7,4,4,4,5,5,2,16,19,3,10,1,1,B03,7,1,1,8,2,1,  ,19,19,1,21,8,B03,24.136172,120.716567,2
2018,11,14,16,0,臺中市,西屯區,0,1,0,8,1,5,50,14,7,1,5,4,5,7,4,4,5,4,4,2,17,26,3,10,1,1,B03,7,11,1,8,2,4,  ,26,26,1,22,8,B03,24.1886,120.616898,2
2018,11,14,16,0,臺中市,西屯區,0,0,,8,,,50,,,,,,,,,,,,,,,,,,,,B03,,,1,,2,,,6,,1,22,,B03,24.168515,120.653788,3
2018,11,14,16,10,臺中市,霧峰區,0,1,0,8,1,5,40,14,9,1,5,4,5,7,4,4,9,4,5,1,29,43,2,9,4,1,F01,7,9,8,20,2,16,  ,43,43,1,20,8,F01,24.072275,120.704902,2
2018,11,14,16,15,臺中市,北屯區,0,3,0,8,1,5,50,14,7,1,5,4,5,7,4,4,1,2,4,2,13,42,3,10,1,1,B03,7,9,1,8,2,1,  ,42,42,1,5,8,B03,24.16694,120.695531,2
2018,11,14,16,17,臺中市,烏日區,0,1,0,8,1,5,40,3,9,1,5,4,3,5,4,4,10,5,5,2,12,19,3,10,1,1,B03,7,9,1,8,2,2,  ,23,19,1,22,8,B03,24.085043,120.63869,2
2018,11,14,16,23,臺中市,大里區,0,2,0,8,1,5,50,3,2,1,5,4,5,7,4,4,5,4,4,1,29,23,2,9,1,1,C03,7,9,1,10,2,11,  ,23,23,1,18,2,C03,24.093766,120.693053,2
2018,11,14,16,25,臺中市,南區,0,0,0,8,1,5,50,14,7,1,5,4,5,7,1,1,1,2,5,2,13,23,3,10,1,1,B12,7,15,1,8,2,1,  ,23,23,1,22,8,B12,24.120501,120.649725,3
2018,11,14,16,25,臺中市,北屯區,0,1,0,8,1,5,50,4,1,1,5,4,5,7,1,1,1,2,5,2,16,25,3,10,1,1,B03,7,5,1,8,2,2,  ,25,25,1,22,8,B03,24.181958,120.721667,2
2018,11,14,16,30,臺中市,沙鹿區,0,1,0,8,1,5,50,4,1,1,5,4,5,7,3,1,10,5,5,2,18,23,2,9,1,1,C03,7,6,1,10,2,14,  ,23,23,1,18,5,C03,24.229472,120.559811,2
2018,11,14,16,36,臺中市,清水區,,,,8,,,50,,,,,,,,,,,,,,,,,,,,A12,,,1,,2,,,16,,1,21,,A12,24.263722,120.546114,3
2018,11,14,16,50,臺中市,西屯區,0,0,,8,,,40,,,,,,,,,,,,,,,,,,,,B12,,,1,,2,,,19,,1,22,,B12,24.170732,120.630115,3
2018,11,14,17,0,臺中市,北屯區,0,0,0,8,,,40,,,,,,,,,,,,,,,23,  ,  ,  ,  ,B03,  ,  ,1,  ,2,  ,  ,23,23,  ,5,  ,B03,24.181753,120.6737,3
2018,11,14,17,1,臺中市,北區,0,1,0,8,1,5,50,14,8,1,5,4,5,7,4,4,1,4,4,2,17,23,3,10,3,1,B03,7,13,1,8,11,4,  ,44,23,1,22,8,B03,24.170767,120.671961,2
2018,11,14,17,2,臺中市,太平區,0,0,,8,,,50,,,,,,,,,,,,,,,,,,,,B03,,,1,,2,,,6,,1,21,,B03,24.140186,120.721913,3
2018,11,14,17,5,臺中市,大雅區,0,1,0,8,1,5,50,3,1,1,5,4,5,7,4,4,5,4,5,1,14,12,3,10,1,1,B03,7,2,1,8,2,3,  ,12,12,1,22,9,B03,24.229197,120.64619,2
2018,11,14,17,10,臺中市,北屯區,0,1,0,8,3,5,40,3,1,1,5,4,5,7,1,1,10,5,5,2,16,26,3,10,3,4,B12,7,6,1,8,2,2,  ,26,26,1,21,8,B12,24.161621,120.718955,2
2018,11,14,17,10,臺中市,大肚區,0,0,,8,,,70,,,,,,,,,,,,,,,,,,,,B03,,,1,,2,,,19,,1,4,,B03,24.131243,120.554271,3
2018,11,14,17,15,臺中市,北屯區,0,0,,8,,,50,,,,,,,,,,,,,,,,,,,,B03,,,1,,2,,,42,,1,21,,B03,24.165889,120.694808,3
2018,11,14,17,17,臺中市,北區,0,0,,8,,,50,,,,,,,,,,,,,,,,,,,,C03,,,1,,2,,,7,,1,22,,C03,24.1447,120.672,3
2018,11,14,17,18,臺中市,南屯區,0,0,,8,,,50,,,,,,,,,,,,,,,,,,,,B03,,,1,,2,,,23,,1,5,,B03,24.149293,120.613203,3
2018,11,14,17,19,臺中市,西屯區,0,0,,8,,,40,,,,,,,,,,,,,,,,,,,,B03,,,1,,11,,,23,,2,22,,B03,24.193378,120.606709,3
2018,11,14,17,20,臺中市,大雅區,0,1,0,8,1,5,50,3,2,1,5,4,5,7,1,1,1,4,4,1,13,16,2,9,1,1,C03,7,9,1,10,2,11,  ,16,16,1,22,8,C03,24.230933,120.658181,2
2018,11,14,17,21,臺中市,西屯區,0,0,0,8,3,5,50,,,,,,,,,,,,,,,23,  ,  ,  ,  ,C03,  ,  ,1,  ,2,12,  ,23,23,1,21,  ,C03,24.175158,120.649128,3
2018,11,14,17,23,臺中市,西屯區,0,0,0,8,1,5,50,3,2,1,5,4,5,7,1,1,8,3,4,1,12,23,  ,  ,  ,  ,B03,  ,  ,1,  ,2,  ,  ,23,23,1,22,  ,B03,24.162716,120.657231,3
2018,11,14,17,30,臺中市,大甲區,0,1,0,8,3,5,50,4,1,1,5,4,5,7,4,4,10,5,5,2,15,6,3,10,1,1,C03,7,11,1,10,2,12,  ,6,6,1,9,9,C03,24.383436,120.659331,2
2018,11,14,17,32,臺中市,西區,0,1,0,8,1,5,50,4,1,1,5,4,5,7,1,1,10,5,5,2,18,42,3,10,1,1,C03,7,5,1,10,2,15,  ,42,42,1,21,8,C03,24.144953,120.655136,2
2018,11,14,17,35,臺中市,烏日區,0,1,0,8,3,5,60,4,1,1,5,4,5,7,2,1,10,5,5,2,16,25,2,9,1,1,C03,7,5,1,10,2,11,12,25,25,1,21,8,C03,24.106195,120.633901,2
2018,11,14,17,36,臺中市,北區,0,0,0,8,,,50,,,,,,,,,,,,,,,23,  ,  ,  ,  ,B03,  ,  ,1,8,11,  ,  ,23,23,1,  ,  ,B03,24.163122,120.676456,3
2018,11,14,17,38,臺中市,烏日區,0,1,0,8,3,5,60,4,2,1,5,4,4,6,2,1,1,4,4,1,17,61,3,10,2,1,B03,7,13,1,8,2,6,  ,61,61,1,21,8,B03,24.106205,120.633888,2
2018,11,14,17,39,臺中市,西屯區,0,0,,8,,,50,,,,,,,,,,,,,,,,,,,,A02,,,1,,2,,,19,,1,22,,A02,24.18047,120.624933,3
2018,11,14,17,40,臺中市,西屯區,0,2,0,8,3,5,50,4,9,1,5,4,5,7,4,4,9,4,5,2,12,6,2,9,1,1,C03,7,5,1,10,2,12,  ,6,6,1,21,8,C03,24.174516,120.600658,2
2018,11,14,17,41,臺中市,烏日區,0,0,,8,,,40,,,,,,,,,,,,,,,,,,,,B12,,,1,,2,,,12,,1,21,,B12,24.107889,120.605261,3
2018,11,14,17,41,臺中市,潭子區,0,0,,8,,,50,,,,,,,,,,,,,,,,,,,,B03,,,1,,2,,,12,,1,22,,B03,24.20725,120.703469,3
2018,11,14,17,42,臺中市,北屯區,0,0,,8,,,40,,,,,,,,,,,,,,,,,,,,B03,,,1,,2,,,23,,1,21,,B03,24.174168,120.694506,3
2018,11,14,17,43,臺中市,大雅區,0,1,0,8,3,5,40,4,1,1,5,4,5,7,3,1,10,5,5,1,16,6,3,10,1,1,B03,7,9,1,8,2,1,  ,6,6,1,22,9,B03,24.226939,120.65794,2
2018,11,14,17,44,臺中市,西屯區,0,1,0,8,3,5,50,4,1,1,5,4,5,7,1,1,10,5,5,2,17,42,2,7,1,1,C03,7,9,1,10,2,15,  ,42,42,1,22,8,C03,24.173926,120.621959,2
2018,11,14,17,48,臺中市,西屯區,0,0,0,8,3,5,40,,,,,,,,,,,,,,,16,  ,  ,  ,  ,B03,  ,  ,1,  ,2,1,  ,16,16,1,21,  ,B03,24.171533,120.633303,3
2018,11,14,17,50,臺中市,北屯區,0,0,0,8,,,50,,,,,,,,,,,,,,,6,  ,  ,  ,  ,B03,  ,  ,1,  ,2,  ,  ,6,6,1,5,  ,B03,24.17548,120.683025,3
2018,11,14,17,50,臺中市,沙鹿區,0,0,0,8,,,70,,,,,,,,,,,,,,,23,  ,  ,  ,  ,A12,  ,  ,1,  ,2,  ,  ,23,23,1,10,  ,A12,24.244495,120.613889,3
2018,11,14,17,52,臺中市,西區,0,2,0,8,3,5,50,14,9,1,5,4,5,7,4,4,5,2,5,2,16,1,2,9,1,1,C03,7,4,1,10,2,11,  ,1,1,1,5,7,C03,24.152186,120.65472,2
2018,11,14,17,53,臺中市,南屯區,0,0,,8,,,50,,,,,,,,,,,,,,,,,,,,B03,,,1,,2,,,23,,1,  ,,B03,24.15075,120.652201,3
2018,11,14,17,53,臺中市,北屯區,0,0,,8,,,40,,,,,,,,,,,,,,,,,,,,B03,,,1,,2,,,23,,1,5,,B03,24.1864,120.6869,3
2018,11,14,18,0,臺中市,西屯區,0,0,,8,3,5,50,14,9,1,5,4,5,7,4,4,8,3,4,1,13,,,,,,B03,,,1,,2,,,23,,1,22,,B03,24.184235,120.627079,3
2018,11,14,18,10,臺中市,北屯區,0,0,,8,,,50,,,,,,,,,,,,,,,,,,,,C03,,,4,,2,,,16,,2,21,,C03,24.169175,120.685293,3
2018,11,14,18,12,臺中市,大甲區,0,0,0,,,,,,,,,,,,,,,,,,,6,  ,  ,  ,  ,B03,  ,  ,1,  ,2,  ,  ,6,6,1,22,  ,B03,24.347949,120.615001,3
2018,11,14,18,16,臺中市,北屯區,0,0,,8,,,50,,,,,,,,,,,,,,,,,,,,B03,,,1,,2,,,23,,1,22,,B03,24.161668,120.69988,3
2018,11,14,18,20,臺中市,西區,0,0,0,8,,,50,,,,,,,,,,,,,,,23,3,  ,  ,  ,B03,  ,  ,1,  ,2,  ,  ,23,23,  ,5,  ,B03,24.150745,120.657731,3
2018,11,14,18,20,臺中市,清水區,0,1,0,8,3,5,50,4,1,1,5,4,5,7,3,1,5,4,4,1,17,6,3,10,1,1,B03,7,5,1,8,2,1,  ,6,6,1,21,8,B03,24.274293,120.566641,2
2018,11,14,18,22,臺中市,西屯區,0,1,0,8,1,5,50,4,1,1,5,4,5,7,1,1,1,2,1,2,16,25,3,10,3,4,B03,7,9,1,8,2,1,  ,25,25,1,22,8,B03,24.1703,120.632291,2
2018,11,14,18,30,臺中市,北屯區,0,1,0,8,2,5,50,3,1,1,5,4,5,7,4,4,10,5,5,2,16,19,3,10,1,1,B03,7,1,1,7,2,8,  ,19,19,1,21,5,B03,24.168753,120.705096,2
2018,11,14,18,37,臺中市,北區,0,0,,8,,,50,,,,,,,,,,,,,,,,,,,,B02,,,1,,2,,,23,,1,  ,,B02,24.170115,120.672272,3
2018,11,14,18,42,臺中市,大里區,0,0,,,,,,,,,,,,,,,,,,,,,,,,,B03,,,1,,2,,,23,,1,21,,B03,,,3
2018,11,14,18,50,臺中市,西屯區,0,1,0,8,3,5,50,4,7,1,5,4,5,7,1,1,5,4,4,2,17,48,3,10,1,1,B12,7,9,1,8,2,15,  ,48,48,1,22,8,B12,24.186354,120.622054,2
2018,11,14,18,50,臺中市,梧棲區,0,2,0,8,3,5,50,14,12,1,5,4,5,7,4,4,1,4,4,1,3,23,2,9,1,1,C03,7,9,1,10,2,11,  ,23,23,1,5,8,C03,24.247791,120.548504,2
2018,11,14,18,55,臺中市,北區,0,2,0,8,3,5,50,5,1,1,5,4,5,7,1,1,10,5,5,2,17,7,2,7,1,1,C03,7,10,1,10,2,14,  ,7,7,1,22,8,C03,24.164927,120.672241,2
2018,11,14,18,56,臺中市,東區,0,0,,8,,,50,,,,,,,,,,,,,,,23,,,,,A04,,,1,,2,,,38,23,1,22,,A04,24.279747,120.685828,3
2018,11,14,18,57,臺中市,北屯區,0,0,,8,,,80,,,,,,,,,,,,,,,,,,,,B03,,,1,,2,,,16,,1,5,,B03,24.1698,120.7208,3
2018,11,14,18,59,臺中市,南區,0,0,0,8,,,40,,,,,,,,,,,,,,,12,3,  ,  ,  ,B03,  ,  ,1,  ,2,  ,  ,12,12,  ,5,  ,B03,24.129613,120.676588,3
2018,11,14,19,0,臺中市,南區,0,2,0,8,1,5,50,3,1,1,5,4,5,7,1,1,10,5,5,2,16,6,2,9,1,1,C03,7,5,1,10,2,11,  ,6,6,1,21,8,C03,24.121922,120.672133,2
2018,11,14,19,5,臺中市,沙鹿區,0,0,,8,,,50,,,,,,,,,,,,,,,,,,,,B03,,,1,,2,,,9,,1,  ,,B03,24.242611,120.561391,3
2018,11,14,19,7,臺中市,西屯區,0,0,0,8,,,40,,,,,,,,,,,,,,,23,  ,  ,  ,  ,B03,  ,  ,1,  ,2,  ,  ,23,23,1,21,  ,B03,24.186155,120.636701,3
2018,11,14,19,30,臺中市,大里區,0,0,,8,,,40,,,,,,,,,,,,,,,,,,,,B03,,,1,,2,,,18,,1,8,,B03,24.080948,120.693267,3
2018,11,14,19,43,臺中市,大雅區,0,0,,8,,,40,,,,,,,,,,,,,,,,,,,,C03,,,4,,2,,,23,,1,  ,,C03,24.218894,120.638219,3
2018,11,14,19,47,臺中市,梧棲區,0,1,0,8,3,5,70,14,13,1,5,4,5,7,4,4,1,3,4,1,17,23,3,10,1,1,B03,7,13,1,8,2,7,  ,38,23,1,2,8,B03,24.224636,120.544231,2
2018,11,14,19,55,臺中市,西屯區,0,1,0,8,3,5,50,4,1,1,5,4,5,7,1,1,10,5,5,2,16,43,2,7,1,1,C03,7,9,1,10,2,11,  ,43,43,1,22,8,C03,24.16162,120.633915,2
2018,11,14,19,55,臺中市,大雅區,0,0,,8,3,5,50,3,2,1,5,4,5,7,4,4,5,5,5,1,12,,,,,,B03,,,1,,2,,,23,,1,  ,,B03,24.224795,120.649318,3
2018,11,14,20,8,臺中市,西屯區,0,0,,8,,,50,,,,,,,,,,,,,,,,,,,,C03,,,1,,2,,,23,,1,22,,C03,24.184248,120.619316,3
2018,11,14,20,11,臺中市,西屯區,0,1,0,8,3,5,50,4,1,1,5,4,5,7,1,1,5,4,4,2,16,42,2,8,1,1,C03,7,5,1,10,2,12,  ,42,42,1,22,8,C03,24.178788,120.619,2
2018,11,14,20,26,臺中市,北屯區,0,0,,8,,,40,,,,,,,,,,,,,,,,,,,,B03,,,1,,2,,,19,,1,21,,B03,24.16887,120.705041,3
2018,11,14,20,35,臺中市,南區,0,1,0,8,3,5,40,14,8,1,5,4,5,7,4,4,5,4,4,2,17,23,2,9,1,1,C03,7,9,1,10,2,11,  ,23,23,1,22,8,C03,24.124114,120.677238,2
2018,11,14,20,43,臺中市,沙鹿區,0,1,0,8,3,5,40,4,1,1,5,4,5,7,1,1,10,5,5,2,16,25,3,10,1,1,B03,7,5,1,8,2,6,  ,25,25,1,5,8,B03,24.21527,120.552204,2
2018,11,14,20,50,臺中市,梧棲區,0,0,,8,,,50,,,,,,,,,,,,,,,,,,,,   ,,,7,,11,,,43,,1,  ,,   ,24.24935,120.533768,3
2018,11,14,20,54,臺中市,北屯區,0,2,0,8,3,5,50,4,1,1,5,4,5,7,4,4,10,5,5,2,16,6,2,9,1,1,C03,7,5,1,10,2,14,  ,6,6,1,18,8,C03,24.178064,120.73617,2
2018,11,14,20,55,臺中市,沙鹿區,0,0,,8,,,50,,,,,,,,,,,,,,,,,,,,B03,,,1,,2,,,12,,1,  ,,B03,24.238529,120.559951,3
2018,11,14,20,58,臺中市,西區,0,0,,8,,,50,,,,,,,,,,,,,,,10,,,,,B03,,,1,,2,,,44,10,1,21,,B03,24.146722,120.655172,3
2018,11,14,21,0,臺中市,霧峰區,0,0,,8,,,50,,,,,,,,,,,,,,,,,,,,B03,,,1,,2,,,23,,1,  ,,B03,24.071691,120.711159,3
2018,11,14,21,29,臺中市,北屯區,0,0,,8,,,40,,,,,,,,,,,,,,,,,,,,B03,,,1,,2,,,19,,1,5,,B03,24.164914,120.697951,3
2018,11,14,21,29,臺中市,西屯區,0,1,0,8,1,5,50,4,2,1,5,4,5,7,1,1,3,2,4,2,16,8,2,9,3,4,C03,7,5,1,10,2,14,  ,8,8,1,22,8,C03,24.183913,120.620603,2
2018,11,14,21,30,臺中市,大雅區,0,1,0,8,3,5,40,4,4,1,5,4,5,7,1,1,1,4,5,1,14,12,3,10,1,1,B03,7,2,1,8,2,3,  ,12,12,1,22,9,B03,24.235596,120.667263,2
2018,11,14,21,36,臺中市,西屯區,0,2,0,8,3,5,50,15,7,1,5,4,5,7,4,4,5,4,4,2,12,19,2,7,1,1,C03,7,1,1,10,2,14,  ,19,19,1,22,8,C03,24.177123,120.618191,2
2018,11,14,21,43,臺中市,南屯區,0,0,,8,,,50,,,,,,,,,,,,,,,,,,,,B03,,,1,,2,,,23,,1,18,,B03,24.147678,120.645226,3
2018,11,14,21,56,臺中市,大里區,0,0,,8,,,60,,,,,,,,,,,,,,,,,,,,B03,,,1,,2,,,6,,1,1,,B03,24.083307,120.664468,3
2018,11,14,22,13,臺中市,南屯區,0,1,0,8,3,5,50,4,1,1,5,4,5,7,4,4,5,2,5,2,16,2,3,10,1,1,B03,7,5,1,8,2,2,  ,2,2,1,19,8,B03,24.1467,120.641751,2
2018,11,14,22,24,臺中市,北區,0,0,0,,,,50,,,,,,,,,,,,,,,16,3,  ,  ,  ,B03,  ,  ,1,8,2,1,  ,16,16,  ,21,  ,B03,24.149911,120.684097,3
2018,11,14,22,25,臺中市,神岡區,0,1,0,8,3,5,40,14,9,1,5,4,5,7,4,4,10,5,5,1,11,21,2,9,1,1,C03,7,9,1,10,8,14,  ,21,21,1,22,9,C03,24.237967,120.687028,2
2018,11,14,22,34,臺中市,沙鹿區,0,2,0,8,3,5,60,4,2,1,5,4,5,7,2,1,1,4,3,2,17,26,3,10,1,1,B03,7,6,1,8,2,3,  ,26,26,1,4,8,B03,24.201802,120.581072,2
2018,11,14,22,45,臺中市,大里區,0,0,0,8,3,5,50,14,9,1,5,4,5,7,4,4,5,4,5,2,13,23,3,10,1,1,B03,7,9,1,8,2,1,  ,23,23,1,5,8,B03,24.11162,120.695963,3