年,月,日,時,分,縣市,區,死,受傷,2-30,天候,光線,道路類別,速限,道路型態,事故位置,路面鋪裝,路面狀態,路面缺陷,障礙物,視距,號誌種類,號誌動作,分向設施,快車道或一般車道間,快慢車道間,路面邊線,事故類型及型態,主要肇因,受傷程度,主要傷處,保護裝備,行動電話,當事者區分_類別,車輛用途,當事者行動狀態,駕駛資格情形,駕駛執照種類,飲酒情形,車輛撞擊部位最初,車輛撞擊部位其他,肇事因素個別,肇事因素主要,肇事逃逸,職業,旅次目的,車種,GPS座標_緯度,GPS座標_經度,事故類別
2018,11,14,22,45,臺中市,潭子區,0,0,,8,,,60,,,,,,,,,,,,,,,,,,,,B03,,,1,,2,,,16,,1,  ,,B03,24.217761,120.705815,3
2018,11,14,22,50,臺中市,神岡區,0,0,,8,,,50,,,,,,,,,,,,,,,,,,,,B12,,,1,,2,,,12,,1,22,,B12,24.258301,120.711258,3
2018,11,14,22,53,臺中市,西屯區,0,1,0,8,3,5,50,3,1,1,5,4,5,7,4,4,10,5,5,2,16,6,2,9,1,1,C03,7,6,1,10,2,11,  ,6,6,1,22,8,C03,24.174725,120.649993,2
2018,11,14,23,3,臺中市,北區,0,0,0,,,,,,,,,,,,,,,,,,,,3,  ,  ,  ,B03,  ,  ,1,  ,2,  ,  ,23,  ,1,22,  ,B03,24.166878,120.676328,3
2018,11,14,23,8,臺中市,北區,0,0,0,8,,,50,,,,,,,,,,,,,,,6,3,  ,  ,  ,C03,  ,  ,1,10,2,11,12,6,6,  ,21,  ,C03,24.167419,120.670056,3
2018,11,14,23,9,臺中市,西屯區,0,2,0,8,3,5,40,3,2,1,5,4,5,7,1,1,3,5,5,2,13,23,2,9,1,1,C03,7,9,1,10,2,11,  ,23,23,1,21,8,C03,24.184381,120.611613,2
2018,11,14,23,15,臺中市,太平區,0,0,0,8,3,5,50,4,2,1,5,4,5,7,1,1,5,4,5,1,13,16,3,10,3,4,B03,7,9,1,8,8,1,  ,16,16,1,22,9,B03,24.1588,120.713146,3
2018,11,14,23,26,臺中市,北區,0,2,0,8,3,5,50,14,9,1,5,4,5,7,4,4,9,5,5,2,3,51,2,9,4,5,H01,8,16,8,20,10,16,  ,51,51,1,22,8,H01,24.15192,120.686145,2
2018,11,14,23,27,臺中市,東區,0,1,0,8,3,5,50,4,1,1,5,4,5,7,1,1,10,5,5,2,18,23,2,9,1,1,C03,7,9,1,10,2,12,  ,23,23,1,21,8,C03,24.132364,120.700098,2
2018,11,14,23,27,臺中市,西屯區,0,1,0,8,3,5,50,4,1,1,5,4,5,7,1,1,10,5,5,2,16,25,2,9,1,1,C03,7,9,1,10,2,12,  ,25,25,1,22,9,C03,24.172093,120.63712,2
2018,11,14,23,30,臺中市,南屯區,0,0,0,8,3,5,50,4,2,1,5,4,5,7,2,1,5,2,5,2,13,23,3,10,1,1,B03,7,9,1,8,2,1,1,23,23,1,5,5,B03,24.151528,120.618223,3
2018,11,15,0,2,臺中市,南屯區,0,1,0,8,1,5,50,4,1,1,5,4,5,7,2,1,10,5,5,2,15,25,2,9,1,1,C03,7,9,1,10,6,11,  ,25,25,1,22,8,C03,24.139919,120.650079,2
2018,11,15,0,2,臺中市,潭子區,0,1,0,8,3,5,60,14,9,1,5,4,5,7,4,4,9,4,5,1,18,23,2,9,1,1,C03,7,9,1,10,2,12,  ,23,23,1,21,8,C03,24.217421,120.706128,2
2018,11,15,0,48,臺中市,西屯區,0,1,0,8,3,5,50,14,7,1,5,4,5,7,4,4,5,4,5,2,17,10,3,10,1,1,B03,7,11,1,8,2,4,  ,10,10,1,22,8,B03,24.15601,120.64995,2
2018,11,15,1,36,臺中市,西屯區,0,1,0,8,3,5,40,14,8,1,5,4,5,7,4,4,5,5,4,2,16,23,2,9,1,1,C03,7,9,1,10,2,11,  ,23,23,1,22,9,C03,24.162581,120.633883,2
2018,11,15,1,39,臺中市,西屯區,0,1,0,8,3,5,40,14,9,1,5,4,5,7,4,4,10,5,5,2,18,21,2,9,3,4,C03,7,8,1,10,7,12,  ,21,21,1,21,8,C03,24.19649,120.640135,2
2018,11,15,4,3,臺中市,西屯區,0,1,0,8,3,5,50,3,9,1,5,4,5,7,3,1,1,5,4,2,23,13,2,9,1,1,B03,7,6,2,18,2,1,  ,13,13,1,22,9,B03,24.19365,120.607133,2
2018,11,15,4,47,臺中市,北屯區,0,0,,8,,,50,,,,,,,,,,,,,,,,,,,,B02,,,1,,2,,,23,,1,5,,B02,24.164791,120.707886,3
2018,11,15,6,21,臺中市,南區,0,0,0,8,,,50,,,,,,,,,,,,,,,,3,  ,  ,  ,A12,  ,  ,1,  ,2,  ,  ,19,  ,1,10,  ,A12,24.113653,120.65604,3
2018,11,15,6,38,臺中市,大里區,0,1,0,8,1,5,50,14,9,1,5,4,5,7,4,4,5,5,5,1,17,26,3,10,1,1,B03,7,5,1,8,2,1,  ,26,26,1,21,5,B03,24.095483,120.680244,2
2018,11,15,6,45,臺中市,西屯區,0,0,,8,,,1,,,,,,,,,,,,,,,,,,,,B03,,,1,,2,,,23,,1,  ,,B03,24.182356,120.615306,3
2018,11,15,6,58,臺中市,南區,0,2,0,8,1,5,40,3,1,1,5,4,5,7,4,4,10,5,5,2,16,6,2,9,4,5,F01,7,5,8,20,2,16,  ,6,6,1,15,8,F01,24.12468,120.661758,2
2018,11,15,7,5,臺中市,南屯區,0,0,,8,,,50,,,,,,,,,,,,,,,,,,,,B03,,,1,,9,,,23,,1,22,,B03,24.143151,120.636161,3
2018,11,15,7,11,臺中市,龍井區,0,2,0,8,1,5,70,5,1,1,5,4,5,7,1,1,10,5,5,2,15,4,2,7,1,1,C03,7,9,1,10,2,11,  ,4,4,1,12,8,C03,24.19468,120.53604,2
2018,11,15,7,14,臺中市,梧棲區,0,1,0,8,1,5,50,4,1,1,5,4,5,7,4,4,10,5,5,2,16,6,2,7,1,1,C04,7,5,1,10,11,12,  ,6,6,2,20,5,C04,24.248148,120.538383,2
2018,11,15,7,17,臺中市,大里區,0,0,,8,,,50,,,,,,,,,,,,,,,,,,,,B03,,,1,,2,,,16,,1,21,,B03,24.0948,120.713936,3
2018,11,15,7,17,臺中市,大里區,0,1,0,8,1,5,60,14,12,1,5,4,5,7,1,1,1,4,4,2,17,18,3,10,1,1,C03,7,3,1,10,2,13,  ,18,18,1,22,8,C03,24.105924,120.666401,2
2018,11,15,7,18,臺中市,梧棲區,0,0,,8,,,40,,,,,,,,,,,,,,,,,,,,B03,,,1,,2,,,6,,1,4,,B03,24.257908,120.560346,3
2018,11,15,7,20,臺中市,西屯區,0,1,0,8,1,5,50,14,9,1,5,4,5,7,4,4,5,5,5,2,18,23,2,9,1,1,C03,7,9,1,10,2,12,  ,23,23,1,9,8,C03,24.178091,120.641951,2
2018,11,15,7,21,臺中市,清水區,0,2,0,8,1,5,50,4,1,1,5,4,5,7,4,4,10,5,5,2,16,6,3,10,1,1,B03,7,6,1,8,2,4,  ,6,6,1,21,8,B03,24.262475,120.569654,2
2018,11,15,7,21,臺中市,沙鹿區,0,2,0,8,1,5,40,11,9,1,5,4,5,7,4,4,10,5,5,2,11,23,2,9,1,1,C03,7,9,1,10,2,11,  ,23,23,1,21,8,C03,24.218832,120.557857,2
2018,11,15,7,23,臺中市,梧棲區,0,0,,8,,,50,,,,,,,,,,,,,,,,,,,,B03,,,1,,2,,,23,,1,12,,B03,24.249275,120.540621,3
2018,11,15,7,25,臺中市,南屯區,0,1,0,8,1,5,50,14,7,1,5,4,5,7,4,4,5,4,4,2,13,23,2,9,1,1,C03,7,9,1,10,2,11,  ,23,23,1,22,9,C03,24.140322,120.627696,2
2018,11,15,7,25,臺中市,大雅區,0,2,0,8,1,5,50,14,9,1,5,4,5,7,4,4,5,4,5,1,16,19,2,9,1,1,C03,7,1,1,10,2,14,  ,19,19,1,22,9,C03,24.208763,120.629657,2
2018,11,15,7,26,臺中市,西屯區,0,1,0,8,1,5,50,14,9,1,5,4,5,7,4,4,1,4,5,2,17,23,2,9,3,4,C03,7,9,1,10,2,11,  ,23,23,1,22,8,C03,24.167706,120.651224,2
2018,11,15,7,27,臺中市,龍井區,0,1,0,8,1,5,40,14,8,1,5,4,5,7,4,4,1,4,1,1,13,23,2,9,1,4,C03,7,9,1,10,2,11,  ,23,23,1,22,1,C03,24.186357,120.585593,2
2018,11,15,7,29,臺中市,清水區,0,2,0,8,1,5,50,4,1,1,5,4,5,7,4,4,10,5,5,1,15,6,2,8,1,1,C03,7,9,1,10,2,11,  ,6,6,1,20,8,C03,24.275286,120.576369,2
2018,11,15,7,36,臺中市,太平區,0,1,0,8,1,5,40,14,9,1,5,4,5,7,4,4,5,5,5,2,13,16,2,9,1,1,C03,7,9,1,10,2,11,  ,16,16,1,21,8,C03,24.10726,120.727392,2
2018,11,15,7,37,臺中市,大雅區,0,2,0,8,1,5,40,4,2,1,5,4,5,7,1,1,10,5,5,1,13,16,2,8,1,1,C03,7,9,1,10,2,11,  ,16,16,1,22,8,C03,24.225905,120.664407,2
2018,11,15,7,40,臺中市,北屯區,0,1,0,8,1,5,50,3,1,1,5,4,5,7,1,1,10,5,5,2,16,43,2,5,1,1,C03,7,9,1,10,2,14,  ,43,43,1,21,8,C03,24.200819,120.678254,2
2018,11,15,7,40,臺中市,烏日區,0,1,0,8,1,5,50,4,1,1,5,4,5,7,2,1,1,4,5,1,16,43,3,10,1,1,B03,7,5,1,8,2,2,  ,43,43,1,21,8,B03,24.111559,120.650202,2
2018,11,15,7,40,臺中市,梧棲區,0,2,0,8,1,5,40,4,8,1,5,4,5,7,1,1,1,4,4,1,13,16,2,9,1,1,C03,7,9,1,10,2,12,  ,16,16,1,12,1,C03,24.25254,120.529699,2
2018,11,15,7,42,臺中市,西屯區,0,1,0,8,1,5,40,14,8,1,5,4,5,7,4,4,9,4,1,2,13,42,3,10,1,1,C03,7,9,1,10,2,11,  ,42,42,1,21,8,C03,24.16658,120.630985,2
2018,11,15,7,45,臺中市,西屯區,0,2,0,8,1,5,40,4,1,1,5,4,5,7,1,1,9,4,5,2,16,6,2,9,1,1,C03,7,5,1,10,2,11,  ,6,6,1,21,8,C03,24.179867,120.624861,2
2018,11,15,7,47,臺中市,太平區,0,1,0,8,1,5,50,4,22,1,5,4,5,7,1,1,10,5,5,2,17,11,3,10,4,5,F01,7,11,8,20,2,16,  ,11,11,1,16,8,F01,24.10674,120.724395,2
2018,11,15,7,58,臺中市,大雅區,0,1,0,8,1,5,50,3,9,1,5,4,5,7,4,4,10,4,5,1,17,16,3,10,1,1,C03,7,9,1,10,2,11,  ,16,16,1,22,9,C03,24.22113,120.644512,2
2018,11,15,8,3,臺中市,南區,0,0,0,8,1,5,40,14,8,1,5,4,5,7,4,4,1,4,4,2,13,16,3,10,1,1,C03,7,9,1,10,2,11,  ,16,16,1,21,8,C03,24.117816,120.670324,3
2018,11,15,8,5,臺中市,北屯區,0,2,0,8,1,5,50,4,1,1,5,4,5,7,1,1,10,5,5,2,16,6,2,9,1,1,C03,7,6,1,10,2,12,  ,6,6,1,22,8,C03,24.172207,120.685401,2
2018,11,15,8,9,臺中市,潭子區,0,1,0,8,1,5,60,14,9,1,5,4,5,7,4,4,3,4,5,1,18,23,2,9,1,1,C03,7,9,1,10,2,11,  ,23,23,1,22,8,C03,24.200953,120.70329,2
2018,11,15,8,10,臺中市,大里區,0,0,,8,,,40,,,,,,,,,,,,,,,,,,,,   ,,,7,,11,,,67,,1,  ,,   ,24.094448,120.700198,3
2018,11,15,8,10,臺中市,大雅區,0,0,,8,,,40,,,,,,,,,,,,,,,,,,,,B03,,,1,,2,,,18,,1,  ,,B03,24.222185,120.645274,3
2018,11,15,8,12,臺中市,西屯區,0,0,,8,,,50,,,,,,,,,,,,,,,,,,,,B03,,,1,,2,,,23,,1,22,,B03,24.17522,120.638643,3
2018,11,15,8,14,臺中市,北屯區,0,2,0,8,1,5,50,14,9,1,5,4,5,7,4,4,5,4,5,2,9,54,2,9,4,5,H01,8,16,8,20,10,16,  ,54,54,1,20,8,H01,24.169801,120.707701,2
2018,11,15,8,17,臺中市,西屯區,0,1,0,8,1,5,50,4,1,1,5,4,5,7,1,1,10,5,5,2,17,23,2,8,1,1,C03,7,9,1,10,2,14,  ,23,23,1,4,8,C03,24.183401,120.630335,2
2018,11,15,8,20,臺中市,北屯區,0,0,,8,,,50,,,,,,,,,,,,,,,,,,,,B03,,,1,,2,,,16,,1,  ,,B03,24.182533,120.713236,3
2018,11,15,8,20,臺中市,潭子區,0,0,,,,,,,,,,,,,,,,,,,,,,,,,B11,,,1,,2,,,23,,1,5,,B11,,,3
2018,11,15,8,23,臺中市,沙鹿區,0,0,,8,,,40,,,,,,,,,,,,,,,,,,,,B03,,,1,,2,,,19,,1,21,,B03,24.206538,120.561077,3
2018,11,15,8,25,臺中市,烏日區,0,1,0,8,1,5,40,14,8,1,5,4,5,7,4,4,1,4,4,1,17,10,3,10,1,1,A41,7,11,1,1,2,7,  ,10,10,1,21,8,A41,24.079845,120.647621,2
2018,11,15,8,27,臺中市,南屯區,0,0,0,8,1,5,50,14,9,1,5,4,5,7,4,4,1,4,5,2,12,13,3,10,1,1,B02,7,9,1,8,2,2,  ,7,13,1,22,8,B02,24.140139,120.64906,3
2018,11,15,8,30,臺中市,梧棲區,0,1,0,8,1,5,40,4,1,1,5,4,5,7,4,4,10,5,5,2,15,6,3,10,1,1,C03,7,9,1,10,2,11,  ,6,6,1,3,1,C03,24.260044,120.550818,2
2018,11,15,8,32,臺中市,南區,0,0,0,,,,,,,,,,,,,,,,,,,23,  ,  ,  ,  ,B03,  ,  ,1,  ,11,  ,  ,23,23,1,  ,  ,B03,24.118135,120.660265,3
2018,11,15,8,32,臺中市,西屯區,0,2,0,8,1,5,30,4,1,1,5,4,5,7,3,1,10,5,5,2,16,6,2,9,1,1,C03,7,5,1,10,2,11,  ,6,6,1,21,8,C03,24.19056,120.642476,2
2018,11,15,8,32,臺中市,西屯區,0,1,0,8,1,5,40,4,2,1,5,4,5,7,4,4,10,5,5,2,17,6,3,10,3,4,B03,7,9,1,8,2,5,  ,6,6,1,22,9,B03,24.166092,120.644972,2
2018,11,15,8,41,臺中市,潭子區,0,0,,8,,,60,,,,,,,,,,,,,,,,,,,,B03,,,1,,2,,,26,,1,22,,B03,24.194429,120.702534,3
2018,11,15,8,43,臺中市,西屯區,0,0,,8,,,50,,,,,,,,,,,,,,,,,,,,B03,,,1,,2,,,42,,1,22,,B03,24.156906,120.641416,3
2018,11,15,8,45,臺中市,南屯區,0,2,0,8,1,5,50,3,1,1,5,4,5,7,4,4,10,5,5,2,17,14,2,9,1,1,C03,7,9,1,10,2,12,  ,6,14,1,22,9,C03,24.136151,120.604241,2
2018,11,15,8,46,臺中市,沙鹿區,0,3,0,8,1,5,50,14,9,1,5,4,5,7,4,4,9,5,5,2,10,6,2,8,1,1,C03,7,1,1,10,2,11,  ,6,6,1,18,8,C03,24.224265,120.567095,2
2018,11,15,8,50,臺中市,西屯區,0,1,0,8,1,5,50,14,9,1,5,4,5,7,4,4,4,4,5,2,18,42,2,9,1,1,C03,7,9,1,10,2,14,  ,42,42,1,9,1,C03,24.184198,120.602765,2
2018,11,15,8,50,臺中市,大雅區,0,1,0,8,1,5,40,14,9,1,5,4,5,7,4,4,9,5,5,1,13,16,2,7,1,1,C03,7,9,1,10,2,11,  ,16,16,1,22,8,C03,24.21519,120.668268,2
2018,11,15,8,52,臺中市,太平區,0,1,0,8,1,5,50,14,8,1,5,4,5,7,4,4,5,5,4,1,10,4,3,10,1,1,C03,7,9,1,10,2,11,  ,4,4,1,4,8,C03,24.144895,120.713853,2
2018,11,15,8,54,臺中市,西屯區,0,0,,8,,,40,,,,,,,,,,,,,,,,,,,,B03,,,1,,2,,,16,,1,4,,B03,24.162367,120.629837,3
2018,11,15,9,1,臺中市,梧棲區,0,2,0,8,1,5,50,3,9,1,5,4,5,7,4,4,5,5,4,2,17,42,2,9,1,1,C03,7,9,1,10,2,14,  ,42,42,1,20,5,C03,24.243418,120.538926,2
2018,11,15,9,6,臺中市,南區,0,1,0,8,1,5,50,3,1,1,5,4,5,7,4,4,3,5,5,2,16,6,3,10,1,1,B03,7,6,1,8,2,5,  ,6,6,1,21,8,B03,24.118989,120.679066,2
2018,11,15,9,11,臺中市,南屯區,0,1,0,8,1,5,50,14,9,1,5,4,5,7,4,4,5,4,5,2,17,23,2,9,1,1,C03,7,9,2,18,2,11,  ,23,23,1,22,8,C03,24.132818,120.649975,2
2018,11,15,9,22,臺中市,太平區,0,1,0,8,1,5,50,4,2,1,5,4,5,7,1,1,5,4,5,2,13,23,2,9,1,1,C04,7,9,1,10,2,11,  ,23,23,1,21,8,C04,24.149235,120.714739,2
2018,11,15,9,28,臺中市,北區,0,0,,8,,,50,,,,,,,,,,,,,,,,,,,,B03,,,1,,2,,,23,,1,  ,,B03,24.157497,120.669175,3
2018,11,15,9,28,臺中市,霧峰區,0,1,0,8,1,5,70,14,8,1,5,4,5,7,4,4,1,4,4,1,16,6,3,10,1,1,A12,7,8,1,5,2,6,  ,6,6,1,10,8,A12,24.032146,120.69543,2
2018,11,15,9,29,臺中市,南區,0,1,0,8,1,5,50,5,1,1,5,4,5,7,1,1,10,5,5,2,17,26,3,10,1,1,C03,7,6,1,10,2,15,  ,26,26,1,21,1,C03,24.116836,120.666427,2
2018,11,15,9,30,臺中市,大里區,0,0,,8,,,50,,,,,,,,,,,,,,,,,,,,B12,,,1,,2,,,12,,1,22,,B12,24.103766,120.686773,3
2018,11,15,9,30,臺中市,潭子區,0,0,,8,,,50,,,,,,,,,,,,,,,,,,,,B12,,,1,,2,,,23,,1,22,,B12,24.224308,120.695553,3
2018,11,15,9,31,臺中市,西屯區,0,2,0,8,1,5,50,3,1,1,5,4,5,7,4,4,10,5,5,2,3,43,2,9,1,1,C03,7,9,1,10,2,11,  ,43,43,1,21,8,C03,24.179785,120.639508,2
2018,11,15,9,34,臺中市,潭子區,0,0,0,8,1,5,50,14,7,1,5,4,5,7,4,4,5,2,4,1,13,42,3,10,1,1,B12,7,15,1,8,4,3,  ,42,42,1,22,8,B12,24.210228,120.686441,3
2018,11,15,9,41,臺中市,北區,0,1,0,8,1,5,50,4,1,1,5,4,5,7,1,1,5,5,4,2,11,6,2,9,3,4,C03,7,5,1,10,2,11,  ,6,6,1,22,9,C03,24.154178,120.667735,2
2018,11,15,9,45,臺中市,北區,0,0,,8,,,50,,,,,,,,,,,,,,,,,,,,C03,,,1,,2,,,12,,1,5,,C03,24.157743,120.677781,3
2018,11,15,9,51,臺中市,南屯區,0,0,,8,,,50,,,,,,,,,,,,,,,,,,,,B12,,,1,,2,,,12,,1,22,,B12,24.150708,120.5955,3
2018,11,15,9,59,臺中市,龍井區,0,0,,8,,,60,,,,,,,,,,,,,,,,,,,,B03,,,1,,2,,,42,,1,22,,B03,24.190839,120.579674,3
2018,11,15,10,8,臺中市,南區,0,0,0,,,,,,,,,,,,,,,,,,,12,3,  ,  ,  ,B03,  ,  ,1,  ,2,  ,  ,12,12,1,22,  ,B03,24.112696,120.658568,3
2018,11,15,10,8,臺中市,南區,0,1,0,8,1,5,50,4,1,1,5,4,5,7,2,1,10,5,5,2,16,6,3,10,1,1,B03,7,6,1,8,2,5,  ,6,6,1,21,8,B03,24.115044,120.655298,2
2018,11,15,10,9,臺中市,太平區,0,1,0,8,1,5,50,4,1,1,5,4,5,7,4,4,10,5,5,2,16,6,3,10,1,1,B02,7,5,1,8,2,5,  ,6,6,1,5,8,B02,24.14185,120.716395,2
2018,11,15,10,10,臺中市,南屯區,,,,8,,,50,,,,,,,,,,,,,,,23,,,,,B12,,,1,,2,,,23,23,1,22,,B12,24.151962,120.648208,3
2018,11,15,10,10,臺中市,烏日區,0,1,0,8,1,5,50,4,1,1,5,4,5,7,1,1,10,5,5,2,16,9,3,10,1,1,A12,7,6,1,5,2,2,  ,9,9,1,10,8,A12,24.104823,120.62182,2
2018,11,15,10,12,臺中市,龍井區,0,2,0,8,1,5,40,4,1,1,5,4,5,7,4,4,10,5,5,2,15,14,2,9,1,4,C03,7,9,1,9,2,12,  ,14,14,1,18,8,C03,24.180397,120.587675,2
2018,11,15,10,22,臺中市,北區,0,1,0,8,1,5,50,3,1,1,5,4,5,7,4,4,5,4,4,2,3,51,2,7,4,5,H01,8,16,8,20,10,16,  ,51,51,1,20,8,H01,24.149867,120.681138,2
2018,11,15,10,30,臺中市,梧棲區,0,0,,8,,,40,,,,,,,,,,,,,,,,,,,,B12,,,1,,2,,,12,,1,9,,B12,24.237631,120.530848,4
2018,11,15,10,30,臺中市,潭子區,0,1,0,8,1,5,50,14,7,1,5,4,5,7,4,4,1,4,4,1,12,26,2,9,1,1,C03,7,7,1,10,2,14,  ,26,26,1,22,9,C03,24.221443,120.704129,2
2018,11,15,10,32,臺中市,南區,0,1,0,8,1,5,50,4,1,1,5,4,5,7,1,1,10,5,5,2,13,23,2,9,1,1,C03,7,9,1,10,2,11,  ,23,23,1,21,8,C03,24.119136,120.669708,2
2018,11,15,10,35,臺中市,中區,0,0,0,8,,,50,,,,,,,,,,,,,,,12,3,  ,  ,  ,B03,  ,  ,1,8,2,3,  ,12,12,1,21,8,B03,24.142179,120.675104,3
2018,11,15,10,36,臺中市,北區,0,0,,8,,,50,,,,,,,,,,,,,,,67,,,,,C02,,,3,,11,,,38,67,1,22,,C02,24.165193,120.687063,3
2018,11,15,10,40,臺中市,西區,0,1,0,8,1,5,40,3,1,1,5,4,5,7,2,1,5,5,5,2,13,23,3,10,1,1,B03,7,6,1,8,2,5,  ,23,23,1,22,8,B03,24.136653,120.673448,2
2018,11,15,10,45,臺中市,南屯區,0,0,0,8,1,5,40,,8,1,5,4,5,,,4,1,4,,2,13,23,3,10,1,1,A05,7,9,1,1,2,1,  ,23,23,1,10,8,A05,24.142139,120.622659,3
2018,11,15,10,45,臺中市,大甲區,0,0,0,8,,,50,,,,,,,,,,,,,,,23,  ,  ,  ,  ,B12,  ,  ,1,  ,2,  ,  ,23,23,1,21,  ,B12,24.344861,120.633833,3
2018,11,15,10,48,臺中市,西區,0,1,0,8,1,5,50,4,1,1,5,4,5,7,4,4,10,5,5,2,15,6,2,9,1,1,C03,7,9,1,10,2,12,  ,6,6,1,4,9,C03,24.142776,120.669768,2
2018,11,15,10,55,臺中市,龍井區,0,1,0,8,1,5,40,14,9,1,5,4,5,7,4,4,10,5,5,2,12,23,2,9,4,5,F01,7,9,8,20,2,16,  ,23,23,1,20,7,F01,24.195236,120.548843,2
2018,11,15,11,17,臺中市,大里區,0,0,,8,,,40,,,,,,,,,,,,,,,,,,,,C03,,,1,,2,,,8,,1,18,,C03,24.099176,120.70198,3
2018,11,15,11,17,臺中市,太平區,0,0,0,8,,,50,,,,,,,,,,,,,,,42,  ,  ,  ,  ,A12,  ,  ,1,  ,2,  ,  ,42,42,1,10,  ,A12,24.124758,120.705786,3
2018,11,15,11,18,臺中市,西區,0,1,0,8,1,5,50,3,1,1,5,4,5,7,4,4,1,4,5,2,16,42,2,9,1,1,C03,7,9,1,10,2,11,  ,42,42,1,21,5,C03,24.141033,120.657238,2
2018,11,15,11,21,臺中市,大雅區,0,0,,8,,,50,,,,,,,,,,,,,,,,,,,,B03,,,1,,2,,,12,,1,  ,,B03,24.225618,120.648452,3
2018,11,15,11,25,臺中市,西屯區,0,0,,8,,,50,,,,,,,,,,,,,,,,,,,,B03,,,1,,2,,,42,,1,22,,B03,24.170025,120.648238,3
2018,11,15,11,33,臺中市,新社區,0,0,0,8,,,50,,,,,,,,,,,,,,,16,  ,  ,  ,  ,B03,  ,  ,1,  ,2,  ,  ,16,16,1,22,  ,B03,24.218307,120.796001,3
2018,11,15,11,35,臺中市,北屯區,0,3,0,8,1,5,50,14,7,1,5,4,5,7,4,4,9,5,5,2,13,16,2,9,1,1,C03,7,9,1,10,2,11,  ,16,16,1,22,8,C03,24.171721,120.698277,2
2018,11,15,11,37,臺中市,北區,0,1,0,8,1,5,50,3,2,1,5,4,5,7,3,1,5,5,4,2,12,43,3,10,1,1,B03,7,9,1,8,2,2,  ,43,43,1,5,8,B03,24.159053,120.684237,2
2018,11,15,11,42,臺中市,西屯區,0,0,0,8,1,5,80,,,,,,,,,,,,,,,23,  ,  ,  ,  ,B03,  ,  ,1,  ,2,1,  ,23,23,1,22,  ,B03,24.178213,120.634544,3
2018,11,15,11,42,臺中市,潭子區,0,2,0,8,1,5,50,14,9,1,5,4,5,7,4,4,5,5,5,1,16,19,2,9,1,1,C03,7,1,4,8,2,14,  ,19,19,1,22,8,C03,24.21456,120.710685,2
2018,11,15,11,47,臺中市,南區,0,1,0,8,1,5,50,4,1,1,4,4,5,7,4,4,10,5,4,2,15,6,3,10,1,1,C03,7,9,1,10,2,14,  ,6,6,1,22,9,C03,24.129003,120.664596,2
2018,11,15,11,51,臺中市,南區,0,0,0,8,1,5,50,14,9,1,5,4,5,7,4,4,10,5,5,2,17,19,3,10,1,1,B03,7,1,1,8,2,5,  ,19,19,1,21,8,B03,24.114437,120.651889,3
2018,11,15,12,4,臺中市,西屯區,0,1,0,8,1,5,50,3,1,1,5,4,5,7,4,4,10,5,5,2,16,6,3,10,1,1,C03,7,5,1,10,2,11,  ,6,6,1,21,8,C03,24.169552,120.652497,2
2018,11,15,12,7,臺中市,西屯區,0,1,0,8,1,5,40,14,9,1,5,4,5,7,4,4,10,5,5,2,16,6,3,10,1,1,B03,7,6,1,8,2,2,  ,6,6,1,4,8,B03,24.176661,120.629644,2
2018,11,15,12,8,臺中市,西區,0,0,,8,,,40,,,,,,,,,,,,,,,,,,,,B03,,,1,,2,,,23,,1,22,,B03,24.147577,120.656821,3
2018,11,15,12,8,臺中市,西屯區,0,0,0,8,,,50,,,,,,,,,,,,,,,10,  ,  ,  ,  ,B03,  ,  ,1,  ,2,  ,  ,10,10,1,22,  ,B03,24.200978,120.627171,3
2018,11,15,12,24,臺中市,梧棲區,0,1,0,8,1,5,70,3,1,1,5,4,5,7,1,1,10,5,5,2,17,9,3,10,1,1,B03,7,6,1,8,2,15,  ,9,9,1,3,8,B03,24.254858,120.533848,2
2018,11,15,12,25,臺中市,大甲區,0,1,0,8,1,5,50,4,1,1,5,4,5,7,4,4,10,5,5,2,25,22,2,1,4,1,F02,7,6,8,20,2,16,  ,22,22,1,9,8,F02,24.344967,120.628705,2
2018,11,15,12,28,臺中市,北區,0,0,0,8,,,50,,,,,,,,,,,,,,,18,  ,  ,  ,  ,B12,  ,  ,1,  ,2,  ,  ,18,18,1,  ,  ,B12,24.145001,120.6728,3
2018,11,15,12,31,臺中市,北屯區,0,2,0,8,1,5,50,3,1,1,5,4,5,7,1,1,10,5,5,2,16,25,2,9,1,1,C03,7,9,1,10,2,12,  ,25,25,1,3,8,C03,24.162,120.6992,2
2018,11,15,12,45,臺中市,西屯區,0,0,,8,,,50,,,,,,,,,,,,,,,,,,,,B03,,,1,,2,,,23,,1,  ,,B03,24.171701,120.643528,3
2018,11,15,12,45,臺中市,沙鹿區,0,2,0,8,1,5,40,5,1,1,5,4,5,7,2,1,10,5,5,2,15,25,2,9,1,1,C03,7,9,1,10,2,11,  ,25,25,1,5,5,C03,24.233774,120.571879,2