年,月,日,時,分,縣市,區,死,受傷,2-30,天候,光線,道路類別,速限,道路型態,事故位置,路面鋪裝,路面狀態,路面缺陷,障礙物,視距,號誌種類,號誌動作,分向設施,快車道或一般車道間,快慢車道間,路面邊線,事故類型及型態,主要肇因,受傷程度,主要傷處,保護裝備,行動電話,當事者區分_類別,車輛用途,當事者行動狀態,駕駛資格情形,駕駛執照種類,飲酒情形,車輛撞擊部位最初,車輛撞擊部位其他,肇事因素個別,肇事因素主要,肇事逃逸,職業,旅次目的,車種,GPS座標_緯度,GPS座標_經度,事故類別
2018,11,15,12,50,臺中市,清水區,0,2,0,8,1,5,70,14,7,1,5,4,5,7,4,4,1,4,4,1,29,67,  ,  ,  ,  ,   ,  ,  ,  ,  ,  ,  ,  ,67,67,1,  ,  ,   ,24.272714,120.569433,2
2018,11,15,12,53,臺中市,大里區,0,0,,8,,,50,,,,,,,,,,,,,,,,,,,,B02,,,1,,2,,,23,,1,21,,B02,24.102458,120.681131,3
2018,11,15,12,56,臺中市,梧棲區,0,0,,8,,,70,,,,,,,,,,,,,,,,,,,,B03,,,1,,2,,,23,,1,9,,B03,24.252385,120.537053,4
2018,11,15,12,59,臺中市,西屯區,0,1,0,8,1,5,50,3,2,1,5,4,5,7,4,4,5,5,5,2,13,16,2,8,1,4,C03,7,9,1,10,2,11,  ,16,16,1,22,9,C03,24.166706,120.636211,2
2018,11,15,13,4,臺中市,北區,0,0,,8,,,50,,,,,,,,,,,,,,,,,,,,B03,,,1,,2,,,19,,1,22,,B03,24.166473,120.68848,3
2018,11,15,13,10,臺中市,大甲區,0,1,0,8,1,5,50,14,9,1,5,4,5,7,4,4,5,5,5,2,12,17,3,10,1,1,B03,7,4,1,8,2,2,  ,17,17,1,5,9,B03,24.340236,120.630576,2
2018,11,15,13,13,臺中市,西屯區,0,2,0,8,1,5,50,14,9,1,5,4,5,7,4,4,1,4,5,2,17,40,3,10,1,1,B03,7,15,1,8,2,8,  ,40,40,1,22,8,B03,24.17002,120.648248,2
2018,11,15,13,18,臺中市,西區,0,0,,8,,,50,,,,,,,,,,,,,,,,,,,,B03,,,1,,2,,,42,,1,21,,B03,24.150191,120.654033,3
2018,11,15,13,23,臺中市,西區,0,1,0,8,1,5,50,4,1,1,5,1,5,7,1,1,10,5,5,2,15,25,3,10,1,1,B03,7,9,1,8,2,5,  ,25,25,1,22,8,B03,24.142948,120.65729,2
2018,11,15,13,26,臺中市,北區,0,2,0,8,1,5,50,14,7,1,5,4,5,7,1,1,1,5,5,2,12,16,2,9,1,1,C03,7,9,1,10,2,14,  ,16,16,1,5,8,C03,24.161654,120.69234,2
2018,11,15,13,30,臺中市,大里區,0,1,0,8,1,5,50,3,1,1,5,4,5,7,4,4,10,5,5,2,16,6,2,9,1,1,C03,7,6,1,10,2,11,  ,6,6,1,22,8,C03,24.099974,120.680345,2
2018,11,15,13,32,臺中市,南屯區,0,0,0,8,1,5,40,14,9,1,5,4,5,7,4,4,10,5,5,1,16,12,3,10,1,1,B03,7,2,1,8,2,5,  ,12,12,1,22,8,B03,24.146228,120.649555,3
2018,11,15,13,34,臺中市,西屯區,0,2,0,8,1,5,50,4,1,1,5,4,5,7,1,1,5,5,5,2,16,25,2,9,1,1,C04,7,9,1,10,2,12,  ,25,25,1,22,8,C04,24.188417,120.620677,2
2018,11,15,13,39,臺中市,清水區,0,0,,8,,,50,,,,,,,,,,,,,,,,,,,,B03,,,1,,2,,,23,,1,5,,B03,24.266388,120.556748,3
2018,11,15,13,40,臺中市,新社區,0,0,,8,,,50,,,,,,,,,,,,,,,,,,,,B12,,,1,,2,,,12,,1,  ,,B12,24.21498,120.778271,3
2018,11,15,13,41,臺中市,南區,0,2,0,8,1,5,50,14,7,1,5,4,5,7,4,4,5,5,4,2,13,16,2,9,1,1,C03,7,9,1,10,2,11,  ,16,16,1,21,8,C03,24.13063,120.681191,2
2018,11,15,13,50,臺中市,西區,0,0,0,8,,,50,,,,,,,,,,,,,,,12,3,  ,  ,  ,B03,  ,  ,1,8,2,3,  ,12,12,1,21,8,B03,24.137513,120.676512,3
2018,11,15,13,52,臺中市,大雅區,0,0,,8,,,40,,,,,,,,,,,,,,,,,,,,B12,,,1,,2,,,23,,1,  ,,B12,24.214362,120.649458,3
2018,11,15,13,56,臺中市,西屯區,0,0,,8,,,50,,,,,,,,,,,,,,,,,,,,G03,,,1,,2,,,7,,1,10,,G03,24.158435,120.646829,3
2018,11,15,13,57,臺中市,南屯區,0,0,0,8,,5,50,4,2,1,,4,5,7,,1,5,5,5,2,13,23,3,10,1,1,B03,7,9,1,8,2,1,  ,23,23,1,22,8,B03,24.144773,120.630824,3
2018,11,15,14,0,臺中市,神岡區,0,0,,8,,,50,,,,,,,,,,,,,,,,,,,,B03,,,1,,2,,,23,,1,22,,B03,24.277788,120.66971,3
2018,11,15,14,4,臺中市,西區,0,2,0,8,1,5,50,4,1,1,5,4,5,7,1,1,10,5,5,2,16,6,3,10,1,1,C03,7,6,1,10,2,12,  ,6,6,1,21,5,C03,24.15546,120.66234,2
2018,11,15,14,9,臺中市,西屯區,0,1,0,8,1,5,40,14,9,1,5,4,5,7,4,4,5,5,5,2,16,26,3,10,3,4,B03,7,5,1,8,2,8,  ,26,26,1,22,8,B03,24.187681,120.621495,2
2018,11,15,14,10,臺中市,太平區,0,1,0,8,1,5,50,3,1,1,5,4,5,7,1,1,5,5,5,2,16,23,2,9,1,1,C03,7,9,1,10,2,14,  ,23,23,1,21,8,C03,24.12913,120.707067,2
2018,11,15,14,29,臺中市,北區,0,2,0,8,1,5,50,3,1,1,5,4,5,7,3,1,10,5,5,2,3,51,2,9,1,1,C03,7,7,1,10,2,15,  ,26,51,1,22,8,C03,24.167971,120.672945,2
2018,11,15,14,50,臺中市,南屯區,0,0,,8,,,50,,,,,,,,,,,,,,,,,,,,B03,,,1,,2,,,23,,2,21,,B03,24.146477,120.649708,3
2018,11,15,14,51,臺中市,外埔區,0,1,0,8,1,5,50,14,22,1,5,4,5,7,4,4,9,4,4,1,17,7,3,10,1,1,B12,7,7,1,8,2,8,  ,7,7,1,21,8,B12,24.327465,120.657805,2
2018,11,15,14,58,臺中市,西區,0,1,0,8,1,5,40,14,8,1,5,4,5,7,4,4,1,4,4,2,13,23,2,9,1,1,C03,7,9,2,18,2,11,  ,23,23,1,5,5,C03,24.141911,120.665784,2
2018,11,15,14,58,臺中市,西屯區,0,0,0,8,,,50,,,,,,,,,,,,,,,42,  ,  ,  ,  ,B12,  ,  ,1,  ,2,  ,  ,42,42,1,22,  ,B12,24.175113,120.644623,3
2018,11,15,15,6,臺中市,西屯區,0,0,,8,1,5,50,14,8,1,5,4,5,7,4,4,8,3,4,1,17,,,,,,B03,,,1,,2,,,19,,1,22,,B03,24.184423,120.626434,3
2018,11,15,15,7,臺中市,西區,0,1,0,8,1,5,50,4,1,1,5,4,5,7,1,1,10,5,5,2,16,9,3,10,1,1,B03,7,6,1,8,2,2,  ,9,9,1,21,8,B03,24.147762,120.673517,2
2018,11,15,15,8,臺中市,南屯區,0,1,0,8,1,5,40,5,1,1,5,4,5,7,4,4,10,5,5,1,16,5,3,10,1,1,B03,7,5,1,8,2,5,  ,5,5,1,22,8,B03,24.140651,120.63905,2
2018,11,15,15,11,臺中市,大甲區,0,0,,8,,,50,,,,,,,,,,,,,,,,,,,,   ,,,8,,9,,,67,,1,  ,,   ,24.34248,120.626439,3
2018,11,15,15,14,臺中市,北區,,,,8,,,50,,,,,,,,,,,,,,,,,,,,B03,,,1,,2,,,7,,1,5,,B03,24.163627,120.674027,3
2018,11,15,15,23,臺中市,南區,0,0,0,8,1,5,40,14,9,1,5,4,5,7,4,4,10,5,5,2,17,19,3,10,1,1,B03,7,1,3,18,2,8,  ,19,19,1,21,8,B03,24.108826,120.6538,3
2018,11,15,15,26,臺中市,西屯區,0,0,,8,,,50,,,,,,,,,,,,,,,,,,,,B03,,,1,,2,,,26,,1,5,,B03,24.199596,120.655605,3
2018,11,15,15,38,臺中市,龍井區,0,0,0,8,,,60,,,,,,,,,,,,,,,23,  ,  ,  ,  ,B03,  ,  ,1,  ,2,  ,  ,23,23,1,22,  ,B03,24.177511,120.579876,3
2018,11,15,15,45,臺中市,北區,0,1,0,8,1,5,50,4,18,1,5,4,5,7,1,1,10,5,5,2,3,15,3,10,3,4,B02,7,5,1,8,2,1,1,15,15,1,22,9,B02,24.160368,120.685097,2
2018,11,15,15,50,臺中市,龍井區,0,4,0,8,1,5,50,4,1,1,5,4,5,7,2,1,10,5,5,2,16,6,2,9,3,4,C03,7,5,1,10,2,11,  ,6,6,1,20,8,C03,24.213693,120.549745,2
2018,11,15,15,55,臺中市,龍井區,0,3,0,8,1,5,50,14,9,1,5,4,5,7,4,4,5,5,5,1,16,26,2,9,1,4,C03,7,11,1,10,2,12,  ,26,26,1,22,8,C03,24.17956,120.583205,2
2018,11,15,16,6,臺中市,西屯區,0,1,0,8,1,5,50,14,9,1,5,4,5,7,4,4,10,5,5,2,16,42,3,10,1,1,C03,7,9,1,10,2,11,  ,23,42,1,22,8,C03,24.179168,120.646506,2
2018,11,15,16,7,臺中市,南屯區,0,0,,8,,,50,,,,,,,,,,,,,,,,,,,,B03,,,1,,2,,,12,,1,21,,B03,24.148423,120.649643,3
2018,11,15,16,28,臺中市,龍井區,0,1,0,8,1,5,40,14,9,1,5,4,5,7,4,4,10,5,5,2,17,6,3,10,1,1,C03,7,5,1,10,2,11,  ,6,6,1,22,8,C03,24.180296,120.58944,2
2018,11,15,16,28,臺中市,沙鹿區,0,0,,8,,,70,,,,,,,,,,,,,,,,,,,,B03,,,1,,2,,,16,,  ,4,,B03,24.244659,120.612941,3
2018,11,15,16,33,臺中市,梧棲區,0,1,0,8,1,5,40,14,8,1,5,4,5,7,4,4,1,5,4,1,13,43,2,1,1,1,C03,7,9,1,10,2,11,  ,43,43,1,22,8,C03,24.244833,120.549926,2
2018,11,15,16,35,臺中市,南區,0,1,0,8,1,5,50,3,1,1,5,4,5,7,1,1,10,5,5,2,16,6,3,10,1,1,C03,7,5,1,10,2,14,  ,6,6,1,4,8,C03,24.116992,120.668613,2
2018,11,15,16,40,臺中市,大里區,0,0,0,8,,,40,,,,,,,,,,,,,,,12,  ,  ,  ,  ,B12,  ,  ,1,  ,2,  ,  ,12,12,1,  ,  ,B12,24.097198,120.67988,3
2018,11,15,16,44,臺中市,大雅區,0,1,0,8,1,5,50,14,9,1,5,4,5,7,4,4,5,5,5,1,13,16,2,7,1,1,B03,7,9,1,8,2,1,  ,16,16,1,22,9,B03,24.21627,120.647418,2
2018,11,15,16,45,臺中市,龍井區,0,1,0,8,1,5,40,14,9,1,5,4,5,7,4,4,10,5,5,2,16,19,2,9,1,1,C03,7,1,1,10,2,14,  ,19,19,1,22,8,C03,24.18204,120.592403,2
2018,11,15,16,50,臺中市,北區,0,1,0,8,1,5,50,3,1,1,5,4,5,7,1,1,10,5,5,2,16,25,2,9,2,1,F01,7,9,8,20,2,16,  ,4,25,1,22,8,F01,24.157564,120.684939,2
2018,11,15,16,50,臺中市,北屯區,0,2,0,8,1,5,50,4,1,1,5,4,5,7,4,4,10,5,5,2,16,6,2,7,1,1,C03,7,5,1,10,2,11,  ,6,6,1,19,8,C03,24.1654,120.7024,2
2018,11,15,16,55,臺中市,大里區,0,0,,8,,,50,,,,,,,,,,,,,,,,,,,,C03,,,1,,2,,,6,,1,  ,,C03,24.087965,120.696815,3
2018,11,15,17,7,臺中市,西區,0,0,,8,,,50,,,,,,,,,,,,,,,,,,,,B03,,,1,,1,,,26,,1,21,,B03,24.131474,120.672788,3
2018,11,15,17,8,臺中市,烏日區,0,1,0,8,2,5,30,3,1,1,5,4,5,7,4,4,10,5,5,2,15,19,2,9,2,1,C03,7,1,1,10,2,11,  ,19,19,1,19,8,C03,24.113165,120.644416,2
2018,11,15,17,12,臺中市,北區,0,1,0,8,1,5,50,3,1,1,5,4,5,7,4,4,1,4,5,2,13,23,2,9,1,1,C03,7,9,1,10,2,11,12,23,23,1,22,9,C03,24.150374,120.684429,2
2018,11,15,17,14,臺中市,西屯區,0,0,,8,,,50,,,,,,,,,,,,,,,,,,,,B03,,,1,,2,,,12,,1,  ,,B03,24.17182,120.639215,3
2018,11,15,17,15,臺中市,北區,0,1,0,8,2,5,50,3,1,1,5,4,5,7,2,1,5,5,5,2,15,25,3,10,1,1,C03,7,9,3,18,2,12,  ,25,25,1,16,2,C03,24.159904,120.694322,2
2018,11,15,17,15,臺中市,北屯區,0,1,0,8,1,5,50,14,9,1,5,4,5,7,4,4,4,5,5,2,16,19,3,10,1,1,B03,7,1,1,8,2,8,  ,19,19,1,19,5,B03,24.174521,120.695333,2
2018,11,15,17,18,臺中市,烏日區,0,0,,,,,,,,,,,,,,,,,,,,,,,,,C03,,,1,,2,,,16,,1,22,,C03,24.10997,120.640439,3
2018,11,15,17,18,臺中市,后里區,0,0,,8,,,50,,,,,,,,,,,,,,,,,,,,B12,,,1,,2,,,16,,1,22,,B12,24.29801,120.723535,3
2018,11,15,17,21,臺中市,南屯區,0,0,,8,,,50,,,,,,,,,,,,,,,,,,,,B03,,,1,,2,,,19,,1,5,,B03,24.138955,120.652893,3
2018,11,15,17,22,臺中市,太平區,0,1,0,8,3,5,40,4,1,1,5,4,5,7,4,4,10,5,5,2,17,42,2,8,1,1,C03,7,9,1,10,2,14,  ,42,42,1,21,8,C03,24.12304,120.714538,2
2018,11,15,17,23,臺中市,北區,0,0,,8,3,5,50,4,1,1,5,4,5,7,2,1,10,5,5,2,17,,,,,,B03,,,1,,2,,,26,,1,22,,B03,24.153349,120.682606,3
2018,11,15,17,23,臺中市,南屯區,0,0,,8,,,50,,,,,,,,,,,,,,,,,,,,C03,,,1,,2,,,6,,1,18,,C03,24.138451,120.609979,3
2018,11,15,17,25,臺中市,南區,0,1,0,8,1,5,40,14,8,1,5,4,5,7,4,4,5,5,3,2,17,23,2,9,1,1,F03,7,9,8,20,2,16,  ,23,23,1,16,2,F03,24.12341,120.677633,2
2018,11,15,17,25,臺中市,南屯區,0,0,,8,,,50,,,,,,,,,,,,,,,,,,,,B03,,,1,,2,,,23,,1,21,,B03,24.1422,120.63882,4
2018,11,15,17,27,臺中市,太平區,0,2,0,8,3,5,50,3,2,1,5,4,5,7,1,1,5,5,4,2,16,26,2,9,1,1,C03,7,11,1,10,2,14,  ,26,26,1,4,7,C03,24.11669,120.718388,2
2018,11,15,17,28,臺中市,西屯區,0,2,0,8,3,5,50,3,1,1,5,4,5,7,2,1,10,5,5,2,16,43,3,10,1,1,C03,7,5,1,10,2,15,  ,43,43,1,22,8,C03,24.163863,120.661013,2
2018,11,15,17,30,臺中市,烏日區,0,1,0,8,2,5,40,14,9,1,5,4,5,7,4,4,10,5,5,2,14,12,3,10,3,4,B12,7,2,1,8,2,3,  ,12,12,1,21,8,B12,24.112706,120.644395,2
2018,11,15,17,32,臺中市,南屯區,0,0,0,8,,,50,,,,,,,,,,,,,,,23,  ,  ,  ,  ,B03,  ,  ,1,8,2,  ,  ,23,23,1,12,  ,B03,24.150284,120.637255,3
2018,11,15,17,38,臺中市,北區,0,0,0,8,,,40,,,,,,,,,,,,,,,23,  ,  ,  ,  ,A05,  ,  ,1,2,2,  ,  ,23,23,1,  ,  ,A05,24.163069,120.679856,3
2018,11,15,17,43,臺中市,西屯區,0,0,,8,3,5,50,14,9,1,5,4,5,7,4,4,8,3,4,1,14,,,,,,B12,,,1,,2,,,12,,1,22,,B12,24.15779,120.655055,3
2018,11,15,17,45,臺中市,北區,,,,8,,,40,,,,,,,,,,,,,,,,,,,,B03,,,1,,2,,,12,,1,21,,B03,24.170325,120.672457,3
2018,11,15,17,49,臺中市,沙鹿區,0,0,,8,,,40,,,,,,,,,,,,,,,,,,,,B03,,,1,,2,,,6,,  ,4,,B03,24.249558,120.60066,3
2018,11,15,17,50,臺中市,沙鹿區,0,0,,8,,,60,,,,,,,,,,,,,,,,,,,,B03,,,1,,2,,,23,,1,4,,B03,24.25,120.600473,3
2018,11,15,17,50,臺中市,梧棲區,0,1,0,8,1,5,50,14,8,1,5,4,5,7,4,4,10,5,3,1,23,43,2,9,1,1,C03,7,5,1,10,11,12,  ,43,43,1,12,1,C03,24.230228,120.514548,2
2018,11,15,17,50,臺中市,大雅區,0,1,0,8,3,5,50,14,8,1,5,4,5,7,4,4,1,4,5,1,12,23,2,8,1,1,C03,7,9,1,10,2,12,  ,23,23,1,22,9,C03,24.235641,120.664554,2
2018,11,15,17,51,臺中市,北區,0,2,0,8,3,5,50,14,9,1,5,4,5,7,4,4,5,5,5,2,17,26,2,9,1,1,C03,7,10,1,10,2,11,  ,23,26,1,22,8,C03,24.166891,120.669715,2
2018,11,15,17,51,臺中市,烏日區,0,1,0,8,3,5,40,3,2,1,5,4,5,7,4,4,5,4,5,1,13,16,2,7,1,1,C03,7,9,1,10,2,14,  ,16,16,1,21,8,C03,24.116073,120.60856,2
2018,11,15,17,52,臺中市,北區,0,1,0,8,1,5,50,14,7,1,5,4,5,7,4,4,1,4,4,2,13,23,2,9,1,1,C03,7,9,1,10,2,11,12,23,23,1,4,9,C03,24.162824,120.670705,2
2018,11,15,17,52,臺中市,東區,0,1,0,7,3,5,50,4,1,1,5,4,5,7,1,1,10,5,5,2,16,6,3,10,1,1,B03,7,5,1,8,2,1,  ,6,6,1,22,8,B03,24.139346,120.699625,2
2018,11,15,17,56,臺中市,霧峰區,0,1,0,8,3,5,40,3,1,1,5,4,5,6,4,4,10,5,5,2,12,23,3,10,1,1,C03,7,9,1,10,2,14,  ,23,23,1,21,9,C03,24.07215,120.692216,2
2018,11,15,17,58,臺中市,大雅區,0,0,,8,,,40,,,,,,,,,,,,,,,,,,,,B12,,,1,,2,,,8,,1,  ,,B12,24.20979,120.651352,3
2018,11,15,17,58,臺中市,大雅區,0,0,,8,,,40,,,,,,,,,,,,,,,,,,,,B12,,,1,,2,,,8,,1,  ,,B12,,,3
2018,11,15,17,59,臺中市,西屯區,0,0,0,8,,,50,,,,,,,,,,,,,,,18,  ,  ,  ,  ,B03,  ,  ,1,  ,2,  ,  ,18,18,1,22,  ,B03,24.155018,120.640638,3
2018,11,15,18,0,臺中市,沙鹿區,0,0,,8,,,50,,,,,,,,,,,,,,,,,,,,B03,,,1,,2,,,44,,1,3,,B03,24.24172,120.614861,3
2018,11,15,18,0,臺中市,沙鹿區,0,0,0,8,,,60,,,,,,,,,,,,,,,26,  ,  ,  ,  ,B03,  ,  ,1,  ,2,  ,  ,26,26,  ,  ,  ,B03,24.239502,120.564621,3
2018,11,15,18,2,臺中市,西屯區,0,2,0,8,1,5,40,4,2,1,5,4,5,7,1,1,5,4,4,2,16,43,2,9,1,1,C03,7,9,1,10,2,14,  ,43,43,1,22,8,C03,24.175175,120.64613,2
2018,11,15,18,2,臺中市,大里區,0,0,,8,,,40,,,,,,,,,,,,,,,,,,,,B03,,,1,,2,,,12,,1,22,,B03,24.110841,120.683011,3
2018,11,15,18,4,臺中市,南區,0,3,0,8,3,5,50,4,1,1,5,4,5,7,1,1,10,5,5,2,16,9,2,8,1,1,C03,7,9,1,10,2,11,  ,44,9,1,4,8,C03,24.126261,120.648457,2
2018,11,15,18,4,臺中市,大雅區,0,2,0,8,3,5,40,4,1,1,5,4,5,7,4,4,10,5,5,2,15,6,2,9,1,1,B03,7,9,1,8,2,5,  ,6,6,1,22,9,B03,24.205234,120.640527,2
2018,11,15,18,6,臺中市,北屯區,0,0,,8,,,50,,,,,,,,,,,,,,,,,,,,C03,,,1,,2,,,16,,1,18,,C03,24.1774,120.6856,3
2018,11,15,18,7,臺中市,西屯區,0,0,,8,,,50,,,,,,,,,,,,,,,,,,,,B03,,,1,,2,,,12,,1,22,,B03,24.183935,120.615573,3
2018,11,15,18,9,臺中市,南區,0,1,0,8,3,5,50,14,9,1,5,4,5,7,4,4,5,5,5,2,10,42,3,10,1,1,B03,7,15,1,8,2,5,  ,42,42,1,20,5,B03,24.120521,120.664333,2
2018,11,15,18,9,臺中市,西屯區,0,2,0,8,2,5,50,5,1,1,5,4,5,7,2,1,10,5,5,2,13,23,2,9,1,1,C03,7,9,1,10,2,11,  ,23,23,1,21,8,C03,24.159266,120.65612,2
2018,11,15,18,9,臺中市,大雅區,0,1,0,8,3,5,50,3,1,1,5,4,5,7,4,4,10,5,5,2,12,1,2,9,1,1,C03,7,4,1,10,2,12,  ,1,1,1,22,9,C03,24.241125,120.629597,2
2018,11,15,18,10,臺中市,西屯區,0,1,0,8,3,5,50,14,8,1,5,4,5,7,1,1,10,5,5,2,12,23,2,9,1,1,C03,7,9,1,10,2,11,  ,23,23,1,21,8,C03,24.181163,120.618801,2
2018,11,15,18,10,臺中市,大雅區,0,1,0,8,3,5,50,14,8,1,5,4,5,7,4,4,1,4,4,1,17,23,2,9,1,1,C03,7,9,1,10,2,11,  ,23,23,1,22,9,C03,24.235641,120.664554,2
2018,11,15,18,15,臺中市,清水區,0,1,0,7,2,5,70,4,1,1,5,4,5,7,1,1,10,5,5,2,16,6,3,10,1,1,B12,7,5,1,8,2,6,  ,6,6,1,5,1,B12,24.265,120.563525,2
2018,11,15,18,18,臺中市,烏日區,0,0,,8,,,60,,,,,,,,,,,,,,,,,,,,B03,,,2,,2,,,23,,1,22,,B03,24.106691,120.63579,3
2018,11,15,18,21,臺中市,西區,0,0,0,8,,,50,,,,,,,,,,,,,,,,3,  ,  ,  ,B03,  ,  ,1,  ,2,  ,  ,23,  ,  ,19,  ,B03,24.160281,120.66168,3
2018,11,15,18,24,臺中市,潭子區,0,1,0,8,3,5,50,14,13,1,5,4,5,7,1,1,3,3,5,1,18,23,2,8,1,1,C03,7,9,1,10,2,12,  ,23,23,1,22,9,C03,24.200723,120.703266,2
2018,11,15,18,28,臺中市,潭子區,0,1,0,8,3,5,60,5,1,1,5,4,5,7,1,1,10,5,5,2,17,25,2,9,1,1,C03,7,1,1,10,2,11,  ,25,25,1,21,8,C03,24.21811,120.705877,2
2018,11,15,18,30,臺中市,北屯區,0,0,,8,,,50,,,,,,,,,,,,,,,,,,,,B03,,,1,,2,,,17,,1,20,,B03,24.174603,120.695448,3
2018,11,15,18,32,臺中市,西屯區,0,0,,8,,,50,,,,,,,,,,,,,,,,,,,,B03,,,1,,2,,,6,,1,22,,B03,24.182234,120.616116,3
2018,11,15,18,42,臺中市,北屯區,0,2,0,8,3,5,50,4,18,1,5,4,5,7,2,1,10,5,5,2,3,15,2,9,1,1,C03,7,9,1,10,2,11,  ,15,15,1,5,8,C03,24.165664,120.694605,2
2018,11,15,18,45,臺中市,北區,0,1,0,8,3,5,50,4,1,1,5,4,5,7,1,1,10,5,5,2,13,23,3,10,1,1,C03,7,3,1,10,2,11,  ,23,23,1,22,8,C03,24.168443,120.682955,2
2018,11,15,18,51,臺中市,西屯區,0,1,0,8,1,5,40,14,8,1,5,4,5,7,1,1,1,2,1,2,13,23,2,9,3,4,C03,7,9,1,10,2,12,  ,23,23,1,22,8,C03,24.194263,120.644235,2
2018,11,15,18,51,臺中市,潭子區,0,1,0,8,1,5,60,14,8,1,5,4,5,7,4,4,8,3,4,1,12,6,3,10,1,1,B03,7,5,1,8,2,5,  ,6,6,1,22,1,B03,24.205653,120.686563,2
2018,11,15,18,53,臺中市,北區,0,1,0,8,3,5,50,4,1,1,5,4,5,7,1,1,10,5,5,2,13,23,2,9,1,1,C03,7,9,1,10,2,14,14,23,23,1,22,9,C03,24.162952,120.685091,2
2018,11,15,18,53,臺中市,西屯區,0,0,,8,3,5,50,4,2,1,5,4,5,7,2,1,8,3,4,1,13,,,,,,C03,,,1,,2,,,16,,1,22,,C03,24.187373,120.620273,3
2018,11,15,19,0,臺中市,大甲區,0,1,0,8,3,5,50,5,1,1,5,4,5,7,3,3,10,5,5,1,12,16,2,9,1,1,C03,7,6,1,10,2,14,  ,16,16,1,22,1,C03,24.41055,120.633955,2
2018,11,15,19,4,臺中市,南屯區,0,0,,8,,,50,,,,,,,,,,,,,,,,,,,,B03,,,1,,2,,,16,,1,5,,B03,24.149488,120.624085,3
2018,11,15,19,6,臺中市,太平區,0,1,0,8,3,5,50,14,9,1,5,4,5,7,4,4,5,5,5,1,17,40,3,10,1,1,B03,7,15,1,8,2,4,  ,40,40,1,21,8,B03,24.15158,120.711068,2
2018,11,15,19,17,臺中市,新社區,0,0,0,8,,,50,,,,,,,,,,,,,,,1,  ,  ,  ,  ,B03,  ,  ,1,  ,2,  ,  ,1,1,1,22,  ,B03,24.197094,120.815901,3
2018,11,15,19,20,臺中市,北區,0,2,0,7,3,5,50,5,1,1,5,4,5,7,4,4,10,5,5,2,17,23,2,9,1,1,B03,7,5,1,8,2,1,  ,23,23,1,5,8,B03,24.150946,120.675482,2
2018,11,15,19,29,臺中市,西屯區,0,4,0,8,3,5,50,14,9,1,5,4,5,7,4,4,1,2,5,2,16,13,2,9,1,1,C03,7,9,2,18,2,12,  ,13,13,1,22,8,C03,24.191431,120.597375,2
2018,11,15,19,30,臺中市,龍井區,0,2,0,8,3,5,50,14,9,1,5,4,5,7,4,4,5,4,5,1,17,23,2,8,1,1,C03,7,9,1,10,2,11,  ,23,23,1,22,8,C03,24.177225,120.582295,2
2018,11,15,19,35,臺中市,北區,0,1,0,8,3,5,50,3,1,1,5,4,5,7,4,4,10,5,5,2,9,23,3,10,1,1,C03,7,6,1,10,2,11,  ,23,23,1,22,8,C03,24.159308,120.694289,2
2018,11,15,19,36,臺中市,太平區,0,0,,8,3,5,50,14,9,1,5,4,5,7,4,4,10,5,5,2,14,,,,,,B03,,,1,,2,,,12,,1,21,,B03,24.122294,120.713203,3
2018,11,15,19,42,臺中市,西屯區,0,1,0,8,4,5,50,14,7,1,5,4,5,7,4,4,5,4,4,2,3,51,2,9,4,5,H01,8,16,8,20,10,16,  ,51,51,1,22,8,H01,24.175493,120.645095,2
2018,11,15,19,46,臺中市,太平區,0,1,0,8,3,5,50,3,2,1,5,4,5,7,1,1,5,2,5,1,13,23,3,10,1,1,B03,7,1,1,8,2,1,  ,23,23,1,4,5,B03,24.1505,120.73274,2
2018,11,15,19,55,臺中市,南屯區,0,0,,8,,,50,,,,,,,,,,,,,,,,,,,,B03,,,1,,2,,,23,,1,21,,B03,24.140308,120.627509,3
2018,11,15,20,0,臺中市,東區,0,2,0,8,1,5,50,4,1,1,5,4,5,7,4,4,10,5,5,2,16,19,2,9,1,1,C03,7,1,1,10,2,14,  ,19,19,1,21,8,C03,24.141197,120.708277,2
2018,11,15,20,4,臺中市,南屯區,0,0,0,8,,,50,,,,,,,,,,,,,,,23,  ,  ,  ,  ,B03,  ,  ,1,8,2,  ,  ,23,23,1,12,  ,B03,24.131611,120.636127,3
2018,11,15,20,8,臺中市,北屯區,0,0,0,8,,,50,,,,,,,,,,,,,,,42,  ,  ,  ,  ,   ,  ,  ,8,  ,10,  ,  ,42,42,1,  ,  ,   ,24.169424,120.684856,3
2018,11,15,20,8,臺中市,霧峰區,0,0,,8,,,50,,,,,,,,,,,,,,,,,,,,B12,,,1,,2,,,19,,1,22,,B12,24.012957,120.69459,3
2018,11,15,20,16,臺中市,西屯區,0,0,,8,,,50,,,,,,,,,,,,,,,,,,,,C03,,,1,,2,,,23,,1,22,,C03,24.165004,120.637436,3