年,月,日,時,分,縣市,區,死,受傷,2-30,天候,光線,道路類別,速限,道路型態,事故位置,路面鋪裝,路面狀態,路面缺陷,障礙物,視距,號誌種類,號誌動作,分向設施,快車道或一般車道間,快慢車道間,路面邊線,事故類型及型態,主要肇因,受傷程度,主要傷處,保護裝備,行動電話,當事者區分_類別,車輛用途,當事者行動狀態,駕駛資格情形,駕駛執照種類,飲酒情形,車輛撞擊部位最初,車輛撞擊部位其他,肇事因素個別,肇事因素主要,肇事逃逸,職業,旅次目的,車種,GPS座標_緯度,GPS座標_經度,事故類別
2018,11,15,20,22,臺中市,西屯區,0,0,,8,,,50,,,,,,,,,,,,,,,,,,,,B03,,,1,,2,,,23,,1,  ,,B03,24.16681,120.664999,3
2018,11,15,20,48,臺中市,大雅區,0,2,0,8,3,5,40,4,1,1,5,4,5,7,4,4,10,5,5,1,12,6,3,10,1,1,B03,7,6,1,8,2,5,  ,6,6,1,22,9,B03,24.219241,120.635564,2
2018,11,15,20,53,臺中市,西屯區,0,1,0,8,3,5,50,14,9,1,5,4,5,7,4,4,8,3,4,1,12,7,3,10,1,1,B01,7,8,1,4,2,5,  ,7,7,1,22,8,B01,24.181586,120.645005,2
2018,11,15,20,55,臺中市,太平區,0,1,0,8,3,5,50,3,8,1,5,4,5,7,4,4,5,4,4,2,16,8,2,9,1,1,C03,7,5,1,10,2,13,  ,8,8,1,21,1,C03,24.101836,120.716947,2
2018,11,15,20,58,臺中市,西屯區,0,0,,8,,,40,,,,,,,,,,,,,,,,,,,,B03,,,1,,2,,,12,,1,22,,B03,24.167026,120.632646,3
2018,11,15,21,2,臺中市,南屯區,0,0,,8,,,50,,,,,,,,,,,,,,,,,,,,B03,,,1,,2,,,7,,1,21,,B03,24.13201,120.646499,3
2018,11,15,21,2,臺中市,南屯區,0,0,0,8,,,50,,,,,,,,,,,,,,,26,  ,  ,  ,  ,B03,  ,  ,1,8,2,  ,  ,26,26,1,12,  ,B03,24.132144,120.644996,3
2018,11,15,21,5,臺中市,龍井區,0,1,0,8,3,5,50,14,9,1,5,4,5,7,4,4,5,4,5,1,16,26,3,10,1,1,B03,7,1,1,8,2,8,  ,26,26,1,12,8,B03,24.204878,120.523381,2
2018,11,15,21,9,臺中市,大雅區,0,0,,8,3,5,50,14,7,1,5,4,5,7,4,4,1,4,4,1,13,,,,,,B03,,,1,,2,,,23,,1,  ,,B03,24.24124,120.629915,3
2018,11,15,21,31,臺中市,東區,0,0,0,8,,,50,,,,,,,,,,,,,,,,3,  ,  ,  ,B03,  ,  ,1,  ,2,  ,  ,23,  ,1,22,  ,B03,24.132518,120.700158,3
2018,11,15,21,48,臺中市,北區,0,2,0,8,3,5,50,4,1,1,5,4,5,7,1,1,10,5,5,2,16,8,2,8,1,1,C03,7,5,1,10,2,14,12,8,8,1,22,9,C03,24.165067,120.682387,2
2018,11,15,22,8,臺中市,西區,0,2,0,8,3,5,50,3,1,1,5,4,5,7,4,4,5,4,5,2,17,6,3,10,1,1,B03,7,6,1,8,2,5,  ,6,6,1,5,5,B03,24.138213,120.677173,2
2018,11,15,22,19,臺中市,潭子區,0,1,0,8,3,5,50,14,9,1,5,4,5,7,4,4,8,3,4,1,12,6,3,10,1,1,C03,7,6,1,10,2,13,  ,6,6,1,22,1,C03,24.207936,120.701493,2
2018,11,15,22,20,臺中市,南區,0,1,0,8,3,5,50,4,2,1,5,4,5,7,1,1,5,5,4,2,17,25,3,10,1,1,B03,7,9,1,8,2,8,  ,25,25,1,22,8,B03,24.114103,120.666559,2
2018,11,15,22,47,臺中市,太平區,0,1,0,8,3,5,50,14,7,1,5,4,5,7,4,4,5,5,4,2,12,43,3,10,1,1,B03,7,9,1,8,2,2,  ,43,43,1,4,8,B03,24.148036,120.701537,2
2018,11,15,23,11,臺中市,南屯區,0,0,,8,,,50,,,,,,,,,,,,,,,,,,,,B03,,,1,,2,,,6,,1,22,,B03,24.132252,120.65002,3
2018,11,15,23,57,臺中市,潭子區,0,1,0,8,1,5,60,14,8,1,5,4,5,7,4,4,8,3,4,1,12,23,2,9,1,1,C03,7,9,1,10,5,11,  ,23,23,1,23,1,C03,24.194449,120.702647,2
2018,11,16,0,10,臺中市,和平區,0,0,,8,,,30,,,,,,,,,,,,,,,,,,,,B02,,,1,,2,,,17,,1,4,,B02,24.36984,121.340685,3
2018,11,16,0,38,臺中市,西屯區,0,0,,8,,,40,,,,,,,,,,,,,,,,,,,,B03,,,1,,11,,,12,,2,22,,B03,24.176929,120.643464,3
2018,11,16,0,40,臺中市,大里區,0,0,,8,,,50,,,,,,,,,,,,,,,,,,,,B03,,,1,,2,,,19,,1,22,,B03,24.098298,120.717714,3
2018,11,16,1,0,臺中市,北區,0,3,0,8,3,5,50,4,1,1,5,4,5,7,1,1,10,5,5,2,15,25,2,9,1,1,C03,7,9,2,18,2,14,  ,25,25,1,21,8,C03,24.163918,120.684973,2
2018,11,16,4,24,臺中市,北屯區,0,0,,,,,,,,,,,,,,,,,,,,,,,,,B03,,,1,,2,,,19,,2,5,,B03,24.168845,120.691785,3
2018,11,16,4,29,臺中市,西屯區,0,1,0,8,3,5,40,14,8,1,5,4,1,7,1,1,5,4,4,2,28,43,2,9,1,1,C03,7,9,1,10,2,11,  ,43,43,1,21,8,C03,24.172765,120.637098,2
2018,11,16,5,35,臺中市,太平區,0,2,0,8,3,5,50,4,1,1,5,4,5,7,3,1,10,5,5,2,3,15,2,9,1,1,C03,7,9,1,10,2,11,  ,15,15,1,4,8,C03,24.148032,120.701355,2
2018,11,16,5,47,臺中市,北屯區,0,1,0,8,1,5,50,3,1,1,5,4,5,7,1,1,10,5,5,2,16,8,2,9,1,1,C03,7,5,1,10,2,11,  ,8,8,1,21,1,C03,24.20094,120.678131,2
2018,11,16,6,3,臺中市,太平區,0,0,,8,,,50,,,,,,,,,,,,,,,,,,,,B03,,,1,,2,,,23,,1,4,,B03,24.154335,120.722279,3
2018,11,16,6,7,臺中市,北區,0,1,0,8,2,5,50,4,1,1,5,4,5,7,1,1,10,5,5,2,17,25,3,10,1,4,B01,7,6,1,4,2,5,  ,25,25,1,21,8,B01,24.163248,120.676534,2
2018,11,16,6,40,臺中市,大里區,0,2,0,8,1,5,50,4,2,1,5,4,5,7,1,1,10,5,5,2,17,10,2,8,1,1,C03,7,11,1,10,2,12,  ,10,10,1,21,5,C03,24.123474,120.69017,2
2018,11,16,6,57,臺中市,北屯區,0,0,0,8,,,50,,,,,,,,,,,,,,,43,  ,  ,  ,  ,G06,  ,  ,7,  ,11,  ,  ,43,43,  ,  ,  ,G06,24.195096,120.685883,3
2018,11,16,6,58,臺中市,西區,0,2,0,8,1,5,50,4,1,1,5,4,5,7,2,1,10,5,5,2,15,25,2,9,1,1,C03,7,9,1,10,2,11,  ,25,25,1,5,5,C03,24.153603,120.655137,2
2018,11,16,7,15,臺中市,北屯區,0,3,0,8,1,5,50,4,1,1,5,4,5,7,1,1,10,5,5,2,16,7,2,9,1,1,C03,7,8,1,10,2,12,  ,7,7,1,21,8,C03,24.200825,120.676675,2
2018,11,16,7,15,臺中市,西屯區,0,0,,8,,,50,,,,,,,,,,,,,,,,,,,,B03,,,1,,2,,,23,,1,22,,B03,24.199118,120.64307,3
2018,11,16,7,18,臺中市,龍井區,0,0,,8,,,70,,,,,,,,,,,,,,,,,,,,A41,,,1,,2,,,23,,1,  ,,A41,24.125784,120.512876,3
2018,11,16,7,20,臺中市,大甲區,0,1,0,8,1,5,50,14,9,1,5,4,5,7,4,4,1,4,4,1,13,23,2,9,1,1,C03,7,9,1,10,2,11,  ,23,23,1,21,8,C03,24.387601,120.651443,2
2018,11,16,7,25,臺中市,豐原區,0,0,,,,,,,,,,,,,,,,,,,,,,,,,B03,,,1,,2,,,7,,  ,  ,,B03,24.236682,120.720347,3
2018,11,16,7,26,臺中市,大甲區,0,1,0,8,3,5,50,4,2,1,5,4,5,7,4,4,10,5,5,2,29,67,  ,  ,  ,  ,   ,  ,  ,  ,  ,  ,  ,  ,67,67,1,  ,  ,   ,24.32636,120.608033,2
2018,11,16,7,30,臺中市,南屯區,0,2,0,8,1,5,40,4,1,1,5,4,5,7,1,1,10,5,5,2,12,7,2,8,1,1,C03,7,10,1,10,2,12,  ,7,7,1,22,9,C03,24.143777,120.614307,2
2018,11,16,7,32,臺中市,清水區,0,1,0,8,1,5,70,14,13,1,5,4,5,7,4,4,8,3,3,1,16,7,3,10,1,1,B12,7,8,1,8,2,6,  ,7,7,1,21,8,B12,24.31033,120.603503,2
2018,11,16,7,33,臺中市,東區,0,1,0,8,1,5,50,4,1,1,5,4,5,7,2,1,10,5,5,2,17,43,2,9,1,1,C03,7,9,1,10,2,14,  ,43,43,1,22,8,C03,24.143157,120.685851,2
2018,11,16,7,34,臺中市,龍井區,0,0,,8,,,60,,,,,,,,,,,,,,,,,,,,A11,,,1,,2,,,42,,1,10,,A11,24.185138,120.57379,3
2018,11,16,7,39,臺中市,北區,0,1,0,8,1,5,50,14,7,1,5,4,5,7,4,4,5,5,5,2,17,40,3,10,3,4,B03,7,14,1,8,2,2,  ,40,40,1,19,8,B03,24.152242,120.675442,2
2018,11,16,7,42,臺中市,西屯區,0,2,0,8,1,5,50,3,1,1,5,4,5,7,4,4,10,5,5,2,16,16,3,10,1,1,C03,7,6,1,10,2,11,  ,16,16,1,4,8,C03,24.198552,120.652393,2
2018,11,16,7,42,臺中市,梧棲區,0,3,0,8,1,5,40,14,8,1,5,4,5,7,4,4,10,5,5,1,12,19,2,9,1,1,C03,7,1,1,10,2,13,  ,19,19,1,2,1,C03,24.243168,120.55438,2
2018,11,16,7,43,臺中市,大雅區,0,1,0,8,1,5,50,4,1,1,5,4,5,7,1,1,1,4,5,1,16,6,3,10,1,1,B03,7,5,1,8,2,2,  ,6,6,1,22,9,B03,24.233982,120.659314,2
2018,11,16,7,44,臺中市,大雅區,0,2,0,8,1,5,50,14,7,1,5,4,5,7,4,4,5,4,4,1,12,23,2,8,1,1,C03,7,9,3,18,2,15,  ,23,23,1,22,9,C03,24.226518,120.648033,2
2018,11,16,7,46,臺中市,龍井區,0,0,,8,,,70,,,,,,,,,,,,,,,,,,,,B03,,,1,,2,,,16,,1,9,,B03,24.169857,120.537895,3
2018,11,16,7,47,臺中市,南區,0,4,0,8,1,5,50,3,1,1,5,4,5,7,1,1,10,5,5,2,16,7,2,9,1,1,C03,7,7,1,10,2,13,  ,7,7,1,5,1,C03,24.12523,120.657858,2
2018,11,16,7,49,臺中市,大里區,0,2,0,8,1,5,50,4,1,1,5,4,5,7,4,4,10,5,5,2,16,8,3,10,1,1,C03,7,5,1,10,2,13,  ,8,8,1,21,8,C03,24.086721,120.6964,2
2018,11,16,7,50,臺中市,沙鹿區,0,0,0,8,,,40,,,,,,,,,,,,,,,40,  ,  ,  ,  ,B12,  ,  ,1,  ,2,  ,  ,40,40,1,4,  ,B12,24.206243,120.564347,3
2018,11,16,7,53,臺中市,大甲區,0,1,0,8,1,5,60,14,12,1,5,4,5,7,4,4,4,4,4,1,17,10,3,10,1,1,B03,7,11,1,8,2,6,  ,10,10,1,21,8,B03,24.352491,120.613054,2
2018,11,16,7,55,臺中市,北屯區,0,2,0,8,1,5,50,3,1,1,5,4,5,7,4,4,10,5,5,2,13,16,2,9,1,1,C03,7,9,1,10,2,11,  ,16,16,1,22,8,C03,24.188635,120.684801,2
2018,11,16,8,0,臺中市,霧峰區,0,1,0,8,1,5,50,3,2,1,5,4,5,7,4,4,5,4,5,1,12,1,3,10,1,1,B03,7,4,1,8,2,2,  ,1,1,1,5,8,B03,24.076133,120.714903,2
2018,11,16,8,2,臺中市,后里區,0,0,0,8,,,50,,,,,,,,,,,,,,,23,  ,  ,  ,  ,F02,  ,  ,7,  ,2,  ,  ,23,23,1,22,  ,F02,24.303165,120.721503,3
2018,11,16,8,6,臺中市,豐原區,0,0,0,8,,,,,,,,,,,,,,,,,,10,3,10,1,1,B02,7,11,1,14,2,4,  ,10,10,1,  ,9,B02,24.252394,120.732452,3
2018,11,16,8,11,臺中市,大里區,0,0,,8,,,40,,,,,,,,,,,,,,,44,,,,,A41,,,1,,2,,,26,44,1,22,,A41,24.110823,120.696695,3
2018,11,16,8,14,臺中市,沙鹿區,0,1,0,8,1,5,50,14,9,1,5,4,5,7,4,4,9,5,5,1,17,19,2,9,1,1,C03,7,1,4,8,2,11,  ,19,19,1,19,8,C03,24.195882,120.569666,2
2018,11,16,8,21,臺中市,潭子區,0,1,0,8,1,5,60,3,1,1,5,4,5,7,2,1,1,4,4,1,12,23,2,9,1,1,C03,7,9,1,10,2,11,  ,23,23,1,22,8,C03,24.2312706,120.706705,2
2018,11,16,8,24,臺中市,西屯區,0,2,0,8,1,5,50,4,1,1,5,4,5,7,1,1,10,5,5,2,16,25,2,9,1,1,C03,7,9,1,10,2,11,  ,25,25,1,21,8,C03,24.173173,120.647556,2
2018,11,16,8,27,臺中市,西屯區,0,1,0,8,1,5,50,3,2,1,5,4,5,7,4,4,9,4,5,2,17,19,2,9,1,4,C03,7,1,1,10,2,14,  ,19,19,1,22,9,C03,24.16688,120.647498,2
2018,11,16,8,32,臺中市,烏日區,0,1,0,8,1,5,60,14,8,1,5,4,5,7,4,4,1,3,1,1,12,7,3,10,3,4,B03,7,8,1,8,2,2,  ,7,7,1,21,8,B03,24.104143,120.651775,2
2018,11,16,8,46,臺中市,北屯區,0,1,0,8,1,5,50,14,7,1,5,4,5,7,1,1,1,4,4,2,13,16,3,10,1,1,B03,7,9,1,8,2,5,  ,16,16,1,21,8,B03,24.181996,120.68902,2
2018,11,16,8,47,臺中市,龍井區,0,1,0,8,1,5,40,3,2,1,5,4,5,7,4,4,5,5,5,1,17,26,3,10,1,1,B12,7,9,1,8,2,10,  ,26,26,1,10,4,B12,24.190318,120.551251,2
2018,11,16,8,48,臺中市,南區,0,1,0,8,1,5,50,14,8,1,5,4,5,7,4,4,1,4,4,2,12,7,3,10,1,1,B02,7,8,1,8,2,2,  ,7,7,1,21,8,B02,24.1156,120.655844,2
2018,11,16,8,50,臺中市,大里區,0,0,,8,,,40,,,,,,,,,,,,,,,,,,,,C03,,,1,,2,,,12,,1,20,,C03,24.107015,120.667831,3
2018,11,16,8,50,臺中市,沙鹿區,0,2,0,8,1,5,40,14,8,1,5,4,5,7,4,4,1,4,1,2,13,16,2,9,1,1,C03,7,9,1,10,2,11,  ,16,16,1,18,5,C03,24.224105,120.578164,2
2018,11,16,8,51,臺中市,梧棲區,0,1,0,8,1,5,60,14,7,1,5,4,5,7,4,4,10,2,4,2,13,23,2,3,1,1,B03,7,9,1,8,2,1,  ,23,23,1,2,9,B03,24.223713,120.524965,2
2018,11,16,8,55,臺中市,大甲區,0,0,,,,,,,,,,,,,,,,,,,,44,,,,,B03,,,8,,10,,,43,44,1,  ,,B03,24.356484,120.608208,3
2018,11,16,9,3,臺中市,南屯區,,,,8,,,50,,,,,,,,,,,,,,,,,,,,B03,,,1,,2,,,23,,1,22,,B03,24.149421,120.624383,3
2018,11,16,9,10,臺中市,西屯區,0,2,0,8,1,5,50,3,1,1,5,4,5,7,4,4,10,5,5,2,13,43,2,9,3,4,C03,7,9,1,10,2,11,  ,43,43,1,22,8,C03,24.19164,120.658913,2
2018,11,16,9,11,臺中市,東區,0,3,0,8,1,5,50,14,8,1,5,4,5,7,4,4,9,4,4,2,16,17,3,10,1,1,B03,7,9,1,8,2,2,  ,17,17,1,5,8,B03,24.129178,120.69023,2
2018,11,16,9,13,臺中市,潭子區,0,0,,8,,,60,,,,,,,,,,,,,,,17,,,,,B02,,,1,,2,,,17,17,1,  ,,B02,24.202265,120.708756,3
2018,11,16,9,22,臺中市,西區,0,0,0,8,,,50,,,,,,,,,,,,,,,,3,  ,  ,  ,B03,  ,  ,1,  ,2,  ,  ,23,  ,  ,21,  ,B03,24.135537,120.668282,3
2018,11,16,9,24,臺中市,西屯區,0,0,,8,,,50,,,,,,,,,,,,,,,,,,,,B03,,,1,,2,,,23,,1,  ,,B03,24.179571,120.63419,3
2018,11,16,9,25,臺中市,后里區,0,0,,8,,,50,,,,,,,,,,,,,,,,,,,,B12,,,1,,2,,,23,,1,22,,B12,24.311178,120.706435,3
2018,11,16,9,27,臺中市,北屯區,0,0,0,8,,,40,,,,,,,,,,,,,,,19,  ,  ,  ,  ,B03,  ,  ,1,  ,2,  ,  ,19,19,  ,21,  ,B03,24.175496,120.712211,3
2018,11,16,9,35,臺中市,北屯區,0,0,,8,,,50,,,,,,,,,,,,,,,,,,,,B12,,,1,,2,,,44,,1,21,,B12,24.170218,120.688848,3
2018,11,16,9,37,臺中市,太平區,0,1,0,8,1,5,50,4,1,1,5,4,5,7,1,1,10,5,5,2,12,42,3,10,1,1,B12,7,9,1,6,2,6,  ,42,42,1,21,8,B12,24.121258,120.719885,2
2018,11,16,9,38,臺中市,西屯區,0,0,,8,,,50,,,,,,,,,,,,,,,,,,,,B03,,,1,,2,,,23,,1,  ,,B03,24.17095,120.636916,3
2018,11,16,9,40,臺中市,和平區,0,0,0,8,1,2,15,12,9,1,5,4,5,7,4,4,10,5,5,1,11,44,3,10,1,1,B12,7,9,1,8,2,8,  ,44,44,1,10,4,B12,24.274582,121.262005,3
2018,11,16,9,42,臺中市,南區,0,1,0,8,1,5,50,14,7,1,5,4,5,7,4,4,1,5,4,2,12,7,3,10,1,1,B12,7,7,1,8,2,8,  ,7,7,1,5,8,B12,24.117941,120.659599,2
2018,11,16,9,47,臺中市,東區,0,1,0,8,1,5,50,4,1,1,5,4,5,7,1,1,10,5,5,2,16,6,3,10,1,1,A02,7,5,1,3,2,8,  ,6,6,1,22,8,A02,24.130746,120.704598,2
2018,11,16,9,50,臺中市,西屯區,0,1,0,8,1,5,50,3,1,1,5,4,5,7,4,4,10,5,5,2,16,6,3,10,1,1,B02,7,6,1,8,2,2,  ,6,6,1,4,8,B02,24.177681,120.626518,2
2018,11,16,9,50,臺中市,沙鹿區,0,2,0,7,1,5,50,3,4,1,5,4,5,7,2,1,1,2,5,2,13,23,2,9,1,1,C03,7,9,1,10,2,11,  ,23,23,1,18,8,C03,24.225048,120.557736,2
2018,11,16,9,50,臺中市,沙鹿區,0,1,0,8,1,5,40,14,9,1,5,4,5,7,4,4,10,5,5,2,10,23,2,9,1,1,C03,7,9,4,11,2,11,  ,23,23,1,20,5,C03,24.222664,120.564077,2
2018,11,16,10,3,臺中市,西屯區,0,1,0,8,1,5,50,14,8,1,5,4,5,7,4,4,1,4,1,2,13,43,3,10,3,4,C03,7,9,1,10,2,11,  ,43,43,1,22,9,C03,24.1654,120.645035,2
2018,11,16,10,5,臺中市,大肚區,0,0,,8,,,50,,,,,,,,,,,,,,,,,,,,B03,,,1,,11,,,17,,2,20,,B03,24.151785,120.54617,3
2018,11,16,10,9,臺中市,中區,0,1,0,8,1,5,50,4,1,1,5,4,5,7,2,1,10,5,5,2,16,26,3,10,1,1,B03,7,6,1,8,2,5,  ,26,26,1,5,5,B03,24.138611,120.679143,2
2018,11,16,10,20,臺中市,西區,0,1,0,8,1,5,40,14,9,1,5,4,5,7,4,4,10,5,5,2,14,12,3,10,1,1,B03,7,2,1,8,2,3,  ,12,12,1,21,8,B03,24.156077,120.654914,2
2018,11,16,10,22,臺中市,西區,0,1,0,8,1,5,50,4,2,1,5,4,5,7,1,1,5,5,5,2,16,26,3,10,1,1,B01,7,11,1,4,2,2,  ,26,26,1,10,5,B01,24.152605,120.661691,2
2018,11,16,10,23,臺中市,西屯區,0,1,0,8,1,5,40,3,1,1,5,4,5,7,4,4,10,5,5,2,16,6,3,10,3,4,C03,7,5,1,10,2,13,  ,6,6,1,22,8,C03,24.177593,120.636143,2
2018,11,16,10,28,臺中市,西區,0,0,,8,,,40,,,,,,,,,,,,,,,,,,,,B12,,,1,,2,,,19,,1,22,,B12,24.146767,120.65274,3
2018,11,16,10,33,臺中市,北區,0,0,0,8,,,50,,,,,,,,,,,,,,,23,  ,  ,  ,  ,B03,  ,  ,1,  ,2,  ,  ,23,23,1,22,  ,B03,24.164286,120.671183,3
2018,11,16,10,38,臺中市,南屯區,0,1,0,8,1,5,50,3,2,1,5,4,5,7,4,4,5,4,5,2,18,23,2,9,1,1,C03,7,9,1,10,2,12,  ,23,23,1,22,8,C03,24.147054,120.639536,2
2018,11,16,10,40,臺中市,西屯區,0,0,,8,,,40,,,,,,,,,,,,,,,,,,,,B12,,,1,,2,,,17,,1,22,,B12,24.176794,120.666063,3
2018,11,16,10,44,臺中市,太平區,0,1,0,8,1,5,50,14,9,1,5,4,5,7,4,4,9,4,4,1,13,42,2,9,1,1,C03,7,9,1,10,2,11,  ,42,42,1,21,8,C03,24.15003,120.700969,2
2018,11,16,10,50,臺中市,大肚區,0,0,,8,,,50,,,,,,,,,,,,,,,,,,,,A41,,,1,,2,,,23,,1,10,,A41,24.120004,120.573541,3
2018,11,16,11,13,臺中市,西區,0,0,0,8,,,50,,,,,,,,,,,,,,,,3,  ,  ,  ,B03,  ,  ,1,  ,2,  ,  ,26,  ,  ,21,  ,B03,24.145512,120.671266,3
2018,11,16,11,15,臺中市,西區,0,1,0,8,1,5,50,4,1,1,5,4,5,7,4,4,10,5,5,2,9,23,3,10,1,1,C03,7,9,1,10,2,11,  ,23,23,1,5,4,C03,24.146719,120.659496,2
2018,11,16,11,15,臺中市,清水區,0,0,,,,,40,,,,,,,,,,,,,,,,,,,,B03,,,1,,2,,,6,,1,5,,B03,24.296728,120.589414,3
2018,11,16,11,20,臺中市,西區,0,1,0,8,1,5,50,14,9,1,5,4,5,7,1,1,5,5,5,2,13,23,3,10,1,1,B03,7,9,1,8,2,1,  ,23,23,1,21,8,B03,24.141727,120.675629,2
2018,11,16,11,20,臺中市,南屯區,0,0,,8,,,50,,,,,,,,,,,,,,,,,,,,B03,,,1,,2,,,23,,1,22,,B03,24.131981,120.647033,3
2018,11,16,11,24,臺中市,西屯區,0,0,,8,,,50,,,,,,,,,,,,,,,,,,,,A32,,,1,,2,,,43,,1,4,,A32,24.184822,120.609654,3
2018,11,16,11,24,臺中市,梧棲區,0,0,,8,,,70,,,,,,,,,,,,,,,,,,,,B03,,,1,,2,,,23,,1,  ,,B03,24.249838,120.536408,4
2018,11,16,11,27,臺中市,大雅區,0,0,,8,,,40,,,,,,,,,,,,,,,,,,,,B12,,,1,,2,,,18,,1,21,,B12,24.222637,120.653642,3
2018,11,16,11,30,臺中市,龍井區,0,0,,8,,,40,,,,,,,,,,,,,,,,,,,,B12,,,1,,2,,,26,,1,10,,B12,24.19039,120.551495,3
2018,11,16,11,44,臺中市,南區,0,1,0,8,1,5,50,14,7,1,5,4,5,7,4,4,3,4,5,2,17,40,3,10,1,1,B03,6,13,1,8,2,4,  ,40,40,1,19,5,B03,24.125538,120.669961,2
2018,11,16,11,50,臺中市,南屯區,0,0,,8,,,40,,,,,,,,,,,,,,,,,,,,B03,,,1,,2,,,23,,1,22,,B03,24.13705,120.639429,3
2018,11,16,11,52,臺中市,大安區,0,1,0,8,1,5,50,11,9,1,5,4,5,7,4,4,10,5,5,2,11,42,3,10,1,1,B12,7,9,1,8,2,8,  ,42,42,1,9,3,B12,24.339924,120.572489,2
2018,11,16,11,58,臺中市,南屯區,0,0,0,8,1,5,50,4,1,1,5,4,5,7,1,,10,5,5,2,26,42,3,10,1,1,B03,7,2,1,8,2,3,  ,42,42,1,20,8,B03,24.155294,120.646936,4
2018,11,16,12,0,臺中市,烏日區,0,1,0,8,1,5,50,3,1,1,5,4,5,7,3,1,5,4,4,2,16,6,2,9,1,1,C03,7,5,1,8,2,12,  ,6,6,1,21,8,C03,24.103016,120.621253,2
2018,11,16,12,2,臺中市,北區,,,,8,,,50,,,,,,,,,,,,,,,,,,,,B12,,,1,,2,,,10,,1,21,,B12,24.147482,120.686119,3
2018,11,16,12,10,臺中市,北屯區,0,0,0,8,,,40,,,,,,,,,,,,,,,42,  ,  ,  ,  ,B12,  ,  ,1,  ,2,  ,  ,42,42,1,10,  ,B12,24.186148,120.667027,3
2018,11,16,12,11,臺中市,太平區,0,1,0,8,1,5,50,3,1,1,5,4,5,7,1,1,10,5,5,2,3,51,2,9,4,5,H01,8,18,8,20,2,16,  ,51,51,1,19,5,H01,24.148709,120.71654,2
2018,11,16,12,14,臺中市,北區,0,2,0,8,1,5,50,14,7,1,5,4,5,7,4,4,1,4,4,2,18,13,2,9,1,4,C03,7,9,1,10,2,12,  ,13,13,1,22,8,C03,24.15647,120.676587,2
2018,11,16,12,20,臺中市,大安區,0,0,,8,,,80,,,,,,,,,,,,,,,,,,,,A41,,,1,,11,,,43,,  ,  ,,A41,24.330228,120.568431,3
2018,11,16,12,30,臺中市,西屯區,0,1,0,8,1,5,50,14,9,1,5,4,5,7,4,4,9,4,5,2,16,19,3,10,1,1,B01,7,9,1,8,2,4,  ,44,19,1,21,8,B01,24.170127,120.651247,2
2018,11,16,12,32,臺中市,中區,0,2,0,8,1,5,50,4,1,1,5,4,5,7,1,1,10,5,5,2,18,42,2,9,1,1,C03,7,9,1,10,2,14,  ,42,42,1,5,5,C03,24.143591,120.675072,2
2018,11,16,12,33,臺中市,沙鹿區,0,1,0,8,1,5,40,3,2,1,5,4,5,7,4,4,10,5,5,2,17,42,3,10,1,1,C03,7,4,1,10,2,15,  ,42,42,1,4,8,C03,24.232247,120.57404,2
2018,11,16,12,41,臺中市,中區,0,0,,8,,,50,,,,,,,,,,,,,,,,,,,,B12,,,6,,2,,,23,,1,5,,B12,24.142843,120.6838,3
2018,11,16,12,48,臺中市,南區,0,2,0,8,1,5,40,15,9,1,5,4,5,7,4,4,10,5,5,2,10,5,2,9,1,1,C03,7,9,1,10,2,11,  ,5,5,1,21,8,C03,24.113269,120.655175,2
2018,11,16,12,52,臺中市,西屯區,0,2,0,8,1,5,50,14,7,1,5,4,5,7,4,4,5,4,4,2,16,10,2,9,3,4,C03,7,11,1,10,2,15,  ,10,10,1,22,8,C03,24.189613,120.614618,2
2018,11,16,12,54,臺中市,太平區,0,1,0,8,1,5,50,4,1,1,5,4,5,7,1,1,10,5,5,2,15,25,3,10,1,1,B03,7,9,1,8,2,5,  ,25,25,1,21,8,B03,24.134963,120.709963,2
2018,11,16,12,55,臺中市,西區,0,1,0,8,1,5,40,5,1,1,5,4,5,7,1,1,10,5,5,2,16,6,3,10,1,1,B03,7,6,1,8,2,2,  ,6,6,1,21,8,B03,24.154635,120.663721,2
2018,11,16,13,0,臺中市,南屯區,0,0,0,8,,,40,,,,,,,,,,,,,,,,3,  ,  ,  ,B03,  ,  ,1,  ,1,  ,  ,43,  ,1,22,  ,B03,24.150064,120.612202,3
2018,11,16,13,5,臺中市,西屯區,0,1,0,8,1,5,50,14,7,1,5,4,5,7,4,4,5,4,4,2,16,19,2,8,1,1,C03,7,1,1,10,2,11,  ,19,19,1,21,8,C03,24.173077,120.646321,2
2018,11,16,13,8,臺中市,西區,0,1,0,8,1,5,50,4,2,1,5,4,5,7,2,1,10,5,5,2,13,23,3,10,1,1,B03,7,6,1,8,2,6,  ,44,23,1,21,8,B03,24.137945,120.679904,2
2018,11,16,13,20,臺中市,西區,0,1,0,8,1,5,50,4,2,1,5,4,5,7,4,4,5,4,5,2,16,8,3,10,1,1,B03,7,5,1,8,2,4,  ,8,8,1,5,5,B03,24.150851,120.660906,2