年,月,日,時,分,縣市,區,死,受傷,2-30,天候,光線,道路類別,速限,道路型態,事故位置,路面鋪裝,路面狀態,路面缺陷,障礙物,視距,號誌種類,號誌動作,分向設施,快車道或一般車道間,快慢車道間,路面邊線,事故類型及型態,主要肇因,受傷程度,主要傷處,保護裝備,行動電話,當事者區分_類別,車輛用途,當事者行動狀態,駕駛資格情形,駕駛執照種類,飲酒情形,車輛撞擊部位最初,車輛撞擊部位其他,肇事因素個別,肇事因素主要,肇事逃逸,職業,旅次目的,車種,GPS座標_緯度,GPS座標_經度,事故類別
2018,11,17,10,40,臺中市,西屯區,0,1,0,8,1,5,50,3,1,1,5,4,5,7,2,1,10,5,5,2,16,25,3,10,1,1,B03,7,5,1,8,2,1,  ,25,25,1,21,8,B03,24.182556,120.602586,2
2018,11,17,10,40,臺中市,大肚區,0,1,0,8,1,5,50,14,9,1,5,4,5,7,4,4,5,5,5,1,2,23,3,10,1,1,B03,7,9,1,8,2,5,  ,23,23,1,22,8,B03,24.174911,120.580482,2
2018,11,17,10,41,臺中市,潭子區,0,0,,8,1,5,50,14,9,1,5,4,5,7,1,1,8,3,5,1,12,,,,,,B03,,,1,,2,,,6,,1,22,,B03,24.203148,120.674604,3
2018,11,17,10,53,臺中市,西區,0,0,,8,,,50,,,,,,,,,,,,,,,,,,,,B03,,,1,,2,,,23,,1,5,,B03,24.150638,120.669801,3
2018,11,17,11,0,臺中市,東區,0,0,,,,,,,,,,,,,,,,,,,,,,,,,A41,,,1,,2,,,37,,1,  ,,A41,24.130373,120.705249,3
2018,11,17,11,5,臺中市,大雅區,0,2,0,8,1,5,60,4,1,1,5,4,5,7,1,1,10,5,5,2,11,26,2,9,1,1,C03,7,5,1,10,2,11,  ,26,26,1,22,9,C03,24.239449,120.672466,2
2018,11,17,11,6,臺中市,南區,0,0,0,8,,,50,,,,,,,,,,,,,,,6,3,  ,  ,  ,B12,  ,  ,1,  ,2,  ,  ,6,6,  ,9,  ,B12,24.124722,120.657499,3
2018,11,17,11,6,臺中市,后里區,0,2,0,8,1,5,60,4,1,1,5,4,5,7,1,1,1,4,4,1,16,8,2,9,1,1,C03,7,5,3,18,3,14,  ,8,8,1,22,5,C03,24.325201,120.75728,2
2018,11,17,11,6,臺中市,和平區,0,0,0,6,1,2,40,14,9,1,4,4,5,7,4,4,10,5,5,1,12,23,3,10,3,4,C02,7,9,1,9,2,11,  ,23,23,1,22,6,C02,24.17468,120.88303,3
2018,11,17,11,20,臺中市,霧峰區,0,0,,8,,,40,,,,,,,,,,,,,,,,,,,,B03,,,1,,2,,,18,,1,22,,B03,24.064476,120.677782,3
2018,11,17,11,22,臺中市,大雅區,0,1,0,8,1,5,50,4,1,1,5,4,5,7,2,1,10,4,5,1,15,25,2,9,1,1,C03,7,9,1,5,2,11,  ,25,25,1,22,9,C03,24.221063,120.647596,2
2018,11,17,11,25,臺中市,大肚區,0,0,,8,,,50,,,,,,,,,,,,,,,,,,,,C03,,,1,,2,,,23,,1,20,,C03,24.123416,120.564198,3
2018,11,17,11,30,臺中市,北屯區,0,1,0,7,1,5,50,3,1,1,5,4,5,7,4,4,10,5,5,2,16,9,3,10,1,1,B03,7,6,1,8,2,5,  ,9,9,1,21,8,B03,24.170111,120.701207,2
2018,11,17,11,30,臺中市,霧峰區,0,1,0,8,1,5,50,3,1,1,5,4,5,7,4,4,9,5,5,2,17,40,3,10,1,1,B03,7,14,1,8,2,4,  ,40,40,1,21,8,B03,24.061686,120.699803,2
2018,11,17,11,30,臺中市,梧棲區,0,0,,8,,,40,,,,,,,,,,,,,,,,,,,,B03,,,1,,2,,,6,,1,5,,B03,24.233772,120.542338,3
2018,11,17,11,30,臺中市,神岡區,0,0,,8,,,40,,,,,,,,,,,,,,,,,,,,A12,,,1,,2,,,18,,1,  ,,A12,24.257112,120.713021,3
2018,11,17,11,32,臺中市,西區,0,1,0,8,1,5,50,4,1,1,5,4,5,7,4,4,10,5,5,2,15,6,3,10,1,1,C03,7,9,1,10,2,12,  ,6,6,1,5,8,C03,24.151577,120.673626,2
2018,11,17,11,33,臺中市,南區,0,0,0,8,,,50,,,,,,,,,,,,,,,6,3,  ,  ,  ,B03,  ,  ,1,  ,2,  ,  ,6,6,  ,9,  ,B03,24.122158,120.666536,3
2018,11,17,11,39,臺中市,北區,0,0,,8,1,5,50,,,,,,,,,,,,,,,,,,,,B03,,,1,,2,,,23,,1,5,,B03,24.163081,120.686676,3
2018,11,17,11,44,臺中市,大里區,0,2,0,8,1,5,40,3,1,1,5,4,5,7,4,4,10,5,4,2,16,8,2,9,4,5,F02,7,5,8,20,2,16,  ,8,8,1,21,8,F02,24.087538,120.675451,2
2018,11,17,11,45,臺中市,西屯區,0,0,0,8,,,50,,,,,,,,,,,,,,,23,  ,  ,  ,  ,B03,  ,  ,1,  ,2,  ,  ,23,23,1,22,  ,B03,24.163536,120.647699,3
2018,11,17,11,45,臺中市,大里區,0,0,,8,,,50,,,,,,,,,,,,,,,,,,,,B03,,,1,,2,,,12,,1,21,,B03,24.102064,120.682214,3
2018,11,17,11,50,臺中市,烏日區,0,1,0,8,1,5,50,3,1,1,5,4,5,7,3,1,5,4,5,1,16,6,3,10,1,1,B03,7,6,1,8,2,8,  ,6,6,1,21,8,B03,24.071462,120.642762,2
2018,11,17,11,59,臺中市,太平區,0,2,0,8,1,5,50,3,1,1,5,4,5,7,4,4,5,4,5,2,17,13,2,9,1,1,C03,7,9,1,10,2,14,  ,13,13,1,21,8,C03,24.13387,120.722848,2
2018,11,17,12,0,臺中市,南區,0,1,0,8,1,5,50,3,1,1,5,4,5,7,4,4,10,5,5,2,16,6,3,10,1,1,B03,7,6,1,8,2,5,  ,6,6,1,4,8,B03,24.127467,120.680005,2
2018,11,17,12,0,臺中市,沙鹿區,0,0,,8,,,50,,,,,,,,,,,,,,,,,,,,B12,,,1,,2,,,12,,1,11,,B12,24.216908,120.575382,3
2018,11,17,12,3,臺中市,沙鹿區,0,0,,8,,,50,,,,,,,,,,,,,,,,,,,,B03,,,1,,2,,,17,,1,4,,B03,24.244246,120.562803,3
2018,11,17,12,9,臺中市,沙鹿區,0,1,0,8,1,5,40,14,8,1,5,4,5,7,4,4,1,4,4,2,13,41,2,9,1,2,C03,7,9,1,10,2,11,  ,41,41,1,21,8,C03,24.257222,120.569871,2
2018,11,17,12,10,臺中市,潭子區,0,1,0,7,1,5,50,14,9,1,5,4,5,7,4,4,10,5,5,1,18,23,2,9,1,1,C03,7,9,1,10,2,12,  ,23,23,1,22,9,C03,24.193902,120.710372,2
2018,11,17,12,13,臺中市,北區,0,1,0,8,1,5,50,4,2,1,5,4,5,7,4,4,5,4,4,2,12,26,3,10,1,1,B01,7,9,1,4,2,4,  ,23,26,1,21,8,B01,24.159071,120.683273,2
2018,11,17,12,20,臺中市,北屯區,0,2,0,7,1,5,50,4,1,1,5,4,5,7,1,1,10,5,5,2,16,1,2,9,1,1,C03,7,4,1,10,2,12,  ,1,1,1,20,8,C03,24.174753,120.683538,2
2018,11,17,12,24,臺中市,梧棲區,0,0,,8,,,50,,,,,,,,,,,,,,,,,,,,B03,,,1,,2,,,23,,1,9,,B03,24.259047,120.536137,4
2018,11,17,12,30,臺中市,大肚區,0,1,0,8,1,5,70,14,8,1,5,4,5,7,4,4,1,4,4,1,17,23,3,10,1,1,B03,7,9,1,8,2,15,  ,42,23,1,21,8,B03,24.137376,120.551643,2
2018,11,17,12,34,臺中市,南區,0,1,0,8,1,5,50,5,2,1,5,4,5,7,2,1,3,4,4,2,13,23,3,10,1,1,B03,7,14,1,8,2,7,  ,44,23,1,5,5,B03,24.122364,120.684094,2
2018,11,17,12,45,臺中市,西屯區,0,0,,8,,,40,,,,,,,,,,,,,,,,,,,,B03,,,1,,2,,,7,,1,  ,,B03,24.163465,120.648633,3
2018,11,17,12,48,臺中市,沙鹿區,0,0,,8,,,60,,,,,,,,,,,,,,,23,,,,,B03,,,1,,2,,,44,23,1,20,,B03,24.250144,120.590415,3
2018,11,17,12,49,臺中市,北區,0,0,,8,1,5,40,,,,,,,,,,,,,,,,,,,,B03,,,1,,2,,,12,,1,5,,B03,24.157776,120.664014,3
2018,11,17,12,50,臺中市,北屯區,0,0,0,8,,,40,,,,,,,,,,,,,,,23,  ,  ,  ,  ,A41,  ,  ,1,  ,2,  ,  ,23,23,1,5,  ,A41,24.20122,120.667605,3
2018,11,17,12,54,臺中市,外埔區,0,0,,8,,,50,,,,,,,,,,,,,,,,,,,,B03,,,1,,2,,,12,,1,22,,B03,24.343742,120.635517,4
2018,11,17,12,54,臺中市,大雅區,0,1,0,8,1,5,50,4,1,1,5,4,5,7,2,1,3,4,4,1,16,26,2,9,1,1,C03,7,9,1,10,2,11,  ,26,26,1,22,9,C03,24.228118,120.643289,2
2018,11,17,13,1,臺中市,大肚區,0,1,0,8,1,5,50,3,2,1,5,4,5,7,4,4,10,5,5,1,16,6,3,10,1,1,B03,7,5,1,8,2,8,  ,6,6,1,22,8,B03,24.170121,120.571308,2
2018,11,17,13,8,臺中市,大里區,0,0,,8,,,40,,,,,,,,,,,,,,,,,,,,B03,,,1,,2,,,16,,1,22,,B03,24.113647,120.699315,3
2018,11,17,13,10,臺中市,大肚區,0,5,0,8,1,5,70,14,13,1,5,4,5,7,4,4,1,4,4,1,25,23,2,9,1,1,B02,7,9,3,18,3,1,  ,23,23,1,22,8,B02,24.163686,120.542985,2
2018,11,17,13,11,臺中市,清水區,0,2,0,7,1,5,50,14,7,1,5,4,5,7,4,4,1,4,4,2,3,52,2,9,4,5,H01,8,20,8,20,2,16,  ,52,52,1,20,8,H01,24.274687,120.576946,2
2018,11,17,13,25,臺中市,新社區,0,0,0,8,1,5,40,4,2,1,5,4,5,7,4,4,10,5,5,2,17,21,3,10,1,1,B12,7,9,6,8,6,5,  ,21,21,1,21,8,B12,24.192488,120.81315,3
2018,11,17,13,26,臺中市,西區,0,2,0,8,1,5,40,3,2,1,5,4,5,7,4,4,1,4,3,2,12,7,2,8,1,1,C03,7,8,1,10,2,12,  ,7,7,1,17,9,C03,24.165551,120.61405,2
2018,11,17,13,35,臺中市,北區,0,2,0,7,1,5,50,14,8,1,5,4,5,7,4,4,2,4,4,2,16,6,3,10,1,1,B03,7,6,1,7,2,2,  ,6,6,1,21,1,B03,24.162917,120.681746,2
2018,11,17,13,37,臺中市,北屯區,0,0,,8,,,50,,,,,,,,,,,,,,,,,,,,B03,,,1,,2,,,16,,1,21,,B03,24.179708,120.667528,3
2018,11,17,13,40,臺中市,西屯區,0,0,,8,,,40,,,,,,,,,,,,,,,,,,,,B03,,,1,,2,,,16,,1,  ,,B03,24.172867,120.633808,3
2018,11,17,13,43,臺中市,西屯區,0,1,0,8,1,5,50,4,1,1,5,4,5,7,1,1,10,5,5,2,16,26,3,10,1,1,B03,7,6,1,8,2,1,  ,26,26,1,4,8,B03,24.16254,120.64941,2
2018,11,17,13,55,臺中市,南屯區,0,1,0,8,1,5,50,4,1,1,5,4,5,7,1,1,10,5,5,2,15,25,2,9,1,1,C03,7,9,1,10,2,11,  ,25,25,1,22,9,C03,24.147761,120.650637,2
2018,11,17,14,0,臺中市,西屯區,0,1,0,8,1,5,50,3,1,1,5,4,5,7,4,4,10,5,5,2,16,23,3,10,1,1,B03,7,9,1,8,2,8,  ,23,23,1,22,8,B03,24.164023,120.647627,2
2018,11,17,14,0,臺中市,大肚區,0,2,0,8,1,5,50,3,1,1,5,4,5,7,4,4,10,5,5,2,3,23,2,9,1,1,C03,7,9,1,10,2,11,  ,23,23,1,22,8,C03,24.17411,120.586593,2
2018,11,17,14,1,臺中市,沙鹿區,0,0,,8,,,40,,,,,,,,,,,,,,,,,,,,B03,,,1,,2,,,12,,1,4,,B03,24.198322,120.580346,3
2018,11,17,14,2,臺中市,梧棲區,0,0,,8,,,50,,,,,,,,,,,,,,,,,,,,B03,,,1,,2,,,6,,1,9,,B03,24.225313,120.525853,3
2018,11,17,14,5,臺中市,北屯區,0,2,0,8,1,5,50,14,7,1,5,4,5,7,4,4,9,5,5,2,13,16,2,9,1,1,C03,7,9,1,10,2,15,  ,16,16,1,22,8,C03,24.200797,120.673955,2
2018,11,17,14,6,臺中市,烏日區,0,0,,8,,,50,,,,,,,,,,,,,,,,,,,,B03,,,1,,2,,,12,,1,10,,B03,24.055599,120.650412,3
2018,11,17,14,10,臺中市,大里區,0,0,,8,,,50,,,,,,,,,,,,,,,,,,,,B12,,,1,,2,,,12,,1,22,,B12,24.09572,120.68574,3
2018,11,17,14,15,臺中市,龍井區,0,0,,8,,,70,,,,,,,,,,,,,,,,,,,,B12,,,1,,2,,,23,,1,22,,B12,24.18541,120.587525,3
2018,11,17,14,27,臺中市,北區,0,2,0,8,1,5,50,4,1,1,5,4,5,7,1,1,5,4,4,2,12,6,2,9,4,5,F01,7,5,8,20,2,16,  ,6,6,1,21,8,F01,24.165953,120.686779,2
2018,11,17,14,30,臺中市,南屯區,0,0,,8,,,40,,,,,,,,,,,,,,,,,,,,B12,,,1,,2,,,7,,1,  ,,B12,24.120918,120.63618,3
2018,11,17,14,40,臺中市,南區,0,1,0,8,1,5,50,14,8,1,5,4,5,7,4,4,5,5,4,2,16,6,3,10,1,1,B03,7,6,1,8,2,5,  ,6,6,1,4,8,B03,24.127016,120.675717,2
2018,11,17,14,40,臺中市,大里區,0,2,0,6,1,5,50,14,7,1,4,4,5,7,4,4,10,5,5,2,17,11,2,8,1,1,C03,7,11,1,10,2,11,  ,11,11,1,22,5,C03,24.109378,120.68992,2
2018,11,17,14,43,臺中市,北區,0,0,0,8,,,50,,,,,,,,,,,,,,,23,  ,  ,  ,  ,B03,  ,  ,6,8,2,  ,  ,23,23,1,  ,  ,B03,24.143252,120.685718,3
2018,11,17,14,44,臺中市,大安區,0,0,,8,,,40,,,,,,,,,,,,,,,,,,,,B12,,,1,,2,,,12,,1,22,,B12,24.371639,120.600355,3
2018,11,17,14,45,臺中市,北區,0,1,0,6,1,5,40,14,8,1,4,4,5,7,4,4,1,4,4,2,18,13,2,9,1,1,C03,7,9,1,10,2,14,  ,13,13,1,5,1,C03,24.162715,120.664638,2
2018,11,17,14,50,臺中市,太平區,0,0,,6,,,50,,,,,,,,,,,,,,,,,,,,C03,,,4,,2,,,25,,1,20,,C03,24.13482,120.732385,3
2018,11,17,14,56,臺中市,太平區,0,1,0,8,1,5,50,4,2,1,5,4,5,7,1,1,10,5,5,2,13,23,2,8,1,1,C03,7,9,1,10,2,11,  ,23,23,1,5,3,C03,24.148466,120.705612,2
2018,11,17,15,2,臺中市,太平區,0,1,0,6,1,5,50,4,1,1,4,4,5,7,4,4,10,5,5,2,16,6,2,8,1,1,C03,7,6,1,10,2,14,  ,6,6,1,20,8,C03,24.130853,120.717145,2
2018,11,17,15,8,臺中市,南屯區,0,0,,7,,,50,,,,,,,,,,,,,,,,,,,,B03,,,1,,2,,,23,,1,21,,B03,24.140584,120.652425,4
2018,11,17,15,8,臺中市,西屯區,0,1,0,6,1,5,40,4,1,1,4,4,5,7,4,4,10,5,5,2,16,6,2,9,3,4,C03,7,9,1,10,2,12,  ,6,6,1,22,9,C03,24.178723,120.638555,2
2018,11,17,15,10,臺中市,烏日區,0,1,0,8,1,5,60,14,13,1,5,4,5,7,4,4,1,4,4,1,16,7,3,10,1,1,B03,7,8,1,8,2,5,  ,7,7,1,21,8,B03,24.110231,120.646505,2
2018,11,17,15,13,臺中市,霧峰區,0,0,,8,,,60,,,,,,,,,,,,,,,,,,,,B03,,,1,,2,,,17,,1,12,,B03,24.059938,120.663168,3
2018,11,17,15,15,臺中市,南屯區,0,0,0,8,,,50,,,,,,,,,,,,,,,,3,  ,  ,  ,B03,  ,  ,1,  ,2,  ,  ,26,  ,1,22,  ,B03,24.140831,120.652965,3
2018,11,17,15,20,臺中市,西區,0,0,,8,,,50,,,,,,,,,,,,,,,,,,,,B03,,,1,,2,,,16,,1,5,,B03,24.155621,120.658834,4
2018,11,17,15,23,臺中市,西區,0,0,,8,,,50,,,,,,,,,,,,,,,,,,,,B03,,,1,,2,,,23,,1,21,,B03,24.149046,120.659857,3
2018,11,17,15,25,臺中市,南區,0,1,0,7,1,5,40,14,8,1,4,4,5,7,4,4,5,4,4,2,13,23,2,9,1,1,C03,7,9,1,10,2,11,  ,23,23,1,3,1,C03,24.113236,120.658261,2
2018,11,17,15,33,臺中市,東勢區,0,1,0,8,1,5,60,14,9,1,5,4,5,7,4,4,5,4,5,1,17,23,2,9,1,1,C03,7,9,2,18,2,12,  ,23,23,1,9,8,C03,24.301368,120.80132,2
2018,11,17,15,36,臺中市,中區,0,0,,8,,,50,,,,,,,,,,,,,,,,,,,,B12,,,1,,2,,,12,,1,22,,B12,24.139897,120.678115,4
2018,11,17,15,53,臺中市,沙鹿區,0,1,0,7,1,5,60,3,1,1,5,4,5,7,2,1,1,2,1,1,16,26,3,10,1,1,B03,7,6,1,8,2,2,  ,26,26,1,4,8,B03,24.209771,120.580936,2
2018,11,17,15,54,臺中市,潭子區,0,2,0,8,1,5,40,14,9,1,5,4,5,7,4,4,9,4,5,2,15,6,2,9,1,1,C03,7,1,1,10,2,14,  ,6,6,1,22,1,C03,24.212896,120.699337,2
2018,11,17,15,55,臺中市,西屯區,0,0,,8,,,50,,,,,,,,,,,,,,,,,,,,B03,,,1,,2,,,16,,1,22,,B03,24.164788,120.648547,3
2018,11,17,16,4,臺中市,西屯區,0,1,0,8,1,5,60,3,2,1,5,4,5,7,4,4,1,3,5,1,12,13,3,10,1,1,B03,7,6,1,8,3,2,  ,44,13,1,22,8,B03,24.177496,120.626624,2
2018,11,17,16,5,臺中市,大雅區,0,4,0,8,1,5,40,3,1,1,5,4,5,7,3,1,10,5,5,2,17,6,2,9,1,1,C03,7,9,1,10,2,14,  ,6,6,1,22,9,C03,24.2203,120.646129,2
2018,11,17,16,9,臺中市,南區,0,0,,8,1,5,40,14,9,1,5,4,5,7,4,4,10,5,5,2,17,,,,,,G06,,,7,,11,,,43,,1,  ,,G06,24.126238,120.667012,3
2018,11,17,16,9,臺中市,北屯區,0,1,0,8,1,5,50,4,2,1,5,4,5,7,1,1,5,5,5,2,17,42,2,9,1,1,C03,7,9,1,10,2,11,  ,42,42,1,5,9,C03,24.165529,120.69473,2
2018,11,17,16,20,臺中市,烏日區,0,0,,8,,,30,,,,,,,,,,,,,,,,,,,,B03,,,1,,2,,,19,,1,  ,,B03,24.114208,120.616702,3
2018,11,17,16,25,臺中市,中區,0,0,,8,,,50,,,,,,,,,,,,,,,,,,,,B01,,,1,,2,,,18,,1,5,,B01,24.139202,120.684191,3
2018,11,17,16,25,臺中市,霧峰區,0,0,0,6,1,5,50,4,1,1,4,4,5,7,1,1,10,5,5,2,16,25,3,10,1,1,B03,7,9,1,8,2,1,  ,25,25,1,5,8,B03,24.059439,120.698048,3
2018,11,17,16,32,臺中市,東區,0,2,0,8,1,5,50,14,7,1,5,4,5,7,4,4,5,4,4,2,16,19,3,10,1,1,B03,7,1,1,8,2,1,  ,19,19,1,5,8,B03,24.149399,120.709642,2
2018,11,17,16,35,臺中市,南屯區,0,1,0,8,1,5,50,3,1,1,5,4,5,7,1,1,10,5,5,2,16,6,3,10,1,1,B03,7,6,1,8,2,5,  ,6,6,1,22,9,B03,24.125851,120.646377,2
2018,11,17,16,40,臺中市,南屯區,0,0,,8,,,50,,,,,,,,,,,,,,,,,,,,B03,,,1,,2,,,7,,1,21,,B03,24.137342,120.646892,3
2018,11,17,16,45,臺中市,西區,0,1,0,8,1,5,50,4,1,1,5,4,5,7,4,4,10,5,5,2,15,6,3,10,1,1,B03,7,9,1,8,2,2,  ,6,6,1,5,5,B03,24.14661,120.671595,2
2018,11,17,16,45,臺中市,西區,0,1,0,8,2,5,50,14,9,1,5,4,5,7,4,4,5,4,5,2,16,26,2,9,1,1,C03,7,11,1,10,2,11,  ,26,26,1,21,8,C03,24.136019,120.672925,2
2018,11,17,16,53,臺中市,西屯區,0,0,,8,,,50,,,,,,,,,,,,,,,,,,,,C03,,,1,,2,,,23,,1,  ,,C03,24.163061,120.649744,3
2018,11,17,16,56,臺中市,梧棲區,0,0,,8,,,50,,,,,,,,,,,,,,,,,,,,B11,,,1,,2,,,12,,1,9,,B11,24.255693,120.54115,3
2018,11,17,16,58,臺中市,大里區,0,2,0,6,1,5,40,14,7,1,4,4,5,7,4,4,1,4,5,2,17,7,3,10,1,1,B03,7,8,1,8,2,5,  ,7,7,1,22,5,B03,24.092281,120.690603,2
2018,11,17,17,0,臺中市,西屯區,0,0,0,8,,,40,,,,,,,,,,,,,,,7,  ,  ,  ,  ,B03,  ,  ,1,  ,2,  ,  ,7,7,1,22,  ,B03,24.17099,120.636181,3
2018,11,17,17,7,臺中市,西區,0,1,0,8,2,5,50,14,8,1,5,4,5,7,4,4,1,4,4,2,16,19,3,10,1,1,B03,7,1,1,6,2,8,  ,19,19,1,21,9,B03,24.14529,120.671179,2
2018,11,17,17,9,臺中市,南屯區,0,1,0,8,3,5,50,4,1,1,5,4,5,7,2,1,10,5,5,2,16,25,3,10,3,4,B03,7,9,1,8,2,8,  ,25,25,1,22,8,B03,24.141389,120.640482,2
2018,11,17,17,20,臺中市,南屯區,0,0,0,8,,,50,,,,,,,,,,,,,,,26,  ,  ,  ,  ,B03,  ,  ,1,  ,2,  ,  ,26,26,1,22,  ,B03,24.135739,120.636867,3
2018,11,17,17,25,臺中市,烏日區,0,0,,8,,,60,,,,,,,,,,,,,,,,,,,,B03,,,1,,2,,,9,,1,21,,B03,24.109355,120.642668,3
2018,11,17,17,25,臺中市,潭子區,0,0,,8,1,5,60,14,7,1,5,4,5,7,4,4,1,4,4,2,13,,,,,,A05,,,1,,2,,,23,,1,22,,A05,24.203039,120.704081,3
2018,11,17,17,28,臺中市,西屯區,0,0,,8,,,50,,,,,,,,,,,,,,,,,,,,B03,,,1,,2,,,16,,1,5,,B03,24.166003,120.651713,3
2018,11,17,17,29,臺中市,烏日區,0,0,,8,,,30,,,,,,,,,,,,,,,,,,,,B01,,,1,,2,,,7,,1,10,,B01,24.11161,120.616374,3
2018,11,17,17,37,臺中市,西區,0,0,,,,,,,,,,,,,,,,,,,,,,,,,B03,,,1,,2,,,23,,1,  ,,B03,,,3
2018,11,17,17,47,臺中市,北屯區,0,1,0,8,3,5,50,14,7,1,5,4,5,7,4,4,5,5,4,2,13,23,2,9,1,1,C03,7,9,1,10,2,11,  ,23,23,1,21,8,C03,24.173748,120.681288,2
2018,11,17,17,48,臺中市,大里區,0,0,,8,,,50,,,,,,,,,,,,,,,,,,,,B03,,,1,,2,,,23,,1,3,,B03,24.090174,120.693562,3
2018,11,17,17,51,臺中市,神岡區,0,0,,8,,,50,,,,,,,,,,,,,,,,,,,,B03,,,1,,2,,,26,,1,3,,B03,24.248374,120.695985,3
2018,11,17,17,57,臺中市,西屯區,0,3,0,8,3,5,40,3,2,1,5,4,5,7,4,4,10,5,5,2,3,15,2,9,3,4,C03,7,9,1,10,2,11,  ,15,15,1,22,9,C03,24.178956,120.638536,2
2018,11,17,17,58,臺中市,神岡區,0,1,0,8,3,5,50,3,1,1,5,4,5,7,4,4,10,5,5,2,16,19,2,8,1,1,C03,7,1,1,10,3,11,  ,19,19,1,22,9,C03,24.247606,120.699061,2
2018,11,17,18,6,臺中市,南區,0,0,,8,,,40,,,,,,,,,,,,,,,,,,,,B03,,,1,,2,,,12,,1,3,,B03,24.116491,120.670233,3
2018,11,17,18,7,臺中市,西區,0,2,0,8,3,5,50,5,1,1,5,4,5,7,2,1,10,5,5,2,16,6,2,9,1,1,C03,7,6,1,10,2,12,  ,6,6,1,18,7,C03,24.131846,120.672537,2
2018,11,17,18,10,臺中市,中區,0,1,0,8,3,5,50,4,1,1,5,4,5,7,1,1,10,5,5,2,16,6,3,10,1,1,B03,7,6,1,8,2,2,  ,6,6,1,20,8,B03,24.145688,120.679172,2
2018,11,17,18,10,臺中市,新社區,0,0,0,8,,,50,,,,,,,,,,,,,,,18,  ,  ,  ,  ,B03,  ,  ,1,  ,2,  ,  ,18,18,1,  ,  ,B03,24.205411,120.794583,3
2018,11,17,18,20,臺中市,潭子區,0,1,0,8,3,5,50,4,1,1,4,4,5,7,2,1,1,4,4,1,18,14,2,8,1,1,C03,7,9,1,10,2,11,  ,14,14,1,22,8,C03,24.20991,120.705324,2
2018,11,17,18,22,臺中市,西屯區,0,1,0,8,3,5,40,4,8,1,5,4,5,7,1,1,1,3,1,2,12,9,3,10,1,1,B03,7,6,1,8,2,5,  ,9,9,1,22,8,B03,24.176931,120.651961,2
2018,11,17,18,44,臺中市,大雅區,0,1,0,8,3,5,50,14,9,1,5,4,5,7,4,4,10,2,5,1,17,40,2,9,1,1,C03,7,9,1,10,2,12,  ,44,40,1,22,9,C03,24.221014,120.656589,2
2018,11,17,18,48,臺中市,北區,0,1,0,8,3,5,50,3,1,1,5,4,5,7,1,1,10,5,5,2,16,6,3,10,3,4,B12,7,6,1,8,2,5,5,6,6,1,4,4,B12,24.155372,120.699041,2
2018,11,17,18,54,臺中市,太平區,0,1,0,8,3,5,40,4,1,1,5,4,5,7,3,1,10,5,5,2,15,6,3,10,1,1,B03,7,9,1,8,2,5,  ,6,6,1,20,8,B03,24.142206,120.72302,2
2018,11,17,18,55,臺中市,北屯區,0,0,0,8,,,40,,,,,,,,,,,,,,,5,  ,  ,  ,  ,B03,  ,  ,1,  ,2,  ,  ,5,5,  ,20,  ,B03,24.202726,120.672826,3
2018,11,17,18,55,臺中市,沙鹿區,0,0,,8,,,50,,,,,,,,,,,,,,,23,,,,,B03,,,1,,2,,,23,23,1,20,,B03,24.232159,120.555961,3
2018,11,17,18,56,臺中市,南屯區,0,1,0,8,3,5,50,4,1,1,5,4,5,7,2,1,1,2,5,2,3,15,3,10,1,1,B01,7,5,1,16,2,5,  ,15,15,1,10,4,B01,24.14705,120.646651,2
2018,11,17,19,11,臺中市,大雅區,0,0,,8,,,50,,,,,,,,,,,,,,,,,,,,B03,,,1,,2,,,7,,1,21,,B03,24.219557,120.650447,3
2018,11,17,19,17,臺中市,東勢區,0,0,0,8,,,50,,,,,,,,,,,,,,,42,  ,  ,  ,  ,B12,  ,  ,1,  ,2,  ,  ,42,42,1,  ,  ,B12,24.285561,120.79239,3
2018,11,17,19,20,臺中市,北屯區,0,0,,8,,,40,,,,,,,,,,,,,,,,,,,,B03,,,1,,2,,,19,,1,4,,B03,24.1783,120.740908,3
2018,11,17,19,20,臺中市,潭子區,0,1,0,8,1,5,50,14,7,1,5,4,5,7,4,4,5,4,4,2,24,43,2,9,1,1,C03,7,9,1,10,2,11,  ,43,43,1,22,9,C03,24.194369,120.698943,2
2018,11,17,19,25,臺中市,北屯區,0,0,,8,,,50,,,,,,,,,,,,,,,,,,,,B03,,,1,,2,,,16,,1,5,,B03,24.184477,120.690363,3
2018,11,17,19,28,臺中市,西屯區,0,0,,8,,,70,,,,,,,,,,,,,,,,,,,,B03,,,1,,2,,,23,,1,5,,B03,24.18274,120.593921,3
2018,11,17,19,42,臺中市,霧峰區,0,0,,8,,,40,,,,,,,,,,,,,,,,,,,,B03,,,1,,2,,,23,,1,3,,B03,24.039487,120.699812,3
2018,11,17,19,43,臺中市,龍井區,0,0,,8,,,50,,,,,,,,,,,,,,,,,,,,B12,,,1,,2,,,23,,1,22,,B12,24.190795,120.587373,3