年,月,日,時,分,縣市,區,死,受傷,2-30,天候,光線,道路類別,速限,道路型態,事故位置,路面鋪裝,路面狀態,路面缺陷,障礙物,視距,號誌種類,號誌動作,分向設施,快車道或一般車道間,快慢車道間,路面邊線,事故類型及型態,主要肇因,受傷程度,主要傷處,保護裝備,行動電話,當事者區分_類別,車輛用途,當事者行動狀態,駕駛資格情形,駕駛執照種類,飲酒情形,車輛撞擊部位最初,車輛撞擊部位其他,肇事因素個別,肇事因素主要,肇事逃逸,職業,旅次目的,車種,GPS座標_緯度,GPS座標_經度,事故類別
2018,11,17,20,5,臺中市,太平區,0,2,0,8,3,5,50,14,7,1,5,4,5,7,4,4,4,4,4,1,3,51,2,7,4,5,H01,8,16,8,20,10,16,  ,51,51,1,19,8,H01,24.130493,120.72149,2
2018,11,17,20,5,臺中市,烏日區,0,0,,8,,,40,,,,,,,,,,,,,,,,,,,,B03,,,1,,2,,,16,,1,  ,,B03,24.110126,120.605044,3
2018,11,17,20,9,臺中市,北屯區,0,2,0,8,3,5,50,4,1,1,5,4,5,7,4,4,10,5,5,2,16,6,2,9,1,1,C03,7,5,2,18,2,11,  ,6,6,1,4,8,C03,24.19357,120.68514,2
2018,11,17,20,10,臺中市,大里區,0,0,,8,,,50,,,,,,,,,,,,,,,,,,,,B03,,,1,,2,,,23,,1,21,,B03,24.089871,120.698165,3
2018,11,17,20,10,臺中市,沙鹿區,0,0,,8,,,40,,,,,,,,,,,,,,,,,,,,B03,,,1,,2,,,12,,1,6,,B03,24.198322,120.580346,3
2018,11,17,20,17,臺中市,北區,0,0,,8,,,50,,,,,,,,,,,,,,,,,,,,B01,,,1,,2,,,26,,1,  ,,B01,24.148307,120.681236,3
2018,11,17,20,28,臺中市,大里區,0,0,0,8,3,5,60,4,1,1,5,4,5,7,1,1,10,5,5,2,16,8,3,10,1,1,B03,7,9,1,8,2,1,  ,23,8,1,5,8,B03,24.115143,120.676161,3
2018,11,17,20,30,臺中市,西區,0,0,,8,,,50,,,,,,,,,,,,,,,,,,,,B03,,,1,,2,,,23,,1,2,,B03,24.14811,120.672945,3
2018,11,17,20,30,臺中市,北屯區,0,1,0,8,3,5,50,3,1,1,5,4,5,7,4,4,10,5,5,2,16,6,3,10,3,4,B03,7,6,1,8,2,6,  ,6,6,1,4,8,B03,24.170586,120.696533,2
2018,11,17,20,34,臺中市,西區,0,0,0,8,,,50,,,,,,,,,,,,,,,26,  ,  ,  ,  ,B03,  ,  ,1,  ,2,  ,  ,26,26,1,  ,  ,B03,24.141141,120.666657,3
2018,11,17,20,42,臺中市,西區,0,1,0,8,3,5,50,14,7,1,5,4,5,7,4,4,1,4,4,2,13,23,2,9,1,1,C03,7,9,1,10,2,11,  ,23,23,1,5,5,C03,24.139928,120.662836,2
2018,11,17,20,46,臺中市,西屯區,0,1,0,8,3,5,50,4,1,1,5,4,5,7,3,1,10,5,5,2,16,6,3,10,3,4,B03,7,9,1,8,2,5,  ,6,6,1,22,9,B03,24.175903,120.63493,2
2018,11,17,20,52,臺中市,西屯區,0,2,0,8,3,5,50,4,1,1,5,4,5,7,2,1,10,5,5,2,13,23,2,8,1,1,C03,7,9,1,10,2,11,  ,23,23,1,22,8,C03,24.195888,120.653234,2
2018,11,17,20,55,臺中市,霧峰區,0,2,0,8,4,5,40,14,9,1,5,4,5,7,4,4,10,5,5,1,16,23,2,8,1,1,C03,7,9,1,10,2,11,  ,23,23,1,18,8,C03,24.057911,120.680339,2
2018,11,17,20,55,臺中市,沙鹿區,0,2,0,8,3,5,50,3,1,1,5,4,5,7,4,4,10,5,5,2,16,6,2,9,1,1,C03,7,5,1,10,2,11,  ,6,6,1,9,8,C03,24.233329,120.557124,2
2018,11,17,21,5,臺中市,神岡區,0,0,,8,,,50,,,,,,,,,,,,,,,,,,,,F03,,,1,,2,,,23,,1,9,,F03,24.246666,120.68577,3
2018,11,17,21,10,臺中市,太平區,,,,8,,,40,,,,,,,,,,,,,,,,,,,,B12,,,1,,2,,,23,,1,5,,B12,24.133922,120.721233,3
2018,11,17,21,22,臺中市,后里區,0,1,0,8,3,5,40,14,22,1,5,4,5,7,4,4,10,5,5,1,19,42,2,9,1,1,C03,7,9,1,10,2,11,12,42,42,1,21,8,C03,24.306741,120.694866,2
2018,11,17,21,23,臺中市,南屯區,0,1,0,8,3,5,40,14,8,1,5,4,5,7,4,4,5,4,4,2,17,23,2,9,1,1,C03,7,9,2,18,9,12,  ,23,23,1,21,8,C03,24.145538,120.642128,2
2018,11,17,21,23,臺中市,烏日區,0,0,,8,,,40,,,,,,,,,,,,,,,,,,,,B03,,,1,,2,,,17,,1,21,,B03,24.108265,120.622366,3
2018,11,17,21,33,臺中市,梧棲區,0,2,0,8,3,5,50,3,1,1,5,4,5,7,4,4,10,5,5,2,17,10,3,10,1,1,B03,7,11,1,8,2,8,  ,10,10,1,9,5,B03,24.248393,120.538466,2
2018,11,17,21,41,臺中市,西區,0,2,0,8,3,5,50,14,9,1,5,4,5,7,4,4,5,4,5,2,17,11,2,8,1,1,C03,7,11,4,8,2,14,  ,11,11,1,21,8,C03,24.151161,120.65257,2
2018,11,17,21,42,臺中市,南區,0,1,0,8,3,5,40,14,8,1,5,4,5,7,4,4,5,5,4,2,17,40,3,10,1,1,B03,7,14,1,8,2,4,  ,40,40,1,5,8,B03,24.124032,120.673182,2
2018,11,17,21,43,臺中市,西屯區,0,1,0,8,3,5,50,14,9,1,5,4,5,7,2,1,1,3,4,1,13,23,3,10,1,1,B03,7,9,6,8,2,1,  ,23,23,1,22,8,B03,24.196265,120.657693,2
2018,11,17,21,46,臺中市,梧棲區,0,2,0,8,1,5,70,4,3,1,5,4,5,7,1,1,10,5,5,2,17,23,2,9,1,1,C03,7,9,1,10,2,14,  ,23,23,1,18,5,C03,24.249896,120.535993,2
2018,11,17,21,51,臺中市,西區,0,1,0,8,3,5,50,15,22,1,5,4,5,7,4,4,10,5,5,2,29,42,3,10,2,1,C03,7,15,1,10,2,11,  ,42,42,1,21,8,C03,24.150986,120.667869,2
2018,11,17,21,52,臺中市,西區,0,1,0,8,3,5,50,4,1,1,5,4,5,7,4,4,10,5,5,2,15,6,3,10,1,1,C03,7,9,1,9,9,11,  ,6,6,2,9,9,C03,24.147342,120.666014,2
2018,11,17,21,54,臺中市,大肚區,0,2,0,7,3,5,50,4,1,1,5,4,5,7,4,4,10,5,5,2,12,1,2,8,1,1,C03,7,4,1,10,2,12,  ,1,1,1,21,8,C03,24.17379,120.580972,2
2018,11,17,21,58,臺中市,大里區,1,0,0,8,3,5,50,14,9,1,5,4,5,7,4,4,9,5,5,1,17,42,3,10,1,1,C03,7,9,1,10,2,15,  ,42,42,1,20,8,C03,24.089945,120.699375,1
2018,11,17,22,2,臺中市,西屯區,0,0,,8,,,50,,,,,,,,,,,,,,,,,,,,B01,,,1,,2,,,12,,1,  ,,B01,24.178774,120.644496,3
2018,11,17,22,7,臺中市,太平區,0,0,0,8,,,50,,,,,,,,,,,,,,,42,  ,  ,  ,  ,B03,  ,  ,1,  ,2,  ,  ,42,42,1,20,  ,B03,24.117268,120.717757,3
2018,11,17,22,18,臺中市,南屯區,0,0,,8,,,50,,,,,,,,,,,,,,,,,,,,B03,,,1,,2,,,16,,1,  ,,B03,24.129536,120.65325,3
2018,11,17,22,25,臺中市,西屯區,0,0,,8,,,40,,,,,,,,,,,,,,,,,,,,C03,,,1,,2,,,23,,1,22,,C03,24.183323,120.603784,3
2018,11,17,22,42,臺中市,西屯區,0,3,0,8,3,5,50,3,1,1,5,4,5,7,4,4,10,5,5,2,16,1,2,9,3,4,C03,7,6,1,10,2,12,  ,1,1,1,22,8,C03,24.163861,120.650296,2
2018,11,17,22,47,臺中市,西屯區,0,1,0,8,3,5,50,4,2,1,5,4,5,7,4,4,5,5,5,2,11,8,3,10,3,4,B03,7,5,1,8,2,8,  ,8,8,1,22,9,B03,24.155921,120.647481,2
2018,11,17,23,0,臺中市,北屯區,0,0,0,8,,,40,,,,,,,,,,,,,,,23,  ,  ,  ,  ,B03,  ,  ,1,  ,9,  ,  ,23,23,  ,20,  ,B03,24.17234,120.713843,3
2018,11,17,23,11,臺中市,西屯區,0,2,0,8,3,5,50,3,2,1,5,4,5,7,4,4,10,5,5,2,3,60,2,9,4,5,H01,8,16,8,20,10,16,  ,60,60,1,21,8,H01,24.178988,120.640682,2
2018,11,17,23,23,臺中市,太平區,,,,8,,,40,,,,,,,,,,,,,,,,,,,,B12,,,1,,2,,,23,,1,21,,B12,24.142564,120.73328,3
2018,11,17,23,30,臺中市,北屯區,0,2,0,8,3,5,50,4,1,1,5,4,5,7,3,1,10,5,5,2,16,6,2,7,1,1,C03,7,5,1,10,2,11,  ,6,6,1,21,8,C03,24.179869,120.694983,2
2018,11,17,23,34,臺中市,太平區,0,4,0,8,3,5,50,4,1,1,5,4,5,7,2,1,10,5,5,2,15,25,2,9,1,1,B12,7,9,1,8,8,4,  ,25,25,1,6,4,B12,24.159037,120.712984,2
2018,11,17,23,48,臺中市,沙鹿區,0,1,0,8,3,5,50,4,1,1,5,4,5,7,3,1,10,5,5,2,17,43,2,9,1,1,C03,7,9,1,10,2,12,  ,43,43,1,18,8,C03,24.224385,120.576678,2
2018,11,18,0,10,臺中市,北屯區,0,0,,8,,,50,,,,,,,,,,,,,,,,,,,,B03,,,6,,2,,,23,,1,  ,,B03,24.173741,120.671457,3
2018,11,18,0,40,臺中市,大里區,0,1,0,8,3,5,50,14,8,1,5,4,5,7,4,4,1,4,1,1,20,43,2,9,1,4,C03,7,9,1,10,2,12,  ,43,43,1,22,9,C03,24.083648,120.662058,2
2018,11,18,1,30,臺中市,北屯區,0,0,,8,,,40,,,,,,,,,,,,,,,,,,,,B12,,,1,,2,,,12,,1,6,,B12,24.161496,120.694635,3
2018,11,18,1,50,臺中市,沙鹿區,0,2,0,8,3,5,50,3,1,1,5,4,5,7,4,4,1,3,5,2,16,6,3,10,1,1,A11,7,6,1,3,2,6,  ,6,6,1,10,9,A11,24.215922,120.552405,2
2018,11,18,2,17,臺中市,豐原區,0,0,,8,,,50,,,,,,,,,,,,,,,,,,,,C03,,,1,,9,,,6,,2,16,,C03,24.247053,120.715468,3
2018,11,18,3,18,臺中市,沙鹿區,0,1,0,8,3,5,40,5,1,1,5,4,5,7,3,1,10,5,5,2,18,23,3,10,1,1,B03,7,9,1,8,2,15,  ,6,23,1,9,8,B03,24.2384,120.568304,2
2018,11,18,5,29,臺中市,西屯區,0,1,0,8,3,5,50,4,1,1,5,4,5,7,1,1,10,5,5,2,17,43,3,10,3,4,C03,7,9,1,10,2,14,  ,43,43,1,21,8,C03,24.181732,120.635855,2
2018,11,18,5,30,臺中市,梧棲區,0,1,0,8,1,5,40,14,8,1,5,4,5,7,4,4,10,5,3,1,23,42,2,9,1,1,C03,7,9,1,10,2,11,  ,42,42,1,2,9,C03,24.238038,120.517608,2
2018,11,18,6,24,臺中市,潭子區,0,2,0,8,1,5,50,4,2,1,5,4,5,7,1,1,5,5,5,1,17,43,2,9,1,1,C03,7,9,1,10,3,11,  ,43,43,1,22,8,C03,24.213957,120.710962,2
2018,11,18,6,42,臺中市,新社區,0,2,0,8,1,5,40,4,1,1,5,4,5,7,4,4,10,5,5,2,15,6,2,9,4,5,F01,7,9,8,20,10,16,  ,6,6,1,21,8,F01,24.213186,120.793984,2
2018,11,18,7,0,臺中市,南區,0,2,0,8,1,5,50,4,1,1,5,4,5,7,1,1,10,5,5,2,18,16,2,9,1,1,C03,7,9,1,10,2,14,11,16,16,1,18,8,C03,24.126516,120.675168,2
2018,11,18,7,10,臺中市,西屯區,0,1,0,8,1,5,50,3,1,1,5,4,5,7,4,4,10,5,5,2,16,6,3,10,1,1,C03,7,6,1,10,2,14,  ,6,6,1,22,8,C03,24.163296,120.65681,2
2018,11,18,7,20,臺中市,大雅區,0,0,,8,,,50,,,,,,,,,,,,,,,,,,,,B12,,,1,,2,,,12,,1,  ,,B12,24.208613,120.644115,3
2018,11,18,7,27,臺中市,南屯區,0,0,,8,,,60,,,,,,,,,,,,,,,,,,,,B12,,,1,,2,,,26,,1,  ,,B12,24.135453,120.622981,3
2018,11,18,7,30,臺中市,南屯區,0,1,0,8,1,5,40,13,9,1,5,4,5,7,4,4,10,5,5,2,8,23,3,10,1,1,B03,7,9,1,8,2,2,  ,23,23,1,21,8,B03,24.138971,120.638528,2
2018,11,18,7,49,臺中市,龍井區,0,2,0,8,1,5,40,14,8,1,5,4,5,7,4,4,10,5,1,1,17,23,2,9,1,1,C03,7,9,1,10,2,11,  ,23,23,1,22,8,C03,24.196431,120.580164,2
2018,11,18,7,56,臺中市,北屯區,0,3,0,8,1,5,50,5,1,1,5,4,5,7,1,1,4,3,5,2,12,19,2,9,1,1,C03,7,1,1,10,2,14,  ,19,19,1,21,8,C03,24.169068,120.712726,2
2018,11,18,8,0,臺中市,大甲區,0,1,0,8,1,5,40,4,1,1,5,4,5,7,1,1,10,5,5,2,16,25,2,8,1,1,C03,7,5,3,18,2,14,  ,25,25,1,7,8,C03,24.403117,120.641197,2
2018,11,18,8,8,臺中市,北區,0,1,0,8,1,5,50,4,1,1,5,4,5,7,1,1,5,4,4,2,15,25,3,10,1,1,B03,7,9,3,18,2,1,  ,25,25,1,5,8,B03,24.160445,120.675339,2
2018,11,18,8,8,臺中市,北區,0,0,,8,,,50,,,,,,,,,,,,,,,,,,,,B03,,,2,,2,,,12,,1,20,,B03,24.160448,120.675326,3
2018,11,18,8,8,臺中市,沙鹿區,0,1,0,8,1,5,50,3,1,1,5,4,5,7,4,4,4,4,4,1,16,4,2,7,1,1,C03,7,5,1,10,2,11,  ,4,4,1,2,8,C03,24.244508,120.569896,2
2018,11,18,8,12,臺中市,北區,0,1,0,8,1,5,50,14,7,1,5,4,5,7,4,4,4,3,4,2,17,26,3,10,3,4,C03,7,11,4,8,2,12,  ,26,26,1,5,8,C03,24.159243,120.670029,2
2018,11,18,8,14,臺中市,石岡區,0,3,0,8,1,5,70,15,8,1,5,4,5,7,4,4,1,4,4,1,17,4,2,9,1,1,C03,7,9,1,10,2,11,  ,4,4,1,21,8,C03,24.26155,120.814156,2
2018,11,18,8,20,臺中市,西屯區,0,0,0,8,,,50,,,,,,,,,,,,,,,42,  ,  ,  ,  ,B03,  ,  ,1,  ,2,  ,  ,42,42,1,22,  ,B03,24.199319,120.654458,3
2018,11,18,8,25,臺中市,梧棲區,0,1,0,8,1,5,40,14,8,1,5,4,5,7,4,4,1,4,3,1,17,40,3,10,2,1,B03,7,13,1,8,2,4,  ,40,40,1,6,3,B03,24.244571,120.550469,2
2018,11,18,8,29,臺中市,潭子區,0,0,,8,,,60,,,,,,,,,,,,,,,,,,,,C03,,,1,,2,,,23,,1,22,,C03,24.201405,120.703537,3
2018,11,18,8,30,臺中市,南區,0,3,0,8,1,5,50,3,1,1,5,4,5,7,4,4,5,5,5,2,16,6,2,8,1,1,C03,7,5,1,10,2,12,  ,6,6,1,4,8,C03,24.11605,120.666086,2
2018,11,18,8,35,臺中市,潭子區,0,2,0,8,1,5,50,4,1,1,5,4,5,7,1,1,5,4,4,2,15,26,2,9,1,1,C03,7,9,1,10,2,12,  ,26,26,1,22,9,C03,24.20444,120.704358,2
2018,11,18,8,38,臺中市,北區,0,1,0,8,1,5,40,14,9,1,5,4,5,7,4,4,10,5,5,2,9,12,3,10,3,4,B03,7,2,1,8,2,3,  ,12,12,1,5,8,B03,24.154153,120.696656,2
2018,11,18,8,40,臺中市,南區,0,1,0,7,1,5,50,13,9,1,5,4,5,7,4,4,5,4,5,2,16,7,3,10,1,1,B03,7,8,1,8,2,5,  ,7,7,1,21,8,B03,24.132676,120.683836,2
2018,11,18,9,23,臺中市,南區,0,0,,8,,,50,,,,,,,,,,,,,,,,,,,,B03,,,1,,2,,,23,,1,4,,B03,24.128694,120.668817,3
2018,11,18,9,23,臺中市,龍井區,0,0,,8,,,40,,,,,,,,,,,,,,,,,,,,B03,,,1,,2,,,23,,1,21,,B03,24.176181,120.545738,4
2018,11,18,9,31,臺中市,北區,0,0,0,8,,,50,,,,,,,,,,,,,,,6,  ,  ,  ,  ,B03,  ,  ,1,  ,2,  ,  ,6,6,1,5,  ,B03,24.161512,120.66323,3
2018,11,18,9,42,臺中市,北區,0,1,0,8,1,5,40,14,7,1,5,4,5,7,4,4,8,3,4,2,12,7,3,10,3,4,C03,7,7,1,10,2,15,  ,7,7,1,5,8,C03,24.149283,120.678029,2
2018,11,18,10,0,臺中市,東區,0,0,,,,,,,,,,,,,,,,,,,,,,,,,B03,,,1,,2,,,12,,1,  ,,B03,24.127241,120.699636,3
2018,11,18,10,2,臺中市,南屯區,0,0,,8,,,40,,,,,,,,,,,,,,,,,,,,C03,,,1,,11,,,6,,2,21,,C03,24.139462,120.635989,3
2018,11,18,10,10,臺中市,中區,0,1,0,8,1,5,50,14,9,1,5,4,5,7,4,4,5,5,5,2,12,7,2,9,1,1,C03,7,7,1,10,2,14,  ,7,7,1,5,8,C03,24.142237,120.679758,2
2018,11,18,10,30,臺中市,潭子區,0,2,0,8,1,5,50,14,7,1,5,4,5,7,3,1,5,4,4,2,12,7,2,9,1,1,F01,7,7,8,20,2,16,  ,7,7,1,22,9,F01,24.203213,120.678628,2
2018,11,18,10,32,臺中市,西屯區,0,2,0,8,1,5,40,14,8,1,5,4,5,7,4,4,1,5,1,2,13,16,2,9,1,1,C03,7,9,1,10,2,11,  ,16,16,1,21,8,C03,24.178899,120.623436,2
2018,11,18,10,35,臺中市,北屯區,0,1,0,8,1,5,50,3,1,1,5,4,5,7,4,4,10,5,5,2,15,6,2,9,1,1,C03,7,9,1,10,2,11,  ,6,6,1,21,8,C03,24.184636,120.695258,2
2018,11,18,10,36,臺中市,沙鹿區,0,1,0,8,1,5,40,3,1,1,5,4,5,7,1,1,10,5,5,2,16,44,2,9,1,1,C03,7,9,1,10,2,14,  ,44,44,1,21,8,C03,24.212626,120.556345,2
2018,11,18,10,43,臺中市,西屯區,0,0,,8,,,50,,,,,,,,,,,,,,,,,,,,B03,,,1,,2,,,7,,1,22,,B03,24.176654,120.650314,3
2018,11,18,10,50,臺中市,大里區,0,0,,8,,,40,,,,,,,,,,,,,,,,,,,,B03,,,1,,2,,,17,,1,21,,B03,24.083343,120.71224,3
2018,11,18,10,51,臺中市,西屯區,0,1,0,8,1,5,50,3,18,1,5,4,5,7,1,1,4,3,4,2,3,8,3,10,1,1,B01,7,5,1,8,2,1,  ,8,8,1,21,8,B01,24.171083,120.658951,2
2018,11,18,10,54,臺中市,大甲區,0,1,0,8,1,5,50,3,1,1,5,4,5,7,4,4,10,5,5,2,16,10,3,10,1,1,B03,7,11,1,8,2,8,  ,10,10,1,4,8,B03,24.354887,120.620706,2
2018,11,18,11,1,臺中市,外埔區,0,0,,8,,,50,,,,,,,,,,,,,,,,,,,,B03,,,1,,2,,,17,,1,22,,B03,24.334098,120.677009,3
2018,11,18,11,7,臺中市,西區,0,2,0,8,1,5,50,4,2,1,5,4,5,7,1,1,5,5,5,2,13,16,2,9,1,1,C03,7,9,1,10,2,11,  ,16,16,1,5,8,C03,24.148809,120.654106,2
2018,11,18,11,10,臺中市,大雅區,0,0,,8,,,40,,,,,,,,,,,,,,,,,,,,B03,,,1,,2,,,12,,1,  ,,B03,24.225411,120.653806,4
2018,11,18,11,14,臺中市,北屯區,0,1,0,8,1,5,50,4,1,1,5,4,5,7,1,1,4,3,5,2,16,25,2,9,1,1,C03,7,9,1,10,2,11,  ,25,25,1,21,8,C03,24.169044,120.712561,2
2018,11,18,11,25,臺中市,南區,0,0,0,8,,,50,,,,,,,,,,,,,,,25,3,  ,  ,  ,B03,  ,  ,1,8,2,  ,  ,25,25,  ,21,  ,B03,24.121521,120.661671,3
2018,11,18,11,28,臺中市,潭子區,0,0,,8,,,60,,,,,,,,,,,,,,,,,,,,B03,,,1,,2,,,16,,1,22,,B03,24.226931,120.688707,3
2018,11,18,11,32,臺中市,大里區,0,0,,8,,,50,,,,,,,,,,,,,,,,,,,,C03,,,1,,10,,,42,,1,12,,C03,24.107305,120.690016,3
2018,11,18,11,37,臺中市,南屯區,0,0,,8,,,40,,,,,,,,,,,,,,,,,,,,B03,,,1,,2,,,23,,1,  ,,B03,24.150885,120.623925,3
2018,11,18,11,38,臺中市,東區,0,4,0,8,1,5,50,14,7,1,5,4,5,7,4,4,9,4,4,2,16,26,3,10,1,1,C03,7,5,6,18,2,15,  ,26,26,1,5,8,C03,24.142845,120.691375,2
2018,11,18,11,40,臺中市,大安區,0,0,0,8,,,60,,,,,,,,,,,,,,,12,  ,  ,  ,  ,B12,  ,  ,1,  ,2,  ,  ,12,12,1,22,  ,B12,24.377527,120.591292,3
2018,11,18,11,41,臺中市,東勢區,0,0,0,8,,,60,,,,,,,,,,,,,,,16,  ,  ,  ,  ,C01,  ,  ,1,  ,2,  ,  ,16,16,1,  ,  ,C01,24.266586,120.824956,3
2018,11,18,11,50,臺中市,西區,1,0,0,8,1,5,50,14,7,1,5,4,5,7,4,4,1,4,4,2,3,51,1,9,4,5,H01,8,16,8,20,10,16,  ,51,51,1,5,5,H01,24.140009,120.657855,1
2018,11,18,12,0,臺中市,北區,0,1,0,8,1,5,50,4,1,1,5,4,5,7,3,1,5,4,5,2,15,6,2,9,1,1,C03,7,9,1,10,2,11,  ,6,6,1,5,8,C03,24.163811,120.669228,2
2018,11,18,12,10,臺中市,大甲區,0,2,0,8,1,5,50,3,8,1,5,4,5,7,4,4,5,5,4,1,17,43,2,8,4,5,F01,7,9,8,20,2,16,  ,43,43,1,16,8,F01,24.345411,120.630207,2
2018,11,18,12,11,臺中市,大雅區,0,0,,8,,,40,,,,,,,,,,,,,,,,,,,,B12,,,6,,9,,,12,,2,  ,,B12,24.228517,120.648203,3
2018,11,18,12,23,臺中市,西屯區,0,2,0,8,1,5,50,3,1,1,5,4,5,7,4,4,10,5,5,2,16,6,2,9,1,1,C03,7,5,3,18,2,12,  ,6,6,1,22,8,C03,24.17907,120.640611,2
2018,11,18,12,25,臺中市,大甲區,0,0,0,8,,,50,,,,,,,,,,,,,,,18,  ,  ,  ,  ,B12,  ,  ,1,  ,2,  ,  ,18,18,1,4,  ,B12,24.344139,120.622883,3
2018,11,18,12,33,臺中市,龍井區,0,1,0,8,1,5,50,3,1,1,5,4,5,7,4,4,10,5,5,1,16,6,3,10,1,1,B02,7,6,1,8,2,5,  ,6,6,1,1,8,B02,24.187443,120.528008,2
2018,11,18,12,45,臺中市,北區,0,1,0,8,1,5,50,4,1,1,5,4,5,7,1,1,10,5,5,2,17,6,3,10,3,4,B03,7,5,1,8,2,2,  ,6,6,1,5,8,B03,24.149197,120.680896,2
2018,11,18,12,47,臺中市,西屯區,0,1,0,8,1,5,50,14,9,1,5,4,5,7,4,4,5,4,5,2,11,43,3,10,1,1,B01,7,9,1,8,2,7,  ,43,43,1,22,8,B01,24.172972,120.66078,2
2018,11,18,13,0,臺中市,西屯區,0,0,,8,,,40,,,,,,,,,,,,,,,,,,,,B03,,,1,,2,,,23,,1,  ,,B03,24.162278,120.630726,3
2018,11,18,13,14,臺中市,北屯區,0,0,0,8,,,50,,,,,,,,,,,,,,,10,  ,  ,  ,  ,B03,  ,  ,1,  ,2,  ,  ,10,10,  ,21,  ,B03,24.176518,120.726983,3
2018,11,18,13,25,臺中市,大甲區,0,2,0,8,1,5,50,3,1,1,5,4,5,7,1,1,5,5,5,2,18,43,2,9,1,4,C03,7,9,1,8,2,11,  ,43,43,1,21,8,C03,24.34048,120.626688,2
2018,11,18,13,30,臺中市,大里區,0,0,,8,,,50,,,,,,,,,,,,,,,,,,,,B12,,,1,,2,,,9,,1,21,,B12,24.094054,120.699731,3
2018,11,18,13,31,臺中市,神岡區,0,0,,8,,,50,,,,,,,,,,,,,,,,,,,,B03,,,1,,2,,,23,,1,3,,B03,24.249511,120.698563,3
2018,11,18,13,33,臺中市,梧棲區,0,0,,8,,,70,,,,,,,,,,,,,,,,,,,,B11,,,1,,2,,,16,,1,9,,B11,24.259626,120.527097,3
2018,11,18,13,44,臺中市,北屯區,0,2,0,8,1,5,50,4,1,1,5,4,5,7,1,1,10,5,5,2,13,23,2,9,1,1,C03,7,9,1,10,2,12,  ,23,23,1,4,8,C03,24.18473,120.702315,2
2018,11,18,13,51,臺中市,西區,0,0,,8,,,50,,,,,,,,,,,,,,,,,,,,B03,,,1,,2,,,7,,1,21,,B03,24.132155,120.666243,3
2018,11,18,13,56,臺中市,南區,0,0,,8,,,50,,,,,,,,,,,,,,,,,,,,B03,,,1,,2,,,25,,1,5,,B03,24.121833,120.661462,3
2018,11,18,13,56,臺中市,南屯區,0,0,,8,,,50,,,,,,,,,,,,,,,,,,,,B03,,,1,,2,,,23,,1,  ,,B03,24.150591,120.623901,3
2018,11,18,14,8,臺中市,龍井區,0,0,,8,,,50,,,,,,,,,,,,,,,,,,,,C03,,,7,,11,,,43,,1,  ,,C03,24.181674,120.586256,3
2018,11,18,14,9,臺中市,西屯區,0,2,0,8,1,5,50,3,1,1,5,4,5,7,4,4,10,5,5,2,16,6,2,8,4,1,F01,7,5,8,20,2,16,  ,6,6,1,22,8,F01,24.170198,120.654196,2
2018,11,18,14,16,臺中市,西屯區,0,1,0,8,1,5,40,5,1,1,5,4,5,7,1,1,10,5,5,2,16,9,3,10,1,1,B03,7,6,1,8,2,5,  ,9,9,1,22,8,B03,24.16922,120.637117,2
2018,11,18,14,20,臺中市,后里區,0,1,0,8,1,7,40,3,1,1,5,4,5,7,4,4,7,5,5,2,11,6,3,10,3,4,B12,7,6,1,8,2,1,  ,6,6,1,22,8,B12,24.314073,120.694647,2
2018,11,18,14,23,臺中市,西屯區,0,0,,8,,,50,,,,,,,,,,,,,,,,,,,,B03,,,1,,2,,,23,,1,  ,,B03,24.199094,120.65621,3
2018,11,18,14,35,臺中市,沙鹿區,0,2,0,8,1,5,50,4,1,1,5,4,5,7,4,4,10,5,5,2,15,6,3,10,1,1,B03,7,9,1,5,2,8,  ,6,6,1,4,8,B03,24.237836,120.560979,2
2018,11,18,14,40,臺中市,清水區,0,0,,8,,,60,,,,,,,,,,,,,,,,,,,,B03,,,1,,2,,,23,,1,  ,,B03,24.281128,120.549058,3
2018,11,18,14,41,臺中市,西屯區,0,0,0,8,,,50,,,,,,,,,,,,,,13,23,  ,  ,  ,  ,B03,  ,  ,1,  ,2,5,  ,23,23,1,22,  ,B03,24.201049,120.658691,3
2018,11,18,14,49,臺中市,西屯區,0,1,0,8,1,5,50,4,2,1,5,4,5,7,2,1,10,5,5,2,13,23,2,8,1,1,C03,7,7,1,10,2,11,  ,23,23,1,22,8,C03,24.164309,120.645943,2
2018,11,18,14,50,臺中市,西屯區,0,0,,8,,,40,,,,,,,,,,,,,,,,,,,,B03,,,1,,2,,,17,,1,22,,B03,24.200891,120.655866,3
2018,11,18,14,54,臺中市,北屯區,0,0,0,8,,,50,,,,,,,,,,,,,,,23,  ,  ,  ,  ,C03,  ,  ,1,  ,2,  ,  ,23,23,  ,5,  ,C03,24.167151,120.695614,3
2018,11,18,14,54,臺中市,大里區,0,3,0,8,1,5,50,14,8,1,5,4,5,7,4,4,5,5,4,1,17,42,2,9,1,1,C03,7,9,1,10,2,12,  ,42,42,1,21,8,C03,24.09509,120.70776,2