年,月,日,時,分,縣市,區,死,受傷,2-30,天候,光線,道路類別,速限,道路型態,事故位置,路面鋪裝,路面狀態,路面缺陷,障礙物,視距,號誌種類,號誌動作,分向設施,快車道或一般車道間,快慢車道間,路面邊線,事故類型及型態,主要肇因,受傷程度,主要傷處,保護裝備,行動電話,當事者區分_類別,車輛用途,當事者行動狀態,駕駛資格情形,駕駛執照種類,飲酒情形,車輛撞擊部位最初,車輛撞擊部位其他,肇事因素個別,肇事因素主要,肇事逃逸,職業,旅次目的,車種,GPS座標_緯度,GPS座標_經度,事故類別
2018,11,18,14,59,臺中市,北屯區,0,0,0,8,,,50,,,,,,,,,,,,,,,23,  ,  ,  ,  ,B03,  ,  ,1,  ,11,  ,  ,23,23,1,21,  ,B03,24.188905,120.662399,3
2018,11,18,15,2,臺中市,南區,0,2,0,8,1,5,50,4,1,1,5,4,5,7,4,4,10,5,5,2,16,6,2,9,1,1,C03,7,6,1,10,2,14,  ,6,6,1,22,8,C03,24.127097,120.675894,2
2018,11,18,15,5,臺中市,潭子區,0,1,0,8,1,5,50,4,1,1,5,4,5,7,3,1,5,4,4,2,15,26,3,10,1,1,B03,7,9,1,8,2,8,  ,26,26,1,22,9,B03,24.191836,120.701525,2
2018,11,18,15,9,臺中市,潭子區,0,0,,8,,,50,,,,,,,,,,,,,,,,,,,,C03,,,1,,2,,,9,,1,22,,C03,24.216072,120.691279,3
2018,11,18,15,15,臺中市,太平區,0,0,,8,,,40,,,,,,,,,,,,,,,,,,,,B03,,,1,,2,,,17,,1,19,,B03,24.129398,120.730208,3
2018,11,18,15,15,臺中市,后里區,0,0,,8,,,50,,,,,,,,,,,,,,,,,,,,B03,,,1,,2,,,16,,1,22,,B03,24.311346,120.7069,3
2018,11,18,15,16,臺中市,西區,0,0,,8,1,5,50,4,1,1,5,4,5,7,1,1,10,5,5,2,16,,,,,,B03,,,1,,2,,,9,,1,5,,B03,24.150869,120.665288,3
2018,11,18,15,28,臺中市,南屯區,0,0,,8,,,50,,,,,,,,,,,,,,,,,,,,B03,,,1,,2,,,23,,1,19,,B03,24.155615,120.647786,3
2018,11,18,15,34,臺中市,新社區,0,0,,8,,,40,,,,,,,,,,,,,,,,,,,,B03,,,1,,2,,,6,,1,19,,B03,24.203225,120.798168,3
2018,11,18,15,40,臺中市,北屯區,0,2,0,8,1,5,50,3,1,1,5,4,5,7,1,1,10,5,5,2,12,7,3,10,1,1,C03,7,8,1,10,2,12,  ,7,7,1,4,8,C03,24.201313,120.665545,2
2018,11,18,15,40,臺中市,大里區,0,1,0,8,1,5,50,4,1,1,5,4,5,7,1,1,10,5,5,2,12,17,3,10,1,1,B03,7,9,1,8,2,2,  ,17,17,1,20,8,B03,24.111915,120.678096,2
2018,11,18,15,42,臺中市,北屯區,0,0,0,8,,,80,,,,,,,,,,,,,,,42,  ,  ,  ,  ,B03,  ,  ,1,7,2,  ,  ,42,42,1,21,  ,B03,24.201144,120.677405,3
2018,11,18,15,45,臺中市,豐原區,0,0,,8,,,50,,,,,,,,,,,,,,,,,,,,B03,,,1,,2,,,16,,1,19,,B03,,,3
2018,11,18,15,47,臺中市,沙鹿區,0,1,0,8,1,5,40,14,13,1,5,4,5,7,4,4,1,4,4,1,17,42,2,9,1,1,C03,7,9,1,10,2,11,  ,42,42,1,18,8,C03,24.249951,120.596124,2
2018,11,18,15,50,臺中市,大甲區,0,0,,8,,,40,,,,,,,,,,,,,,,,,,,,B03,,,1,,2,,,6,,1,20,,B03,24.344855,120.622116,3
2018,11,18,15,56,臺中市,西區,0,0,,8,,,50,,,,,,,,,,,,,,,,,,,,C03,,,1,,2,,,23,,1,21,,C03,24.146547,120.669964,4
2018,11,18,16,0,臺中市,西區,0,0,,8,,,40,,,,,,,,,,,,,,,,,,,,C03,,,1,,2,,,23,,2,18,,C03,24.152874,120.654287,3
2018,11,18,16,3,臺中市,龍井區,0,0,,8,,,40,,,,,,,,,,,,,,,12,,,,,B03,,,8,,10,,,38,12,1,12,,B03,24.193425,120.549105,3
2018,11,18,16,5,臺中市,西屯區,0,0,,8,,,50,,,,,,,,,,,,,,,,,,,,B03,,,1,,2,,,23,,1,22,,B03,24.198618,120.65316,3
2018,11,18,16,10,臺中市,西屯區,0,0,,8,,,50,,,,,,,,,,,,,,,,,,,,B03,,,1,,2,,,16,,1,21,,B03,24.17638,120.652046,3
2018,11,18,16,20,臺中市,大甲區,0,1,0,8,1,5,50,4,1,1,5,4,5,7,2,1,10,5,5,2,16,25,3,10,1,4,B03,7,9,1,8,2,2,  ,25,25,1,21,8,B03,24.35105,120.627618,2
2018,11,18,16,21,臺中市,南區,0,0,,8,1,5,50,4,2,1,5,4,5,7,2,1,5,2,4,2,13,,,,,,B02,,,1,,2,,,23,,1,5,,B02,24.1148,120.670131,3
2018,11,18,16,25,臺中市,西區,0,1,0,8,1,5,50,4,1,1,5,4,5,7,4,4,10,5,5,2,15,6,2,8,1,1,C03,7,9,1,10,2,12,  ,6,6,1,21,8,C03,24.139472,120.684493,2
2018,11,18,16,34,臺中市,東勢區,0,1,0,8,1,5,60,4,1,1,5,4,5,7,1,1,1,4,4,1,12,6,3,10,1,1,B03,7,6,1,8,2,2,  ,6,6,1,21,8,B03,24.219553,120.837274,2
2018,11,18,16,35,臺中市,大里區,0,1,0,8,1,5,50,4,1,1,5,4,5,7,1,1,10,5,5,2,16,25,3,10,1,1,B03,7,6,1,8,2,5,  ,25,25,1,6,8,B03,24.109373,120.675113,2
2018,11,18,16,35,臺中市,清水區,0,0,,8,,,70,,,,,,,,,,,,,,,,,,,,B03,,,1,,2,,,8,,1,  ,,B03,24.277983,120.575144,3
2018,11,18,16,40,臺中市,沙鹿區,0,2,0,7,1,5,50,14,7,1,5,4,5,7,4,4,1,4,4,2,18,45,2,9,1,1,C03,7,9,1,10,2,12,  ,45,45,1,22,8,C03,24.229247,120.566776,2
2018,11,18,16,46,臺中市,西區,0,1,0,8,1,5,50,4,2,1,5,4,5,7,1,1,10,5,5,2,12,42,2,8,1,1,C03,7,15,1,10,2,14,  ,42,42,1,5,8,C03,24.150697,120.664302,2
2018,11,18,17,3,臺中市,南屯區,0,0,,8,,,50,,,,,,,,,,,,,,,,,,,,B03,,,1,,2,,,16,,1,3,,B03,24.145083,120.621892,4
2018,11,18,17,4,臺中市,西屯區,0,1,0,8,2,5,50,4,9,1,5,4,5,7,4,4,9,4,5,2,3,23,3,10,1,1,B03,7,9,1,8,2,1,  ,23,23,1,21,8,B03,24.176615,120.589751,2
2018,11,18,17,25,臺中市,太平區,0,0,,8,,,40,,,,,,,,,,,,,,,,,,,,B03,,,1,,2,,,6,,1,  ,,B03,24.115277,120.721111,3
2018,11,18,17,30,臺中市,大里區,0,0,,8,,,60,,,,,,,,,,,,,,,,,,,,B03,,,1,,2,,,7,,1,12,,B03,24.101984,120.67208,3
2018,11,18,17,36,臺中市,沙鹿區,0,1,0,8,3,5,50,3,1,1,5,4,5,7,4,4,10,5,5,2,16,42,3,10,1,1,B03,7,6,1,8,2,5,  ,42,42,1,9,8,B03,24.258833,120.601324,2
2018,11,18,17,40,臺中市,北屯區,0,3,0,8,2,5,50,3,1,1,5,4,5,7,4,4,10,5,5,2,16,42,2,7,3,4,C03,7,6,1,10,2,12,  ,42,42,1,21,8,C03,24.173363,120.667855,2
2018,11,18,17,41,臺中市,大里區,0,0,,8,,,50,,,,,,,,,,,,,,,,,,,,B03,,,1,,2,,,23,,1,3,,B03,24.10451,120.680166,3
2018,11,18,17,48,臺中市,西屯區,0,1,0,8,3,5,50,4,2,1,5,4,5,7,2,1,1,4,5,2,9,51,2,9,4,5,H01,8,16,8,20,10,16,  ,51,51,1,22,9,H01,24.187715,120.606753,2
2018,11,18,17,50,臺中市,西屯區,0,0,,8,,,60,,,,,,,,,,,,,,,,,,,,B03,,,1,,2,,,16,,1,22,,B03,24.159284,120.655308,3
2018,11,18,17,52,臺中市,清水區,0,0,,8,,,50,,,,,,,,,,,,,,,,,,,,B03,,,1,,2,,,9,,1,  ,,B03,24.289305,120.539908,3
2018,11,18,18,0,臺中市,東區,0,1,0,8,3,5,50,5,7,1,5,4,5,7,2,1,5,4,4,2,17,19,2,8,1,1,C03,7,1,1,10,2,12,  ,19,19,1,20,7,C03,24.14275,120.694207,2
2018,11,18,18,0,臺中市,大里區,0,0,,8,,,40,,,,,,,,,,,,,,,,,,,,B03,,,1,,2,,,12,,1,9,,B03,24.086626,120.696613,3
2018,11,18,18,5,臺中市,北屯區,0,0,0,8,3,5,50,14,9,1,5,4,5,7,4,4,5,5,5,2,14,12,3,10,1,1,B12,7,2,1,8,2,3,  ,12,12,1,21,8,B12,24.191788,120.685563,3
2018,11,18,18,6,臺中市,大雅區,0,1,0,8,3,5,40,4,1,1,5,4,5,7,4,4,9,4,5,1,17,19,3,10,1,1,B03,7,1,1,8,2,8,  ,19,19,1,22,9,B03,24.21928,120.65144,2
2018,11,18,18,8,臺中市,烏日區,0,0,0,7,3,5,40,15,9,1,5,4,5,7,4,4,10,5,5,2,13,23,  ,  ,  ,  ,F03,  ,  ,  ,  ,  ,  ,  ,23,23,1,  ,  ,F03,24.032122,120.639386,3
2018,11,18,18,18,臺中市,北屯區,0,2,0,8,3,5,50,14,7,1,5,4,5,7,4,4,5,5,4,2,3,23,2,9,1,1,C03,7,9,1,9,2,11,  ,23,23,1,21,8,C03,24.17522,120.668455,2
2018,11,18,18,23,臺中市,清水區,0,0,,8,,,70,,,,,,,,,,,,,,,,,,,,B03,,,1,,2,,,10,,1,21,,B03,24.304006,120.595453,3
2018,11,18,18,26,臺中市,西屯區,0,0,0,8,,,50,,,,,,,,,,,,,,,23,  ,  ,  ,  ,B03,  ,  ,1,  ,2,  ,  ,23,23,1,21,  ,B03,24.176375,120.640766,3
2018,11,18,18,28,臺中市,北屯區,0,2,0,8,3,5,50,14,9,1,5,4,5,7,4,4,5,4,5,2,16,10,2,8,3,4,C03,7,11,1,10,2,12,  ,10,10,1,21,8,C03,24.171091,120.709196,2
2018,11,18,18,30,臺中市,東區,0,2,0,8,3,5,50,4,1,1,5,4,5,7,1,1,10,5,5,2,17,7,3,10,1,1,B03,7,8,1,8,2,3,  ,7,7,1,21,8,B03,24.150938,120.697634,2
2018,11,18,18,30,臺中市,大里區,0,0,,8,,,40,,,,,,,,,,,,,,,,,,,,C03,,,3,,2,,,23,,1,20,,C03,24.102274,120.701024,3
2018,11,18,18,38,臺中市,南區,0,1,0,8,3,5,50,3,1,1,5,4,5,7,4,4,5,5,5,2,16,23,3,10,1,1,B03,7,5,1,8,2,4,  ,23,23,1,19,5,B03,24.115262,120.663907,2
2018,11,18,18,41,臺中市,西屯區,0,0,,8,,,50,,,,,,,,,,,,,,,,,,,,B12,,,1,,2,,,8,,1,22,,B12,24.184623,120.644615,3
2018,11,18,18,43,臺中市,神岡區,0,0,,8,,,40,,,,,,,,,,,,,,,,,,,,B12,,,1,,9,,,17,,1,9,,B12,24.234331,120.695235,3
2018,11,18,19,9,臺中市,西屯區,0,0,,8,,,50,,,,,,,,,,,,,,,,,,,,B03,,,1,,2,,,12,,1,  ,,B03,24.162074,120.63456,3
2018,11,18,19,37,臺中市,西屯區,0,1,0,8,3,5,50,14,7,1,5,4,5,7,2,1,1,4,4,2,13,16,2,9,3,4,C03,7,9,1,10,2,11,  ,16,16,1,22,9,C03,24.177405,120.669161,2
2018,11,18,19,40,臺中市,大甲區,0,1,0,8,3,5,50,5,1,1,5,4,5,7,2,1,10,5,5,2,9,23,3,10,1,1,B03,7,5,1,6,2,8,  ,23,23,1,21,8,B03,24.344208,120.621903,2
2018,11,18,19,45,臺中市,霧峰區,0,0,,8,,,70,,,,,,,,,,,,,,,,,,,,B03,,,1,,2,,,23,,1,6,,B03,24.055083,120.696128,3
2018,11,18,19,46,臺中市,北區,0,0,0,8,,,50,,,,,,,,,,,,,,,23,  ,  ,  ,  ,B03,  ,  ,1,  ,2,  ,  ,23,23,2,22,  ,B03,24.148899,120.686991,3
2018,11,18,19,51,臺中市,西區,0,1,0,8,3,5,40,5,1,1,5,4,5,7,2,1,10,5,5,2,16,6,3,10,1,1,B03,7,6,1,8,2,2,  ,6,6,1,5,9,B03,24.135208,120.663581,2
2018,11,18,19,54,臺中市,西區,0,1,0,8,3,5,50,4,2,1,5,4,5,7,1,1,10,5,5,2,16,42,3,10,1,1,C03,7,6,1,10,2,13,  ,42,42,1,21,8,C03,24.149036,120.661686,2
2018,11,18,20,0,臺中市,北區,0,0,0,8,,,50,,,,,,,,,,,,,,,,3,  ,  ,  ,B03,  ,  ,1,  ,2,  ,  ,23,  ,1,22,  ,B03,24.149088,120.685133,3
2018,11,18,20,11,臺中市,東勢區,0,1,0,7,3,5,50,14,9,1,5,4,5,7,4,4,5,5,5,1,16,10,3,10,1,1,B03,7,11,1,8,2,5,  ,10,10,1,22,8,B03,24.248399,120.831568,2
2018,11,18,20,20,臺中市,西屯區,0,2,0,8,3,5,80,14,7,1,5,4,5,7,4,4,1,4,5,2,13,16,3,10,1,1,B03,7,9,1,8,2,1,  ,16,16,1,21,8,B03,24.170536,120.632541,2
2018,11,18,20,23,臺中市,北區,0,0,0,8,,,50,,,,,,,,,,,,,,,,3,  ,  ,  ,C03,  ,  ,1,  ,2,  ,  ,42,  ,1,22,  ,C03,24.146615,120.68261,3
2018,11,18,20,35,臺中市,霧峰區,0,2,0,8,3,5,40,14,12,1,5,4,5,7,4,4,1,4,4,1,13,16,2,9,1,1,C03,7,9,1,10,2,11,  ,16,16,1,18,8,C03,24.048496,120.693393,2
2018,11,18,20,45,臺中市,沙鹿區,0,1,0,8,3,5,40,14,8,1,5,4,5,7,4,4,1,4,3,1,13,16,2,9,1,1,C03,7,9,1,10,2,11,  ,16,16,1,18,8,C03,24.228025,120.575158,2
2018,11,18,20,55,臺中市,大肚區,0,1,0,8,3,5,50,14,9,1,5,4,5,7,4,4,5,3,5,1,6,23,2,9,1,1,C03,7,9,1,10,2,14,  ,23,23,1,5,1,C03,24.154211,120.54564,2
2018,11,18,21,15,臺中市,清水區,0,0,0,8,,,60,,,,,,,,,,,,,,,9,  ,  ,  ,  ,B03,  ,  ,1,  ,2,  ,  ,9,9,1,  ,  ,B03,24.276999,120.548013,3
2018,11,18,21,18,臺中市,南屯區,0,1,0,7,3,5,40,14,8,1,5,4,5,7,4,4,1,4,4,2,13,23,2,3,1,4,C03,7,9,1,10,2,11,  ,23,23,1,22,8,C03,24.14178,120.622695,2
2018,11,18,21,23,臺中市,梧棲區,0,3,0,8,3,5,50,4,1,1,5,4,5,7,1,1,10,5,5,1,3,15,3,10,3,4,B03,7,5,1,8,2,8,  ,15,15,1,21,8,B03,24.260041,120.533043,2
2018,11,18,21,27,臺中市,北區,0,0,,8,,,50,,,,,,,,,,,,,,,,,,,,B03,,,1,,2,,,12,,1,22,,B03,24.166875,120.67209,3
2018,11,18,21,27,臺中市,北屯區,0,0,,8,,,50,,,,,,,,,,,,,,,,,,,,B03,,,1,,2,,,25,,1,  ,,B03,24.164502,120.706551,3
2018,11,18,21,33,臺中市,西屯區,0,0,,8,,,50,,,,,,,,,,,,,,,,,,,,B03,,,1,,2,,,23,,1,22,,B03,24.204816,120.652728,3
2018,11,18,21,35,臺中市,大里區,0,1,0,8,3,5,50,4,1,1,5,4,5,7,1,1,10,5,5,2,13,16,3,10,1,1,B03,7,9,1,8,2,1,  ,16,16,1,22,8,B03,24.091465,120.690681,2
2018,11,18,21,38,臺中市,神岡區,0,0,,8,,,50,,,,,,,,,,,,,,,,,,,,B12,,,1,,2,,,23,,1,21,,B12,24.273764,120.664926,3
2018,11,18,21,39,臺中市,南區,0,0,,8,,,50,,,,,,,,,,,,,,,,,,,,B03,,,1,,2,,,23,,1,5,,B03,24.123877,120.661744,3
2018,11,18,21,40,臺中市,大肚區,0,0,,8,,,70,,,,,,,,,,,,,,,,,,,,B03,,,1,,2,,,23,,1,  ,,B03,24.155689,120.547698,3
2018,11,18,22,22,臺中市,沙鹿區,0,1,0,8,3,5,50,4,1,1,5,4,5,7,1,1,10,5,5,2,17,25,2,9,1,1,C03,7,9,1,10,2,11,  ,25,25,1,21,8,C03,24.224902,120.568505,2
2018,11,18,22,30,臺中市,南區,0,1,0,8,3,5,50,14,7,1,5,4,5,7,4,4,3,4,4,2,13,16,3,10,1,1,B03,7,9,1,8,2,1,  ,16,16,1,21,8,B03,24.117529,120.669983,2
2018,11,18,22,48,臺中市,太平區,0,0,0,8,,,50,,,,,,,,,,,,,,,43,  ,  ,  ,  ,B03,  ,  ,1,  ,2,  ,  ,43,43,1,21,  ,B03,24.159114,120.710295,3
2018,11,18,22,56,臺中市,外埔區,0,1,0,8,3,5,50,3,2,1,5,4,5,7,4,4,5,5,5,1,13,16,2,9,1,1,C03,7,9,1,10,2,11,  ,16,16,1,22,9,C03,24.341068,120.641881,2
2018,11,18,23,0,臺中市,西屯區,0,1,0,8,3,5,50,14,7,1,5,4,5,7,4,4,5,4,4,2,16,10,3,10,3,4,B03,7,11,1,8,2,8,  ,10,10,1,21,8,B03,24.1588,120.648382,2
2018,11,18,23,16,臺中市,西屯區,0,0,,8,,,40,,,,,,,,,,,,,,,,,,,,B03,,,1,,2,,,2,,1,21,,B03,24.173715,120.633511,3
2018,11,18,23,20,臺中市,南屯區,0,1,0,8,3,5,50,4,1,1,5,4,5,7,4,4,10,5,5,2,18,23,2,9,1,1,C03,7,6,1,10,2,12,  ,23,23,1,21,8,C03,24.152412,120.645082,2
2018,11,18,23,32,臺中市,西屯區,0,1,0,8,3,5,50,4,9,1,5,4,5,7,1,1,1,4,4,2,29,43,2,9,1,1,C03,7,15,1,10,2,14,  ,43,43,1,21,8,C03,24.18637,120.614901,2
2018,11,18,23,38,臺中市,沙鹿區,0,2,0,8,3,5,50,14,7,1,5,4,5,7,4,4,4,5,4,2,17,19,2,7,1,1,C03,7,1,1,10,2,11,  ,19,19,1,5,8,C03,24.22726,120.574871,2
2018,11,19,0,23,臺中市,太平區,0,0,,8,,,40,,,,,,,,,,,,,,,,,,,,B12,,,1,,2,,,23,,1,  ,,B12,24.154622,120.701455,3
2018,11,19,0,40,臺中市,南區,0,1,0,8,3,5,50,5,1,1,5,4,5,7,1,1,5,2,5,2,16,26,3,10,1,1,B03,7,5,1,8,2,4,  ,26,26,1,22,8,B03,24.116975,120.66679,2
2018,11,19,0,57,臺中市,西屯區,0,0,,8,,,40,,,,,,,,,,,,,,,,,,,,B03,,,1,,2,,,12,,1,  ,,B03,24.155494,120.608827,3
2018,11,19,1,3,臺中市,北屯區,0,1,0,7,3,5,50,4,1,1,4,4,5,7,2,1,10,5,5,2,13,16,3,10,1,1,B03,7,9,4,10,2,1,  ,16,16,1,21,8,B03,24.16045,120.699627,2
2018,11,19,1,6,臺中市,北區,,,,8,,,50,,,,,,,,,,,,,,,,,,,,B02,,,1,,7,,,23,,1,  ,,B02,24.153866,120.677169,3
2018,11,19,2,17,臺中市,大肚區,0,0,,8,,,50,,,,,,,,,,,,,,,23,,,,,B03,,,1,,2,,,23,23,1,5,,B03,24.161144,120.557511,3
2018,11,19,3,17,臺中市,東區,0,0,0,8,3,5,50,14,8,1,5,4,5,7,4,4,5,5,4,2,14,12,  ,  ,  ,  ,B03,  ,  ,1,8,2,  ,  ,12,12,1,5,  ,B03,24.140383,120.694376,3
2018,11,19,3,30,臺中市,中區,0,0,,8,,,50,,,,,,,,,,,,,,,,,,,,A11,,,1,,2,,,23,,1,4,,A11,24.137676,120.684926,4
2018,11,19,6,20,臺中市,清水區,0,1,0,7,1,5,50,3,1,1,5,4,5,7,1,1,10,5,5,2,17,10,3,10,1,1,B03,7,11,1,8,2,4,  ,10,10,1,21,8,B03,24.267373,120.561274,2
2018,11,19,6,40,臺中市,西屯區,0,2,0,8,2,5,40,14,22,1,5,4,5,7,4,4,5,4,4,2,17,43,2,9,3,4,C03,7,21,1,10,2,11,  ,43,43,1,21,8,C03,24.1738,120.647309,2
2018,11,19,6,40,臺中市,東勢區,0,1,0,7,1,5,50,5,1,1,5,4,5,7,4,4,10,5,5,2,16,6,2,8,1,1,C03,7,5,1,10,2,11,  ,6,6,1,21,8,C03,24.244975,120.829823,2
2018,11,19,6,53,臺中市,北屯區,0,0,,8,,,50,,,,,,,,,,,,,,,,,,,,   ,,,7,,11,,,43,,1,  ,,   ,24.185548,120.664031,3
2018,11,19,6,58,臺中市,大雅區,0,0,,8,,,40,,,,,,,,,,,,,,,,,,,,B03,,,1,,2,,,5,,1,  ,,B03,24.204981,120.640458,3
2018,11,19,6,59,臺中市,烏日區,0,1,0,8,1,5,50,4,1,1,5,4,5,7,1,1,10,5,5,2,18,23,2,9,1,1,C03,7,5,1,10,2,11,  ,23,23,1,21,8,C03,24.087691,120.643234,2
2018,11,19,7,1,臺中市,清水區,0,2,0,8,1,5,70,3,1,1,5,4,5,7,1,1,1,2,4,1,16,25,2,9,1,1,B03,7,5,1,8,2,5,  ,25,25,1,6,8,B03,24.282483,120.582299,2
2018,11,19,7,4,臺中市,西屯區,0,1,0,8,1,5,50,4,1,1,5,4,5,7,1,1,10,5,5,2,16,8,3,10,1,1,C03,7,5,1,10,2,13,  ,8,8,1,5,8,C03,24.183143,120.616509,2
2018,11,19,7,6,臺中市,太平區,0,1,0,8,1,5,50,14,9,1,5,4,5,7,4,4,5,5,5,1,3,51,2,9,4,5,H01,8,16,8,20,10,16,  ,51,51,1,20,8,H01,24.13124,120.71952,2
2018,11,19,7,10,臺中市,北屯區,0,0,0,8,,,50,,,,,,,,,,,,,,,9,  ,  ,  ,  ,B03,  ,  ,1,  ,2,  ,  ,9,9,1,5,  ,B03,24.1672,120.71728,3
2018,11,19,7,12,臺中市,大里區,0,2,0,8,1,5,50,14,12,1,5,4,5,7,4,4,1,4,4,2,13,16,2,9,1,1,C03,7,9,1,10,2,11,  ,16,16,1,21,9,C03,24.108602,120.662345,2
2018,11,19,7,13,臺中市,太平區,0,0,,8,,,50,,,,,,,,,,,,,,,,,,,,B03,,,1,,2,,,23,,1,  ,,B03,24.158888,120.715833,3
2018,11,19,7,20,臺中市,西屯區,0,0,,8,,,50,,,,,,,,,,,,,,,,,,,,C03,,,1,,2,,,23,,1,22,,C03,24.195819,120.658051,3
2018,11,19,7,25,臺中市,梧棲區,0,2,0,8,1,5,50,5,1,1,5,4,5,7,2,1,10,5,5,2,17,25,2,9,1,1,C03,7,9,1,10,2,11,  ,25,25,1,9,1,C03,24.222185,120.528521,2
2018,11,19,7,26,臺中市,南區,0,1,0,8,1,5,40,14,9,1,5,4,5,7,4,4,5,5,5,2,3,51,2,9,4,5,H01,8,16,8,20,11,16,  ,51,51,1,16,2,H01,24.116016,120.660544,2
2018,11,19,7,27,臺中市,烏日區,0,1,0,8,1,5,40,3,9,1,5,4,3,7,4,4,10,5,5,2,16,9,3,10,1,1,B03,7,6,1,8,2,8,  ,9,9,1,22,8,B03,24.109232,120.626769,2
2018,11,19,7,30,臺中市,北區,0,1,0,8,1,5,50,4,1,1,5,4,5,7,2,1,10,5,5,2,16,6,3,10,1,1,B03,7,6,1,8,2,2,  ,6,6,1,22,8,B03,24.1651,120.6768,2
2018,11,19,7,30,臺中市,西屯區,0,0,,8,,,40,,,,,,,,,,,,,,,,,,,,B03,,,1,,2,,,12,,1,22,,B03,24.162516,120.655907,3
2018,11,19,7,30,臺中市,沙鹿區,0,1,0,8,1,5,50,14,7,1,5,4,5,7,1,1,1,4,4,2,17,19,3,10,1,1,B03,7,1,1,8,2,8,  ,19,19,1,3,1,B03,24.215479,120.570893,2
2018,11,19,7,30,臺中市,潭子區,0,2,0,8,1,5,50,4,1,1,5,4,5,7,1,1,5,4,4,1,11,26,2,9,1,1,C03,7,5,1,10,2,11,  ,26,26,1,22,9,C03,24.210205,120.710164,2
2018,11,19,7,33,臺中市,中區,0,1,0,8,1,5,50,4,1,1,5,4,5,7,4,4,10,5,5,2,15,6,3,10,1,1,B03,7,9,1,8,2,8,  ,6,6,1,21,8,B03,24.142521,120.681345,2
2018,11,19,7,35,臺中市,大里區,0,1,0,8,1,5,50,4,2,1,5,4,5,7,2,1,1,4,4,1,13,42,3,10,1,1,C03,7,9,1,10,2,11,  ,42,42,1,11,5,C03,24.092649,120.68983,2
2018,11,19,7,36,臺中市,太平區,0,0,,8,,,50,,,,,,,,,,,,,,,,,,,,B03,,,1,,11,,,23,,1,  ,,B03,24.159444,120.711388,3
2018,11,19,7,37,臺中市,西屯區,0,0,,8,,,50,,,,,,,,,,,,,,,,,,,,C03,,,1,,2,,,23,,1,22,,C03,24.198429,120.653506,3
2018,11,19,7,37,臺中市,西屯區,0,1,0,8,1,5,50,14,7,1,5,4,5,7,4,4,4,3,4,2,16,10,2,9,1,1,C03,7,11,1,10,2,12,  ,10,10,1,21,8,C03,24.192185,120.607935,2
2018,11,19,7,37,臺中市,大里區,0,0,,8,,,40,,,,,,,,,,,,,,,,,,,,B03,,,1,,2,,,1,,1,21,,B03,24.100679,120.689737,3
2018,11,19,7,39,臺中市,北屯區,0,0,,8,,,40,,,,,,,,,,,,,,,,,,,,B03,,,1,,2,,,16,,1,4,,B03,24.1702,120.6978,3
2018,11,19,7,40,臺中市,南區,0,1,0,8,1,5,50,3,1,5,5,4,5,7,4,4,10,5,5,2,18,23,2,9,1,1,C03,7,9,1,10,2,12,  ,23,23,1,21,1,C03,24.128624,120.659604,2
2018,11,19,7,40,臺中市,北屯區,0,0,0,8,,,40,,,,,,,,,,,,,,,6,  ,  ,  ,  ,B02,  ,  ,1,  ,2,  ,  ,6,6,  ,21,  ,B02,24.181096,120.673878,3
2018,11,19,7,40,臺中市,大里區,0,0,,8,,,80,,,,,,,,,,,,,,,,,,,,B12,,,1,,2,,,16,,1,5,,B12,24.120841,120.700709,3
2018,11,19,7,40,臺中市,太平區,0,0,,8,,,40,,,,,,,,,,,,,,,,,,,,B03,,,1,,2,,,23,,1,4,,B03,24.157331,120.738373,3
2018,11,19,7,43,臺中市,烏日區,0,1,0,8,1,5,40,14,9,1,5,4,3,5,4,4,10,5,5,2,17,23,3,10,1,1,B12,7,14,1,8,2,1,  ,44,23,1,21,8,B12,24.10333,120.6373,2
2018,11,19,7,43,臺中市,大雅區,0,1,0,8,1,5,50,3,1,1,5,4,5,7,4,4,5,5,5,1,16,17,3,10,1,1,B03,7,4,1,8,2,2,  ,17,17,1,22,9,B03,24.228146,120.669368,2
2018,11,19,7,43,臺中市,大雅區,0,1,0,8,1,5,40,14,9,1,5,4,5,7,4,4,10,5,5,1,11,23,2,9,1,1,C03,7,9,1,10,2,11,  ,23,23,1,22,8,C03,24.217187,120.660295,2
2018,11,19,7,44,臺中市,太平區,0,1,0,8,1,5,40,14,12,1,5,4,5,7,4,4,5,5,4,1,13,16,2,9,1,1,C03,7,9,1,10,2,11,  ,16,16,1,5,8,C03,24.1525,120.7175,2
2018,11,19,7,45,臺中市,太平區,0,1,0,8,1,5,50,14,9,1,5,4,5,7,4,4,5,5,5,1,16,6,2,7,1,1,C03,7,9,1,10,2,11,  ,23,6,1,9,8,C03,24.110246,120.712575,2
2018,11,19,7,46,臺中市,西屯區,0,0,,8,,,50,,,,,,,,,,,,,,,,,,,,B03,,,1,,2,,,16,,1,  ,,B03,24.201297,120.661365,3