年,月,日,時,分,縣市,區,死,受傷,2-30,天候,光線,道路類別,速限,道路型態,事故位置,路面鋪裝,路面狀態,路面缺陷,障礙物,視距,號誌種類,號誌動作,分向設施,快車道或一般車道間,快慢車道間,路面邊線,事故類型及型態,主要肇因,受傷程度,主要傷處,保護裝備,行動電話,當事者區分_類別,車輛用途,當事者行動狀態,駕駛資格情形,駕駛執照種類,飲酒情形,車輛撞擊部位最初,車輛撞擊部位其他,肇事因素個別,肇事因素主要,肇事逃逸,職業,旅次目的,車種,GPS座標_緯度,GPS座標_經度,事故類別
2018,11,19,7,47,臺中市,潭子區,0,1,0,7,1,5,50,4,1,1,5,4,5,7,1,1,5,4,4,2,16,6,3,10,1,1,C03,7,5,1,10,2,11,  ,6,6,1,22,8,C03,24.210459,120.710382,2
2018,11,19,8,0,臺中市,北區,0,0,,8,,,40,,,,,,,,,,,,,,,,,,,,B03,,,1,,2,,,12,,1,  ,,B03,24.159092,120.699491,3
2018,11,19,8,0,臺中市,東區,0,0,,8,,,50,,,,,,,,,,,,,,,,,,,,B03,,,1,,2,,,43,,1,22,,B03,24.14061,120.71036,3
2018,11,19,8,0,臺中市,烏日區,0,0,0,8,1,6,40,3,2,1,5,4,5,7,4,4,10,5,5,1,14,12,3,10,1,1,A12,7,2,1,1,2,3,  ,12,12,1,10,1,A12,24.089646,120.644601,3
2018,11,19,8,3,臺中市,大甲區,0,0,,8,,,50,,,,,,,,,,,,,,,,,,,,C03,,,1,,2,,,6,,1,21,,C03,24.346524,120.618939,3
2018,11,19,8,5,臺中市,太平區,0,1,0,8,1,5,40,4,18,1,5,4,5,7,1,1,10,5,5,2,3,15,2,9,4,5,H01,8,16,8,20,2,16,  ,67,15,1,20,8,H01,24.101443,120.721301,2
2018,11,19,8,8,臺中市,北區,0,1,0,8,1,5,40,4,1,1,5,4,5,7,1,1,10,5,5,2,12,8,2,8,3,4,C04,7,5,3,18,2,14,  ,8,8,1,5,8,C04,24.149195,120.680891,2
2018,11,19,8,14,臺中市,太平區,0,0,,8,,,50,,,,,,,,,,,,,,,,,,,,B03,,,1,,11,,,6,,1,  ,,B03,24.149581,120.724559,3
2018,11,19,8,17,臺中市,西屯區,0,1,0,8,1,5,50,3,2,1,5,4,5,7,4,4,5,4,4,2,13,23,2,8,1,1,C03,7,9,1,10,2,11,  ,23,23,1,22,8,C03,24.175955,120.64405,2
2018,11,19,8,22,臺中市,烏日區,0,1,0,8,1,5,60,14,7,1,5,4,5,7,4,4,1,4,4,1,14,12,3,10,1,1,B12,7,2,1,8,2,7,  ,12,12,1,22,8,B12,24.104666,120.622564,2
2018,11,19,8,22,臺中市,清水區,0,1,0,7,1,5,50,5,1,1,5,4,1,7,3,1,9,4,4,2,15,6,3,10,1,1,B03,7,9,1,8,2,5,  ,6,6,1,21,8,B03,24.274858,120.559458,2
2018,11,19,8,23,臺中市,西屯區,0,1,0,8,1,5,50,14,9,1,5,4,5,7,4,4,1,4,5,2,12,26,2,9,1,1,C03,7,7,1,10,2,14,  ,26,26,1,22,8,C03,24.19706,120.657218,2
2018,11,19,8,24,臺中市,北區,0,1,0,8,1,5,50,4,1,1,5,4,5,7,1,1,5,2,4,2,16,25,2,9,1,1,C03,7,5,1,10,2,12,  ,25,25,1,5,8,C03,24.147196,120.680884,2
2018,11,19,8,24,臺中市,烏日區,0,0,,8,,,40,,,,,,,,,,,,,,,,,,,,A12,,,1,,2,,,17,,1,22,,A12,24.096966,120.655258,3
2018,11,19,8,27,臺中市,梧棲區,0,1,0,8,1,5,50,4,1,1,5,4,5,7,1,1,10,5,5,2,17,43,2,3,1,1,C03,7,5,1,10,2,11,  ,43,43,1,20,5,C03,24.252288,120.539501,2
2018,11,19,8,30,臺中市,西屯區,0,2,0,8,1,5,50,14,7,1,5,4,5,7,4,4,5,4,4,2,16,19,2,7,1,1,C03,7,1,1,10,2,11,  ,19,19,1,22,8,C03,24.176366,120.650347,2
2018,11,19,8,33,臺中市,梧棲區,0,0,,6,,,50,,,,,,,,,,,,,,,,,,,,B03,,,1,,2,,,23,,1,4,,B03,24.224648,120.525601,3
2018,11,19,8,35,臺中市,烏日區,0,0,,8,,,50,,,,,,,,,,,,,,,,,,,,B03,,,1,,2,,,6,,1,22,,B03,24.107886,120.622319,3
2018,11,19,8,40,臺中市,北區,0,1,0,8,1,5,50,4,2,1,5,4,5,7,2,1,1,2,4,2,12,23,3,10,1,1,B03,7,9,1,8,2,2,  ,23,23,1,22,8,B03,24.1631,120.6743,2
2018,11,19,8,41,臺中市,南屯區,0,1,0,8,1,5,50,4,1,1,5,4,5,7,2,1,10,5,5,2,16,6,3,10,1,1,B03,7,5,1,8,2,6,  ,6,6,1,21,8,B03,24.140588,120.626072,2
2018,11,19,8,42,臺中市,南區,0,1,0,8,1,5,50,4,1,1,5,4,5,7,1,1,10,5,5,2,16,43,3,10,1,1,B12,7,6,1,8,11,2,  ,43,43,2,22,9,B12,24.131491,120.676786,2
2018,11,19,8,50,臺中市,東區,0,0,0,8,,,50,,,,,,,,,,,,,,,16,  ,  ,  ,  ,B03,  ,  ,1,  ,2,  ,  ,16,16,1,5,  ,B03,24.14046,120.704423,3
2018,11,19,8,55,臺中市,烏日區,0,0,,8,,,50,,,,,,,,,,,,,,,,,,,,B02,,,1,,2,,,9,,1,21,,B02,24.093413,120.641913,3
2018,11,19,8,56,臺中市,西屯區,0,0,0,8,,,40,,,,,,,,,,,,,,,43,  ,  ,  ,  ,B03,  ,  ,1,  ,2,  ,  ,43,43,1,  ,  ,B03,24.196011,120.648466,3
2018,11,19,8,57,臺中市,北屯區,0,0,0,8,1,5,50,14,9,1,5,4,5,7,1,1,1,3,5,2,13,23,3,10,1,1,A12,7,9,1,3,2,1,  ,23,23,1,21,8,A12,24.183551,120.721738,3
2018,11,19,8,57,臺中市,龍井區,0,0,,8,,,50,,,,,,,,,,,,,,,,,,,,B12,,,1,,2,,,40,,1,22,,B12,24.181647,120.592614,3
2018,11,19,8,58,臺中市,沙鹿區,0,2,0,6,1,5,50,4,1,1,4,4,4,6,4,4,10,5,5,2,15,6,3,10,1,1,C03,7,9,1,10,2,12,  ,6,6,1,3,8,C03,24.236743,120.558467,2
2018,11,19,9,0,臺中市,南屯區,0,0,0,8,,,40,,,,,,,,,,,,,,,,3,  ,  ,  ,A31,  ,  ,1,  ,2,  ,  ,23,  ,1,22,  ,A31,24.144808,120.623488,3
2018,11,19,9,0,臺中市,清水區,0,1,0,8,1,5,60,4,1,1,5,4,5,7,1,1,1,4,5,1,16,9,3,10,1,1,B03,7,6,1,8,2,2,  ,9,9,1,21,8,B03,24.293571,120.552151,2
2018,11,19,9,8,臺中市,南屯區,0,0,,8,,,50,,,,,,,,,,,,,,,,,,,,B03,,,1,,2,,,17,,1,5,,B03,24.144925,120.627438,3
2018,11,19,9,11,臺中市,北屯區,0,2,0,8,1,5,50,4,1,1,5,4,5,7,3,1,10,5,5,2,15,6,2,9,1,1,C03,7,9,1,10,2,14,  ,6,6,1,21,8,C03,24.16952,120.708471,2
2018,11,19,9,15,臺中市,北屯區,0,0,,8,,,50,,,,,,,,,,,,,,,,,,,,B03,,,1,,2,,,23,,1,21,,B03,24.201001,120.669932,3
2018,11,19,9,25,臺中市,霧峰區,0,2,0,8,1,5,50,3,1,1,5,4,5,7,4,4,10,5,5,2,13,16,2,8,1,1,C03,7,9,1,10,2,11,  ,16,16,1,18,8,C03,24.074813,120.714794,2
2018,11,19,9,26,臺中市,北區,0,1,0,8,1,5,50,3,1,1,5,4,5,7,4,4,10,5,5,2,17,6,2,9,1,1,C03,7,9,1,10,2,11,  ,6,6,1,22,9,C03,24.149676,120.673497,2
2018,11,19,9,28,臺中市,西屯區,0,0,,8,,,60,,,,,,,,,,,,,,,,,,,,B03,,,1,,2,,,23,,1,  ,,B03,24.170025,120.632242,3
2018,11,19,9,30,臺中市,沙鹿區,0,0,,8,,,50,,,,,,,,,,,,,,,,,,,,B03,,,1,,2,,,6,,  ,9,,B03,24.226437,120.567929,3
2018,11,19,9,34,臺中市,西屯區,0,1,0,8,4,5,40,14,9,1,5,4,5,7,4,4,10,5,5,2,11,19,2,8,1,1,C03,7,1,1,10,2,11,  ,19,19,1,22,8,C03,24.173501,120.652643,2
2018,11,19,9,39,臺中市,北區,0,1,0,8,1,5,40,4,1,1,5,4,5,7,4,4,5,4,5,2,16,6,3,10,1,1,B12,7,6,1,7,2,2,  ,6,6,1,5,1,B12,24.163947,120.682391,2
2018,11,19,9,42,臺中市,大雅區,0,1,0,8,1,5,40,14,13,1,5,4,5,7,4,4,5,5,5,1,16,19,3,10,1,1,B01,7,1,1,3,2,4,  ,19,19,1,22,8,B01,24.224094,120.647573,2
2018,11,19,9,44,臺中市,烏日區,0,0,,8,,,50,,,,,,,,,,,,,,,,,,,,B03,,,1,,2,,,18,,1,22,,B03,24.106018,120.626487,3
2018,11,19,9,48,臺中市,西屯區,0,0,,8,,,50,,,,,,,,,,,,,,,,,,,,B12,,,1,,2,,,43,,1,10,,B12,24.16809,120.654336,3
2018,11,19,9,49,臺中市,西區,0,1,0,8,1,5,50,4,1,1,5,4,5,7,1,1,10,5,5,2,16,6,3,10,1,1,B03,7,5,1,8,2,8,  ,6,6,1,5,8,B03,24.150851,120.661674,2
2018,11,19,9,53,臺中市,西區,0,0,,8,,,50,,,,,,,,,,,,,,,,,,,,B03,,,1,,2,,,42,,1,5,,B03,24.131697,120.672756,3
2018,11,19,10,1,臺中市,龍井區,0,0,,8,,,40,,,,,,,,,,,,,,,,,,,,B03,,,1,,2,,,6,,1,  ,,B03,24.193658,120.526348,3
2018,11,19,10,2,臺中市,清水區,0,0,,8,,,50,,,,,,,,,,,,,,,,,,,,B03,,,1,,2,,,23,,1,  ,,B03,24.275008,120.558923,3
2018,11,19,10,7,臺中市,大雅區,0,1,0,8,1,5,50,4,1,1,5,4,5,7,1,1,5,5,5,1,16,25,3,10,1,1,C03,7,9,1,10,2,11,  ,25,25,1,22,9,C03,24.231201,120.652636,2
2018,11,19,10,10,臺中市,石岡區,0,1,0,8,1,5,70,14,8,1,5,4,5,7,4,4,1,4,4,1,13,23,3,10,1,1,B03,7,9,1,8,2,1,  ,23,23,1,21,8,B03,24.245043,120.829853,2
2018,11,19,10,13,臺中市,和平區,0,0,0,7,1,6,25,12,9,1,5,4,5,7,4,4,10,5,5,1,12,1,  ,  ,  ,  ,B12,  ,  ,1,  ,2,  ,  ,8,1,1,  ,  ,B12,24.240521,121.246385,4
2018,11,19,10,23,臺中市,北區,0,1,0,8,1,5,50,4,1,1,5,4,5,7,2,1,10,5,5,2,17,6,3,10,1,1,B02,7,6,1,8,2,15,  ,6,6,1,22,8,B02,24.1653,120.6852,2
2018,11,19,10,38,臺中市,大里區,0,2,0,8,1,5,50,4,1,1,5,4,5,7,2,1,10,5,5,2,15,25,2,9,1,1,C03,7,9,1,10,2,11,  ,25,25,1,4,5,C03,24.107916,120.689936,2
2018,11,19,10,40,臺中市,中區,0,1,0,8,1,5,50,5,1,1,5,4,5,7,1,1,10,5,5,2,16,26,3,10,1,1,B12,7,5,1,8,2,4,  ,26,26,1,5,8,B12,24.143958,120.679335,2
2018,11,19,10,40,臺中市,南區,0,0,0,8,,,40,,,,,,,,,,,,,,,23,3,  ,  ,  ,B12,  ,  ,1,8,2,  ,  ,23,23,  ,21,  ,B12,24.127414,120.663648,3
2018,11,19,10,40,臺中市,西屯區,0,0,,8,,,50,,,,,,,,,,,,,,,,,,,,B03,,,1,,11,,,23,,2,22,,B03,24.164856,120.636203,3
2018,11,19,10,42,臺中市,北區,0,0,,8,,,50,,,,,,,,,,,,,,,,,,,,B12,,,1,,2,,,42,,1,  ,,B12,24.160233,120.669689,3
2018,11,19,10,49,臺中市,北屯區,0,1,0,8,1,5,50,4,1,1,5,4,5,7,4,4,10,5,5,2,17,23,3,10,1,1,B03,7,6,1,8,2,5,  ,23,23,1,2,8,B03,24.1718,120.6876,2
2018,11,19,10,55,臺中市,沙鹿區,0,0,,8,,,50,,,,,,,,,,,,,,,,,,,,A12,,,1,,2,,,60,,1,10,,A12,24.203689,120.567008,3
2018,11,19,11,0,臺中市,北屯區,0,1,0,8,1,5,50,4,1,1,5,4,5,7,4,4,10,5,5,2,18,42,2,9,1,1,C03,7,1,1,10,2,12,  ,42,42,1,21,8,C03,24.177706,120.682398,2
2018,11,19,11,5,臺中市,北屯區,0,0,0,8,1,5,50,14,9,1,5,4,5,7,4,4,4,3,5,2,13,23,3,10,1,1,B03,7,9,1,8,2,1,  ,23,23,1,21,8,B03,24.165056,120.693241,3
2018,11,19,11,7,臺中市,沙鹿區,0,0,,8,,,40,,,,,,,,,,,,,,,,,,,,C03,,,1,,2,,,23,,1,  ,,C03,24.223094,120.560245,3
2018,11,19,11,10,臺中市,西屯區,0,1,0,8,1,5,50,14,7,1,5,4,5,7,4,4,9,4,4,2,16,42,2,9,1,1,C04,7,7,1,10,2,12,  ,7,42,1,22,8,C04,24.171766,120.664636,2
2018,11,19,11,14,臺中市,南區,0,1,0,8,1,5,50,4,1,1,5,4,1,7,4,4,10,5,5,2,18,23,2,9,1,1,C03,7,9,1,10,2,12,  ,23,23,1,22,9,C03,24.121663,120.681075,2
2018,11,19,11,15,臺中市,大甲區,0,0,,8,,,50,,,,,,,,,,,,,,,,,,,,B03,,,1,,2,,,6,,1,5,,B03,24.351285,120.62158,3
2018,11,19,11,21,臺中市,西屯區,0,0,,8,,,40,,,,,,,,,,,,,,,,,,,,B03,,,1,,2,,,23,,1,22,,B03,24.20071,120.654786,3
2018,11,19,11,26,臺中市,清水區,0,0,,8,,,40,,,,,,,,,,,,,,,,,,,,B03,,,1,,2,,,12,,1,21,,B03,24.264596,120.573511,3
2018,11,19,11,34,臺中市,大肚區,0,1,0,8,1,5,70,3,1,1,5,4,5,7,1,1,10,5,5,2,12,26,3,10,1,1,B12,7,9,1,8,2,2,  ,26,26,1,6,8,B12,24.163055,120.543665,2
2018,11,19,11,44,臺中市,西屯區,0,0,0,8,,,50,,,,,,,,,,,,,,,43,  ,  ,  ,  ,   ,  ,  ,1,  ,2,  ,  ,43,43,  ,  ,  ,   ,24.196345,120.64877,3
2018,11,19,11,45,臺中市,大雅區,0,0,,8,,,40,,,,,,,,,,,,,,,,,,,,B03,,,1,,2,,,6,,1,  ,,B03,24.209463,120.626792,3
2018,11,19,12,0,臺中市,太平區,0,1,0,8,1,5,50,14,9,1,5,4,5,7,4,4,5,4,5,1,16,16,2,9,1,1,C03,7,9,1,10,2,11,  ,16,16,1,21,8,C03,24.134878,120.73194,2
2018,11,19,12,5,臺中市,大里區,0,1,0,8,1,5,40,4,1,1,5,4,5,7,4,4,10,5,5,2,15,6,2,9,1,1,C03,7,9,1,10,2,11,  ,6,6,1,21,8,C03,24.09819,120.686833,2
2018,11,19,12,10,臺中市,清水區,0,0,,8,,,50,,,,,,,,,,,,,,,,,,,,C03,,,1,,2,,,6,,1,  ,,C03,24.26601,120.546443,3
2018,11,19,12,13,臺中市,梧棲區,0,0,,8,,,50,,,,,,,,,,,,,,,,,,,,B02,,,1,,2,,,17,,1,20,,B02,24.259522,120.534362,3
2018,11,19,12,15,臺中市,北區,0,0,,8,,,50,,,,,,,,,,,,,,,,,,,,B03,,,1,,2,,,23,,1,22,,B03,24.1505,120.6775,3
2018,11,19,12,20,臺中市,西屯區,0,0,,8,,,50,,,,,,,,,,,,,,,,,,,,B03,,,1,,2,,,2,,1,  ,,B03,24.182322,120.638844,3
2018,11,19,12,33,臺中市,西屯區,0,2,0,8,1,5,40,3,1,1,5,4,5,7,1,1,10,5,5,2,13,26,3,10,1,1,B03,7,8,1,8,2,1,  ,26,26,1,5,8,B03,24.165644,120.636828,2
2018,11,19,12,53,臺中市,西屯區,0,1,0,8,1,5,50,4,1,1,5,4,5,7,1,1,10,5,5,2,11,25,2,9,1,1,C03,7,9,1,10,2,14,  ,25,25,1,22,8,C03,24.171038,120.651223,2
2018,11,19,12,55,臺中市,北區,0,0,,8,1,5,40,,,,,,,,,,,,,,,,,,,,B03,,,1,,2,,,12,,1,5,,B03,24.160029,120.679952,3
2018,11,19,13,0,臺中市,烏日區,0,0,,8,,,40,,,,,,,,,,,,,,,,,,,,B03,,,1,,2,,,7,,1,21,,B03,24.086886,120.647651,3
2018,11,19,13,18,臺中市,烏日區,0,0,,8,,,80,,,,,,,,,,,,,,,,,,,,B03,,,1,,2,,,7,,1,21,,B03,24.101823,120.612315,3
2018,11,19,13,19,臺中市,北區,0,0,,8,,,50,,,,,,,,,,,,,,,,,,,,B03,,,1,,2,,,4,,1,5,,B03,24.147146,120.674135,3
2018,11,19,13,19,臺中市,霧峰區,0,0,,8,,,40,,,,,,,,,,,,,,,,,,,,B03,,,1,,2,,,12,,1,21,,B03,24.072031,120.662277,3
2018,11,19,13,20,臺中市,西屯區,0,1,0,8,1,5,50,3,1,1,5,4,5,7,4,4,4,3,4,2,16,19,2,9,1,1,C03,7,1,1,10,2,11,  ,19,19,1,21,8,C03,24.159028,120.658191,2
2018,11,19,13,21,臺中市,西屯區,0,0,,8,,,40,,,,,,,,,,,,,,,,,,,,B03,,,1,,2,,,12,,1,  ,,B03,24.158668,120.640017,3
2018,11,19,13,50,臺中市,北屯區,0,1,0,8,1,5,50,4,2,1,5,4,5,7,4,4,10,5,5,2,17,22,2,1,3,4,B03,7,9,1,8,2,5,  ,22,22,1,21,8,B03,24.168977,120.70288,2
2018,11,19,14,0,臺中市,太平區,0,0,,8,,,50,,,,,,,,,,,,,,,,,,,,A12,,,1,,2,,,49,,1,10,,A12,24.119546,120.715433,3
2018,11,19,14,3,臺中市,西屯區,0,0,,8,,,40,,,,,,,,,,,,,,,,,,,,   ,,,7,,11,,,43,,  ,  ,,   ,24.192639,120.606713,3
2018,11,19,14,16,臺中市,霧峰區,0,0,,8,,,50,,,,,,,,,,,,,,,,,,,,B03,,,3,,2,,,26,,1,21,,B03,24.070712,120.703115,3
2018,11,19,14,19,臺中市,東區,0,1,0,8,1,5,50,14,7,1,5,4,5,7,4,4,5,5,4,2,18,43,2,9,1,1,C03,7,9,1,10,2,14,  ,43,43,1,21,8,C03,24.136191,120.70107,2
2018,11,19,14,19,臺中市,北屯區,0,1,0,8,1,5,50,14,9,1,5,4,5,7,4,4,1,4,5,2,17,23,3,10,3,4,B12,7,9,1,8,2,1,  ,23,23,1,21,8,B12,24.171246,120.709598,2
2018,11,19,14,20,臺中市,西屯區,0,0,,,,,,,,,,,,,,,,,,,,,,,,,,,,,,,,,,,,,,,,,3
2018,11,19,14,26,臺中市,大里區,0,0,,8,,,50,,,,,,,,,,,,,,,,,,,,B03,,,1,,2,,,12,,1,5,,B03,24.106249,120.700938,3
2018,11,19,14,30,臺中市,北屯區,0,1,0,8,1,5,50,14,9,1,5,4,5,7,4,4,5,4,5,2,12,19,3,10,1,1,C03,7,1,1,10,2,11,  ,19,19,1,20,8,C03,24.177688,120.682623,2
2018,11,19,14,30,臺中市,西屯區,0,1,0,8,1,5,40,15,8,1,5,4,5,7,4,4,10,5,5,2,10,26,3,10,1,1,B03,7,15,1,8,2,1,  ,26,26,1,22,8,B03,24.175986,120.626316,2
2018,11,19,14,32,臺中市,西屯區,0,1,0,8,1,5,40,4,1,1,5,4,5,7,4,4,10,5,5,2,16,6,2,2,1,1,B03,7,6,1,8,2,8,  ,6,6,1,22,8,B03,24.164765,120.636256,2
2018,11,19,14,39,臺中市,潭子區,0,0,,8,,,50,,,,,,,,,,,,,,,,,,,,B03,,,1,,2,,,6,,1,22,,B03,24.210506,120.710388,3
2018,11,19,14,44,臺中市,新社區,0,1,0,8,1,5,50,3,1,1,5,4,5,7,3,1,10,5,5,2,12,1,2,9,1,1,C03,7,4,6,10,7,11,  ,1,1,1,21,8,C03,24.238674,120.806459,2
2018,11,19,14,47,臺中市,大里區,0,0,,8,,,40,,,,,,,,,,,,,,,,,,,,B12,,,1,,9,,,23,,1,21,,B12,24.113853,120.687513,3
2018,11,19,14,50,臺中市,豐原區,0,0,,8,,,50,,,,,,,,,,,,,,,,,,,,B03,,,1,,2,,,7,,1,12,,B03,24.270245,120.72137,3
2018,11,19,14,58,臺中市,西屯區,0,0,0,8,,,50,,,,,,,,,,,,,,,23,  ,  ,  ,  ,B03,  ,  ,1,  ,2,  ,  ,23,23,1,  ,  ,B03,24.164583,120.654581,3
2018,11,19,14,59,臺中市,沙鹿區,0,0,,8,,,50,,,,,,,,,,,,,,,,,,,,B03,,,1,,2,,,19,,1,  ,,B03,24.242353,120.614926,3
2018,11,19,15,0,臺中市,西屯區,0,0,0,8,,,50,,,,,,,,,,,,,,,6,  ,  ,  ,  ,B03,  ,  ,1,  ,2,  ,  ,6,6,1,  ,  ,B03,24.164866,120.65092,3
2018,11,19,15,4,臺中市,中區,0,0,0,8,,,50,,,,,,,,,,,,,,,19,3,  ,  ,  ,B03,  ,  ,1,  ,2,  ,  ,19,19,  ,5,  ,B03,24.139736,120.679395,3
2018,11,19,15,4,臺中市,南屯區,0,0,,8,,,50,,,,,,,,,,,,,,,,,,,,B03,,,1,,2,,,16,,1,5,,B03,24.140413,120.649214,4
2018,11,19,15,4,臺中市,潭子區,0,0,0,8,1,5,30,4,2,1,5,4,5,7,1,1,5,5,5,1,13,23,  ,  ,  ,  ,B12,  ,  ,1,  ,2,  ,  ,23,23,1,22,  ,B12,24.204691,120.715448,3
2018,11,19,15,10,臺中市,南屯區,0,1,0,8,1,5,50,14,22,1,5,4,5,7,4,4,10,5,5,2,16,6,3,10,1,1,B03,7,5,1,8,2,8,  ,6,6,1,22,9,B03,24.13484,120.640622,2
2018,11,19,15,12,臺中市,太平區,0,0,,8,,,40,,,,,,,,,,,,,,,,,,,,B12,,,1,,2,,,12,,1,9,,B12,24.132785,120.713393,3
2018,11,19,15,15,臺中市,北屯區,0,1,0,8,1,5,50,4,1,1,5,4,5,7,1,1,10,5,5,2,16,6,3,10,1,1,B03,7,5,1,8,2,1,  ,6,6,1,21,5,B03,24.185703,120.677076,2
2018,11,19,15,28,臺中市,清水區,0,0,,8,,,70,,,,,,,,,,,,,,,,,,,,B12,,,1,,2,,,26,,1,21,,B12,24.29453,120.555123,3
2018,11,19,15,30,臺中市,北屯區,0,1,0,8,1,5,50,3,1,1,5,4,5,7,1,1,10,5,5,2,12,23,2,9,3,4,B03,7,9,6,8,2,8,  ,23,23,1,21,8,B03,24.170276,120.698733,2
2018,11,19,15,31,臺中市,南屯區,0,0,,8,,,50,,,,,,,,,,,,,,,,,,,,A31,,,1,,2,,,19,,1,10,,A31,24.149953,120.622698,3
2018,11,19,15,50,臺中市,西屯區,0,2,0,8,1,5,40,14,8,1,5,4,5,7,4,4,10,5,5,2,16,16,2,9,3,4,C03,7,9,1,10,2,12,  ,16,16,1,22,9,C03,24.126874,120.649679,2
2018,11,19,16,3,臺中市,大雅區,0,0,,8,,,40,,,,,,,,,,,,,,,,,,,,B12,,,1,,2,,,6,,1,22,,B12,24.21107,120.65301,3
2018,11,19,16,7,臺中市,潭子區,0,1,0,7,1,5,50,3,1,1,5,4,5,7,2,1,2,4,4,2,12,17,2,9,1,1,C03,7,5,1,10,2,13,  ,17,17,1,22,8,C03,24.200514,120.709492,2
2018,11,19,16,10,臺中市,東區,0,1,0,8,1,5,50,4,1,1,5,4,5,7,1,1,10,5,5,2,16,8,2,9,1,1,C03,7,5,1,10,2,13,  ,8,8,1,5,8,C03,24.142915,120.689308,2
2018,11,19,16,11,臺中市,南區,0,1,0,8,1,5,50,3,1,1,5,4,5,7,4,4,10,5,5,2,11,8,3,10,1,1,B03,7,5,1,8,2,5,  ,8,8,1,22,8,B03,24.11123,120.650288,2
2018,11,19,16,15,臺中市,潭子區,0,1,0,8,1,5,50,5,1,1,5,4,5,7,1,1,4,1,4,1,15,25,3,10,1,1,C03,7,9,1,10,2,11,  ,25,25,1,21,8,C03,24.191211,120.718027,2
2018,11,19,16,18,臺中市,西屯區,0,0,,8,,,50,,,,,,,,,,,,,,,,,,,,B03,,,1,,2,,,23,,1,  ,,B03,24.201384,120.654561,3
2018,11,19,16,20,臺中市,北屯區,0,0,0,8,,,50,,,,,,,,,,,,,,,23,  ,  ,  ,  ,B03,  ,  ,3,  ,2,  ,  ,23,23,1,21,  ,B03,24.1801,120.6671,3
2018,11,19,16,20,臺中市,大里區,0,1,0,8,1,5,50,4,18,1,5,4,5,7,1,1,10,5,5,2,3,6,3,10,1,1,B12,7,5,1,8,2,8,  ,6,6,1,12,8,B12,24.090045,120.690614,2
2018,11,19,16,20,臺中市,潭子區,0,1,0,8,1,5,80,14,7,1,5,4,5,7,4,4,1,3,5,1,18,26,2,1,1,1,C03,7,9,1,10,2,11,  ,26,26,1,22,9,C03,24.200661,120.709407,2
2018,11,19,16,21,臺中市,北屯區,0,1,0,8,1,5,50,4,1,1,5,4,5,7,1,1,10,5,5,2,15,25,3,10,1,1,B03,7,9,1,8,2,1,  ,25,25,1,21,5,B03,24.185543,120.677031,2
2018,11,19,16,23,臺中市,西屯區,0,2,0,8,1,5,50,14,7,1,5,4,5,7,4,4,1,4,1,2,13,16,2,7,3,4,B12,7,9,1,8,2,1,  ,16,16,1,22,9,B12,24.204613,120.652701,2
2018,11,19,16,29,臺中市,北區,0,1,0,8,1,5,50,4,1,1,5,4,5,7,1,1,10,5,5,2,18,23,2,9,1,1,C03,7,9,4,8,8,15,  ,23,23,1,22,5,C03,24.171165,120.676711,2
2018,11,19,16,37,臺中市,東區,0,1,0,8,2,5,50,3,1,1,5,4,5,7,4,4,10,5,5,2,17,26,2,9,1,1,C03,7,4,1,10,2,11,  ,26,26,1,21,8,C03,24.140248,120.692416,2
2018,11,19,16,37,臺中市,西屯區,0,0,,8,,,50,,,,,,,,,,,,,,,,,,,,A05,,,1,,2,,,23,,1,10,,A05,24.193459,120.604813,3
2018,11,19,16,39,臺中市,南屯區,0,0,,8,,,50,,,,,,,,,,,,,,,,,,,,B03,,,1,,2,,,23,,1,22,,B03,24.141725,120.646863,3
2018,11,19,16,40,臺中市,大肚區,0,1,0,8,1,5,40,4,1,1,5,4,5,7,4,4,10,5,5,2,15,6,3,10,1,1,B03,7,9,1,8,2,2,  ,6,6,1,21,8,B03,24.174328,120.577931,2
2018,11,19,16,43,臺中市,大里區,0,0,,8,,,50,,,,,,,,,,,,,,,,,,,,B01,,,1,,2,,,23,,1,10,,B01,24.109734,120.681915,3
2018,11,19,16,59,臺中市,西屯區,0,1,0,8,1,5,50,14,9,1,5,4,5,7,4,4,10,5,5,2,17,7,3,10,1,1,B03,7,7,1,8,2,2,  ,7,7,1,21,8,B03,24.170868,120.630783,2
2018,11,19,17,0,臺中市,西屯區,0,0,0,8,1,5,50,3,1,1,5,4,5,7,1,1,10,5,5,2,16,42,3,10,3,4,B11,7,9,1,8,2,5,  ,42,42,1,22,9,B11,24.157305,120.646722,3
2018,11,19,17,2,臺中市,烏日區,0,1,0,8,1,5,60,14,9,1,5,4,5,7,1,1,1,4,5,1,13,16,2,9,1,1,C03,7,9,1,10,2,11,  ,16,16,1,22,8,C03,24.106299,120.634185,2
2018,11,19,17,2,臺中市,梧棲區,0,0,,8,,,50,,,,,,,,,,,,,,,,,,,,B03,,,1,,2,,,12,,  ,  ,,B03,24.257449,120.535492,4