年,月,日,時,分,縣市,區,死,受傷,2-30,天候,光線,道路類別,速限,道路型態,事故位置,路面鋪裝,路面狀態,路面缺陷,障礙物,視距,號誌種類,號誌動作,分向設施,快車道或一般車道間,快慢車道間,路面邊線,事故類型及型態,主要肇因,受傷程度,主要傷處,保護裝備,行動電話,當事者區分_類別,車輛用途,當事者行動狀態,駕駛資格情形,駕駛執照種類,飲酒情形,車輛撞擊部位最初,車輛撞擊部位其他,肇事因素個別,肇事因素主要,肇事逃逸,職業,旅次目的,車種,GPS座標_緯度,GPS座標_經度,事故類別
2018,11,19,17,3,臺中市,西屯區,0,0,0,8,3,5,40,,,,,,,,,,,,,,,12,  ,  ,  ,  ,B03,  ,  ,1,  ,1,6,  ,12,12,1,21,  ,B03,24.20177,120.62696,3
2018,11,19,17,5,臺中市,北屯區,0,0,,8,,,50,,,,,,,,,,,,,,,,,,,,C04,,,1,,2,,,12,,1,5,,C04,24.173393,120.689036,3
2018,11,19,17,9,臺中市,太平區,0,0,,8,,,50,,,,,,,,,,,,,,,,,,,,C03,,,1,,2,,,43,,1,  ,,C03,24.142103,120.717819,3
2018,11,19,17,11,臺中市,南區,0,1,0,8,2,5,50,14,9,1,5,4,5,5,4,4,7,5,5,2,16,19,2,8,4,5,F01,7,1,8,20,2,16,  ,19,19,1,16,2,F01,24.11634,120.660521,2
2018,11,19,17,13,臺中市,北區,0,1,0,8,2,5,50,14,7,1,5,4,5,7,4,4,9,4,4,2,17,23,3,10,1,1,C03,7,9,3,18,2,11,  ,23,23,1,22,8,C03,24.152597,120.677227,2
2018,11,19,17,13,臺中市,北區,0,0,0,8,,,50,,,,,,,,,,,,,,,16,3,  ,  ,  ,B03,  ,  ,1,8,2,1,  ,16,16,  ,21,  ,B03,24.169274,120.672545,3
2018,11,19,17,15,臺中市,大甲區,0,1,0,8,3,5,50,4,1,1,5,4,5,7,2,1,10,5,5,2,17,6,3,10,1,1,B03,7,6,1,8,2,6,  ,6,6,1,21,8,B03,24.35118,120.614861,2
2018,11,19,17,20,臺中市,后里區,0,2,0,8,3,5,40,14,7,1,5,4,5,7,4,4,5,5,4,2,16,8,2,9,1,1,C03,7,5,1,10,2,14,  ,8,8,1,22,8,C03,24.309591,120.716928,2
2018,11,19,17,20,臺中市,大安區,0,2,0,8,3,5,50,4,1,1,5,4,5,7,3,1,10,5,5,2,15,6,2,9,1,1,C03,7,9,4,11,2,11,  ,6,6,1,4,8,C03,24.386695,120.598963,2
2018,11,19,17,22,臺中市,西屯區,0,0,0,8,,,50,,,,,,,,,,,,,,,10,  ,  ,  ,  ,B03,  ,  ,1,  ,2,  ,  ,10,10,1,22,  ,B03,24.186706,120.610073,3
2018,11,19,17,31,臺中市,西區,0,0,0,8,3,5,50,14,9,1,5,4,5,7,4,4,1,5,5,2,13,,3,  ,  ,  ,B03,  ,  ,1,  ,2,  ,  ,16,  ,1,21,  ,B03,24.140999,120.666526,3
2018,11,19,17,32,臺中市,大雅區,0,0,,8,,,40,,,,,,,,,,,,,,,,,,,,B03,,,1,,2,,,6,,1,22,,B03,24.20587,120.66896,3
2018,11,19,17,38,臺中市,南屯區,0,1,0,8,1,5,50,3,1,1,5,4,5,7,4,4,10,5,5,2,16,43,3,10,3,4,B03,7,6,1,8,9,1,  ,43,43,1,22,9,B03,24.140957,120.64654,2
2018,11,19,17,42,臺中市,東勢區,0,1,0,8,3,5,50,11,9,1,5,4,5,7,4,4,4,3,5,1,18,43,2,9,1,1,C03,7,6,1,10,2,12,  ,43,43,1,22,9,C03,24.246971,120.840338,2
2018,11,19,17,43,臺中市,南區,0,1,0,8,3,5,50,14,7,1,5,4,5,7,4,4,1,4,4,2,18,42,2,9,1,1,C03,7,9,1,10,2,12,  ,42,42,1,22,8,C03,24.11556,120.655028,2
2018,11,19,17,45,臺中市,東區,0,0,0,8,,,50,,,,,,,,,,,,,,,,  ,  ,  ,  ,C03,  ,  ,1,  ,9,  ,  ,1,  ,2,22,  ,C03,24.134366,120.700985,3
2018,11,19,17,47,臺中市,西區,0,0,,8,3,5,50,14,7,1,5,4,5,7,4,4,1,4,4,2,17,,,,,,B03,,,1,,2,,,19,,1,5,,B03,24.147368,120.657565,3
2018,11,19,17,52,臺中市,大雅區,0,0,,8,,,40,,,,,,,,,,,,,,,,,,,,B03,,,1,,2,,,6,,1,  ,,B03,24.222214,120.652925,3
2018,11,19,17,55,臺中市,大里區,0,2,0,8,3,5,50,4,1,1,5,4,5,7,4,4,10,5,5,2,15,6,2,9,4,5,F01,7,9,8,20,2,16,  ,6,6,1,15,1,F01,24.099265,120.679245,2
2018,11,19,17,56,臺中市,西屯區,0,1,0,8,2,5,50,4,2,1,5,4,5,7,1,1,5,5,5,2,16,26,3,10,1,1,B03,7,11,1,8,2,1,  ,26,26,1,21,8,B03,24.167146,120.63537,2
2018,11,19,17,59,臺中市,南屯區,0,0,,8,,,50,,,,,,,,,,,,,,,,,,,,B03,,,1,,2,,,26,,1,  ,,B03,24.140455,120.64413,3
2018,11,19,18,0,臺中市,梧棲區,0,2,0,8,1,5,70,4,1,1,5,4,5,7,1,1,10,5,5,2,16,25,3,10,3,4,B03,7,9,1,8,2,4,  ,25,25,1,21,8,B03,24.219338,120.542438,2
2018,11,19,18,2,臺中市,西區,0,2,0,8,3,5,50,4,1,1,5,4,5,7,4,4,10,5,5,2,16,6,2,7,1,1,C03,7,5,1,10,2,11,  ,6,6,1,21,8,C03,24.156734,120.656858,2
2018,11,19,18,4,臺中市,西區,0,0,0,8,3,5,50,14,9,1,5,4,5,7,4,4,5,4,5,2,13,,3,  ,  ,  ,B12,  ,  ,1,  ,2,  ,  ,42,  ,1,21,  ,B12,24.156492,120.66312,3
2018,11,19,18,4,臺中市,北屯區,0,2,0,8,3,5,50,3,2,1,5,4,5,7,2,1,1,4,5,2,2,23,2,9,4,5,H01,8,16,8,20,10,16,  ,60,23,1,21,8,H01,24.174768,120.716774,2
2018,11,19,18,8,臺中市,烏日區,0,1,0,8,3,5,60,4,1,1,5,4,5,7,2,1,10,5,5,2,16,25,3,10,1,1,B12,7,5,1,7,2,2,  ,25,25,1,21,8,B12,24.106094,120.634131,2
2018,11,19,18,10,臺中市,東區,0,0,0,8,,,50,,,,,,,,,,,,,,,23,  ,  ,  ,  ,B03,  ,  ,1,3,2,  ,  ,23,23,1,  ,  ,B03,24.125082,120.696685,3
2018,11,19,18,10,臺中市,南屯區,0,1,0,8,3,5,50,14,7,1,5,4,5,7,4,4,5,5,4,2,17,26,3,10,1,1,B03,7,11,1,8,2,8,8,26,26,1,3,8,B03,24.134325,120.609036,2
2018,11,19,18,10,臺中市,西屯區,0,2,0,8,3,5,50,4,1,1,5,4,5,7,1,1,10,5,5,2,16,26,2,9,3,4,C03,7,9,1,10,2,14,  ,44,26,1,22,9,C03,24.16437,120.655082,2
2018,11,19,18,12,臺中市,西屯區,0,0,,8,,,50,,,,,,,,,,,,,,,23,,,,,B03,,,1,,2,,,44,23,1,  ,,B03,24.175502,120.638178,3
2018,11,19,18,18,臺中市,清水區,0,0,,8,,,50,,,,,,,,,,,,,,,,,,,,C03,,,1,,2,,,23,,1,20,,C03,24.271733,120.568756,3
2018,11,19,18,19,臺中市,中區,0,1,0,8,3,5,50,3,1,1,5,4,5,7,2,1,10,5,5,2,13,16,3,10,1,1,B03,7,9,1,8,2,8,  ,16,16,1,21,8,B03,24.136032,120.682103,2
2018,11,19,18,21,臺中市,北區,0,1,0,8,3,5,50,14,9,1,5,4,5,7,4,4,1,4,5,2,13,16,2,9,1,1,C03,7,9,1,10,2,11,  ,16,16,1,22,8,C03,24.151805,120.677131,2
2018,11,19,18,21,臺中市,南區,0,2,0,8,3,5,50,3,1,1,5,4,5,7,4,4,10,5,5,2,16,8,2,9,4,1,F01,7,5,8,20,2,16,  ,8,8,1,18,8,F01,24.123938,120.67284,2
2018,11,19,18,23,臺中市,大肚區,0,1,0,7,3,5,40,4,2,1,5,4,5,7,1,1,10,5,5,2,16,23,3,10,1,1,B03,7,5,1,8,2,8,  ,23,23,1,21,8,B03,24.176215,120.574955,2
2018,11,19,18,24,臺中市,北區,0,0,,8,3,5,50,14,9,1,5,4,5,7,4,4,10,5,5,2,13,,,,,,B03,,,1,,2,,,23,,1,22,,B03,24.16544,120.675329,3
2018,11,19,18,24,臺中市,神岡區,0,2,0,8,3,5,40,4,1,1,5,4,5,7,4,4,4,5,5,1,15,19,2,8,1,1,C03,7,1,1,10,2,12,  ,19,19,1,21,8,C03,24.247356,120.663418,2
2018,11,19,18,33,臺中市,沙鹿區,0,0,,8,,,60,,,,,,,,,,,,,,,,,,,,B03,,,1,,2,,,23,,1,18,,B03,24.250022,120.595674,3
2018,11,19,18,34,臺中市,北區,0,2,0,8,3,5,50,3,1,1,5,4,5,7,4,4,10,5,5,2,15,6,2,8,1,4,C03,7,9,1,10,2,12,  ,6,6,1,21,8,C03,24.166864,120.670061,2
2018,11,19,18,34,臺中市,東區,0,0,0,8,,,40,,,,,,,,,,,,,,,,3,  ,  ,  ,B03,  ,  ,1,  ,2,  ,  ,12,  ,1,21,  ,B03,24.131376,120.685974,3
2018,11,19,18,35,臺中市,梧棲區,0,0,0,8,3,5,50,3,2,1,5,4,5,7,4,4,10,5,5,1,20,23,3,10,3,4,B03,7,9,7,8,8,1,  ,23,23,2,21,8,B03,24.243957,120.531192,3
2018,11,19,18,43,臺中市,霧峰區,0,0,,8,,,50,,,,,,,,,,,,,,,,,,,,C03,,,1,,2,,,6,,1,22,,C03,24.058754,120.692802,3
2018,11,19,18,45,臺中市,西屯區,0,0,,8,,,50,,,,,,,,,,,,,,,,,,,,B03,,,7,,11,,,25,,1,22,,B03,24.160736,120.63524,3
2018,11,19,18,56,臺中市,潭子區,0,1,0,8,1,5,50,3,1,1,5,4,5,7,4,4,10,5,5,1,16,4,3,10,4,5,F01,7,9,8,20,9,16,  ,4,4,2,22,8,F01,24.222596,120.702158,2
2018,11,19,19,0,臺中市,西屯區,0,1,0,8,2,5,50,15,9,1,5,4,5,7,4,4,1,4,5,2,17,43,2,9,1,1,C03,7,9,1,10,2,14,  ,43,43,1,21,8,C03,24.171755,120.628533,2
2018,11,19,19,1,臺中市,西區,0,1,0,8,3,5,50,14,9,1,5,4,5,7,4,4,9,5,5,2,14,12,3,10,3,4,B12,7,2,1,8,2,7,  ,12,12,1,21,8,B12,24.144362,120.665785,2
2018,11,19,19,3,臺中市,南區,0,1,0,8,3,5,50,4,1,1,5,4,5,5,4,4,5,5,5,2,16,23,2,9,1,1,C03,7,6,1,10,2,11,  ,23,23,1,18,5,C03,24.125623,120.676365,2
2018,11,19,19,5,臺中市,潭子區,0,2,0,8,3,5,60,3,1,1,5,4,5,7,1,1,1,2,4,2,16,26,2,8,1,1,C03,7,5,1,10,2,14,  ,26,26,1,22,9,C03,24.187094,120.702494,2
2018,11,19,19,6,臺中市,北屯區,0,1,0,8,4,5,50,14,7,1,5,4,5,7,4,4,1,4,4,2,17,23,2,7,1,1,C03,7,9,1,10,2,12,  ,23,23,1,5,8,C03,24.173566,120.689135,2
2018,11,19,19,9,臺中市,南區,0,0,0,8,,,50,,,,,,,,,,,,,,,,3,  ,  ,  ,B03,  ,  ,1,  ,2,  ,  ,16,  ,1,21,  ,B03,24.117078,120.657728,3
2018,11,19,19,9,臺中市,西屯區,0,0,,8,,,50,,,,,,,,,,,,,,,,,,,,B03,,,1,,2,,,19,,1,  ,,B03,24.178575,120.641215,3
2018,11,19,19,10,臺中市,沙鹿區,0,0,,8,,,50,,,,,,,,,,,,,,,,,,,,B03,,,1,,2,,,16,,  ,4,,B03,24.237931,120.56049,3
2018,11,19,19,10,臺中市,大甲區,0,0,,8,,,70,,,,,,,,,,,,,,,,,,,,B03,,,1,,1,,,44,,1,4,,B03,24.361816,120.636001,3
2018,11,19,19,25,臺中市,太平區,,,,8,,,50,,,,,,,,,,,,,,,,,,,,B02,,,1,,2,,,23,,1,21,,B02,24.159274,120.708123,3
2018,11,19,19,25,臺中市,大雅區,0,2,0,8,3,5,50,14,9,1,5,4,5,7,4,4,9,5,5,1,16,6,2,8,1,1,C03,7,5,1,10,2,12,  ,6,6,1,22,8,C03,24.215429,120.647795,2
2018,11,19,19,39,臺中市,西屯區,0,1,0,8,3,5,50,3,1,1,5,4,5,7,2,1,10,5,5,2,16,6,3,10,3,4,B03,7,11,1,8,2,6,  ,6,6,1,22,8,B03,24.176198,120.640761,2
2018,11,19,19,39,臺中市,西屯區,0,0,0,8,,,60,,,,,,,,,,,,,,,23,  ,  ,  ,  ,B03,  ,  ,1,  ,2,  ,  ,23,23,1,22,  ,B03,24.162948,120.629275,3
2018,11,19,19,45,臺中市,大里區,0,2,0,8,1,5,50,14,7,1,5,4,5,7,4,4,5,5,4,2,9,23,2,9,1,1,C03,7,9,1,10,2,11,  ,23,23,1,4,8,C03,24.093536,120.701753,2
2018,11,19,19,46,臺中市,梧棲區,0,0,,8,,,70,,,,,,,,,,,,,,,16,,,,,B12,,,1,,2,,,44,16,  ,  ,,B12,24.238732,120.549513,4
2018,11,19,19,50,臺中市,南屯區,0,0,,8,,,50,,,,,,,,,,,,,,,,,,,,B03,,,1,,2,,,27,,1,22,,B03,24.142665,120.647168,3
2018,11,19,19,50,臺中市,西屯區,0,1,0,8,2,5,50,14,7,1,5,4,5,7,4,4,5,4,4,2,18,42,2,9,1,1,C03,7,12,1,10,2,14,  ,42,42,1,21,8,C03,24.172274,120.62125,2
2018,11,19,19,52,臺中市,西屯區,0,0,0,8,,,50,,,,,,,,,,,,,,,16,  ,  ,  ,  ,B03,  ,  ,1,  ,2,  ,  ,16,16,1,  ,  ,B03,24.19491,120.644131,3
2018,11,19,19,54,臺中市,東區,0,2,0,8,1,5,50,4,1,1,5,4,5,7,2,1,10,5,5,2,3,52,2,9,4,5,H01,8,18,8,20,10,16,  ,52,52,1,5,8,H01,24.142817,120.690952,2
2018,11,19,20,8,臺中市,大甲區,0,0,0,8,,,50,,,,,,,,,,,,,,,42,  ,  ,  ,  ,B03,  ,  ,1,  ,2,  ,  ,42,42,1,4,  ,B03,24.393285,120.65555,3
2018,11,19,20,43,臺中市,沙鹿區,0,1,0,8,1,5,60,3,1,1,5,4,5,7,1,1,10,5,5,2,16,10,3,10,1,1,B03,7,11,1,8,2,4,  ,10,10,1,21,8,B03,24.212626,120.556345,2
2018,11,19,20,54,臺中市,東勢區,0,1,0,7,3,5,60,3,8,1,5,4,5,7,4,4,1,4,4,1,16,6,3,10,1,1,B03,7,6,1,8,2,2,  ,6,6,1,9,8,B03,24.235545,120.835331,2
2018,11,19,20,55,臺中市,北區,0,1,0,8,3,5,50,14,7,1,5,4,5,7,4,4,5,4,5,2,9,43,2,9,1,4,C03,7,9,1,10,2,12,  ,43,43,1,21,8,C03,24.1564,120.703501,2
2018,11,19,21,4,臺中市,龍井區,0,2,0,8,3,5,50,4,1,1,5,4,5,7,1,1,10,5,5,2,16,43,2,9,3,4,C03,7,9,3,18,2,11,  ,43,43,1,20,9,C03,24.210453,120.524343,2
2018,11,19,21,14,臺中市,中區,0,1,0,8,3,5,50,4,1,1,5,4,5,7,2,1,5,4,5,2,16,6,3,10,1,1,B12,7,5,1,8,2,6,  ,6,6,2,22,8,B12,24.141492,120.68363,2
2018,11,19,21,15,臺中市,霧峰區,0,1,0,8,3,5,50,3,1,1,5,4,5,7,1,1,10,5,5,2,29,42,3,10,1,1,C03,7,9,1,10,2,12,  ,42,42,1,18,8,C03,24.07367,120.69782,2
2018,11,19,21,16,臺中市,西區,0,1,0,8,3,5,50,4,1,1,5,3,5,7,2,1,10,5,5,2,16,25,3,10,1,1,B03,7,5,1,10,2,5,  ,25,25,1,10,9,B03,24.147756,120.673303,2
2018,11,19,21,30,臺中市,南區,0,2,0,8,3,5,50,4,1,1,5,4,5,7,2,1,5,4,4,2,16,25,2,9,1,1,C03,7,9,1,10,2,11,  ,25,25,1,18,5,C03,24.113216,120.659338,2
2018,11,19,21,45,臺中市,北屯區,0,3,0,8,3,5,40,3,1,1,5,4,5,7,4,4,10,5,5,2,16,6,2,9,4,5,F01,7,5,8,20,2,16,  ,6,6,1,21,8,F01,24.178399,120.698233,2
2018,11,19,21,46,臺中市,中區,0,1,0,8,3,5,50,4,1,1,5,4,5,7,4,4,5,5,5,2,16,23,2,9,3,4,C03,7,9,1,10,2,11,  ,6,23,1,21,8,C03,24.145219,120.677813,2
2018,11,19,21,49,臺中市,清水區,0,3,0,8,3,5,50,5,2,1,5,4,5,7,1,1,10,5,5,2,16,8,2,8,1,1,C03,7,5,1,10,2,12,  ,8,8,1,17,8,C03,24.272962,120.577065,2
2018,11,19,21,50,臺中市,石岡區,0,2,0,7,3,5,50,4,1,1,5,4,5,7,4,4,5,5,5,1,3,23,2,9,1,1,C03,7,9,1,10,2,14,  ,23,23,1,9,8,C03,24.276001,120.7784,2
2018,11,19,21,55,臺中市,東區,0,1,0,8,3,5,40,4,1,1,5,4,5,7,4,4,5,5,5,2,15,6,3,10,1,1,B12,7,9,1,8,2,8,  ,6,6,1,21,8,B12,24.148031,120.707947,2
2018,11,19,21,56,臺中市,北區,0,3,0,8,3,5,40,14,8,1,5,4,5,7,4,4,1,4,4,2,13,23,2,7,1,1,C03,7,9,1,10,2,11,  ,23,23,1,22,8,C03,24.16295,120.671204,2
2018,11,19,21,58,臺中市,北區,0,1,0,8,3,5,50,4,1,1,5,4,5,7,1,1,10,5,5,2,12,43,3,10,1,1,B03,7,6,1,6,2,2,  ,43,43,1,22,8,B03,24.1587,120.69095,2
2018,11,19,21,59,臺中市,大里區,0,2,0,8,3,5,50,14,9,1,5,4,5,7,4,4,9,5,5,2,16,6,3,10,1,1,C03,7,6,1,10,2,12,  ,6,6,1,18,8,C03,24.083743,120.694971,2
2018,11,19,22,0,臺中市,南區,0,0,,,,,,,,,,,,,,,,,,,,23,,,,,B03,,,1,,2,,,44,23,1,  ,,B03,24.126969,120.664605,4
2018,11,19,22,8,臺中市,梧棲區,0,0,,8,,,70,,,,,,,,,,,,,,,,,,,,B12,,,1,,2,,,23,,  ,  ,,B12,24.247165,120.544332,3
2018,11,19,22,10,臺中市,南區,0,1,0,8,3,5,40,4,2,1,5,4,5,7,1,1,1,2,4,2,16,6,3,10,1,1,B03,7,6,1,8,2,2,  ,6,6,1,5,8,B03,24.116708,120.657319,2
2018,11,19,22,15,臺中市,北屯區,0,2,0,8,3,5,50,4,1,1,5,4,5,7,1,1,5,5,4,2,16,6,2,9,1,1,C03,7,5,1,10,2,11,  ,6,6,1,22,8,C03,24.160777,120.713571,2
2018,11,19,22,20,臺中市,北區,0,1,0,8,1,5,50,14,7,1,5,4,5,7,4,4,5,5,4,2,18,23,  ,  ,  ,  ,   ,  ,  ,  ,  ,  ,  ,  ,67,23,1,  ,  ,   ,24.159704,120.698704,2
2018,11,19,22,46,臺中市,大里區,0,0,,8,,,40,,,,,,,,,,,,,,,,,,,,B01,,,1,,2,,,23,,1,10,,B01,24.11072,120.696302,3
2018,11,19,22,58,臺中市,大里區,0,1,0,8,3,5,40,3,2,1,5,4,5,7,3,1,1,4,4,1,17,19,2,8,3,4,C03,7,1,2,18,2,14,  ,19,19,1,9,8,C03,24.08655,120.696446,2
2018,11,19,23,5,臺中市,烏日區,0,0,,8,,,50,,,,,,,,,,,,,,,,,,,,B03,,,1,,2,,,7,,1,21,,B03,24.113175,120.587427,3
2018,11,20,0,56,臺中市,南屯區,0,0,,8,,,50,,,,,,,,,,,,,,,,,,,,B03,,,1,,2,,,43,,1,22,,B03,24.14794,120.628724,3
2018,11,20,1,13,臺中市,北屯區,0,0,,8,,,50,,,,,,,,,,,,,,,,,,,,B03,,,1,,2,,,6,,1,  ,,B03,24.180264,120.690901,3
2018,11,20,1,24,臺中市,龍井區,0,1,0,8,3,5,50,3,1,1,5,4,5,7,4,4,5,5,5,2,17,8,3,10,1,4,B03,7,5,1,7,2,8,  ,8,8,1,22,8,B03,24.181781,120.58565,2
2018,11,20,1,40,臺中市,大里區,0,0,,8,,,50,,,,,,,,,,,,,,,,,,,,B02,,,1,,2,,,6,,1,21,,B02,24.114932,120.676188,3
2018,11,20,2,45,臺中市,東區,0,0,0,8,3,5,50,14,9,1,5,4,5,7,2,1,5,4,5,2,13,23,3,10,1,1,B11,7,9,1,4,2,1,  ,23,23,1,10,4,B11,24.129826,120.706133,3
2018,11,20,3,3,臺中市,南屯區,0,0,,,,,,,,,,,,,,,,,,,,,,,,,C03,,,1,,10,,,38,,1,  ,,C03,24.145658,120.612398,3
2018,11,20,5,36,臺中市,北屯區,0,1,0,8,3,5,50,4,8,1,5,4,5,7,1,1,5,5,4,2,17,25,2,1,1,1,B03,7,9,1,8,2,1,  ,25,25,1,21,8,B03,24.173906,120.694536,2
2018,11,20,5,38,臺中市,北區,0,1,0,8,2,5,50,4,1,1,5,4,5,7,1,1,10,5,5,2,15,25,2,7,1,1,C03,7,9,1,10,2,11,  ,25,25,1,21,8,C03,24.154579,120.682056,2
2018,11,20,6,0,臺中市,北屯區,0,0,0,8,1,5,50,14,7,1,5,4,5,7,4,4,5,5,5,2,16,23,3,10,1,1,B03,7,9,1,8,8,2,  ,23,23,1,21,8,B03,24.189507,120.685115,3
2018,11,20,6,20,臺中市,梧棲區,0,1,0,8,1,5,50,14,9,1,5,4,5,7,4,4,4,5,5,1,16,19,3,10,1,1,B03,7,1,1,8,2,8,  ,19,19,1,9,8,B03,24.255918,120.542266,2
2018,11,20,6,45,臺中市,烏日區,0,1,0,8,1,5,50,5,1,1,5,4,5,7,1,1,10,5,5,2,16,44,3,10,1,1,B03,7,1,1,8,2,1,  ,44,44,1,21,8,B03,24.075766,120.640788,2
2018,11,20,7,5,臺中市,北屯區,0,1,0,8,1,5,50,4,1,1,5,4,5,7,1,1,10,5,5,2,16,9,3,10,1,1,B01,7,6,1,4,2,2,  ,9,9,1,10,8,B01,24.193031,120.670948,2
2018,11,20,7,13,臺中市,西屯區,0,1,0,8,1,5,50,3,1,1,5,4,5,7,1,1,10,5,5,2,16,25,3,10,1,1,B12,7,9,1,8,2,2,  ,25,25,1,5,8,B12,24.167595,120.638238,2
2018,11,20,7,20,臺中市,西屯區,0,1,0,8,1,5,40,15,8,1,5,4,5,7,4,4,5,5,3,2,17,19,3,10,1,1,A04,7,1,1,2,2,7,  ,19,19,1,22,4,A04,24.17926,120.622183,2
2018,11,20,7,25,臺中市,西屯區,0,1,0,8,1,5,50,3,1,1,5,4,5,7,4,4,10,5,5,2,16,9,3,10,1,1,B03,7,6,1,8,2,2,  ,9,9,1,22,8,B03,24.175195,120.619594,2
2018,11,20,7,27,臺中市,南區,0,3,0,8,1,5,40,4,1,1,5,4,5,7,1,1,10,5,5,2,16,4,2,7,1,1,C03,7,6,1,10,2,14,  ,4,4,1,9,8,C03,24.115683,120.659691,2
2018,11,20,7,27,臺中市,潭子區,0,2,0,8,1,5,60,14,7,1,5,4,5,7,4,4,1,4,4,1,13,38,3,10,2,1,B03,7,15,1,7,3,15,  ,38,38,1,22,8,B03,24.194841,120.702508,2
2018,11,20,7,30,臺中市,龍井區,0,1,0,8,1,5,40,3,1,1,5,4,5,7,4,4,10,5,5,2,16,6,3,10,1,1,B03,7,5,1,8,2,8,  ,6,6,1,12,1,B03,24.181148,120.523748,2
2018,11,20,7,31,臺中市,南屯區,0,0,,8,,,50,,,,,,,,,,,,,,,,,,,,B03,,,1,,2,,,16,,1,5,,B03,24.139174,120.614291,3
2018,11,20,7,36,臺中市,北區,0,1,0,8,1,5,50,4,1,1,5,4,5,7,4,4,10,5,5,2,15,6,2,9,1,1,C03,7,9,1,10,2,11,  ,6,6,1,22,8,C03,24.1662,120.6705,2
2018,11,20,7,36,臺中市,西屯區,0,0,,8,,,40,,,,,,,,,,,,,,,,,,,,B03,,,1,,2,,,17,,1,22,,B03,24.167168,120.651655,3
2018,11,20,7,36,臺中市,外埔區,0,0,0,8,1,5,40,14,9,1,5,4,5,7,4,4,10,5,5,1,13,16,  ,  ,  ,  ,C03,  ,  ,1,  ,2,  ,  ,16,16,1,  ,  ,C03,24.349113,120.665016,3
2018,11,20,7,37,臺中市,東勢區,0,1,0,8,1,5,50,3,1,4,5,4,5,7,4,4,5,5,5,1,16,6,3,10,1,1,B03,7,5,1,8,2,1,  ,6,6,1,22,8,B03,24.258191,120.831067,2
2018,11,20,7,38,臺中市,梧棲區,0,0,,8,,,50,,,,,,,,,,,,,,,,,,,,B03,,,1,,2,,,23,,1,2,,B03,24.24372,120.54267,3
2018,11,20,7,38,臺中市,外埔區,0,0,,8,,,40,,,,,,,,,,,,,,,,,,,,B03,,,1,,2,,,12,,1,4,,B03,24.341635,120.634146,3
2018,11,20,7,39,臺中市,南屯區,0,0,0,8,,,40,,,,,,,,,,,,,,,13,  ,  ,  ,  ,C02,  ,  ,1,9,2,  ,  ,13,13,1,12,  ,C02,24.148686,120.594905,3
2018,11,20,7,40,臺中市,西屯區,0,0,,8,,,50,,,,,,,,,,,,,,,,,,,,B03,,,1,,2,,,16,,1,  ,,B03,24.163156,120.629389,3
2018,11,20,7,40,臺中市,南屯區,0,1,0,8,1,5,50,4,2,1,5,4,5,7,1,1,5,2,5,2,13,23,2,9,1,1,C03,7,9,1,10,2,11,  ,23,23,1,22,8,C03,24.155289,120.60874,2
2018,11,20,7,40,臺中市,大肚區,0,0,,8,,,50,,,,,,,,,,,,,,,,,,,,B03,,,1,,2,,,23,,1,3,,B03,24.118849,120.576462,3
2018,11,20,7,42,臺中市,外埔區,0,1,0,8,1,5,50,14,9,1,5,4,5,7,4,4,9,5,5,1,11,42,2,9,1,1,C03,7,4,1,10,2,11,  ,42,42,1,10,8,C03,24.342866,120.707066,2
2018,11,20,7,50,臺中市,北屯區,0,1,0,8,1,5,50,4,2,1,5,4,5,7,1,1,1,4,5,2,13,23,3,10,1,1,B03,7,9,1,8,2,5,  ,23,23,1,5,8,B03,24.192973,120.67099,2
2018,11,20,7,50,臺中市,西屯區,0,0,,8,,,50,,,,,,,,,,,,,,,,,,,,B03,,,1,,2,,,23,,1,22,,B03,24.169786,120.642785,3
2018,11,20,7,51,臺中市,西屯區,0,1,0,8,1,5,40,14,8,1,5,4,5,7,4,4,1,4,1,2,13,16,2,9,1,1,C03,7,9,1,10,2,11,  ,16,16,1,5,8,C03,24.163355,120.648638,2
2018,11,20,7,56,臺中市,大里區,0,1,0,8,1,5,40,3,1,1,5,4,5,7,4,4,10,5,5,2,16,6,2,7,1,1,C03,7,5,1,10,2,14,  ,6,6,1,18,2,C03,24.098105,120.700491,2
2018,11,20,7,58,臺中市,西屯區,0,0,,8,,,50,,,,,,,,,,,,,,,,,,,,B03,,,1,,2,,,23,,1,22,,B03,24.197423,120.656788,3
2018,11,20,8,0,臺中市,北區,0,1,0,8,1,5,50,4,1,1,5,4,5,7,2,1,10,5,5,2,17,7,2,8,1,1,C03,7,7,1,10,2,11,  ,7,7,1,22,9,C03,24.154584,120.679906,2
2018,11,20,8,0,臺中市,大肚區,0,2,0,8,1,5,40,4,1,1,5,4,5,7,3,1,10,5,5,2,16,6,2,9,1,1,C03,7,9,1,10,2,12,  ,6,6,1,3,8,C03,24.163031,120.541847,2
2018,11,20,8,3,臺中市,龍井區,0,0,,,,,,,,,,,,,,,,,,,,,,,,,C03,,,7,,11,,,43,,1,22,,C03,24.181763,120.592795,3