年,月,日,時,分,縣市,區,死,受傷,2-30,天候,光線,道路類別,速限,道路型態,事故位置,路面鋪裝,路面狀態,路面缺陷,障礙物,視距,號誌種類,號誌動作,分向設施,快車道或一般車道間,快慢車道間,路面邊線,事故類型及型態,主要肇因,受傷程度,主要傷處,保護裝備,行動電話,當事者區分_類別,車輛用途,當事者行動狀態,駕駛資格情形,駕駛執照種類,飲酒情形,車輛撞擊部位最初,車輛撞擊部位其他,肇事因素個別,肇事因素主要,肇事逃逸,職業,旅次目的,車種,GPS座標_緯度,GPS座標_經度,事故類別
2018,11,20,8,5,臺中市,龍井區,0,1,0,8,1,5,50,3,1,1,5,4,5,7,4,4,10,5,5,2,16,6,3,10,1,1,C03,7,5,1,10,2,11,  ,6,6,1,22,8,C03,24.182125,120.596452,2
2018,11,20,8,7,臺中市,北屯區,0,1,0,8,1,5,50,4,1,1,5,4,5,7,1,1,10,5,5,2,16,9,3,10,1,1,B03,7,6,1,8,2,5,  ,9,9,1,2,8,B03,24.1895,120.6619,2
2018,11,20,8,8,臺中市,西屯區,0,1,0,8,1,5,40,4,1,1,5,4,5,7,4,4,10,5,5,2,16,6,3,10,1,1,B03,7,5,1,8,2,1,  ,6,6,1,22,8,B03,24.166916,120.6515,2
2018,11,20,8,11,臺中市,南區,0,1,0,8,1,5,50,14,8,1,5,4,5,7,4,4,3,4,4,2,13,23,2,8,1,1,C03,7,9,1,10,2,11,  ,23,23,1,22,9,C03,24.121921,120.661393,2
2018,11,20,8,11,臺中市,東區,0,0,0,8,,,50,,,,,,,,,,,,,,,,3,  ,  ,  ,B03,  ,  ,1,  ,2,  ,  ,25,  ,2,21,  ,B03,24.140521,120.710353,3
2018,11,20,8,12,臺中市,烏日區,0,1,0,8,1,5,50,14,9,1,5,4,5,7,4,4,1,5,5,2,18,23,2,9,1,1,C03,7,9,1,10,2,12,  ,23,23,1,21,8,C03,24.107326,120.600976,2
2018,11,20,8,14,臺中市,梧棲區,0,1,0,8,1,5,50,5,9,1,5,4,5,7,1,1,1,4,5,2,13,23,2,3,1,1,B03,7,9,1,8,2,1,  ,23,23,1,20,9,B03,24.251883,120.553649,2
2018,11,20,8,23,臺中市,南區,0,1,0,8,1,5,50,14,7,1,5,4,5,7,4,4,1,4,4,2,13,16,3,10,1,1,C03,7,9,1,10,2,13,  ,44,16,1,22,8,C03,24.121998,120.661398,2
2018,11,20,8,26,臺中市,西屯區,0,0,,8,,,80,,,,,,,,,,,,,,,,,,,,B03,,,1,,2,,,23,,1,  ,,B03,24.154988,120.624636,3
2018,11,20,8,28,臺中市,西屯區,0,0,,8,,,50,,,,,,,,,,,,,,,,,,,,B03,,,1,,2,,,23,,1,22,,B03,24.182528,120.624074,3
2018,11,20,8,35,臺中市,太平區,0,1,0,8,1,5,50,4,1,1,5,4,5,7,2,1,10,5,5,2,16,8,2,9,3,4,C04,7,5,1,11,2,14,  ,8,8,1,19,8,C04,24.15135,120.716839,2
2018,11,20,8,40,臺中市,西屯區,0,1,0,8,1,5,50,4,1,1,5,4,5,7,1,1,10,5,5,2,13,10,2,9,1,1,C03,7,11,1,10,2,13,  ,10,10,1,5,8,C03,24.167826,120.648213,2
2018,11,20,8,40,臺中市,大里區,0,1,0,8,1,5,50,14,9,1,5,4,5,7,3,1,10,5,5,2,16,6,3,10,1,1,B03,7,6,1,8,2,2,  ,6,6,1,21,8,B03,24.087156,120.696036,2
2018,11,20,8,40,臺中市,大里區,0,0,,8,1,5,40,3,1,1,5,4,5,7,4,4,8,3,5,1,17,,,,,,B03,,,1,,2,,,4,,  ,  ,,B03,24.10785,120.67545,3
2018,11,20,8,45,臺中市,北屯區,0,0,0,8,,,50,,,,,,,,,,,,,,,7,  ,  ,  ,  ,B03,  ,  ,1,  ,2,  ,  ,7,7,1,5,  ,B03,24.180183,120.686046,3
2018,11,20,8,45,臺中市,西屯區,0,1,0,8,1,5,50,4,1,1,5,4,5,7,1,1,10,5,5,2,16,6,3,10,1,1,C03,7,5,1,10,2,11,  ,6,6,1,22,9,C03,24.170038,120.645858,2
2018,11,20,8,49,臺中市,北區,0,1,0,8,1,5,50,5,1,1,5,4,5,7,1,1,5,2,4,2,13,16,3,10,1,1,C03,7,12,1,10,2,11,  ,16,16,1,5,8,C03,24.154729,120.686154,2
2018,11,20,8,55,臺中市,大雅區,0,0,,8,,,60,,,,,,,,,,,,,,,,,,,,A11,,,1,,2,,,12,,1,10,,A11,24.214427,120.649501,3
2018,11,20,9,0,臺中市,西屯區,0,0,0,8,,,40,,,,,,,,,,,,,,,43,  ,  ,  ,  ,B03,  ,  ,1,  ,2,  ,  ,43,43,1,22,  ,B03,24.17065,120.64058,3
2018,11,20,9,0,臺中市,大里區,0,0,,8,,,40,,,,,,,,,,,,,,,,,,,,B02,,,1,,2,,,9,,1,5,,B02,24.090192,120.695411,3
2018,11,20,9,1,臺中市,西屯區,0,3,0,8,1,5,40,14,8,1,5,4,5,7,4,4,10,3,5,2,13,16,2,9,1,1,C03,7,9,1,10,2,12,  ,16,16,1,21,8,C03,24.181916,120.598336,2
2018,11,20,9,5,臺中市,西屯區,0,0,,8,,,40,,,,,,,,,,,,,,,,,,,,B03,,,1,,2,,,23,,1,22,,B03,24.182853,120.635735,3
2018,11,20,9,20,臺中市,北區,0,1,0,8,1,5,50,4,1,1,5,4,5,7,2,1,10,5,5,2,16,9,3,10,1,1,B03,7,6,1,8,2,5,  ,9,9,1,22,8,B03,24.1592,120.6662,2
2018,11,20,9,24,臺中市,烏日區,0,0,,8,,,40,,,,,,,,,,,,,,,,,,,,B12,,,1,,2,,,19,,1,22,,B12,24.081186,120.642133,3
2018,11,20,9,24,臺中市,大雅區,0,1,0,8,1,5,40,11,9,1,5,4,5,7,4,4,10,5,5,2,18,5,2,9,1,1,C03,7,9,1,10,2,12,  ,5,5,1,12,9,C03,24.22073,120.61286,2
2018,11,20,9,25,臺中市,西屯區,0,1,0,8,1,5,40,3,1,1,5,4,5,7,1,1,10,5,5,2,16,26,3,10,1,1,A12,7,6,1,7,2,2,  ,26,26,1,10,8,A12,24.182518,120.61627,2
2018,11,20,9,27,臺中市,東區,0,0,0,8,,,50,,,,,,,,,,,,,,,,3,  ,  ,  ,C03,  ,  ,1,  ,2,  ,  ,23,  ,1,21,  ,C03,24.138958,120.699073,3
2018,11,20,9,32,臺中市,霧峰區,0,0,,8,,,50,,,,,,,,,,,,,,,,,,,,C03,,,1,,2,,,23,,1,9,,C03,24.065238,120.698795,3
2018,11,20,9,34,臺中市,太平區,0,2,0,8,1,5,50,14,7,1,5,4,5,7,4,4,5,4,4,2,16,19,2,7,1,1,C03,7,1,3,18,2,14,  ,19,19,1,7,8,C03,24.116651,120.718346,2
2018,11,20,9,35,臺中市,龍井區,0,1,0,8,1,5,50,4,1,1,5,4,5,7,4,4,10,5,5,2,12,23,2,9,3,4,C03,7,9,1,10,2,11,  ,23,23,1,18,1,C03,24.212576,120.528696,2
2018,11,20,9,37,臺中市,西屯區,0,1,0,8,1,5,40,4,1,1,5,4,5,7,1,1,10,5,5,2,13,16,2,8,1,1,C03,7,9,1,8,2,11,  ,16,16,1,22,8,C03,24.165992,120.641664,2
2018,11,20,9,39,臺中市,西屯區,0,1,0,8,1,5,40,5,1,1,5,4,5,7,1,1,1,3,1,2,13,16,2,9,1,1,C03,7,9,1,10,2,11,  ,16,16,1,22,9,C03,24.166011,120.644033,2
2018,11,20,9,40,臺中市,南屯區,0,0,0,8,,,40,,,,,,,,,,,,,,,23,  ,  ,  ,  ,B03,  ,  ,1,8,2,  ,  ,38,23,1,12,  ,B03,24.137775,120.643789,3
2018,11,20,9,45,臺中市,大甲區,0,1,0,8,1,5,50,4,1,1,5,4,5,7,4,4,10,5,5,2,15,6,2,9,1,1,C03,7,9,4,8,2,14,  ,14,6,1,19,8,C03,24.354503,120.627571,2
2018,11,20,9,56,臺中市,北屯區,0,0,0,8,,,50,,,,,,,,,,,,,,,23,  ,  ,  ,  ,A12,  ,  ,1,  ,2,  ,  ,23,23,  ,21,  ,A12,24.202496,120.686633,3
2018,11,20,10,0,臺中市,大里區,0,2,0,8,1,5,50,3,1,1,5,4,5,7,4,4,10,5,5,2,17,19,2,9,1,1,C03,7,1,1,10,2,14,  ,19,19,1,20,9,C03,24.110042,120.699625,2
2018,11,20,10,3,臺中市,西屯區,0,2,0,8,1,5,50,3,1,1,5,4,5,7,3,1,10,5,5,2,16,42,2,9,3,4,C03,7,5,1,10,2,14,13,42,42,1,22,8,C03,24.187238,120.642866,2
2018,11,20,10,4,臺中市,沙鹿區,0,1,0,8,1,5,50,4,1,1,5,4,5,7,1,1,10,5,5,2,17,25,3,10,1,1,B12,7,9,1,8,2,8,  ,25,25,1,21,8,B12,24.242546,120.561299,2
2018,11,20,10,5,臺中市,大里區,0,1,0,8,1,5,50,14,9,1,5,4,5,7,4,4,5,5,5,1,16,42,2,8,4,5,F01,7,15,8,20,2,16,  ,42,42,1,20,5,F01,24.090784,120.693706,2
2018,11,20,10,6,臺中市,西屯區,0,2,0,8,1,5,40,14,8,1,5,4,5,7,4,4,1,4,1,2,13,16,3,10,1,1,C03,7,9,1,10,2,11,  ,16,16,1,22,8,C03,24.165448,120.64483,2
2018,11,20,10,9,臺中市,北區,0,1,0,8,1,5,50,4,1,1,5,4,5,7,2,1,10,5,5,2,3,15,3,10,1,1,B12,7,5,1,7,2,4,  ,15,15,1,10,4,B12,24.154584,120.679906,2
2018,11,20,10,16,臺中市,北區,0,2,0,8,1,5,50,4,1,1,5,4,5,7,1,1,9,4,4,2,16,9,2,9,1,1,C03,7,6,1,10,2,13,  ,9,9,1,5,8,C03,24.159304,120.666187,2
2018,11,20,10,30,臺中市,潭子區,1,0,0,8,1,5,50,4,1,1,5,4,5,7,1,1,10,5,5,2,16,8,1,1,1,1,C04,7,5,1,10,2,14,  ,8,8,1,22,8,C04,24.216224,120.684848,1
2018,11,20,10,31,臺中市,后里區,0,1,0,8,1,5,60,14,8,1,5,4,5,7,4,4,1,4,4,1,12,23,2,9,1,1,C03,7,9,3,18,2,11,  ,23,23,1,4,8,C03,24.299545,120.723373,2
2018,11,20,10,33,臺中市,梧棲區,0,0,,8,,,60,,,,,,,,,,,,,,,,,,,,B12,,,1,,2,,,17,,1,10,,B12,24.260461,120.540609,3
2018,11,20,10,35,臺中市,北區,0,1,0,8,1,5,50,4,2,1,5,4,5,7,4,4,5,4,4,2,17,23,3,10,1,1,C03,7,10,3,18,2,13,  ,7,23,1,22,8,C03,24.160061,120.665648,2
2018,11,20,10,36,臺中市,南區,0,0,,,,,,,,,,,,,,,,,,,,,,,,,C03,,,1,,2,,,7,,1,  ,,C03,24.119475,120.667061,3
2018,11,20,10,37,臺中市,霧峰區,0,0,,8,,,40,,,,,,,,,,,,,,,,,,,,B03,,,1,,2,,,25,,1,21,,B03,24.061603,120.66364,3
2018,11,20,10,37,臺中市,太平區,0,0,,8,,,40,,,,,,,,,,,,,,,,,,,,A12,,,1,,2,,,5,,1,10,,A12,24.12744,120.749034,3
2018,11,20,10,38,臺中市,東區,0,1,0,8,1,5,50,5,1,1,5,4,5,7,3,1,10,5,5,2,18,13,2,9,1,1,C03,7,9,1,10,2,12,  ,13,13,1,5,8,C03,24.146296,120.692473,2
2018,11,20,10,51,臺中市,南屯區,0,0,,8,,,50,,,,,,,,,,,,,,,,,,,,B12,,,1,,2,,,19,,1,5,,B12,24.139903,120.646588,3
2018,11,20,10,55,臺中市,中區,0,0,,8,,,50,,,,,,,,,,,,,,,,,,,,B03,,,1,,2,,,23,,1,21,,B03,24.142131,120.678958,3
2018,11,20,11,1,臺中市,西屯區,0,1,0,8,1,5,50,3,1,1,5,4,5,7,4,4,4,3,4,2,16,10,3,10,1,1,B03,7,11,1,8,2,8,  ,10,10,1,21,8,B03,24.173613,120.637383,2
2018,11,20,11,3,臺中市,太平區,0,0,0,8,,,50,,,,,,,,,,,,,,,12,  ,  ,  ,  ,B12,  ,  ,1,  ,2,  ,  ,12,12,1,21,  ,B12,24.127313,120.730993,3
2018,11,20,11,6,臺中市,東區,0,0,0,8,,,40,,,,,,,,,,,,,,,,3,  ,  ,  ,B03,  ,  ,1,  ,2,  ,  ,23,  ,2,21,  ,B03,24.13054,120.687816,3
2018,11,20,11,12,臺中市,中區,0,0,,8,,,50,,,,,,,,,,,,,,,,,,,,A04,,,1,,2,,,23,,1,10,,A04,24.140111,120.682211,3
2018,11,20,11,18,臺中市,南屯區,0,1,0,8,1,5,50,14,9,1,5,4,5,7,4,4,1,4,5,2,16,7,3,10,1,1,B03,7,7,1,8,8,3,  ,7,7,1,21,8,B03,24.147315,120.646921,2
2018,11,20,11,25,臺中市,龍井區,0,0,,8,,,50,,,,,,,,,,,,,,,,,,,,B02,,,1,,2,,,23,,1,22,,B02,24.18126,120.587688,3
2018,11,20,11,28,臺中市,大甲區,0,0,,8,,,50,,,,,,,,,,,,,,,,,,,,B03,,,1,,2,,,6,,1,20,,B03,24.353543,120.61908,3
2018,11,20,11,30,臺中市,西屯區,0,0,0,8,,,40,,,,,,,,,,,,,,,43,  ,  ,  ,  ,A06,  ,  ,1,  ,2,  ,  ,43,43,1,22,  ,A06,24.162228,120.630283,3
2018,11,20,11,34,臺中市,西屯區,0,0,0,8,,,40,,,,,,,,,,,,,,,37,  ,  ,  ,  ,B03,  ,  ,1,  ,2,  ,  ,44,37,1,22,  ,B03,24.158908,120.63801,3
2018,11,20,11,34,臺中市,西屯區,0,0,,8,,,50,,,,,,,,,,,,,,,,,,,,A21,,,1,,2,,,23,,1,10,,A21,24.168688,120.608223,3
2018,11,20,11,38,臺中市,太平區,0,0,,8,1,5,50,4,9,1,5,4,5,7,4,4,5,5,5,2,16,,,,,,B03,,,1,,2,,,18,,1,21,,B03,24.15375,120.720926,3
2018,11,20,11,40,臺中市,北區,0,1,0,8,1,5,50,3,1,1,5,4,5,7,4,4,10,5,5,2,17,6,3,10,1,1,B03,7,6,1,4,2,8,  ,6,6,1,22,9,B03,24.156759,120.686496,2
2018,11,20,11,40,臺中市,北屯區,0,1,0,8,1,5,50,14,9,1,5,4,5,7,4,4,1,4,5,2,17,40,2,7,1,1,B03,7,14,1,8,2,4,  ,40,40,1,21,8,B03,24.183101,120.697523,2
2018,11,20,11,40,臺中市,北屯區,0,1,0,8,1,5,50,4,1,1,5,4,5,7,3,1,10,5,5,2,16,10,3,10,1,1,B01,7,11,1,4,2,8,  ,10,10,1,21,8,B01,24.177965,120.67031,2
2018,11,20,11,42,臺中市,西區,0,2,0,8,1,5,50,5,1,1,5,4,5,7,1,1,10,5,5,2,16,42,3,10,1,1,B02,7,15,1,8,2,2,  ,42,42,1,5,5,B02,24.150801,120.669844,2
2018,11,20,11,46,臺中市,西區,0,0,0,8,,,50,,,,,,,,,,,,,,,19,3,  ,  ,  ,C03,  ,  ,1,  ,2,  ,  ,19,19,  ,5,  ,C03,24.147877,120.667183,3
2018,11,20,11,57,臺中市,南屯區,0,0,,8,,,50,,,,,,,,,,,,,,,,,,,,B12,,,1,,2,,,16,,1,5,,B12,24.153606,120.614539,3
2018,11,20,11,59,臺中市,南屯區,0,1,0,8,1,5,50,4,1,1,5,4,5,7,4,4,10,5,5,2,17,13,2,9,1,1,C03,7,9,1,10,2,14,  ,13,13,1,21,8,C03,24.147346,120.646705,2
2018,11,20,12,0,臺中市,南屯區,0,1,0,8,1,5,40,14,12,1,5,4,5,7,4,4,5,5,4,2,17,40,3,10,1,1,B01,7,13,1,4,2,8,8,40,40,1,10,4,B01,24.122766,120.627545,2
2018,11,20,12,8,臺中市,梧棲區,0,0,,8,,,40,,,,,,,,,,,,,,,,,,,,B12,,,1,,2,,,23,,  ,  ,,B12,24.254571,120.540582,4
2018,11,20,12,10,臺中市,龍井區,0,1,0,8,1,5,40,3,1,1,5,4,5,7,1,1,10,5,5,2,16,25,2,9,1,1,C03,7,5,1,10,2,14,  ,25,25,1,22,8,C03,24.186836,120.579241,2
2018,11,20,12,11,臺中市,北屯區,0,1,0,8,1,5,50,14,9,1,5,4,5,7,4,4,1,3,5,2,12,23,2,9,1,1,C03,7,9,6,10,2,14,12,23,23,1,21,8,C03,24.166695,120.695373,2
2018,11,20,12,12,臺中市,太平區,0,0,,8,,,40,,,,,,,,,,,,,,,,,,,,B12,,,1,,2,,,12,,1,9,,B12,24.10287,120.729789,3
2018,11,20,12,17,臺中市,西屯區,0,0,,,,,,,,,,,,,,,,,,,,,,,,,C03,,,1,,2,,,16,,1,22,,C03,24.172715,120.645753,3
2018,11,20,12,19,臺中市,沙鹿區,0,1,0,8,1,5,50,15,9,1,5,4,5,7,1,1,1,4,4,2,13,26,2,9,1,1,C03,7,9,1,10,2,11,  ,23,26,1,4,8,C03,24.226434,120.567911,2
2018,11,20,12,20,臺中市,太平區,0,0,,8,,,50,,,,,,,,,,,,,,,,,,,,B01,,,1,,2,,,23,,1,10,,B01,24.148266,120.734053,3
2018,11,20,12,50,臺中市,大甲區,0,1,0,8,1,5,50,4,1,1,5,4,5,7,1,1,10,5,5,2,15,25,3,10,1,1,B03,7,11,1,8,2,8,  ,25,25,1,5,9,B03,24.352358,120.625154,2
2018,11,20,12,57,臺中市,西屯區,0,0,,8,,,50,,,,,,,,,,,,,,,,,,,,A04,,,1,,2,,,16,,1,10,,A04,24.186731,120.614271,3
2018,11,20,13,0,臺中市,南區,0,0,0,,,,0,,,,,,,,,,,,,,,23,  ,  ,  ,  ,B03,  ,  ,1,  ,2,  ,  ,23,23,1,  ,  ,B03,24.128756,120.679925,3
2018,11,20,13,0,臺中市,霧峰區,0,1,0,8,1,5,40,11,9,1,5,4,5,7,4,4,9,4,5,1,29,42,2,8,1,1,C03,7,9,1,10,2,11,  ,42,42,1,18,8,C03,24.075518,120.714463,2
2018,11,20,13,12,臺中市,西屯區,0,0,,8,,,50,,,,,,,,,,,,,,,,,,,,B03,,,1,,2,,,7,,1,22,,B03,24.186695,120.613991,3
2018,11,20,13,26,臺中市,西區,0,0,,8,1,5,50,14,9,1,5,4,5,7,4,4,5,4,5,2,14,,,,,,B03,,,1,,2,,,12,,1,5,,B03,24.139159,120.680852,3
2018,11,20,13,41,臺中市,沙鹿區,0,0,,8,,,60,,,,,,,,,,,,,,,,,,,,B12,,,1,,2,,,23,,1,21,,B12,24.250096,120.57955,3
2018,11,20,13,42,臺中市,西屯區,0,3,0,8,1,5,40,4,2,1,5,4,5,7,2,1,10,5,5,2,16,25,2,9,3,4,C03,7,9,1,10,2,11,  ,25,25,1,22,8,C03,24.183635,120.61393,2
2018,11,20,13,50,臺中市,沙鹿區,0,0,,,,,,,,,,,,,,,,,,,,,,,,,C03,,,1,,2,,,4,,  ,4,,C03,24.23091,120.558916,3
2018,11,20,13,55,臺中市,龍井區,0,0,,8,,,50,,,,,,,,,,,,,,,,,,,,B12,,,1,,2,,,23,,1,10,,B12,24.180823,120.589225,3
2018,11,20,13,59,臺中市,大安區,0,0,,8,,,50,,,,,,,,,,,,,,,,,,,,B03,,,1,,2,,,6,,1,4,,B03,24.369193,120.594711,3
2018,11,20,14,0,臺中市,烏日區,0,0,,8,,,60,,,,,,,,,,,,,,,,,,,,B12,,,1,,2,,,23,,1,21,,B12,24.105801,120.616213,3
2018,11,20,14,3,臺中市,大里區,0,3,0,8,1,5,50,4,1,1,5,4,5,7,2,1,10,4,4,1,13,16,2,9,1,1,C03,7,9,1,10,2,11,  ,16,16,1,18,5,C03,24.102873,120.674591,2
2018,11,20,14,20,臺中市,太平區,0,0,,8,1,5,50,14,9,1,5,4,5,7,4,4,5,4,5,1,12,,,,,,B03,,,1,,2,,,17,,1,21,,B03,24.11036,120.712911,3
2018,11,20,14,27,臺中市,西屯區,0,1,0,8,1,5,50,14,9,1,5,4,5,7,4,4,10,5,5,2,16,1,3,10,1,1,B03,7,11,1,8,2,4,  ,10,1,1,22,8,B03,24.185333,120.603426,2
2018,11,20,14,29,臺中市,北屯區,0,2,0,8,1,5,50,14,9,1,5,4,5,7,4,4,1,4,5,2,12,23,2,8,3,4,C03,7,9,1,10,2,15,  ,23,23,1,21,8,C03,24.174387,120.671116,2
2018,11,20,14,30,臺中市,后里區,0,0,,8,,,50,,,,,,,,,,,,,,,,,,,,C03,,,1,,2,,,16,,1,4,,C03,24.341685,120.634106,3
2018,11,20,14,35,臺中市,東區,0,0,0,8,,,50,,,,,,,,,,,,,,,16,  ,  ,  ,  ,A04,  ,  ,1,2,2,  ,  ,16,16,1,  ,  ,A04,24.138878,120.689513,3
2018,11,20,14,35,臺中市,沙鹿區,0,0,,8,,,50,,,,,,,,,,,,,,,,,,,,B12,,,1,,2,,,12,,1,9,,B12,24.244666,120.561875,3
2018,11,20,14,40,臺中市,神岡區,0,0,,8,,,50,,,,,,,,,,,,,,,,,,,,B12,,,1,,2,,,23,,1,21,,B12,24.27051,120.699248,3
2018,11,20,14,45,臺中市,太平區,0,1,0,8,1,5,40,14,7,1,5,4,5,7,4,4,5,5,4,1,17,19,3,10,3,4,B12,7,1,1,1,2,4,  ,19,19,1,9,8,B12,24.14977,120.725963,2
2018,11,20,14,46,臺中市,北屯區,0,2,0,8,1,5,50,4,2,1,5,4,5,7,2,1,10,5,5,2,16,26,2,9,1,1,C03,7,5,1,10,2,14,  ,26,26,1,5,8,C03,24.193791,120.686548,2
2018,11,20,14,48,臺中市,外埔區,0,1,0,8,1,5,50,4,2,1,5,4,5,7,3,1,5,4,4,1,16,19,3,10,1,1,B03,7,1,1,8,2,8,  ,19,19,1,7,5,B03,24.327852,120.657498,2
2018,11,20,14,50,臺中市,西屯區,0,0,,8,,,40,,,,,,,,,,,,,,,,,,,,C03,,,1,,2,,,42,,1,  ,,C03,24.18161,120.620375,3
2018,11,20,14,50,臺中市,西屯區,0,0,,8,,,10,,,,,,,,,,,,,,,,,,,,B03,,,1,,2,,,12,,1,22,,B03,24.172861,120.634832,3
2018,11,20,14,56,臺中市,北區,0,1,0,8,1,5,40,4,1,1,5,4,5,7,4,4,10,5,5,2,15,6,2,9,1,1,C03,7,9,1,10,2,11,  ,6,6,1,22,9,C03,24.162058,120.685314,2
2018,11,20,15,3,臺中市,南屯區,0,0,,8,,,50,,,,,,,,,,,,,,,,,,,,B12,,,1,,2,,,12,,1,  ,,B12,24.125751,120.642205,4
2018,11,20,15,8,臺中市,潭子區,0,2,0,8,1,5,40,3,2,1,5,4,5,7,4,4,10,5,5,2,16,9,2,9,1,1,C03,7,6,1,10,2,15,  ,9,9,1,22,8,C03,24.211063,120.703511,2
2018,11,20,15,12,臺中市,西屯區,0,1,0,8,1,5,50,3,1,1,5,4,5,7,1,1,10,5,5,2,12,9,3,10,1,1,B03,7,6,1,8,2,2,  ,9,9,1,21,8,B03,24.163843,120.662974,2
2018,11,20,15,15,臺中市,東區,0,0,0,8,,,50,,,,,,,,,,,,,,,,  ,  ,  ,  ,C03,  ,  ,1,  ,9,  ,  ,12,  ,2,22,  ,C03,24.12551,120.695115,3
2018,11,20,15,17,臺中市,太平區,0,1,0,8,1,5,50,4,1,1,5,4,5,7,1,1,5,4,5,1,15,23,3,10,1,1,C03,7,9,1,10,2,11,  ,23,23,1,19,1,C03,24.153629,120.711636,2
2018,11,20,15,17,臺中市,沙鹿區,0,1,0,8,1,5,50,15,9,1,5,4,5,7,4,4,1,4,5,1,17,9,3,10,1,1,B12,7,6,1,8,2,2,  ,9,9,1,4,8,B12,24.239829,120.614544,2
2018,11,20,15,19,臺中市,南屯區,0,1,0,8,1,5,50,14,8,1,5,4,5,7,4,4,5,5,4,2,17,7,2,9,3,4,C03,7,9,1,10,2,14,12,23,7,1,22,8,C03,24.129512,120.642569,2
2018,11,20,15,20,臺中市,潭子區,0,1,0,8,1,5,50,4,1,1,5,4,5,7,1,1,5,4,5,1,13,23,3,10,1,1,B03,7,9,1,8,2,5,  ,23,23,1,22,9,B03,24.21338,120.700559,2
2018,11,20,15,29,臺中市,大里區,0,1,0,8,1,5,50,3,1,1,5,4,5,7,4,4,5,2,5,2,17,43,2,9,1,1,C03,7,6,1,10,2,15,  ,43,43,1,22,8,C03,24.097283,120.717123,2
2018,11,20,15,30,臺中市,大雅區,0,2,0,8,1,5,40,4,1,1,5,4,5,7,4,4,10,5,5,2,17,6,2,9,1,1,C03,7,9,1,10,2,14,  ,23,6,1,22,9,C03,24.22056,120.64674,2
2018,11,20,15,33,臺中市,沙鹿區,0,2,0,8,1,5,40,4,1,1,5,4,5,7,3,1,10,5,5,2,15,6,2,9,1,1,C03,7,9,1,10,2,11,  ,6,6,1,21,8,C03,24.236576,120.564155,2
2018,11,20,15,36,臺中市,北區,0,2,0,8,1,5,50,5,1,1,5,4,5,7,2,1,10,5,5,2,16,26,3,10,1,1,B03,7,6,1,8,2,2,  ,26,26,1,22,8,B03,24.154771,120.686161,2
2018,11,20,15,36,臺中市,北屯區,0,0,0,8,,,50,,,,,,,,,,,,,,,12,  ,  ,  ,  ,B12,  ,  ,1,  ,2,  ,  ,12,12,1,  ,  ,B12,24.177951,120.670313,3
2018,11,20,15,40,臺中市,南屯區,0,0,,8,,,50,,,,,,,,,,,,,,,,,,,,B02,,,1,,2,,,19,,1,12,,B02,24.140223,120.65439,3
2018,11,20,15,43,臺中市,大甲區,0,2,0,8,1,5,50,3,1,1,5,4,5,7,4,4,10,5,5,2,17,6,2,9,1,1,C03,7,5,1,10,2,11,  ,6,6,1,20,8,C03,24.345389,120.627158,2
2018,11,20,15,50,臺中市,大里區,0,0,,8,,,50,,,,,,,,,,,,,,,,,,,,B03,,,1,,2,,,23,,1,21,,B03,24.104829,120.688203,3
2018,11,20,15,50,臺中市,大肚區,0,1,0,8,1,5,40,3,9,1,5,4,5,7,4,4,10,5,5,2,17,42,2,9,1,1,C03,7,5,1,10,2,14,  ,42,42,1,3,1,C03,24.128597,120.571083,2
2018,11,20,15,58,臺中市,南區,0,1,0,8,1,5,50,4,1,1,5,4,5,7,1,1,10,5,5,2,16,19,3,10,1,1,B03,7,6,1,8,2,2,  ,44,19,1,22,8,B03,24.124169,120.672866,2
2018,11,20,16,2,臺中市,南區,0,0,0,8,,,40,,,,,,,,,,,,,,,,3,  ,  ,  ,B03,  ,  ,1,  ,2,  ,  ,12,  ,1,21,  ,B03,24.119271,120.659664,3
2018,11,20,16,5,臺中市,南區,0,1,0,8,1,5,50,4,1,1,5,4,5,7,1,1,10,5,5,2,16,26,3,10,1,1,B03,7,6,1,8,2,5,  ,26,26,1,21,8,B03,24.131743,120.676354,2
2018,11,20,16,7,臺中市,石岡區,0,1,0,8,1,5,70,8,9,1,5,4,5,7,4,4,3,4,4,1,12,23,2,9,1,1,B12,7,9,1,8,2,1,  ,23,23,1,22,8,B12,24.276886,120.76511,2
2018,11,20,16,8,臺中市,西屯區,0,1,0,8,1,5,50,14,7,1,5,1,5,7,4,4,9,5,4,2,16,26,3,10,3,4,B01,7,11,1,4,2,4,  ,26,26,1,22,8,B01,24.16339,120.637266,2
2018,11,20,16,10,臺中市,東勢區,0,1,0,8,1,5,50,4,2,1,5,4,5,7,1,1,4,1,1,1,13,23,3,10,1,1,B12,7,9,1,8,2,1,  ,23,23,1,22,9,B12,24.259966,120.823211,2
2018,11,20,16,14,臺中市,北區,0,1,0,8,1,5,50,14,9,1,5,4,5,7,4,4,8,3,5,2,12,23,2,9,1,1,C03,7,8,1,10,2,11,  ,23,23,1,5,1,C03,24.144646,120.68188,2