年,月,日,時,分,縣市,區,死,受傷,2-30,天候,光線,道路類別,速限,道路型態,事故位置,路面鋪裝,路面狀態,路面缺陷,障礙物,視距,號誌種類,號誌動作,分向設施,快車道或一般車道間,快慢車道間,路面邊線,事故類型及型態,主要肇因,受傷程度,主要傷處,保護裝備,行動電話,當事者區分_類別,車輛用途,當事者行動狀態,駕駛資格情形,駕駛執照種類,飲酒情形,車輛撞擊部位最初,車輛撞擊部位其他,肇事因素個別,肇事因素主要,肇事逃逸,職業,旅次目的,車種,GPS座標_緯度,GPS座標_經度,事故類別
2018,11,20,16,16,臺中市,西屯區,0,0,,8,,,40,,,,,,,,,,,,,,,,,,,,B12,,,1,,2,,,17,,1,  ,,B12,24.175646,120.644648,3
2018,11,20,16,28,臺中市,西屯區,0,0,,8,,,50,,,,,,,,,,,,,,,,,,,,B03,,,1,,2,,,23,,1,22,,B03,24.18243,120.621021,3
2018,11,20,16,30,臺中市,西屯區,1,0,0,8,2,5,50,11,9,1,5,4,5,7,4,4,1,4,5,2,26,21,1,9,1,1,C03,7,9,1,10,8,12,  ,21,21,1,21,8,C03,24.191017,120.596499,1
2018,11,20,16,30,臺中市,大里區,0,0,0,8,,,60,,,,,,,,,,,,,,,17,  ,  ,  ,  ,C03,  ,  ,6,  ,2,  ,  ,17,17,1,12,  ,C03,24.104571,120.680791,3
2018,11,20,16,31,臺中市,北區,0,0,,8,,,50,,,,,,,,,,,,,,,,,,,,A05,,,1,,2,,,23,,1,  ,,A05,24.156553,120.688458,3
2018,11,20,16,39,臺中市,西區,0,0,,8,1,5,50,14,9,1,5,4,5,7,4,4,5,2,5,2,14,,,,,,B03,,,1,,2,,,12,,1,22,,B03,24.148056,120.661836,3
2018,11,20,16,49,臺中市,梧棲區,0,1,0,8,1,5,50,14,9,1,5,4,5,7,4,4,4,4,5,1,16,10,3,10,3,4,B03,7,11,1,8,2,8,  ,10,10,1,21,8,B03,24.245091,120.537517,2
2018,11,20,16,55,臺中市,沙鹿區,0,0,,8,,,60,,,,,,,,,,,,,,,,,,,,B12,,,7,,11,,,23,,  ,4,,B12,24.240233,120.562903,3
2018,11,20,17,8,臺中市,南屯區,0,0,,8,,,50,,,,,,,,,,,,,,,,,,,,B12,,,1,,2,,,42,,1,  ,,B12,24.142608,120.637153,4
2018,11,20,17,10,臺中市,南區,0,2,0,8,1,5,50,3,1,1,5,4,5,7,4,4,10,5,5,2,16,19,2,9,1,1,C04,7,1,3,18,2,11,  ,19,19,1,22,8,C04,24.115677,120.661766,2
2018,11,20,17,10,臺中市,南屯區,0,0,0,8,2,5,80,14,7,1,5,4,5,7,4,4,1,4,4,2,12,7,3,10,1,1,B03,7,8,1,8,2,2,2,7,7,1,3,3,B03,24.146587,120.605651,3
2018,11,20,17,10,臺中市,龍井區,0,1,0,8,3,5,40,4,1,1,5,4,5,7,4,4,10,5,5,2,16,6,3,10,1,1,B03,7,5,1,8,2,8,  ,6,6,1,12,8,B03,24.221179,120.51923,2
2018,11,20,17,12,臺中市,南區,0,1,0,8,2,5,50,3,1,1,5,4,5,7,4,4,10,5,5,2,13,16,2,8,1,1,C03,7,9,1,10,2,11,  ,16,16,1,21,1,C03,24.124113,120.65671,2
2018,11,20,17,19,臺中市,西屯區,0,0,0,8,3,5,50,14,8,1,5,4,5,7,1,1,9,4,4,2,16,42,3,10,3,4,A02,7,9,1,1,9,6,  ,42,42,2,22,9,A02,24.17672,120.645534,3
2018,11,20,17,20,臺中市,東區,0,1,0,8,1,5,50,3,1,1,5,4,5,7,1,1,10,5,5,2,16,19,3,10,1,1,B03,7,1,1,8,2,8,  ,19,19,1,5,8,B03,24.136463,120.687813,2
2018,11,20,17,20,臺中市,烏日區,0,0,,8,,,40,,,,,,,,,,,,,,,17,,,,,B12,,,1,,2,,,17,17,1,22,,B12,24.085696,120.642275,3
2018,11,20,17,24,臺中市,霧峰區,0,1,0,8,3,5,50,14,9,1,5,4,5,7,4,4,5,2,5,1,13,23,2,8,1,5,F02,7,4,8,20,2,15,  ,23,23,1,22,8,F02,24.063871,120.67563,2
2018,11,20,17,27,臺中市,西區,0,2,0,8,3,5,50,15,7,1,5,4,5,7,1,1,5,2,4,2,13,23,3,10,1,1,A02,7,9,1,2,2,1,  ,23,23,1,10,4,A02,24.142836,120.567369,2
2018,11,20,17,30,臺中市,東區,0,0,0,8,,,40,,,,,,,,,,,,,,,16,  ,  ,  ,  ,C03,  ,  ,1,10,2,  ,  ,16,16,1,  ,  ,C03,24.149301,120.709259,4
2018,11,20,17,30,臺中市,潭子區,0,0,,8,,,60,,,,,,,,,,,,,,,,,,,,B03,,,1,,2,,,42,,1,22,,B03,24.235037,120.709706,3
2018,11,20,17,34,臺中市,北屯區,0,0,0,8,,,80,,,,,,,,,,,,,,,16,  ,  ,  ,  ,B12,  ,  ,1,8,2,  ,  ,16,16,1,21,  ,B12,24.173165,120.72083,3
2018,11,20,17,35,臺中市,沙鹿區,0,0,0,8,,,40,,,,,,,,,,,,,,,19,  ,  ,  ,  ,B12,  ,  ,1,  ,2,  ,  ,19,19,1,4,  ,B12,24.250356,120.581826,3
2018,11,20,17,36,臺中市,沙鹿區,0,1,0,8,2,5,50,14,8,1,5,4,5,7,4,4,4,5,4,2,17,23,2,9,1,1,C03,7,9,1,10,2,12,  ,23,23,1,19,8,C03,24.234397,120.563126,2
2018,11,20,17,40,臺中市,大肚區,0,0,,8,,,40,,,,,,,,,,,,,,,,,,,,B03,,,1,,2,,,23,,1,2,,B03,24.160238,120.538109,3
2018,11,20,17,44,臺中市,北屯區,0,0,,8,,,50,,,,,,,,,,,,,,,,,,,,B03,,,1,,2,,,23,,1,21,,B03,24.170775,120.687774,3
2018,11,20,17,44,臺中市,烏日區,0,1,0,7,3,5,50,14,7,1,5,4,5,7,4,4,5,4,4,2,17,4,3,10,1,1,C03,7,11,1,10,2,11,  ,4,4,1,21,8,C03,24.108553,120.631468,2
2018,11,20,17,47,臺中市,北屯區,0,1,0,8,1,5,80,14,9,1,5,4,5,7,4,4,1,3,5,1,13,23,2,3,1,1,B03,7,9,1,8,2,1,  ,23,23,1,22,8,B03,24.18911,120.722681,2
2018,11,20,17,48,臺中市,南區,0,1,0,8,3,5,50,4,1,1,5,4,5,7,1,1,10,5,5,2,16,6,3,10,1,1,C03,7,5,1,10,2,12,  ,6,6,1,21,8,C03,24.116015,120.649946,2
2018,11,20,17,48,臺中市,梧棲區,0,0,,8,4,5,50,4,1,1,5,4,5,7,4,4,10,5,5,2,16,,,,,,B03,,,1,,2,,,6,,1,9,,B03,24.223376,120.523348,4
2018,11,20,17,50,臺中市,南屯區,0,1,0,8,3,5,50,14,9,1,5,4,5,7,4,4,1,4,5,2,17,26,3,10,3,4,B01,7,14,1,4,2,2,  ,26,26,1,22,8,B01,24.14212,120.6396,2
2018,11,20,17,50,臺中市,太平區,0,0,,8,,,50,,,,,,,,,,,,,,,,,,,,B03,,,1,,2,,,19,,1,  ,,B03,24.136626,120.733563,3
2018,11,20,17,50,臺中市,烏日區,0,1,0,8,4,5,40,3,9,1,5,4,3,5,4,4,10,5,5,2,11,6,3,10,1,1,C03,7,6,1,10,2,14,  ,6,6,1,22,8,C03,24.108631,120.638588,2
2018,11,20,17,50,臺中市,大安區,0,2,0,8,3,5,40,3,1,1,5,4,5,7,4,4,10,5,5,2,15,23,2,7,1,1,C03,7,9,1,10,2,11,  ,23,23,1,4,8,C03,24.362193,120.595261,2
2018,11,20,17,54,臺中市,西屯區,0,2,0,8,3,5,50,3,1,1,5,4,5,7,4,4,10,5,5,2,16,6,2,9,1,1,C03,7,5,1,10,2,12,  ,6,6,1,21,8,C03,24.168545,120.64395,2
2018,11,20,17,55,臺中市,北屯區,0,1,0,8,3,5,40,14,8,1,5,4,5,7,4,4,5,5,4,2,17,23,2,7,4,1,F01,7,9,8,20,2,16,  ,23,23,1,21,8,F01,24.179996,120.720573,2
2018,11,20,17,56,臺中市,南屯區,0,0,,8,,,50,,,,,,,,,,,,,,,,,,,,B03,,,1,,2,,,7,,1,5,,B03,24.14725,120.629772,3
2018,11,20,18,0,臺中市,烏日區,0,0,,8,,,50,,,,,,,,,,,,,,,,,,,,B03,,,1,,2,,,16,,1,  ,,B03,24.108741,120.625357,3
2018,11,20,18,0,臺中市,大雅區,0,0,,8,,,50,,,,,,,,,,,,,,,4,,,,,B03,,,1,,2,,,19,4,1,  ,,B03,24.220546,120.64775,3
2018,11,20,18,1,臺中市,烏日區,0,1,0,8,3,5,60,4,1,1,5,4,5,7,1,1,10,5,5,2,16,23,3,10,1,1,B03,7,5,1,8,2,8,  ,23,23,1,21,8,B03,24.072073,120.64672,2
2018,11,20,18,2,臺中市,大甲區,0,0,,,,,,,,,,,,,,,,,,,,,,,,,B03,,,1,,2,,,17,,1,  ,,B03,24.345491,120.6298,3
2018,11,20,18,4,臺中市,新社區,0,0,0,8,1,5,50,14,9,1,5,4,5,7,4,4,5,5,5,1,13,23,3,10,1,1,B03,7,14,1,8,2,1,  ,23,23,1,9,8,B03,24.217099,120.795894,3
2018,11,20,18,6,臺中市,北區,0,1,0,8,2,5,50,14,9,1,5,4,5,7,4,4,1,4,5,2,13,13,2,7,1,1,C03,7,9,1,10,2,11,  ,13,13,1,22,8,C03,24.149046,120.683737,2
2018,11,20,18,6,臺中市,沙鹿區,0,0,,,,,,,,,,,,,,,,,,,,,,,,,B03,,,1,,2,,,23,,1,21,,B03,24.208836,120.56087,3
2018,11,20,18,7,臺中市,北屯區,0,0,,8,,,40,,,,,,,,,,,,,,,,,,,,B03,,,1,,2,,,12,,1,5,,B03,24.184228,120.690414,3
2018,11,20,18,10,臺中市,西屯區,0,1,0,8,1,5,40,3,1,1,5,4,5,7,4,4,9,5,4,2,16,6,3,10,3,4,C03,7,5,1,10,2,11,  ,6,6,1,22,8,C03,24.171525,120.638245,2
2018,11,20,18,10,臺中市,西屯區,0,1,0,8,2,5,50,14,9,1,5,4,5,7,4,4,1,4,5,2,18,43,2,9,1,1,C03,7,7,1,10,2,14,  ,43,43,1,21,8,C03,24.201039,120.659143,2
2018,11,20,18,10,臺中市,沙鹿區,0,1,0,8,3,5,70,14,7,1,5,4,5,7,4,4,1,4,4,1,13,16,2,2,1,1,B03,7,9,1,8,2,1,  ,16,16,1,3,5,B03,24.245824,120.609861,2
2018,11,20,18,13,臺中市,北區,0,1,0,8,3,5,50,14,9,1,5,4,5,7,1,1,8,3,4,2,12,23,3,10,1,1,C03,7,9,1,10,2,11,  ,23,23,1,22,8,C03,24.158571,120.694303,2
2018,11,20,18,15,臺中市,南區,0,2,0,8,3,5,50,4,1,1,5,4,5,7,1,1,10,5,5,2,12,1,2,9,1,1,C03,7,9,1,10,2,14,  ,1,1,1,22,8,C03,24.128956,120.676761,2
2018,11,20,18,16,臺中市,清水區,0,2,0,8,3,5,40,4,1,1,5,4,5,7,1,1,1,4,4,1,13,23,2,7,1,1,C03,7,9,1,10,2,13,  ,23,23,1,21,8,C03,24.300023,120.59499,2
2018,11,20,18,20,臺中市,南區,0,2,0,8,3,5,50,3,1,1,5,4,5,7,3,1,10,5,5,2,16,8,2,9,1,1,C03,7,9,1,10,2,11,  ,14,8,1,18,8,C03,24.124151,120.677423,2
2018,11,20,18,20,臺中市,西屯區,0,1,0,8,3,5,50,4,1,1,5,4,5,7,1,1,10,5,5,2,29,43,2,9,1,1,C03,7,14,1,10,2,14,  ,43,43,1,21,8,C03,24.187008,120.610167,2
2018,11,20,18,22,臺中市,潭子區,0,2,0,8,3,5,50,4,1,1,5,4,5,7,3,1,10,5,5,2,16,6,2,9,1,1,C03,7,5,1,10,2,13,  ,6,6,1,22,8,C03,24.223243,120.69848,2
2018,11,20,18,23,臺中市,霧峰區,0,1,0,8,1,5,40,3,2,1,5,4,5,7,1,1,10,5,5,2,17,25,3,10,1,1,B12,7,7,1,8,2,4,  ,25,25,1,21,5,B12,24.059497,120.694793,2
2018,11,20,18,27,臺中市,南屯區,0,0,,8,,,50,,,,,,,,,,,,,,,,,,,,B03,,,1,,2,,,42,,1,22,,B03,24.150222,120.602115,3
2018,11,20,18,30,臺中市,南區,0,3,0,8,3,5,50,4,2,1,5,4,5,7,1,1,1,3,4,2,16,6,2,9,1,1,C04,7,6,1,10,2,14,  ,6,6,1,16,8,C04,24.128334,120.681985,2
2018,11,20,18,30,臺中市,大雅區,0,1,0,8,4,5,50,4,1,1,5,4,5,7,3,1,4,5,5,1,15,6,3,10,1,1,C03,7,9,1,10,2,14,  ,6,6,1,22,9,C03,24.217342,120.647533,2
2018,11,20,18,35,臺中市,西屯區,0,0,,8,,,50,,,,,,,,,,,,,,,,,,,,B03,,,1,,2,,,23,,1,  ,,B03,24.193936,120.606963,3
2018,11,20,18,40,臺中市,東勢區,0,1,0,8,3,5,50,14,9,1,5,4,5,7,4,4,5,5,5,1,17,4,2,9,4,5,F03,7,9,8,20,2,16,  ,4,4,1,19,8,F03,24.260521,120.825768,2
2018,11,20,18,50,臺中市,北屯區,0,1,0,8,3,5,40,4,1,1,5,4,5,7,4,4,10,5,5,2,15,6,3,10,3,4,B12,7,9,1,8,2,8,  ,6,6,1,21,8,B12,24.174791,120.678413,2
2018,11,20,18,55,臺中市,大里區,0,1,0,8,3,5,50,4,1,1,5,4,5,7,1,1,10,5,5,2,17,10,3,10,1,1,B12,7,11,6,18,2,15,  ,10,10,1,12,8,B12,24.109444,120.667105,2
2018,11,20,18,58,臺中市,西屯區,0,0,,8,,,50,,,,,,,,,,,,,,,,,,,,B03,,,1,,2,,,42,,1,22,,B03,24.171573,120.638211,3
2018,11,20,19,0,臺中市,霧峰區,0,1,0,8,3,5,40,4,2,1,5,4,5,7,4,4,5,5,5,1,18,1,2,9,1,1,C03,7,4,1,10,2,12,  ,1,1,1,18,8,C03,24.072635,120.716018,2
2018,11,20,19,0,臺中市,梧棲區,0,1,0,8,3,5,40,14,9,3,5,2,5,7,4,4,10,5,5,2,18,43,2,9,1,1,C03,7,9,1,10,2,14,  ,43,43,1,9,1,C03,24.230603,120.525838,2
2018,11,20,19,8,臺中市,西屯區,0,3,0,8,2,5,50,4,1,1,5,4,5,7,1,1,10,5,5,2,16,6,2,9,1,1,C03,7,5,1,10,2,12,  ,6,6,1,21,8,C03,24.169766,120.647891,2
2018,11,20,19,12,臺中市,北區,0,0,,8,,,50,,,,,,,,,,,,,,,,,,,,B03,,,1,,2,,,12,,1,  ,,B03,24.166877,120.676147,3
2018,11,20,19,21,臺中市,北區,0,0,0,8,,,50,,,,,,,,,,,,,,,16,3,  ,  ,  ,B03,  ,  ,1,8,2,8,  ,16,16,  ,21,  ,B03,24.154901,120.686107,3
2018,11,20,19,24,臺中市,北區,0,1,0,8,2,5,40,5,2,1,5,4,5,7,1,1,10,5,5,2,18,23,2,9,1,1,C03,7,6,1,10,2,12,  ,23,23,1,22,8,C03,24.155709,120.675452,2
2018,11,20,19,25,臺中市,大肚區,0,1,0,8,3,5,50,3,2,1,5,4,5,7,2,1,4,2,5,1,13,23,2,9,1,1,C03,7,9,1,10,2,11,  ,23,23,1,4,5,C03,24.151229,120.545285,2
2018,11,20,19,30,臺中市,潭子區,0,0,,8,,,60,,,,,,,,,,,,,,,,,,,,B03,,,1,,2,,,19,,1,22,,B03,24.233345,120.709065,3
2018,11,20,19,40,臺中市,南屯區,0,0,0,8,3,5,50,4,1,1,5,4,5,7,2,1,10,5,5,2,12,26,3,10,1,1,B03,7,9,1,8,2,5,5,26,26,1,5,3,B03,24.158254,120.63417,3
2018,11,20,19,40,臺中市,大雅區,0,1,0,8,4,5,50,4,1,1,5,4,5,7,2,1,5,5,5,1,12,23,3,10,1,1,B03,7,14,1,8,2,1,  ,23,23,1,22,9,B03,24.222695,120.646552,2
2018,11,20,19,46,臺中市,東勢區,0,2,0,8,3,5,60,14,7,1,5,4,5,7,1,1,1,4,4,1,12,42,3,10,1,1,B03,7,7,1,8,2,1,  ,42,42,1,21,8,B03,24.217678,120.837498,2
2018,11,20,20,0,臺中市,西屯區,0,1,0,8,3,5,50,14,7,1,5,4,5,7,4,4,3,4,4,2,18,43,2,9,1,1,C03,7,9,1,10,2,14,  ,43,43,1,21,8,C03,24.181723,120.626059,2
2018,11,20,20,10,臺中市,西區,0,0,,8,,,50,,,,,,,,,,,,,,,,,,,,B03,,,1,,2,,,12,,1,5,,B03,24.134382,120.662525,4
2018,11,20,20,10,臺中市,龍井區,0,1,0,8,3,5,40,14,9,1,5,4,5,7,4,4,5,4,5,1,27,43,2,7,1,1,C03,7,9,1,10,2,11,  ,43,43,1,12,8,C03,24.201736,120.529475,2
2018,11,20,20,20,臺中市,大里區,0,1,0,8,3,5,50,3,1,1,5,4,5,7,4,4,10,5,5,2,11,23,3,10,1,1,C03,7,9,1,10,2,14,  ,23,23,1,21,3,C03,24.088917,120.700408,2
2018,11,20,20,31,臺中市,霧峰區,0,2,0,8,3,5,50,3,1,1,5,4,5,7,3,1,5,2,5,1,16,23,2,9,1,1,C03,7,6,1,10,2,14,  ,23,23,1,22,8,C03,24.070451,120.679961,2
2018,11,20,20,33,臺中市,南屯區,0,0,,8,,,50,,,,,,,,,,,,,,,,,,,,B03,,,1,,2,,,16,,1,4,,B03,24.146905,120.642308,3
2018,11,20,20,48,臺中市,北區,0,0,,8,3,5,50,5,1,1,5,4,5,7,2,1,8,3,5,2,15,,,,,,B03,,,1,,2,,,6,,1,19,,B03,24.155282,120.698332,3
2018,11,20,20,59,臺中市,中區,0,1,0,8,3,5,50,4,1,1,5,4,5,7,4,4,10,5,5,2,17,26,3,10,3,4,C03,7,5,1,10,2,15,  ,26,26,1,21,8,C03,24.145219,120.677844,2
2018,11,20,20,59,臺中市,北屯區,0,0,,8,,,50,,,,,,,,,,,,,,,,,,,,B12,,,1,,2,,,16,,1,  ,,B12,24.173443,120.676714,3
2018,11,20,20,59,臺中市,東勢區,0,0,,8,,,50,,,,,,,,,,,,,,,,,,,,B12,,,1,,2,,,44,,1,  ,,B12,24.260134,120.831223,3
2018,11,20,21,13,臺中市,沙鹿區,0,3,0,8,3,5,40,14,13,1,5,4,5,7,4,4,1,4,4,1,12,23,2,9,1,1,C03,7,9,3,18,2,12,  ,23,23,1,20,8,C03,24.242343,120.622501,2
2018,11,20,21,30,臺中市,大里區,0,1,0,8,3,5,50,5,1,1,5,4,5,7,1,1,10,5,5,2,17,25,2,9,1,1,C03,7,9,1,10,2,12,  ,25,25,1,21,5,C03,24.093813,120.700527,2
2018,11,20,21,38,臺中市,大雅區,0,3,0,8,3,5,50,4,1,1,5,4,5,7,1,1,1,4,5,1,15,21,2,9,1,1,C03,7,9,6,18,3,11,  ,21,21,1,22,8,C03,24.233357,120.663559,2
2018,11,20,21,47,臺中市,北區,0,0,,8,,,50,,,,,,,,,,,,,,,,,,,,C03,,,1,,2,,,23,,1,  ,,C03,24.145731,120.675384,3
2018,11,20,22,0,臺中市,烏日區,0,1,0,8,1,5,70,14,13,1,5,4,5,7,4,4,1,4,4,1,9,23,2,9,1,1,C03,7,9,1,10,2,14,  ,23,23,1,21,8,C03,24.11169,120.597839,2
2018,11,20,22,11,臺中市,南屯區,0,2,0,8,1,5,50,4,1,1,5,4,5,7,2,1,10,5,5,2,16,6,3,10,3,4,B03,7,5,1,8,2,2,  ,6,6,1,22,9,B03,24.14618,120.633941,2
2018,11,20,22,16,臺中市,太平區,0,0,,8,,,80,,,,,,,,,,,,,,,,,,,,B03,,,1,,2,,,7,,1,5,,B03,24.133392,120.708026,3
2018,11,20,22,16,臺中市,東勢區,0,1,0,8,3,5,60,14,12,1,5,4,5,7,4,4,1,4,4,1,12,23,2,9,1,1,C03,7,8,2,18,2,11,  ,23,23,1,21,8,C03,24.24894,120.830012,2
2018,11,20,22,27,臺中市,南區,0,1,0,8,3,5,50,14,9,1,5,4,5,7,3,1,1,5,5,2,16,10,3,10,1,1,B03,7,11,1,8,2,4,  ,10,10,1,3,5,B03,24.113151,120.647137,2
2018,11,20,22,27,臺中市,霧峰區,0,0,,8,,,50,,,,,,,,,,,,,,,,,,,,C03,,,1,,2,,,23,,1,20,,C03,24.059668,120.694835,3
2018,11,20,22,35,臺中市,南屯區,0,1,0,8,1,5,50,4,1,1,5,4,5,7,2,1,10,5,5,2,16,19,3,10,3,4,B01,7,1,1,7,2,8,  ,19,19,1,22,9,B01,24.155602,120.646935,2
2018,11,20,22,38,臺中市,北區,0,0,,8,,,50,,,,,,,,,,,,,,,,,,,,B03,,,1,,2,,,23,,1,22,,B03,24.160913,120.698556,3
2018,11,20,22,40,臺中市,北屯區,0,1,0,8,3,5,50,4,18,1,5,4,5,7,1,1,10,5,5,2,3,15,3,10,1,1,B03,7,5,1,8,2,8,  ,15,15,1,21,8,B03,24.174349,120.685928,2
2018,11,20,22,44,臺中市,北屯區,0,1,0,8,3,5,50,4,2,1,5,4,5,7,1,1,5,5,4,2,18,43,2,9,1,1,C03,7,9,1,10,2,14,  ,43,43,1,22,8,C03,24.179839,120.694948,2
2018,11,20,22,53,臺中市,西屯區,0,1,0,8,3,5,50,14,7,1,5,4,5,7,4,4,10,5,5,2,13,21,3,10,1,1,B03,7,9,1,8,7,1,  ,21,21,1,21,8,B03,24.182593,120.616517,2
2018,11,20,22,55,臺中市,潭子區,0,0,,8,,,50,,,,,,,,,,,,,,,,,,,,B03,,,1,,2,,,12,,1,22,,B03,24.21338,120.700559,3
2018,11,20,22,57,臺中市,北屯區,0,1,0,8,1,5,50,4,2,1,5,4,5,7,1,1,3,2,4,2,16,6,3,10,1,1,B03,7,6,1,8,2,3,  ,6,6,1,21,8,B03,24.164968,120.695387,2
2018,11,20,23,0,臺中市,西屯區,0,0,,8,,,50,,,,,,,,,,,,,,,,,,,,A11,,,1,,2,,,6,,1,21,,A11,24.164201,120.640643,3
2018,11,20,23,0,臺中市,外埔區,0,0,,8,,,40,,,,,,,,,,,,,,,,,,,,B03,,,1,,1,,,44,,1,  ,,B03,24.342924,120.634363,3
2018,11,20,23,14,臺中市,北區,0,1,0,7,3,5,50,14,7,1,5,4,5,7,4,4,1,4,5,2,26,23,2,9,1,1,C03,7,9,1,10,2,11,  ,23,23,1,5,8,C03,24.1574,120.667515,2
2018,11,20,23,30,臺中市,梧棲區,0,1,0,8,3,5,40,14,9,1,5,2,1,7,4,4,10,5,5,2,18,23,2,9,1,1,C03,7,9,1,10,2,11,  ,23,23,1,9,1,C03,24.232593,120.518717,2
2018,11,20,23,33,臺中市,西屯區,0,0,,8,,,50,,,,,,,,,,,,,,,,,,,,C03,,,1,,2,,,23,,1,22,,C03,24.190963,120.595471,3
2018,11,20,23,46,臺中市,西屯區,0,0,,8,,,40,,,,,,,,,,,,,,,23,,,,,B03,,,1,,2,,,44,23,1,21,,B03,24.160611,120.636522,3
2018,11,20,23,58,臺中市,潭子區,0,1,0,8,3,5,50,4,1,1,5,4,5,7,1,1,10,5,5,2,16,8,3,10,1,1,B03,7,5,1,8,2,8,  ,8,8,1,22,8,B03,24.216038,120.691302,2
2018,11,21,0,30,臺中市,南屯區,0,1,0,8,3,5,50,4,1,1,5,4,5,7,3,1,10,5,5,2,15,6,2,8,1,1,C03,7,9,1,10,2,11,  ,6,6,1,22,9,C03,24.158255,120.634102,2
2018,11,21,0,40,臺中市,中區,0,0,,8,,,50,,,,,,,,,,,,,,,,,,,,C03,,,1,,2,,,25,,1,22,,C03,24.146213,120.679823,3
2018,11,21,1,54,臺中市,南屯區,0,2,0,8,3,5,50,4,1,1,5,4,5,7,4,4,10,5,5,2,15,6,3,10,3,4,B02,7,9,1,8,2,1,  ,6,6,1,22,9,B02,24.145493,120.642616,2
2018,11,21,3,8,臺中市,北屯區,0,1,0,8,3,5,50,4,1,1,5,4,5,7,1,1,10,5,5,2,13,16,2,9,1,1,C03,7,9,1,11,3,11,  ,16,16,1,21,8,C03,24.149192,120.611841,2
2018,11,21,6,20,臺中市,大里區,0,0,,8,,,50,,,,,,,,,,,,,,,,,,,,C03,,,7,,11,,,6,,1,22,,C03,24.108776,120.689915,3
2018,11,21,6,20,臺中市,梧棲區,0,1,0,8,1,5,50,4,2,1,5,4,5,7,1,1,10,5,5,2,15,25,2,9,1,1,C03,7,9,1,10,2,11,  ,25,25,1,9,8,C03,24.256083,120.545857,2
2018,11,21,6,40,臺中市,大甲區,0,2,0,8,1,5,70,3,1,1,5,4,5,7,4,4,10,5,5,2,16,6,3,10,1,1,B03,7,6,1,8,1,5,  ,6,6,1,22,8,B03,24.402627,120.641481,2
2018,11,21,6,49,臺中市,西屯區,0,1,0,8,1,5,40,4,1,1,5,4,5,7,2,1,10,5,5,2,16,42,3,10,1,1,B12,7,6,1,8,2,2,  ,42,42,1,21,8,B12,24.183041,120.593193,2
2018,11,21,6,55,臺中市,南屯區,0,2,0,8,1,5,50,4,2,1,5,4,5,7,1,1,10,5,5,2,16,10,2,1,1,1,B03,7,11,1,8,2,8,  ,10,10,1,22,9,B03,24.14384,120.652991,2
2018,11,21,6,59,臺中市,南屯區,0,2,0,8,1,5,40,14,7,1,5,4,5,7,4,4,5,5,4,2,16,26,2,9,3,4,C03,7,11,1,10,2,12,  ,26,26,1,22,8,C03,24.140816,120.609917,2
2018,11,21,7,0,臺中市,北區,0,0,0,8,,,50,,,,,,,,,,,,,,,23,3,  ,  ,  ,B03,  ,  ,1,  ,2,  ,  ,23,23,1,5,  ,B03,24.163251,120.67868,3
2018,11,21,7,4,臺中市,北區,0,2,0,8,1,5,50,4,1,1,5,4,5,7,1,1,10,5,5,2,17,7,2,9,1,1,C03,7,9,1,10,2,11,  ,23,7,1,22,8,C03,24.171455,120.67588,2
2018,11,21,7,14,臺中市,南屯區,0,0,,8,,,50,,,,,,,,,,,,,,,,,,,,B03,,,1,,2,,,25,,1,5,,B03,24.149806,120.622748,3
2018,11,21,7,16,臺中市,后里區,0,0,,8,3,8,40,14,13,2,5,2,3,7,4,4,10,5,5,2,13,,,,,,C03,,,1,,2,,,23,,1,  ,,C03,24.290705,120.723215,4
2018,11,21,7,20,臺中市,西屯區,0,1,0,8,1,5,50,5,1,1,5,4,5,7,1,1,3,3,4,2,12,43,3,10,1,1,B03,7,6,1,8,2,6,  ,43,43,1,22,9,B03,24.179395,120.634315,2
2018,11,21,7,21,臺中市,西屯區,0,1,0,8,1,5,50,14,8,1,5,4,5,7,4,4,5,5,4,2,13,16,2,9,1,1,C03,7,9,1,10,2,11,  ,16,16,1,21,8,C03,24.172896,120.637246,2
2018,11,21,7,21,臺中市,沙鹿區,0,1,0,8,1,5,50,14,7,1,5,4,5,7,4,4,1,4,4,2,13,23,2,9,1,1,C03,7,9,1,10,2,11,  ,23,23,1,21,8,C03,24.205435,120.567559,2
2018,11,21,7,25,臺中市,大雅區,0,1,0,8,1,5,40,4,1,1,5,4,5,7,4,4,10,5,5,2,17,6,2,9,1,1,C03,7,9,1,10,2,11,  ,23,6,1,22,9,C03,24.22134,120.65897,2
2018,11,21,7,25,臺中市,大雅區,0,0,,8,,,50,,,,,,,,,,,,,,,,,,,,C03,,,1,,2,,,23,,1,  ,,C03,24.216039,120.649239,3
2018,11,21,7,38,臺中市,北屯區,0,0,0,8,,,50,,,,,,,,,,,,,,,6,  ,  ,  ,  ,B03,  ,  ,1,  ,2,  ,  ,6,6,1,22,  ,B03,24.16953,120.711643,3