年,月,日,時,分,縣市,區,死,受傷,2-30,天候,光線,道路類別,速限,道路型態,事故位置,路面鋪裝,路面狀態,路面缺陷,障礙物,視距,號誌種類,號誌動作,分向設施,快車道或一般車道間,快慢車道間,路面邊線,事故類型及型態,主要肇因,受傷程度,主要傷處,保護裝備,行動電話,當事者區分_類別,車輛用途,當事者行動狀態,駕駛資格情形,駕駛執照種類,飲酒情形,車輛撞擊部位最初,車輛撞擊部位其他,肇事因素個別,肇事因素主要,肇事逃逸,職業,旅次目的,車種,GPS座標_緯度,GPS座標_經度,事故類別
2018,11,21,7,39,臺中市,西屯區,0,0,,8,,,40,,,,,,,,,,,,,,,,,,,,B03,,,1,,2,,,16,,  ,4,,B03,24.199202,120.624136,3
2018,11,21,7,40,臺中市,北屯區,0,3,0,8,1,5,40,3,2,1,5,4,5,7,4,4,1,4,1,2,13,16,2,7,1,1,C03,7,9,1,10,2,11,  ,16,16,1,18,8,C03,24.178581,120.720963,2
2018,11,21,7,43,臺中市,北屯區,0,1,0,8,1,5,50,4,1,1,5,4,5,7,1,1,1,3,5,2,16,26,3,10,1,1,B03,7,6,1,8,2,2,  ,26,26,1,21,8,B03,24.182101,120.719148,2
2018,11,21,7,46,臺中市,西區,0,0,0,8,1,5,50,14,9,1,5,4,5,7,4,4,5,4,5,2,17,42,3,10,1,1,C03,7,6,4,11,2,13,  ,42,42,1,21,8,C03,24.146672,120.663279,3
2018,11,21,7,46,臺中市,龍井區,0,2,0,8,1,5,50,4,1,1,5,4,5,7,3,1,10,5,5,2,15,6,2,9,1,1,C03,7,9,1,10,3,12,  ,6,6,1,12,1,C03,24.21423,120.513763,2
2018,11,21,7,48,臺中市,神岡區,0,0,,8,,,50,,,,,,,,,,,,,,,,,,,,B03,,,1,,2,,,19,,1,22,,B03,24.258837,120.672501,3
2018,11,21,7,50,臺中市,大甲區,0,1,0,8,1,5,50,8,22,1,5,4,5,7,4,4,1,2,1,2,17,42,2,8,1,1,C03,7,9,1,10,2,11,  ,23,42,1,9,8,C03,24.396295,120.658051,2
2018,11,21,7,55,臺中市,大里區,0,0,,8,,,40,,,,,,,,,,,,,,,,,,,,B03,,,1,,2,,,23,,1,  ,,B03,24.09396,120.691671,3
2018,11,21,7,57,臺中市,西屯區,0,1,0,8,1,5,50,3,2,1,5,4,5,7,4,4,5,4,4,2,17,43,3,10,3,4,B01,7,9,6,18,2,15,  ,43,43,2,22,8,B01,24.18098,120.64522,2
2018,11,21,8,1,臺中市,南區,0,0,0,8,,,50,,,,,,,,,,,,,,,43,  ,  ,  ,  ,C03,  ,  ,7,  ,11,  ,  ,43,43,  ,22,  ,C03,24.119448,120.65615,3
2018,11,21,8,3,臺中市,北區,0,0,,8,,,50,,,,,,,,,,,,,,,,,,,,C03,,,1,,2,,,16,,1,22,,C03,24.1716,120.6688,3
2018,11,21,8,13,臺中市,北屯區,0,1,0,8,1,5,50,4,1,1,5,4,5,7,1,1,1,2,1,2,16,26,3,10,1,1,B12,7,6,1,8,2,5,  ,26,26,1,9,8,B12,24.175,120.7212,2
2018,11,21,8,15,臺中市,梧棲區,0,0,,8,,,50,,,,,,,,,,,,,,,,,,,,B12,,,1,,2,,,23,,  ,  ,,B12,24.261018,120.539083,4
2018,11,21,8,17,臺中市,東區,0,1,0,8,1,5,50,3,1,1,5,4,5,7,1,1,10,5,5,2,17,6,3,10,1,1,B12,7,5,1,8,2,8,  ,6,6,1,21,8,B12,24.140643,120.709363,2
2018,11,21,8,19,臺中市,北區,0,2,0,8,1,5,50,14,7,1,5,4,5,7,4,4,5,5,4,2,13,16,2,9,1,1,C03,7,9,1,10,2,11,  ,16,16,1,5,8,C03,24.159179,120.669641,2
2018,11,21,8,19,臺中市,西屯區,0,0,,8,,,40,,,,,,,,,,,,,,,,,,,,B03,,,1,,2,,,23,,1,22,,B03,24.174788,120.633826,3
2018,11,21,8,20,臺中市,大雅區,0,2,0,8,1,5,50,4,1,1,5,4,5,7,4,4,10,5,5,2,12,23,2,9,1,1,C03,7,9,1,10,2,11,  ,23,23,1,22,9,C03,24.227238,120.647993,2
2018,11,21,8,28,臺中市,西屯區,0,0,,8,,,50,,,,,,,,,,,,,,,,,,,,B03,,,1,,2,,,7,,1,22,,B03,24.172362,120.634438,3
2018,11,21,8,28,臺中市,清水區,0,0,0,8,,,50,,,,,,,,,,,,,,,6,  ,  ,  ,  ,B03,  ,  ,  ,  ,  ,  ,  ,6,6,1,19,  ,B03,24.269225,120.578675,3
2018,11,21,8,30,臺中市,西屯區,0,0,,8,,,50,,,,,,,,,,,,,,,,,,,,B03,,,1,,2,,,23,,1,22,,B03,24.192855,120.606456,3
2018,11,21,8,31,臺中市,西區,0,0,,8,,,50,,,,,,,,,,,,,,,,,,,,B01,,,1,,2,,,23,,1,10,,B01,24.148208,120.673989,3
2018,11,21,8,39,臺中市,西區,0,4,0,8,1,5,50,4,1,1,5,4,5,7,1,1,10,5,5,2,15,25,2,9,1,1,C03,7,9,1,10,2,12,  ,25,25,1,22,8,C03,24.132151,120.661719,2
2018,11,21,8,40,臺中市,太平區,0,1,0,8,1,5,50,3,1,1,5,4,5,7,2,1,10,5,5,2,17,42,2,9,3,4,C03,7,1,1,10,2,14,  ,42,42,1,5,8,C03,24.11913,120.722454,2
2018,11,21,8,45,臺中市,北屯區,0,1,0,8,1,5,50,4,1,1,5,4,5,7,1,1,10,5,5,2,15,25,3,10,1,1,B03,7,9,1,8,2,5,  ,25,25,1,21,8,B03,24.17249,120.694323,2
2018,11,21,8,46,臺中市,大里區,0,1,0,8,1,5,50,4,2,1,5,4,5,7,1,1,5,5,5,1,17,19,2,9,2,1,C03,7,1,1,10,2,11,  ,19,19,1,21,9,C03,24.084176,120.708646,2
2018,11,21,8,51,臺中市,西屯區,0,0,,8,,,40,,,,,,,,,,,,,,,,,,,,B03,,,1,,2,,,17,,1,21,,B03,24.193006,120.615373,3
2018,11,21,8,52,臺中市,北區,0,2,0,8,1,5,50,14,7,1,5,4,5,7,4,4,5,5,4,2,13,16,2,9,1,1,C03,7,9,1,10,2,11,  ,16,16,1,22,8,C03,24.1675,120.6827,2
2018,11,21,8,53,臺中市,北區,0,1,0,8,1,5,50,14,7,1,5,4,5,7,4,4,2,4,5,2,17,23,2,9,1,1,C03,7,9,1,10,2,14,  ,23,23,1,5,8,C03,24.148777,120.683592,2
2018,11,21,8,56,臺中市,西屯區,0,2,0,8,1,5,50,4,1,1,5,4,5,7,1,1,10,5,5,2,16,26,2,9,1,1,C03,7,5,1,10,2,12,  ,26,26,1,4,8,C03,24.185153,120.644573,2
2018,11,21,9,1,臺中市,北屯區,0,1,0,8,1,5,50,14,7,1,5,4,5,7,4,4,1,4,5,2,18,23,2,9,3,4,C03,7,9,1,10,2,14,  ,23,23,1,21,8,C03,24.200621,120.688671,2
2018,11,21,9,5,臺中市,南區,0,2,0,8,1,5,50,14,9,1,5,4,5,7,1,1,1,2,5,2,13,16,2,8,1,1,C03,7,9,1,10,2,11,  ,16,16,1,21,8,C03,24.128125,120.669341,2
2018,11,21,9,5,臺中市,新社區,0,2,0,8,1,5,40,14,9,1,5,4,5,7,4,4,10,5,5,2,11,23,2,9,1,1,C03,7,9,1,10,2,11,  ,23,23,1,9,8,C03,24.240671,120.807528,2
2018,11,21,9,17,臺中市,潭子區,0,2,0,8,4,5,40,11,9,1,5,4,5,7,4,4,10,5,5,1,11,23,2,9,1,1,C03,7,9,1,10,2,11,  ,23,23,1,22,8,C03,24.203786,120.713484,2
2018,11,21,9,19,臺中市,西屯區,0,1,0,8,1,5,40,3,2,1,5,4,5,7,4,4,5,4,4,2,17,8,2,9,3,4,C03,7,9,1,10,2,14,  ,23,8,1,22,8,C03,24.18739,120.642203,2
2018,11,21,9,20,臺中市,梧棲區,0,0,,8,,,70,,,,,,,,,,,,,,,23,,,,,B03,,,1,,2,,,44,23,  ,  ,,B03,24.250195,120.536172,4
2018,11,21,9,23,臺中市,大雅區,0,1,0,8,1,5,40,14,9,1,5,4,5,7,4,4,10,5,5,2,17,11,2,9,1,1,C03,7,11,1,10,2,14,  ,11,11,1,22,9,C03,24.217369,120.635796,2
2018,11,21,9,25,臺中市,中區,0,1,0,8,1,5,50,4,1,1,5,4,5,7,2,1,10,5,5,2,3,15,3,10,1,1,B12,7,5,1,8,2,1,  ,15,15,1,21,8,B12,24.142287,120.684456,2
2018,11,21,9,25,臺中市,外埔區,0,1,0,8,1,5,50,14,13,1,5,4,5,7,4,4,9,5,5,1,12,23,2,9,3,4,B03,7,9,1,8,2,5,  ,23,23,1,22,8,B03,24.346558,120.648471,2
2018,11,21,9,29,臺中市,西屯區,0,1,0,8,1,5,50,14,12,1,5,4,5,7,4,4,5,4,4,2,12,43,2,9,1,1,C03,7,9,1,10,2,12,  ,43,43,1,22,8,C03,24.183448,120.629166,2
2018,11,21,9,30,臺中市,北屯區,0,0,0,8,,,40,,,,,,,,,,,,,,,23,  ,  ,  ,  ,B03,  ,  ,1,  ,2,  ,  ,23,23,1,5,  ,B03,24.201251,120.688271,3
2018,11,21,9,34,臺中市,中區,0,1,0,8,1,5,50,14,8,1,5,4,5,7,4,4,5,5,4,2,12,42,2,9,1,1,C03,7,8,3,18,2,14,  ,42,42,1,5,8,C03,24.144424,120.67603,2
2018,11,21,9,37,臺中市,南屯區,0,0,0,8,,,50,,,,,,,,,,,,,,,23,  ,  ,  ,  ,B03,  ,  ,1,8,2,  ,  ,23,23,1,12,  ,B03,24.150575,120.621237,3
2018,11,21,9,50,臺中市,潭子區,0,1,0,8,1,5,50,4,1,1,2,4,5,7,1,1,5,4,5,1,18,23,2,9,1,1,C03,7,6,1,10,2,12,  ,23,23,1,22,9,C03,24.217994,120.723583,2
2018,11,21,9,50,臺中市,潭子區,0,1,0,8,1,5,40,12,9,1,2,4,5,7,4,4,10,5,5,2,18,23,2,8,1,1,C03,7,9,1,10,2,15,  ,23,23,1,22,9,C03,24.218071,120.725509,2
2018,11,21,9,50,臺中市,大雅區,0,1,0,8,1,5,50,4,1,1,5,4,5,7,3,1,10,5,5,2,12,23,2,9,1,1,C03,7,9,1,10,2,11,  ,23,23,1,22,9,C03,24.23122,120.673095,2
2018,11,21,9,51,臺中市,大雅區,0,1,0,8,1,5,50,14,8,1,5,4,5,7,4,4,9,4,5,1,17,23,2,9,1,1,C03,7,9,1,10,2,12,  ,23,23,1,22,9,C03,24.21597,120.66095,2
2018,11,21,9,54,臺中市,北區,0,1,0,8,1,5,50,3,1,1,5,4,5,7,4,4,1,5,5,2,16,7,3,10,1,1,C03,7,10,1,10,2,12,  ,7,7,1,5,8,C03,24.163159,120.674392,2
2018,11,21,9,55,臺中市,西屯區,0,2,0,8,1,5,50,14,9,1,5,4,5,7,4,4,5,4,5,2,16,26,2,7,1,1,C03,7,5,1,10,2,12,  ,26,26,1,22,8,C03,24.181213,120.644988,2
2018,11,21,9,57,臺中市,太平區,0,0,,8,,,40,,,,,,,,,,,,,,,,,,,,B12,,,1,,2,,,12,,1,10,,B12,24.132834,120.712051,3
2018,11,21,9,58,臺中市,西區,0,2,0,8,1,5,50,4,1,1,5,4,5,7,1,1,10,5,5,2,16,6,2,9,1,1,C03,7,5,1,10,2,14,  ,6,6,1,5,5,C03,24.148806,120.652209,2
2018,11,21,10,0,臺中市,大雅區,0,0,,8,,,40,,,,,,,,,,,,,,,,,,,,A41,,,1,,2,,,23,,1,  ,,A41,24.15894,120.648457,3
2018,11,21,10,3,臺中市,東區,0,0,0,8,,,50,,,,,,,,,,,,,,,,3,  ,  ,  ,B03,  ,  ,1,  ,2,  ,  ,26,  ,1,21,  ,B03,24.141128,120.710433,3
2018,11,21,10,10,臺中市,中區,0,1,0,8,1,5,50,14,9,1,5,4,5,7,4,4,5,4,5,2,12,43,2,9,1,1,C03,7,9,1,10,2,14,  ,43,43,1,21,8,C03,24.143936,120.681095,2
2018,11,21,10,10,臺中市,南區,0,1,0,8,1,5,50,14,9,1,5,4,5,7,4,4,9,5,4,2,17,40,3,10,1,1,B03,7,14,1,8,2,4,  ,40,40,1,21,8,B03,24.113878,120.65987,2
2018,11,21,10,10,臺中市,北屯區,0,1,0,8,1,5,50,14,8,1,5,4,5,7,4,4,1,1,1,2,13,23,2,8,1,1,C03,7,9,1,10,2,11,12,23,23,1,21,8,C03,24.161393,120.730373,2
2018,11,21,10,16,臺中市,北區,0,2,0,8,1,5,50,4,1,1,5,4,5,7,1,1,10,5,5,2,15,25,2,9,1,1,C03,7,9,1,10,2,14,  ,25,25,1,22,8,C03,24.155246,120.667028,2
2018,11,21,10,28,臺中市,西屯區,0,0,,8,,,50,,,,,,,,,,,,,,,,,,,,B03,,,1,,2,,,42,,1,5,,B03,24.199763,120.65613,3
2018,11,21,10,29,臺中市,北屯區,0,0,,8,,,50,,,,,,,,,,,,,,,,,,,,B11,,,1,,2,,,12,,1,10,,B11,24.1775,120.6824,3
2018,11,21,10,31,臺中市,南區,0,1,0,8,1,5,50,3,1,1,5,4,5,7,1,1,10,5,5,2,15,25,2,9,1,1,C03,7,9,4,8,2,11,  ,25,25,1,20,5,C03,24.12716,120.66598,2
2018,11,21,10,31,臺中市,西屯區,0,2,0,8,1,5,40,14,8,1,5,4,5,7,4,4,3,4,3,2,16,7,2,9,1,1,C03,7,8,1,10,2,12,  ,7,7,1,4,8,C03,24.162348,120.650636,2
2018,11,21,10,36,臺中市,西屯區,0,2,0,8,1,5,50,14,9,1,5,4,5,7,4,4,5,4,5,2,3,51,2,9,1,1,H01,8,16,8,20,10,16,  ,51,51,1,22,8,H01,24.19333,120.606768,2
2018,11,21,10,37,臺中市,東區,0,0,0,8,,,50,,,,,,,,,,,,,,,26,  ,  ,  ,  ,B12,  ,  ,3,  ,2,  ,  ,26,26,1,10,  ,B12,24.128987,120.690203,3
2018,11,21,10,47,臺中市,烏日區,0,0,,8,,,70,,,,,,,,,,,,,,,16,,,,,B03,,,1,,2,,,44,16,1,22,,B03,24.111378,120.59776,3
2018,11,21,10,54,臺中市,西屯區,0,0,0,8,,,50,,,,,,,,,,,,,,,16,  ,  ,  ,  ,B03,  ,  ,1,  ,2,  ,  ,16,16,1,22,  ,B03,24.169183,120.638991,3
2018,11,21,10,55,臺中市,南屯區,0,0,,8,,,50,,,,,,,,,,,,,,,,,,,,B03,,,1,,2,,,7,,1,5,,B03,24.151063,120.641815,3
2018,11,21,10,55,臺中市,大里區,0,1,0,8,1,5,50,14,7,1,5,4,5,7,4,4,9,4,4,1,16,19,2,9,1,1,C03,7,1,1,10,2,11,  ,19,19,1,22,9,C03,24.117691,120.688952,2
2018,11,21,11,0,臺中市,大甲區,0,0,,8,,,50,,,,,,,,,,,,,,,,,,,,B03,,,1,,2,,,10,,1,22,,B03,24.351236,120.621762,3
2018,11,21,11,5,臺中市,大肚區,0,1,0,8,1,5,50,3,1,1,5,4,5,7,4,4,10,5,5,2,16,27,3,10,1,1,B03,7,5,1,8,2,4,  ,27,27,1,8,1,B03,24.150505,120.546798,2
2018,11,21,11,7,臺中市,西屯區,0,2,0,8,1,5,50,3,1,1,5,4,5,7,1,1,4,3,2,2,11,8,2,8,1,1,C04,7,5,1,11,2,14,  ,8,8,1,22,9,C04,24.160481,120.656586,2
2018,11,21,11,16,臺中市,霧峰區,0,0,,8,,,70,,,,,,,,,,,,,,,,,,,,B03,,,1,,2,,,23,,1,  ,,B03,24.093936,120.691636,3
2018,11,21,11,20,臺中市,神岡區,0,0,,8,,,40,,,,,,,,,,,,,,,,,,,,B12,,,1,,2,,,23,,1,21,,B12,24.246657,120.694784,3
2018,11,21,11,23,臺中市,西屯區,0,0,,8,,,40,,,,,,,,,,,,,,,,,,,,B03,,,1,,2,,,6,,1,21,,B03,24.183268,120.6154,3
2018,11,21,11,29,臺中市,西區,0,0,0,8,,,50,,,,,,,,,,,,,,,4,3,  ,  ,  ,C03,  ,  ,3,  ,2,  ,  ,4,4,1,21,  ,C03,24.139565,120.674802,3
2018,11,21,11,32,臺中市,大雅區,0,0,,8,,,50,,,,,,,,,,,,,,,,,,,,B03,,,1,,2,,,17,,1,  ,,B03,24.226084,120.646752,3
2018,11,21,11,35,臺中市,石岡區,0,2,0,8,1,5,70,4,1,1,5,4,5,7,1,1,1,4,4,1,16,25,2,9,1,1,C03,7,9,6,18,2,11,  ,25,25,1,9,8,C03,24.271813,120.79373,2
2018,11,21,11,45,臺中市,后里區,0,2,0,8,1,5,50,3,1,1,5,4,5,7,4,4,10,5,5,2,16,6,2,9,1,4,C04,7,9,3,18,2,11,  ,6,6,1,21,8,C04,24.313918,120.692125,2
2018,11,21,11,48,臺中市,大甲區,0,0,0,8,1,7,40,14,9,1,5,4,5,7,4,4,8,3,5,1,14,12,3,10,1,1,A12,7,2,1,7,2,6,  ,12,12,1,10,3,A12,24.401506,120.659815,3
2018,11,21,11,52,臺中市,中區,0,2,0,8,1,5,50,4,1,1,5,4,5,7,1,1,10,5,5,2,15,25,2,9,1,1,C03,7,9,1,10,2,12,  ,25,25,1,21,8,C03,24.145425,120.680864,2
2018,11,21,11,55,臺中市,神岡區,0,0,,8,,,50,,,,,,,,,,,,,,,,,,,,B03,,,1,,2,,,23,,1,22,,B03,24.235783,120.699381,3
2018,11,21,12,0,臺中市,東勢區,0,2,0,8,1,5,40,14,9,1,5,4,5,7,4,4,10,5,4,1,11,1,2,9,1,1,B12,7,4,1,8,2,8,  ,1,1,1,22,9,B12,24.239068,120.8763,2
2018,11,21,12,6,臺中市,北屯區,0,2,0,8,1,5,50,4,1,1,5,4,5,7,4,4,10,5,5,2,15,6,2,8,3,4,C03,7,9,1,10,2,11,  ,6,6,1,21,8,C03,24.164471,120.690206,2
2018,11,21,12,18,臺中市,沙鹿區,0,1,0,8,1,5,50,3,1,1,5,4,5,7,4,4,10,5,5,2,16,23,2,9,1,1,C03,7,9,1,10,2,11,  ,23,23,1,21,8,C03,24.216732,120.579698,2
2018,11,21,12,21,臺中市,南屯區,0,0,,8,,,40,,,,,,,,,,,,,,,,,,,,C03,,,1,,2,,,23,,1,22,,C03,24.149085,120.615546,3
2018,11,21,12,22,臺中市,太平區,0,0,,8,,,40,,,,,,,,,,,,,,,,,,,,B03,,,1,,2,,,12,,1,  ,,B03,24.132541,120.714173,3
2018,11,21,12,30,臺中市,北屯區,0,1,0,8,1,5,50,14,9,1,5,4,5,7,4,4,5,5,5,2,18,42,2,9,1,1,C03,7,9,1,10,2,14,  ,42,42,1,18,8,C03,24.158033,120.729418,2
2018,11,21,12,30,臺中市,西屯區,0,2,0,8,1,5,50,5,1,1,5,4,5,7,1,1,10,5,5,2,16,25,2,9,1,1,C03,7,9,1,10,2,12,  ,25,25,1,4,8,C03,24.172293,120.632932,2
2018,11,21,12,30,臺中市,霧峰區,0,0,,8,,,50,,,,,,,,,,,,,,,,,,,,B03,,,1,,2,,,42,,1,21,,B03,24.067641,120.699091,3
2018,11,21,12,43,臺中市,大安區,0,0,,8,,,50,,,,,,,,,,,,,,,,,,,,B12,,,1,,2,,,6,,1,21,,B12,24.368813,120.612908,3
2018,11,21,12,49,臺中市,西屯區,0,0,0,8,1,5,50,14,8,1,5,4,5,7,4,4,10,4,4,2,16,23,3,10,3,4,B03,7,9,1,8,2,5,  ,23,23,2,22,9,B03,24.155722,120.640897,3
2018,11,21,12,50,臺中市,北區,0,1,0,8,1,5,50,14,8,1,5,4,5,7,4,4,5,4,5,2,17,23,2,7,1,4,C03,7,9,6,18,2,11,  ,23,23,1,21,8,C03,24.147335,120.686304,2
2018,11,21,13,3,臺中市,清水區,0,0,0,8,,,50,,,,,,,,,,,,,,,18,  ,  ,  ,  ,B03,  ,  ,1,  ,2,  ,  ,18,18,1,21,  ,B03,24.272293,120.574246,3
2018,11,21,13,17,臺中市,北屯區,0,1,0,8,1,5,50,3,1,1,5,4,5,7,4,4,4,3,5,2,16,19,3,10,1,1,B03,7,1,1,8,2,4,  ,19,19,1,21,8,B03,24.170701,120.688626,2
2018,11,21,13,23,臺中市,大里區,0,1,0,8,1,5,50,4,1,1,5,4,5,7,1,1,10,5,5,2,17,23,2,9,1,1,C03,7,9,1,10,2,12,  ,23,23,1,21,5,C03,24.111186,120.696765,2
2018,11,21,13,25,臺中市,南屯區,0,1,0,8,1,5,50,14,9,1,5,4,5,7,4,4,1,4,5,2,13,23,2,9,3,4,C03,7,9,1,9,2,11,  ,23,23,1,22,8,C03,24.153424,120.596718,2
2018,11,21,13,28,臺中市,清水區,0,0,,8,,,60,,,,,,,,,,,,,,,,,,,,B03,,,1,,2,,,16,,1,21,,B03,24.275693,120.551617,3
2018,11,21,13,30,臺中市,大雅區,0,1,0,8,1,5,50,14,9,1,5,4,5,7,4,4,5,5,5,1,13,16,2,8,1,1,C03,7,9,1,10,2,11,  ,16,16,1,22,8,C03,24.22929,120.648254,2
2018,11,21,13,39,臺中市,南區,0,2,0,8,1,5,50,4,1,1,5,4,5,7,1,1,10,5,5,2,13,23,2,8,1,1,C03,7,9,1,10,2,14,  ,23,23,1,21,8,C03,24.131352,120.676705,2
2018,11,21,13,41,臺中市,西屯區,0,1,0,8,1,5,40,14,8,1,5,4,5,7,4,4,1,4,1,2,18,42,2,9,1,1,C03,7,9,1,10,2,12,14,42,42,1,5,8,C03,24.159431,120.655298,2
2018,11,21,13,43,臺中市,中區,0,1,0,8,1,5,50,14,9,1,5,4,5,7,4,4,9,5,5,2,17,19,3,10,1,1,B03,7,1,1,8,2,4,  ,19,19,1,22,8,B03,24.143838,120.676977,2
2018,11,21,13,46,臺中市,西屯區,0,0,,8,,,40,,,,,,,,,,,,,,,,,,,,B03,,,1,,2,,,12,,1,22,,B03,24.162228,120.633808,3
2018,11,21,13,50,臺中市,西屯區,0,1,0,8,1,5,50,15,9,1,5,4,5,7,4,4,1,4,5,2,13,16,2,9,1,1,C03,7,9,1,10,2,11,  ,16,16,1,21,8,C03,24.159178,120.64714,2
2018,11,21,13,52,臺中市,清水區,0,0,,8,,,50,,,,,,,,,,,,,,,,,,,,A41,,,1,,2,,,23,,1,10,,A41,24.281543,120.549188,3
2018,11,21,13,58,臺中市,梧棲區,0,1,0,8,1,5,50,4,1,1,5,4,5,7,1,1,10,5,5,2,16,8,2,9,1,1,C03,7,5,1,10,2,14,  ,8,8,1,20,8,C03,24.257203,120.558606,2
2018,11,21,14,1,臺中市,西屯區,0,1,0,8,1,5,50,14,7,1,5,4,5,7,4,4,5,4,4,2,18,23,2,9,3,4,C03,7,9,1,10,2,14,  ,23,23,1,22,8,C03,24.164281,120.661035,2
2018,11,21,14,12,臺中市,西屯區,0,1,0,8,1,5,50,4,1,1,5,4,5,7,3,1,10,5,5,2,15,6,3,10,1,1,B03,7,9,1,8,2,1,  ,6,6,1,22,8,B03,24.180865,120.622128,2
2018,11,21,14,31,臺中市,東區,0,0,0,8,,,40,,,,,,,,,,,,,,,43,  ,  ,  ,  ,G06,  ,  ,7,19,11,  ,  ,43,43,1,  ,  ,G06,24.126395,120.684867,3
2018,11,21,14,43,臺中市,南屯區,0,0,,8,,,50,,,,,,,,,,,,,,,,,,,,B03,,,1,,2,,,7,,1,22,,B03,24.153689,120.615742,3
2018,11,21,14,45,臺中市,西屯區,0,0,0,8,,,50,,,,,,,,,,,,,,,7,  ,  ,  ,  ,B03,  ,  ,1,  ,2,  ,  ,7,7,1,  ,  ,B03,24.201986,120.654256,3
2018,11,21,14,45,臺中市,豐原區,0,2,0,8,1,5,50,3,2,1,5,4,5,7,1,1,1,4,4,2,16,7,3,10,1,1,B03,7,8,1,8,1,5,  ,7,7,2,21,8,B03,24.27781,120.722818,2
2018,11,21,14,50,臺中市,西區,0,0,0,8,1,5,50,14,7,1,5,4,5,7,4,4,1,5,4,2,16,,3,  ,  ,  ,B03,  ,  ,1,  ,2,  ,  ,19,  ,1,21,  ,B03,24.140039,120.661367,3
2018,11,21,14,50,臺中市,大雅區,0,1,0,8,1,5,50,3,1,1,5,4,5,7,4,4,10,5,5,2,11,10,3,10,1,1,B12,7,11,1,8,2,6,  ,10,10,1,22,1,B12,24.226301,120.648377,2
2018,11,21,14,58,臺中市,太平區,,,,8,,,50,,,,,,,,,,,,,,,,,,,,B03,,,3,,2,,,26,,1,  ,,B03,24.159176,120.705086,3
2018,11,21,15,0,臺中市,南屯區,0,0,0,8,1,5,50,5,1,1,5,4,5,7,2,1,10,5,5,2,16,26,3,10,1,1,C03,7,5,1,10,2,12,12,26,26,1,5,3,C03,24.14232,120.635614,3
2018,11,21,15,0,臺中市,霧峰區,0,0,,8,,,50,,,,,,,,,,,,,,,,,,,,B03,,,1,,2,,,12,,1,22,,B03,24.076239,120.715244,3
2018,11,21,15,0,臺中市,龍井區,0,0,,8,,,50,,,,,,,,,,,,,,,,,,,,A12,,,1,,2,,,23,,1,12,,A12,24.186491,120.545476,3
2018,11,21,15,1,臺中市,西屯區,0,0,,8,,,50,,,,,,,,,,,,,,,,,,,,G03,,,1,,2,,,12,,1,22,,G03,24.17397,120.622867,3
2018,11,21,15,6,臺中市,北屯區,0,0,0,8,,,50,,,,,,,,,,,,,,,12,  ,  ,  ,  ,B03,  ,  ,1,  ,2,  ,  ,12,12,1,22,  ,B03,24.174541,120.71555,3
2018,11,21,15,13,臺中市,大里區,0,1,0,8,1,5,25,14,9,1,5,4,5,7,4,4,1,4,5,1,12,7,2,8,1,1,C03,7,8,1,10,2,12,  ,7,7,1,9,8,C03,24.110422,120.69891,2
2018,11,21,15,18,臺中市,西屯區,0,1,0,8,1,5,50,14,8,1,5,4,5,7,4,4,10,5,5,2,17,23,2,9,1,1,C03,7,9,1,10,2,11,  ,23,23,1,21,8,C03,24.162211,120.637452,2
2018,11,21,15,24,臺中市,東區,0,1,0,8,1,5,50,3,1,1,5,4,5,7,1,1,10,5,5,2,27,23,2,9,1,1,C03,7,9,1,10,2,14,  ,23,23,1,22,8,C03,24.125125,120.69032,2
2018,11,21,15,26,臺中市,大肚區,0,0,,8,,,40,,,,,,,,,,,,,,,,,,,,B03,,,1,,2,,,23,,1,  ,,B03,24.174348,120.579258,3
2018,11,21,15,30,臺中市,西屯區,0,1,0,8,1,5,50,4,2,1,5,4,5,7,2,1,1,3,4,1,16,43,3,10,1,1,B03,7,9,3,18,2,4,  ,43,43,1,22,8,B03,24.158203,120.657493,2
2018,11,21,15,30,臺中市,潭子區,0,1,0,8,1,5,50,14,7,1,5,4,5,7,4,4,1,4,4,1,13,23,2,9,1,1,C03,7,9,1,10,2,11,  ,23,23,1,22,9,C03,24.216311,120.696642,2
2018,11,21,15,31,臺中市,清水區,0,0,,8,,,40,,,,,,,,,,,,,,,,,,,,B12,,,1,,2,,,12,,1,21,,B12,24.274338,120.579749,3
2018,11,21,15,32,臺中市,后里區,0,0,,8,,,50,,,,,,,,,,,,,,,,,,,,B03,,,1,,2,,,42,,1,  ,,B03,24.3074,120.713908,3
2018,11,21,15,34,臺中市,清水區,0,1,0,8,1,5,70,3,1,1,5,4,5,7,1,1,1,4,4,1,16,9,3,10,1,1,B03,7,6,1,8,2,6,  ,9,9,1,21,8,B03,24.303963,120.596298,2