年,月,日,時,分,縣市,區,死,受傷,2-30,天候,光線,道路類別,速限,道路型態,事故位置,路面鋪裝,路面狀態,路面缺陷,障礙物,視距,號誌種類,號誌動作,分向設施,快車道或一般車道間,快慢車道間,路面邊線,事故類型及型態,主要肇因,受傷程度,主要傷處,保護裝備,行動電話,當事者區分_類別,車輛用途,當事者行動狀態,駕駛資格情形,駕駛執照種類,飲酒情形,車輛撞擊部位最初,車輛撞擊部位其他,肇事因素個別,肇事因素主要,肇事逃逸,職業,旅次目的,車種,GPS座標_緯度,GPS座標_經度,事故類別
2018,11,21,15,37,臺中市,中區,0,2,0,8,1,5,50,4,1,1,5,4,5,7,4,4,10,5,5,2,15,6,3,10,1,1,B03,7,9,1,8,2,8,  ,6,6,1,22,8,B03,24.145236,120.677818,2
2018,11,21,15,37,臺中市,潭子區,0,1,0,8,1,5,40,11,9,1,5,4,5,7,4,4,6,4,5,1,18,23,2,9,1,1,C03,7,9,1,10,2,11,  ,23,23,1,22,8,C03,24.194082,120.711065,2
2018,11,21,15,41,臺中市,西屯區,0,1,0,8,1,5,70,3,1,1,5,4,5,7,1,1,1,3,4,2,16,9,3,10,1,1,B12,7,6,1,8,2,2,  ,9,9,1,21,8,B12,24.184558,120.609825,2
2018,11,21,15,50,臺中市,大里區,0,0,,8,,,50,,,,,,,,,,,,,,,,,,,,B03,,,1,,2,,,12,,1,22,,B03,24.100621,120.69181,3
2018,11,21,15,53,臺中市,太平區,0,0,,8,,,50,,,,,,,,,,,,,,,,,,,,B12,,,1,,2,,,26,,1,9,,B12,24.128599,120.708002,3
2018,11,21,16,0,臺中市,北區,0,0,,8,,,50,,,,,,,,,,,,,,,,,,,,B03,,,1,,2,,,6,,1,  ,,B03,24.155793,120.691128,3
2018,11,21,16,0,臺中市,南區,0,0,0,8,,,50,,,,,,,,,,,,,,,,3,  ,  ,  ,C03,  ,  ,1,  ,11,  ,  ,44,  ,1,21,  ,C03,24.115161,120.651736,3
2018,11,21,16,8,臺中市,龍井區,0,0,,8,,,50,,,,,,,,,,,,,,,,,,,,C03,,,1,,2,,,43,,1,12,,C03,24.197781,120.513705,3
2018,11,21,16,10,臺中市,大雅區,0,0,,8,,,50,,,,,,,,,,,,,,,,,,,,B12,,,1,,2,,,12,,1,22,,B12,24.224765,120.645592,3
2018,11,21,16,13,臺中市,龍井區,0,1,0,8,1,5,50,3,2,1,5,4,5,7,4,4,5,5,5,1,17,23,2,9,1,1,C03,7,9,1,10,2,11,  ,23,23,1,21,8,C03,24.18529,120.581556,2
2018,11,21,16,17,臺中市,西屯區,0,0,,8,,,50,,,,,,,,,,,,,,,,,,,,B03,,,1,,2,,,23,,1,22,,B03,24.163241,120.629481,3
2018,11,21,16,22,臺中市,北區,0,0,0,8,,,50,,,,,,,,,,,,,,,12,  ,  ,  ,  ,B03,  ,  ,1,8,2,  ,  ,12,12,1,  ,  ,B03,24.159689,120.698845,3
2018,11,21,16,30,臺中市,南區,0,0,0,8,1,5,50,14,7,1,5,4,5,7,4,4,5,4,4,2,17,26,3,10,1,1,B03,7,14,1,8,2,8,  ,26,26,1,22,8,B03,24.10832,120.652326,3
2018,11,21,16,32,臺中市,北區,0,0,0,,,,50,,,,,,,,,,,,,,,8,3,  ,  ,  ,B02,  ,  ,1,4,2,6,  ,8,8,  ,21,  ,B02,24.163054,120.682357,3
2018,11,21,16,38,臺中市,西屯區,0,0,,8,,,50,,,,,,,,,,,,,,,,,,,,A11,,,6,,2,,,23,,1,  ,,A11,24.170863,120.63648,3
2018,11,21,16,43,臺中市,外埔區,0,1,0,8,1,5,40,4,1,1,5,4,5,7,4,4,10,5,5,2,11,6,3,10,3,4,B03,7,9,1,8,2,8,1,23,6,1,22,8,B03,24.316589,120.667316,2
2018,11,21,16,44,臺中市,潭子區,0,0,0,8,1,5,50,14,9,1,5,4,5,7,4,4,8,5,5,2,16,12,3,10,1,1,B03,2,2,1,4,2,7,  ,12,12,1,10,9,B03,24.2077685,120.7081574,3
2018,11,21,16,44,臺中市,潭子區,0,1,0,8,1,5,40,14,9,1,5,4,5,7,4,4,7,4,5,1,29,23,2,9,1,1,C03,7,9,1,10,2,11,  ,23,23,1,22,8,C03,24.224566,120.721187,2
2018,11,21,16,49,臺中市,梧棲區,0,0,,8,,,40,,,,,,,,,,,,,,,,,,,,A12,,,1,,2,,,43,,1,10,,A12,24.22636,120.512908,4
2018,11,21,16,55,臺中市,南區,0,0,0,8,3,5,50,14,8,1,5,4,5,7,4,4,1,4,4,2,12,23,3,10,1,1,B03,7,15,1,10,2,2,  ,23,23,1,22,8,B03,24.130746,120.674335,3
2018,11,21,16,55,臺中市,北屯區,0,0,0,8,,,50,,,,,,,,,,,,,,,23,  ,  ,  ,  ,B03,  ,  ,1,  ,2,  ,  ,23,23,1,5,  ,B03,24.188685,120.680638,3
2018,11,21,17,0,臺中市,潭子區,0,1,0,8,2,5,40,14,9,1,5,4,5,7,4,4,10,5,5,2,10,5,2,9,1,1,C03,7,9,1,10,2,11,  ,5,5,1,21,8,C03,24.229699,120.709058,2
2018,11,21,17,12,臺中市,西屯區,0,1,0,8,3,5,50,4,2,1,5,4,5,7,1,1,8,3,4,1,12,7,2,9,1,1,C03,7,7,1,10,2,14,  ,7,7,1,22,8,C03,24.169098,120.636071,2
2018,11,21,17,12,臺中市,霧峰區,0,0,,8,,,50,,,,,,,,,,,,,,,,,,,,B03,,,1,,2,,,7,,1,21,,B03,24.064255,120.698747,3
2018,11,21,17,14,臺中市,北屯區,0,0,0,8,,,50,,,,,,,,,,,,,,,23,  ,  ,  ,  ,B03,  ,  ,1,8,2,  ,  ,23,23,1,21,  ,B03,24.180236,120.689643,3
2018,11,21,17,20,臺中市,北屯區,0,2,0,8,2,5,40,3,1,1,5,4,5,7,4,4,10,5,5,2,16,6,2,9,1,1,C03,7,5,1,10,2,14,  ,6,6,1,21,8,C03,24.19483,120.74757,2
2018,11,21,17,20,臺中市,梧棲區,0,1,0,8,3,5,40,14,9,1,5,2,1,7,4,4,10,5,5,2,18,43,2,9,1,1,C03,7,9,1,10,2,14,  ,43,43,1,12,1,C03,24.23124,120.52357,2
2018,11,21,17,20,臺中市,東勢區,0,0,0,8,,,50,,,,,,,,,,,,,,,1,  ,  ,  ,  ,C03,  ,  ,3,  ,2,  ,  ,1,1,1,22,  ,C03,24.285365,120.791616,3
2018,11,21,17,22,臺中市,西屯區,0,2,0,8,1,5,50,14,9,1,5,4,5,7,4,4,4,3,5,2,12,43,2,9,1,1,C03,7,9,1,10,2,12,  ,43,43,1,21,8,C03,24.170023,120.636275,2
2018,11,21,17,25,臺中市,西屯區,0,1,0,8,3,5,50,4,2,1,5,4,5,7,1,1,5,4,5,2,17,26,2,9,3,4,C03,7,15,1,10,2,13,  ,26,26,1,22,9,C03,24.168038,120.64103,2
2018,11,21,17,30,臺中市,大里區,0,1,0,8,1,5,50,14,9,1,5,4,5,7,4,4,5,5,5,1,17,42,2,9,1,1,C03,7,13,6,18,2,14,  ,42,42,1,21,5,C03,24.107531,120.684327,2
2018,11,21,17,32,臺中市,南屯區,0,0,0,8,,,50,,,,,,,,4,,,,,,,7,3,  ,  ,  ,B03,  ,  ,1,  ,2,  ,  ,7,7,1,21,  ,B03,24.151271,120.621431,3
2018,11,21,17,32,臺中市,梧棲區,0,0,,8,,,40,,,,,,,,,,,,,,,,,,,,F03,,,8,,2,,,25,,1,  ,,F03,24.245116,120.549973,3
2018,11,21,17,36,臺中市,北區,0,1,0,8,3,5,50,3,1,1,5,4,5,7,4,4,1,4,4,2,13,23,3,10,1,1,B03,7,9,1,8,2,1,  ,23,23,1,21,8,B03,24.16445,120.684945,2
2018,11,21,17,36,臺中市,西屯區,0,1,0,8,3,5,50,4,1,1,5,4,5,7,1,1,10,5,5,2,16,6,3,10,1,1,B03,7,5,1,8,2,6,  ,6,6,1,21,8,B03,24.185482,120.623945,2
2018,11,21,17,36,臺中市,潭子區,0,0,,8,,,50,,,,,,,,,,,,,,,,,,,,C03,,,1,,2,,,23,,1,22,,C03,24.200225,120.713536,3
2018,11,21,17,38,臺中市,西區,0,0,0,8,2,5,50,4,1,1,5,4,5,7,4,4,5,5,5,2,16,,3,  ,  ,  ,B03,  ,  ,1,  ,2,  ,  ,6,  ,1,21,  ,B03,24.157007,120.662379,3
2018,11,21,17,38,臺中市,北區,0,1,0,8,3,5,50,4,1,1,5,4,5,7,1,1,10,5,5,2,16,6,3,10,1,4,B03,7,6,1,8,2,5,  ,6,6,1,21,8,B03,24.160133,120.691834,2
2018,11,21,17,39,臺中市,潭子區,0,0,,8,,,50,,,,,,,,,,,,,,,,,,,,B11,,,1,,2,,,12,,1,22,,B11,24.197007,120.702403,3
2018,11,21,17,40,臺中市,外埔區,0,0,,8,,,50,,,,,,,,,,,,,,,,,,,,B03,,,3,,2,,,16,,1,22,,B03,24.345842,120.630319,3
2018,11,21,17,43,臺中市,大安區,0,1,0,8,3,5,50,14,9,1,5,4,5,7,4,4,5,5,5,1,17,42,2,6,1,1,C04,7,15,1,10,2,14,  ,42,42,1,19,8,C04,24.345016,120.587599,2
2018,11,21,17,49,臺中市,南區,0,2,0,8,3,5,40,3,2,1,5,4,5,7,1,1,5,4,4,2,13,16,2,9,1,1,C03,7,9,1,10,2,11,  ,16,16,1,22,8,C03,24.133533,120.68072,2
2018,11,21,17,50,臺中市,南屯區,0,0,0,8,3,5,50,14,7,1,5,4,5,7,4,4,5,4,4,2,14,12,3,10,1,1,B03,7,2,1,8,2,3,3,12,12,1,5,3,B03,24.149049,120.633592,3
2018,11,21,17,56,臺中市,南區,0,0,0,8,,,50,,,,,,,,,,,,,,,,3,  ,  ,  ,C03,  ,  ,1,  ,2,  ,  ,23,  ,1,21,  ,C03,24.118101,120.679376,3
2018,11,21,17,56,臺中市,東區,0,1,0,7,3,5,40,3,2,1,5,4,5,7,1,1,5,2,4,2,13,23,2,9,1,1,C03,7,9,1,10,2,12,  ,23,23,1,22,8,C03,24.133066,120.683588,2
2018,11,21,17,58,臺中市,西屯區,0,1,0,8,3,5,60,14,7,1,5,4,5,7,4,4,1,3,1,1,13,23,2,7,1,1,B03,7,9,1,8,2,1,  ,23,23,1,22,8,B03,24.158701,120.656988,2
2018,11,21,17,59,臺中市,大肚區,0,0,,8,,,50,,,,,,,,,,,,,,,,,,,,B03,,,7,,11,,,43,,1,  ,,B03,24.169041,120.578633,3
2018,11,21,18,0,臺中市,北屯區,0,1,0,8,3,5,40,14,8,1,5,4,5,7,4,4,1,4,4,2,12,23,3,10,1,1,C01,7,9,1,9,2,12,  ,23,23,1,5,8,C01,24.179222,120.667632,2
2018,11,21,18,2,臺中市,霧峰區,0,0,,8,,,40,,,,,,,,,,,,,,,,,,,,B03,,,1,,2,,,12,,1,22,,B03,24.067501,120.699298,3
2018,11,21,18,2,臺中市,神岡區,0,0,,8,,,50,,,,,,,,,,,,,,,,,,,,B03,,,1,,2,,,12,,1,21,,B03,24.24692,120.686874,3
2018,11,21,18,5,臺中市,大肚區,0,0,,8,,,50,,,,,,,,,,,,,,,,,,,,A41,,,1,,2,,,7,,1,10,,A41,24.118981,120.576124,3
2018,11,21,18,7,臺中市,北屯區,0,1,0,8,3,5,50,3,1,1,5,4,5,7,1,1,10,5,5,2,16,6,3,10,1,1,B03,7,6,1,8,2,6,  ,6,6,1,5,8,B03,24.164948,120.690173,2
2018,11,21,18,7,臺中市,西屯區,0,2,0,8,1,5,50,4,1,1,5,4,5,7,1,1,4,3,5,2,16,43,2,9,1,1,C03,7,6,1,10,2,12,  ,43,43,1,21,8,C03,24.195483,120.654713,2
2018,11,21,18,12,臺中市,西屯區,0,0,,8,,,50,,,,,,,,,,,,,,,,,,,,B03,,,1,,2,,,7,,1,22,,B03,24.164333,120.646237,3
2018,11,21,18,22,臺中市,沙鹿區,0,1,0,8,2,5,40,14,8,1,5,4,5,7,4,4,1,4,3,1,17,23,2,9,1,1,C03,7,9,1,10,2,14,  ,23,23,1,18,5,C03,24.235628,120.570264,2
2018,11,21,18,28,臺中市,大里區,0,0,,8,,,50,,,,,,,,,,,,,,,,,,,,B03,,,1,,2,,,16,,1,22,,B03,24.104835,120.681518,3
2018,11,21,18,30,臺中市,大里區,0,1,0,8,3,5,50,4,1,1,5,4,5,7,1,1,10,5,5,2,17,43,2,9,1,1,C03,7,9,1,10,2,14,  ,43,43,1,21,5,C03,24.092793,120.690235,2
2018,11,21,18,30,臺中市,大里區,0,1,0,8,3,5,50,3,1,1,5,4,5,7,4,4,5,2,5,2,13,16,3,10,1,1,B12,7,9,1,8,2,1,  ,16,16,1,22,8,B12,24.093658,120.729226,2
2018,11,21,18,33,臺中市,潭子區,0,0,,8,1,5,60,14,9,1,5,4,5,7,1,1,1,3,4,1,12,,,,,,B03,,,1,,2,,,7,,1,22,,B03,24.211886,120.705143,3
2018,11,21,18,36,臺中市,北屯區,0,0,,8,,,80,,,,,,,,,,,,,,,,,,,,B03,,,1,,2,,,23,,1,5,,B03,24.172506,120.720788,3
2018,11,21,18,43,臺中市,南屯區,0,0,,8,,,40,,,,,,,,,,,,,,,,,,,,C03,,,1,,2,,,23,,1,19,,C03,24.151318,120.635308,3
2018,11,21,18,44,臺中市,大雅區,0,2,0,8,3,5,50,4,1,1,5,4,5,7,1,1,10,4,5,1,15,25,2,9,1,1,C03,7,9,1,10,2,11,  ,25,25,1,22,9,C03,24.206222,120.629044,2
2018,11,21,18,45,臺中市,北屯區,0,0,,8,,,50,,,,,,,,,,,,,,,,,,,,B03,,,1,,2,,,23,,1,5,,B03,24.179543,120.701232,3
2018,11,21,18,45,臺中市,潭子區,0,0,,8,,,40,,,,,,,,,,,,,,,,,,,,B03,,,1,,2,,,19,,1,22,,B03,24.231665,120.710069,3
2018,11,21,18,49,臺中市,西屯區,0,2,0,8,4,5,50,14,9,1,5,4,5,7,4,4,10,5,5,2,12,43,2,9,1,1,C03,7,9,1,10,2,14,  ,43,43,1,21,8,C03,24.172715,120.637174,2
2018,11,21,18,50,臺中市,南屯區,0,0,0,8,,,40,,,,,,,,4,,,,,,,6,3,  ,  ,  ,B03,  ,  ,1,  ,2,  ,  ,6,6,1,21,  ,B03,24.155619,120.64749,3
2018,11,21,18,54,臺中市,南屯區,0,0,,8,,,50,,,,,,,,,,,,,,,,,,,,B03,,,1,,2,,,12,,1,22,,B03,24.152334,120.649999,3
2018,11,21,18,55,臺中市,北屯區,0,0,,8,,,50,,,,,,,,,,,,,,,,,,,,C03,,,3,,2,,,16,,1,5,,C03,24.173766,120.687876,3
2018,11,21,18,55,臺中市,大雅區,0,1,0,8,4,5,50,14,9,1,5,4,5,7,4,4,9,5,5,1,12,23,3,10,1,1,C03,7,9,1,10,2,12,  ,23,23,1,22,9,C03,24.237923,120.626419,2
2018,11,21,18,57,臺中市,東區,0,0,,8,,,50,,,,,,,,,,,,,,,,,,,,B03,,,1,,2,,,23,,1,  ,,B03,24.130066,120.70564,3
2018,11,21,19,0,臺中市,沙鹿區,0,3,0,8,3,5,50,14,7,1,5,4,5,7,4,4,9,5,4,2,16,6,2,8,1,1,C03,7,5,1,10,2,11,  ,6,6,1,18,5,C03,24.222352,120.578068,2
2018,11,21,19,8,臺中市,新社區,0,2,0,8,3,5,50,3,1,1,5,4,5,7,4,4,5,4,5,1,16,6,3,10,1,1,B12,7,5,1,6,2,5,  ,6,6,1,21,8,B12,24.248983,120.809339,2
2018,11,21,19,13,臺中市,龍井區,0,0,,8,,,40,,,,,,,,,,,,,,,,,,,,C03,,,1,,2,,,6,,1,  ,,C03,24.185521,120.579658,3
2018,11,21,19,18,臺中市,北區,0,2,0,8,3,5,50,14,9,1,5,4,5,7,4,4,5,5,5,2,3,51,2,9,4,5,H01,8,16,8,20,10,16,16,51,51,1,22,9,H01,24.16073,120.682354,2
2018,11,21,19,32,臺中市,北屯區,0,2,0,8,3,5,50,4,1,1,5,4,5,7,1,1,10,5,5,2,16,8,2,9,1,1,C03,7,5,1,10,2,12,  ,8,8,1,22,8,C03,24.164486,120.704101,2
2018,11,21,19,35,臺中市,大雅區,0,0,,8,,,50,,,,,,,,,,,,,,,,,,,,   ,,,7,,11,,,43,,  ,  ,,   ,24.224216,120.653615,3
2018,11,21,19,47,臺中市,大雅區,0,0,,8,,,40,,,,,,,,,,,,,,,,,,,,B03,,,1,,2,,,12,,1,  ,,B03,24.226922,120.654633,3
2018,11,21,20,7,臺中市,西屯區,0,1,0,8,3,5,50,14,9,1,5,4,5,7,4,4,1,3,5,2,16,42,3,10,1,1,C03,7,9,1,10,2,12,  ,42,42,1,21,8,C03,24.157978,120.646446,2
2018,11,21,20,10,臺中市,沙鹿區,0,1,0,7,4,5,50,11,8,1,5,4,5,1,4,4,5,5,4,2,18,43,2,9,1,1,C03,7,9,1,10,2,15,  ,43,43,1,21,9,C03,24.244203,120.582391,2
2018,11,21,20,26,臺中市,南屯區,0,0,0,8,,,50,,,,,,,,4,,,,,,,23,3,  ,  ,  ,B03,  ,  ,1,  ,2,  ,  ,23,23,1,21,  ,B03,24.149748,120.623073,3
2018,11,21,20,30,臺中市,烏日區,0,0,,8,,,50,,,,,,,,,,,,,,,,,,,,C03,,,1,,2,,,43,,1,  ,,C03,24.102323,120.648162,4
2018,11,21,20,44,臺中市,太平區,0,0,,8,,,50,,,,,,,,,,,,,,,,,,,,B01,,,1,,2,,,23,,1,21,,B01,24.153462,120.703124,3
2018,11,21,20,48,臺中市,潭子區,0,0,,8,,,60,,,,,,,,,,,,,,,,,,,,B03,,,1,,2,,,23,,1,22,,B03,24.195084,120.702424,3
2018,11,21,20,54,臺中市,梧棲區,0,1,0,8,3,5,40,14,8,1,5,4,5,7,4,4,1,4,1,1,14,12,3,10,1,1,B03,7,2,1,8,2,4,  ,12,12,1,12,8,B03,24.247608,120.543182,2
2018,11,21,21,0,臺中市,梧棲區,0,1,0,8,3,5,40,4,1,1,5,4,5,7,4,4,10,5,5,2,15,6,2,8,1,1,C03,7,9,1,10,2,11,  ,6,6,1,10,8,C03,24.244471,120.535718,2
2018,11,21,21,10,臺中市,龍井區,0,1,0,8,3,5,60,3,1,1,5,4,5,7,1,1,10,5,5,2,17,25,3,10,1,4,B03,7,6,1,8,2,2,  ,25,25,1,22,8,B03,24.184937,120.575552,2
2018,11,21,21,11,臺中市,南區,0,3,0,8,3,5,50,15,22,1,5,4,5,7,4,4,10,5,5,2,17,43,2,9,1,1,C03,7,9,1,10,2,11,  ,43,43,1,21,8,C03,24.119538,120.684398,2
2018,11,21,21,18,臺中市,霧峰區,0,0,0,8,3,5,50,5,9,1,5,4,5,7,1,1,5,5,5,1,13,23,3,10,1,1,B03,7,9,1,8,2,1,  ,23,23,1,21,8,B03,24.077324,120.713557,3
2018,11,21,21,19,臺中市,北區,0,2,0,8,3,5,50,4,2,1,5,4,5,7,1,1,10,5,5,2,17,25,2,9,1,4,C03,7,6,6,18,8,14,  ,25,25,1,21,8,C03,24.173885,120.67392,2
2018,11,21,21,19,臺中市,西屯區,0,1,0,8,3,5,50,3,1,1,5,4,5,7,4,4,10,5,5,2,3,15,3,10,1,1,C03,7,9,1,10,2,11,  ,15,15,1,21,8,C03,24.176819,120.64519,2
2018,11,21,21,20,臺中市,南區,0,0,,8,,,50,,,,,,,,,,,,,,,,,,,,B03,,,1,,2,,,23,,1,22,,B03,24.116851,120.666665,3
2018,11,21,21,28,臺中市,北屯區,0,0,,8,,,40,,,,,,,,,,,,,,,,,,,,B03,,,1,,2,,,23,,1,  ,,B03,24.182593,120.661052,3
2018,11,21,21,35,臺中市,西屯區,0,0,,8,3,5,60,3,2,1,5,4,5,7,1,1,1,3,4,1,12,,,,,,B03,,,1,,2,,,42,,1,22,,B03,24.162966,120.628673,3
2018,11,21,21,42,臺中市,烏日區,0,0,0,8,3,5,60,5,7,1,5,4,5,7,1,1,1,3,4,1,13,23,3,10,1,1,B03,7,9,1,4,2,5,  ,23,23,1,22,9,B03,24.062984,120.647228,3
2018,11,21,21,43,臺中市,南屯區,0,1,0,8,3,5,50,14,9,1,5,4,5,7,4,4,1,4,5,2,16,7,3,10,1,1,B03,7,8,1,8,2,6,  ,7,7,1,22,8,B03,24.130883,120.64666,2
2018,11,21,21,49,臺中市,北屯區,0,1,0,8,3,5,50,5,2,1,5,4,5,7,2,1,10,5,5,2,16,6,3,10,1,1,B03,7,6,1,8,2,6,  ,6,6,1,5,8,B03,24.172386,120.720743,2
2018,11,21,21,49,臺中市,清水區,0,1,0,8,3,5,40,3,1,1,5,4,5,7,4,4,1,4,1,1,15,6,2,8,1,1,C03,7,9,1,10,2,13,  ,6,6,1,21,8,C03,24.294031,120.552483,2
2018,11,21,21,50,臺中市,大甲區,0,0,,8,,,50,,,,,,,,,,,,,,,,,,,,B03,,,1,,2,,,42,,1,2,,B03,24.344876,120.629066,3
2018,11,21,21,51,臺中市,西屯區,0,0,,8,,,40,,,,,,,,,,,,,,,,,,,,B02,,,1,,2,,,12,,1,22,,B02,24.171193,120.662135,3
2018,11,21,22,19,臺中市,中區,0,2,0,8,1,5,50,4,1,1,5,4,5,7,1,1,10,5,5,2,12,17,3,10,1,1,B03,7,9,1,8,2,2,  ,17,17,1,22,8,B03,24.141745,120.67555,2
2018,11,21,22,41,臺中市,北區,0,0,,8,,,50,,,,,,,,,,,,,,,,,,,,B03,,,1,,2,,,25,,1,  ,,B03,24.167004,120.6779,3
2018,11,21,22,49,臺中市,潭子區,0,1,0,8,3,5,50,3,1,1,5,4,5,7,3,1,10,5,5,2,17,6,3,10,1,1,B03,7,6,1,4,2,2,  ,6,6,1,21,8,B03,24.194513,120.69901,2
2018,11,21,23,21,臺中市,中區,0,1,0,8,3,5,50,4,1,1,5,4,5,7,1,1,10,5,5,2,11,7,2,9,1,1,C03,7,7,1,10,2,11,  ,7,7,1,21,5,C03,24.145776,120.677334,2
2018,11,21,23,25,臺中市,南屯區,0,1,0,8,1,5,50,3,1,1,5,4,5,7,2,1,10,5,5,2,23,23,2,9,3,4,C03,7,6,1,10,2,12,  ,23,23,1,22,1,C03,24.126011,120.646455,2
2018,11,21,23,38,臺中市,西屯區,0,1,0,8,3,5,50,4,2,1,5,4,5,7,1,1,8,3,4,1,17,43,2,9,1,1,C03,7,9,1,10,2,12,  ,43,43,1,22,8,C03,24.181661,120.64506,2
2018,11,22,0,6,臺中市,北屯區,0,1,0,8,3,5,50,3,1,1,5,4,5,7,3,1,10,5,5,2,23,13,2,9,1,1,B03,7,15,1,8,2,1,  ,13,13,1,5,8,B03,24.181098,120.724568,2
2018,11,22,0,10,臺中市,北區,0,1,0,8,3,5,50,4,2,1,5,4,5,7,2,1,1,4,5,2,13,23,2,9,3,4,C03,7,9,1,10,2,11,  ,23,23,1,22,9,C03,24.160175,120.691705,2
2018,11,22,0,35,臺中市,大雅區,0,2,0,8,3,5,50,4,1,1,5,4,5,7,1,1,10,4,5,1,15,25,2,9,1,1,C03,7,9,1,10,2,12,  ,25,25,1,22,9,C03,24.246115,120.65737,2
2018,11,22,0,52,臺中市,北區,0,1,0,7,3,5,50,14,8,1,5,4,5,7,4,4,1,4,4,2,17,23,2,9,1,1,C03,7,9,1,10,2,11,  ,23,23,1,5,8,C03,24.152522,120.694508,2
2018,11,22,2,10,臺中市,梧棲區,0,1,0,8,3,5,50,11,9,1,5,4,5,7,4,4,5,5,5,1,17,23,2,9,3,3,C03,7,9,1,10,6,11,  ,23,23,1,9,9,C03,24.239412,120.536689,2
2018,11,22,3,6,臺中市,中區,0,0,,8,,,40,,,,,,,,,,,,,,,,,,,,C03,,,1,,9,,,17,,2,21,,C03,24.146882,120.680036,3
2018,11,22,5,40,臺中市,大安區,0,0,,8,,,50,,,,,,,,,,,,,,,43,,,,,F01,,,8,,2,,,44,43,1,20,,F01,24.370237,120.59288,3
2018,11,22,6,36,臺中市,沙鹿區,0,1,0,8,1,5,40,3,1,1,5,4,5,3,4,4,9,5,5,2,16,19,3,10,1,1,B03,7,1,1,8,2,8,  ,19,19,1,3,8,B03,24.226399,120.566327,2
2018,11,22,6,36,臺中市,沙鹿區,0,1,0,8,1,5,40,11,8,1,5,4,5,7,4,4,8,5,5,1,18,23,2,9,1,1,C03,7,9,1,9,2,14,  ,23,23,1,2,8,C03,24.252073,120.588806,2
2018,11,22,6,40,臺中市,大里區,0,1,0,8,1,5,50,14,7,1,5,4,5,7,1,1,5,5,4,2,17,16,2,9,1,1,C03,7,12,1,10,2,12,  ,16,16,1,10,8,C03,24.10429,120.686521,2
2018,11,22,6,45,臺中市,新社區,0,1,0,8,1,5,50,14,9,1,5,4,5,7,4,4,5,4,5,1,13,23,3,10,1,1,B03,7,9,1,8,2,1,  ,23,23,1,21,8,B03,24.217683,120.795952,2
2018,11,22,6,53,臺中市,清水區,0,1,0,8,1,5,50,14,9,1,5,4,5,7,4,4,9,4,4,2,13,23,2,9,1,1,B03,7,9,1,8,2,1,  ,23,23,1,21,8,B03,24.28517,120.545673,2
2018,11,22,6,59,臺中市,烏日區,0,1,0,8,1,5,40,11,8,1,5,4,5,7,4,4,1,4,3,2,18,43,2,9,1,1,C03,7,9,1,10,2,14,  ,43,43,1,21,8,C03,24.099695,120.625186,2
2018,11,22,7,0,臺中市,大雅區,0,2,0,8,1,5,50,14,8,1,5,4,5,7,4,4,9,4,5,1,11,1,2,9,1,1,C03,7,9,1,10,2,13,  ,1,1,1,22,9,C03,24.24178,120.65757,2
2018,11,22,7,7,臺中市,西區,0,1,0,8,1,5,50,4,1,1,5,4,5,7,1,1,10,5,5,2,17,6,3,10,1,1,B03,7,5,1,8,2,1,  ,6,6,1,22,9,B03,24.146741,120.656605,2
2018,11,22,7,15,臺中市,神岡區,0,2,0,8,1,5,50,3,1,1,5,4,5,7,4,4,4,5,5,1,11,6,2,5,1,1,C03,7,5,3,18,2,11,  ,6,6,1,21,8,C03,24.259857,120.673151,2
2018,11,22,7,17,臺中市,太平區,0,1,0,8,1,5,50,3,1,1,5,4,5,7,4,4,10,5,5,2,15,26,2,8,1,1,C03,7,9,1,10,2,12,  ,26,26,1,19,8,C03,24.127824,120.726361,2
2018,11,22,7,19,臺中市,北區,0,1,0,8,1,5,40,4,1,1,5,4,5,7,1,1,5,5,4,2,16,23,2,8,3,4,C03,7,5,1,10,2,11,14,23,23,1,22,9,C03,24.152867,120.688986,2
2018,11,22,7,27,臺中市,北屯區,0,0,,8,,,50,,,,,,,,,,,,,,,,,,,,B03,,,1,,2,,,23,,1,22,,B03,24.161233,120.732673,3
2018,11,22,7,28,臺中市,后里區,0,1,0,8,1,5,50,4,1,1,5,4,5,7,1,1,10,5,5,2,13,16,3,10,1,4,B03,7,9,1,8,2,1,  ,16,16,1,22,8,B03,24.316308,120.677938,2
2018,11,22,7,34,臺中市,大里區,0,2,0,8,1,5,40,5,1,1,5,4,5,7,1,1,10,5,5,2,12,8,2,9,1,1,C03,7,5,1,10,2,11,  ,8,8,1,21,9,C03,24.083123,120.663826,2
2018,11,22,7,37,臺中市,潭子區,0,0,,8,,,50,,,,,,,,,,,,,,,,,,,,B03,,,1,,2,,,16,,1,22,,B03,24.20613,120.711198,3
2018,11,22,7,43,臺中市,西屯區,0,1,0,8,1,5,50,3,1,1,5,4,5,7,4,4,5,5,5,2,16,23,3,10,1,1,B03,7,11,1,8,2,8,  ,23,23,1,4,8,B03,24.19148,120.597459,2