年,月,日,時,分,縣市,區,死,受傷,2-30,天候,光線,道路類別,速限,道路型態,事故位置,路面鋪裝,路面狀態,路面缺陷,障礙物,視距,號誌種類,號誌動作,分向設施,快車道或一般車道間,快慢車道間,路面邊線,事故類型及型態,主要肇因,受傷程度,主要傷處,保護裝備,行動電話,當事者區分_類別,車輛用途,當事者行動狀態,駕駛資格情形,駕駛執照種類,飲酒情形,車輛撞擊部位最初,車輛撞擊部位其他,肇事因素個別,肇事因素主要,肇事逃逸,職業,旅次目的,車種,GPS座標_緯度,GPS座標_經度,事故類別
2018,11,22,7,45,臺中市,龍井區,0,0,,8,,,40,,,,,,,,,,,,,,,,,,,,C03,,,1,,2,,,23,,1,21,,C03,24.217215,120.54802,3
2018,11,22,7,45,臺中市,大雅區,0,2,0,8,1,5,40,4,1,1,5,4,5,7,4,4,10,5,5,2,17,6,2,3,1,1,C03,7,9,1,10,2,12,  ,6,6,1,22,9,C03,24.234573,120.668086,2
2018,11,22,7,47,臺中市,大肚區,0,1,0,8,1,5,50,14,9,1,5,4,5,7,4,4,5,4,5,1,13,23,2,7,1,1,B03,7,9,1,8,2,1,  ,23,23,1,22,8,B03,24.157725,120.573351,2
2018,11,22,7,49,臺中市,東區,0,1,0,8,1,5,50,4,1,1,5,4,5,7,1,1,3,2,4,2,16,6,3,10,1,1,B03,7,6,1,8,2,5,  ,6,6,1,5,8,B03,24.139913,120.689351,2
2018,11,22,7,50,臺中市,北屯區,0,1,0,8,1,5,50,4,1,1,5,4,5,7,4,4,10,5,5,2,15,6,2,9,1,1,C03,7,9,1,10,2,12,  ,6,6,1,21,1,C03,24.171528,120.716053,2
2018,11,22,7,50,臺中市,大肚區,0,1,0,8,1,5,40,14,8,1,5,4,5,7,1,1,1,4,4,1,13,23,2,9,1,1,C03,7,9,1,10,2,11,  ,23,23,1,5,1,C03,24.125275,120.56123,2
2018,11,22,7,55,臺中市,大里區,0,2,0,8,1,5,50,4,1,1,5,4,5,7,4,4,10,5,5,2,16,19,2,7,1,1,C03,7,1,1,10,2,11,  ,19,19,1,21,8,C03,24.090681,120.696525,2
2018,11,22,7,55,臺中市,大雅區,0,1,0,8,1,5,40,4,1,1,5,4,5,7,4,4,10,5,5,2,17,23,2,9,1,1,C03,7,9,1,10,2,11,  ,23,23,1,22,9,C03,24.20629,120.63764,2
2018,11,22,8,0,臺中市,潭子區,0,2,0,8,1,5,40,14,8,1,5,4,5,7,4,4,1,4,4,1,13,16,2,9,1,1,C03,7,9,2,18,2,11,  ,16,16,1,22,8,C03,24.226774,120.707893,2
2018,11,22,8,6,臺中市,大甲區,0,0,,8,,,50,,,,,,,,,,,,,,,,,,,,B03,,,1,,2,,,43,,1,5,,B03,24.348866,120.630023,3
2018,11,22,8,10,臺中市,南屯區,0,0,0,8,,,60,,,,,,,,,,,,,,,12,  ,  ,  ,  ,B03,  ,  ,1,8,2,  ,  ,12,12,1,  ,  ,B03,24.145101,120.6233,3
2018,11,22,8,10,臺中市,和平區,0,0,,8,,,50,,,,,,,,,,,,,,,,,,,,B03,,,1,,2,,,23,,1,22,,B03,24.182781,120.925522,4
2018,11,22,8,11,臺中市,北屯區,0,1,0,8,1,5,50,4,1,1,5,4,5,7,1,1,10,5,5,2,16,23,2,9,1,1,C03,7,9,1,10,2,15,  ,23,23,1,21,8,C03,24.166915,120.709735,2
2018,11,22,8,15,臺中市,潭子區,0,2,0,8,1,5,50,14,7,1,5,4,5,7,4,4,5,4,4,2,12,19,2,9,1,1,C03,7,1,1,10,2,13,  ,19,19,1,22,9,C03,24.219766,120.689844,2
2018,11,22,8,22,臺中市,北區,0,2,0,8,1,5,50,14,9,1,5,4,5,7,4,4,5,5,5,2,17,19,2,9,1,1,C03,7,1,1,10,2,14,  ,19,19,1,22,8,C03,24.162147,120.682344,2
2018,11,22,8,25,臺中市,南屯區,0,0,,8,,,40,,,,,,,,,,,,,,,,,,,,B12,,,1,,2,,,2,,1,21,,B12,24.151117,120.608351,3
2018,11,22,8,27,臺中市,霧峰區,0,0,,,,,,,,,,,,,,,,,,,,,,,,,B03,,,1,,2,,,67,,1,  ,,B03,24.071997,120.651938,4
2018,11,22,8,32,臺中市,北區,0,0,0,8,,,40,,,,,,,,,,,,,,,7,  ,  ,  ,  ,B03,  ,  ,1,8,2,  ,  ,7,7,1,  ,  ,B03,24.152561,120.690059,3
2018,11,22,8,35,臺中市,龍井區,0,1,0,8,1,5,40,4,1,1,5,4,5,7,4,4,10,5,5,2,16,6,2,9,1,1,C03,7,9,1,10,2,14,  ,23,6,1,22,8,C03,24.158158,120.573524,2
2018,11,22,8,37,臺中市,西區,0,0,,8,,,50,,,,,,,,,,,,,,,,,,,,B03,,,1,,2,,,6,,1,21,,B03,24.133947,120.666479,3
2018,11,22,8,39,臺中市,西屯區,0,2,0,8,1,5,50,4,1,1,5,4,5,7,4,4,10,5,5,2,15,14,2,9,3,4,C03,7,9,1,10,2,11,14,6,14,1,22,8,C03,24.159599,120.656156,2
2018,11,22,8,45,臺中市,西屯區,0,1,0,8,1,5,50,3,1,1,5,4,5,7,4,4,10,5,5,2,16,10,3,10,1,1,B03,7,11,1,8,2,8,  ,10,10,1,5,8,B03,24.190503,120.612196,2
2018,11,22,8,52,臺中市,北區,0,2,0,8,1,5,50,4,1,1,5,4,5,7,4,4,10,5,5,2,17,6,2,9,1,1,C03,7,6,1,10,2,11,  ,6,6,1,22,8,C03,24.147629,120.685378,2
2018,11,22,8,52,臺中市,北屯區,0,0,0,8,1,5,50,14,9,1,5,4,5,7,4,4,8,4,5,2,14,12,3,10,1,1,A12,7,2,1,1,2,3,  ,12,12,1,21,8,A12,24.175458,120.674496,3
2018,11,22,8,54,臺中市,太平區,0,0,0,8,,,50,,,,,,,,,,,,,,,19,  ,  ,  ,  ,A02,  ,  ,1,  ,2,  ,  ,19,19,1,10,  ,A02,24.112615,120.73116,3
2018,11,22,8,55,臺中市,北屯區,0,1,0,8,1,5,50,5,1,1,5,4,5,7,1,1,10,5,5,2,16,9,3,10,1,1,B03,7,6,1,8,2,2,  ,9,9,1,9,8,B03,24.188118,120.6866,2
2018,11,22,9,2,臺中市,大里區,0,2,0,8,1,5,50,3,1,1,5,4,5,7,4,4,10,5,5,2,16,6,2,8,1,1,C03,7,5,1,10,2,11,  ,6,6,1,21,9,C03,24.112088,120.689071,2
2018,11,22,9,5,臺中市,大里區,0,2,0,8,1,5,40,14,9,1,5,4,5,7,4,4,10,5,5,2,17,6,2,9,1,1,C03,7,9,1,10,2,11,  ,6,6,1,21,8,C03,24.084933,120.706095,2
2018,11,22,9,14,臺中市,太平區,0,1,0,8,1,5,50,4,2,1,5,4,5,7,1,1,5,5,5,2,12,43,2,9,1,1,C03,7,9,1,10,2,11,  ,43,43,1,4,8,C03,24.148869,120.715951,2
2018,11,22,9,27,臺中市,大里區,0,0,,8,,,50,,,,,,,,,,,,,,,,,,,,C03,,,1,,2,,,16,,1,3,,C03,24.087371,120.687318,3
2018,11,22,9,30,臺中市,沙鹿區,0,1,0,8,1,5,50,5,1,1,5,4,5,7,4,4,10,5,5,2,15,6,3,10,1,1,B12,7,9,1,8,2,5,  ,6,6,1,10,5,B12,24.240971,120.569533,2
2018,11,22,9,35,臺中市,神岡區,0,0,,8,,,40,,,,,,,,,,,,,,,5,,,,,C03,,,3,,2,,,5,5,1,21,,C03,24.273573,120.707763,3
2018,11,22,9,44,臺中市,南區,0,2,0,8,1,5,50,4,1,1,5,4,5,7,1,1,10,5,5,2,29,67,  ,  ,  ,  ,   ,  ,  ,  ,  ,  ,  ,  ,67,67,1,  ,  ,   ,24.130278,120.677288,2
2018,11,22,9,45,臺中市,新社區,0,1,0,8,1,5,50,11,9,1,5,4,5,7,4,4,5,5,5,1,11,42,2,9,1,1,C01,7,9,1,9,2,11,  ,42,42,1,21,8,C01,24.177536,120.820726,2
2018,11,22,9,53,臺中市,北屯區,0,0,0,8,,,50,,,,,,,,,,,,,,,23,  ,  ,  ,  ,B03,  ,  ,1,  ,2,  ,  ,23,23,1,22,  ,B03,24.173948,120.68548,3
2018,11,22,9,58,臺中市,霧峰區,0,1,0,8,1,5,40,3,1,1,5,4,5,7,3,1,10,5,5,2,17,6,3,10,1,1,B03,7,5,1,8,2,7,  ,6,6,1,21,8,B03,24.060666,120.667713,2
2018,11,22,9,58,臺中市,太平區,0,1,0,8,1,5,50,14,9,1,5,4,5,7,4,4,5,4,5,1,16,43,2,9,1,1,C03,7,9,1,10,2,14,  ,43,43,1,19,8,C03,24.133491,120.719112,2
2018,11,22,10,15,臺中市,北屯區,0,1,0,8,1,5,50,4,1,1,5,4,5,7,1,1,10,5,5,2,16,42,2,9,1,1,C03,7,9,1,10,2,14,  ,23,42,1,18,8,C03,24.200723,120.665101,2
2018,11,22,10,17,臺中市,北屯區,0,0,0,8,1,5,50,14,9,1,5,4,5,7,4,4,4,3,5,2,12,23,3,10,1,1,B03,7,9,1,8,2,2,  ,23,23,1,21,8,B03,24.180718,120.714633,3
2018,11,22,10,18,臺中市,大里區,0,0,,8,,,40,,,,,,,,,,,,,,,,,,,,B12,,,1,,2,,,16,,1,  ,,B12,24.112355,120.697313,3
2018,11,22,10,20,臺中市,北屯區,0,2,0,8,1,5,50,4,1,1,5,4,5,7,3,1,10,5,5,2,15,6,2,2,1,1,B03,7,9,1,8,2,1,  ,6,6,1,20,5,B03,24.169138,120.689541,2
2018,11,22,10,20,臺中市,神岡區,0,1,0,8,1,5,50,3,1,1,5,4,5,7,4,4,1,5,5,1,16,17,2,7,1,1,C03,7,9,1,10,2,12,  ,17,17,1,22,9,C03,24.247168,120.687926,2
2018,11,22,10,21,臺中市,大里區,0,1,0,8,1,5,50,3,1,1,5,4,5,7,4,4,10,5,5,2,16,6,3,10,1,1,B03,7,5,1,8,2,1,  ,6,6,1,21,9,B03,24.09146,120.72886,2
2018,11,22,10,26,臺中市,太平區,0,1,0,8,1,5,50,3,4,1,5,4,5,7,1,1,5,5,4,2,16,42,3,10,1,1,G03,7,21,1,8,2,15,  ,42,42,1,21,8,G03,24.131501,120.713225,2
2018,11,22,10,30,臺中市,霧峰區,0,1,0,8,1,5,40,4,1,1,5,4,5,7,1,1,10,5,5,2,16,8,2,9,1,1,C03,7,5,1,10,2,13,  ,8,8,1,18,8,C03,24.058631,120.69312,2
2018,11,22,10,32,臺中市,北屯區,0,2,0,8,1,5,50,4,2,1,5,4,5,7,2,1,5,2,5,2,12,42,2,9,3,4,C03,7,9,1,10,2,14,  ,13,42,1,21,8,C03,24.187605,120.66794,2
2018,11,22,10,34,臺中市,太平區,0,2,0,8,1,5,50,3,1,1,5,4,5,7,3,1,10,5,5,2,16,6,2,9,1,1,C03,7,9,1,10,2,12,  ,6,6,1,21,8,C03,24.146829,120.724178,2
2018,11,22,10,36,臺中市,大里區,0,0,,8,,,40,,,,,,,,,,,,,,,42,,,,,B03,,,1,,2,,,44,42,1,  ,,B03,24.095568,120.663071,3
2018,11,22,10,38,臺中市,西屯區,0,2,0,8,1,5,50,4,1,1,5,4,5,7,2,1,10,5,5,2,16,6,2,9,3,4,C03,7,6,1,10,2,12,  ,6,6,1,22,8,C03,24.161386,120.659743,2
2018,11,22,10,43,臺中市,西屯區,0,1,0,8,1,5,50,14,9,1,5,4,5,7,4,4,10,5,5,2,13,43,3,10,1,1,B03,7,9,1,8,2,1,  ,43,43,1,4,8,B03,24.179053,120.640508,2
2018,11,22,10,45,臺中市,神岡區,0,0,0,8,,,40,,,,,,,,,,,,,,,4,  ,  ,  ,  ,B12,  ,  ,1,  ,2,  ,  ,44,4,1,21,  ,B12,24.253626,120.648305,3
2018,11,22,10,48,臺中市,西屯區,0,1,0,8,1,5,50,14,9,1,5,4,5,7,4,4,9,4,5,2,16,26,3,10,1,1,B12,7,11,1,8,2,8,  ,26,26,1,5,8,B12,24.164393,120.654821,2
2018,11,22,10,56,臺中市,太平區,0,0,,8,,,40,,,,,,,,,,,,,,,,,,,,B03,,,1,,2,,,16,,1,5,,B03,24.134723,120.70969,3
2018,11,22,11,3,臺中市,北區,0,0,0,,,,,,,,,,,,,,,,,,,1,  ,  ,  ,  ,C03,  ,  ,1,10,2,  ,  ,8,1,1,  ,  ,C03,24.166888,120.686802,3
2018,11,22,11,7,臺中市,北區,0,0,0,8,,,40,,,,,,,,,,,,,,,42,3,  ,  ,  ,B02,  ,  ,1,  ,2,  ,  ,42,42,1,5,  ,B02,24.163373,120.674336,3
2018,11,22,11,8,臺中市,大雅區,0,0,,8,,,60,,,,,,,,,,,,,,,,,,,,B03,,,1,,2,,,6,,1,22,,B03,24.239354,120.672662,3
2018,11,22,11,9,臺中市,西屯區,0,2,0,8,1,5,50,4,1,1,5,4,5,7,1,1,10,5,5,2,16,9,3,10,1,1,B12,7,6,1,8,2,6,  ,9,9,1,21,8,B12,24.17227,120.650091,2
2018,11,22,11,12,臺中市,西區,0,1,0,8,1,5,50,14,9,1,5,4,5,7,4,4,9,5,5,2,12,42,3,10,1,1,B03,7,15,1,8,2,2,  ,42,42,1,21,8,B03,24.139751,120.671745,2
2018,11,22,11,20,臺中市,大甲區,0,2,0,8,1,5,50,3,9,1,5,4,5,7,4,4,5,5,5,1,16,23,2,8,1,1,C03,7,9,1,10,2,11,  ,23,23,1,4,8,C03,24.343473,120.621555,2
2018,11,22,11,34,臺中市,后里區,0,0,,8,,,50,,,,,,,,,,,,,,,,,,,,B03,,,1,,2,,,42,,1,  ,,B03,24.309893,120.716443,3
2018,11,22,11,47,臺中市,外埔區,0,1,0,8,1,5,50,4,2,1,5,4,5,7,3,1,1,1,5,1,12,23,2,9,1,1,C03,7,9,1,10,2,14,  ,23,23,1,21,8,C03,24.331423,120.645175,2
2018,11,22,11,58,臺中市,霧峰區,0,0,,,,,,,,,,,,,,,,,,,,,,,,,C03,,,1,,2,,,23,,1,21,,C03,,,3
2018,11,22,12,2,臺中市,清水區,0,0,0,8,,,50,,,,,,,,,,,,,,,26,  ,  ,  ,  ,B03,  ,  ,1,  ,2,  ,  ,26,26,1,  ,  ,B03,24.276896,120.568384,3
2018,11,22,12,7,臺中市,南區,0,1,0,8,1,5,50,14,9,1,5,4,5,7,4,4,10,5,5,2,18,42,2,9,1,1,C03,7,9,1,10,2,14,  ,42,42,1,18,8,C03,24.116533,120.666701,2
2018,11,22,12,10,臺中市,后里區,0,0,,8,,,50,,,,,,,,,,,,,,,,,,,,B12,,,1,,2,,,12,,1,22,,B12,24.302325,120.734178,3
2018,11,22,12,11,臺中市,龍井區,0,0,,8,,,50,,,,,,,,,,,,,,,,,,,,B03,,,1,,2,,,12,,1,5,,B03,24.206199,120.525127,3
2018,11,22,12,17,臺中市,北區,0,1,0,8,1,5,50,4,1,1,5,4,5,7,1,1,10,5,5,2,12,7,2,8,1,1,C03,7,7,1,10,2,14,14,7,7,1,22,9,C03,24.164987,120.68772,2
2018,11,22,12,22,臺中市,西區,0,0,,8,,,40,,,,,,,,,,,,,,,,,,,,B11,,,1,,2,,,17,,1,10,,B11,24.137131,120.662188,3
2018,11,22,12,30,臺中市,北屯區,0,0,0,8,,,50,,,,,,,,,,,,,,,25,  ,  ,  ,  ,B01,  ,  ,1,  ,2,  ,  ,25,25,1,10,  ,B01,24.201391,120.690233,3
2018,11,22,12,30,臺中市,大甲區,0,0,,8,,,50,,,,,,,,,,,,,,,23,,,,,B03,,,1,,2,,,6,23,1,22,,B03,24.381023,120.657244,3
2018,11,22,12,39,臺中市,北屯區,0,1,0,8,1,5,40,4,1,1,5,4,5,7,1,1,10,5,5,2,16,19,3,10,1,1,B03,7,1,1,8,2,4,  ,19,19,1,4,8,B03,24.158676,120.724673,2
2018,11,22,12,40,臺中市,北區,0,0,0,8,,,50,,,,,,,,,,,,,,,7,3,  ,  ,  ,B03,  ,  ,1,  ,2,  ,  ,7,7,1,5,  ,B03,24.149737,120.675598,3
2018,11,22,12,45,臺中市,南屯區,0,0,,8,,,50,,,,,,,,,,,,,,,,,,,,C03,,,1,,2,,,16,,1,5,,C03,24.146718,120.635873,3
2018,11,22,12,45,臺中市,北屯區,0,0,,8,,,50,,,,,,,,,,,,,,,,,,,,B03,,,1,,2,,,40,,1,7,,B03,24.176173,120.675181,3
2018,11,22,13,7,臺中市,西屯區,0,2,0,8,1,5,40,14,8,1,5,4,5,7,4,4,1,4,5,2,13,23,2,9,3,4,C03,7,9,1,10,2,11,  ,23,23,1,22,8,C03,24.169585,120.639723,2
2018,11,22,13,10,臺中市,西區,0,0,,8,1,5,50,4,1,1,,4,5,7,,4,10,5,5,2,15,,,,,,B03,,,1,,2,,,6,,1,20,,B03,24.139225,120.658928,3
2018,11,22,13,10,臺中市,西屯區,0,0,,8,,,40,,,,,,,,,,,,,,,,,,,,B03,,,1,,2,,,19,,1,4,,B03,24.166297,120.653393,3
2018,11,22,13,11,臺中市,龍井區,0,0,,8,,,50,,,,,,,,,,,,,,,,,,,,A41,,,1,,9,,,23,,1,10,,A41,24.181045,120.583654,3
2018,11,22,13,11,臺中市,烏日區,0,1,0,8,1,5,40,3,9,1,5,4,5,7,4,4,10,5,5,1,16,9,3,10,1,1,A12,7,6,1,3,2,8,  ,9,9,1,10,8,A12,24.078924,120.64872,2
2018,11,22,13,16,臺中市,大雅區,0,0,,8,,,50,,,,,,,,,,,,,,,,,,,,B12,,,1,,2,,,23,,1,22,,B12,24.225278,120.646324,3
2018,11,22,13,20,臺中市,西屯區,0,3,0,8,1,5,40,14,8,1,5,4,5,7,1,1,9,4,4,2,13,23,2,9,1,1,C03,7,9,1,10,2,11,  ,23,23,1,5,8,C03,24.159723,120.617544,2
2018,11,22,13,32,臺中市,南區,0,2,0,8,1,5,50,3,1,1,5,4,5,7,1,1,10,5,5,2,16,25,2,8,4,1,F06,7,9,8,20,2,16,  ,25,25,1,4,8,F06,24.11311,120.657238,2
2018,11,22,13,33,臺中市,潭子區,0,4,0,8,1,5,60,5,1,1,5,4,5,7,1,1,10,5,5,2,13,16,2,9,1,1,C03,7,9,1,10,2,11,  ,16,16,1,22,8,C03,24.21796,120.705847,2
2018,11,22,13,40,臺中市,西屯區,0,2,0,8,1,5,50,4,1,1,5,4,5,7,4,4,5,5,5,2,16,6,2,8,1,1,C04,7,9,1,10,2,12,  ,6,6,1,4,8,C04,24.161233,120.653706,2
2018,11,22,13,40,臺中市,霧峰區,0,0,,8,,,50,,,,,,,,,,,,,,,,,,,,B03,,,1,,2,,,23,,1,20,,B03,24.055053,120.696653,3
2018,11,22,13,48,臺中市,梧棲區,0,0,,8,,,70,,,,,,,,,,,,,,,,,,,,A31,,,1,,2,,,23,,1,  ,,A31,24.251308,120.555999,4
2018,11,22,13,58,臺中市,北屯區,0,1,0,8,1,5,50,14,8,1,5,4,5,7,4,4,1,4,4,2,12,7,3,10,3,4,B03,7,8,1,8,2,2,  ,7,7,1,21,8,B03,24.167458,120.695523,2
2018,11,22,14,5,臺中市,烏日區,0,1,0,8,1,5,50,4,1,1,5,4,5,7,4,4,10,5,5,2,16,1,2,9,1,1,C03,7,4,1,8,2,13,  ,1,1,1,21,8,C03,24.103091,120.622298,2
2018,11,22,14,10,臺中市,西屯區,0,0,,8,,,50,,,,,,,,,,,,,,,,,,,,B03,,,1,,2,,,18,,1,22,,B03,24.157761,120.643634,3
2018,11,22,14,14,臺中市,梧棲區,0,0,,8,,,50,,,,,,,,,,,,,,,,,,,,B03,,,1,,2,,,43,,1,  ,,B03,24.244486,120.524981,3
2018,11,22,14,26,臺中市,南區,0,0,0,8,,,50,,,,,,,,,,,,,,,23,3,  ,  ,  ,B12,  ,  ,1,  ,2,  ,  ,23,23,  ,9,  ,B12,24.130809,120.682507,3
2018,11,22,14,26,臺中市,西屯區,0,1,0,8,1,5,40,14,8,1,5,4,5,7,4,4,1,4,4,2,17,43,2,9,3,4,C03,7,9,1,10,2,14,  ,43,43,1,22,8,C03,24.165753,120.639306,2
2018,11,22,14,30,臺中市,和平區,0,1,0,8,1,7,50,14,9,1,5,4,5,7,4,4,4,5,5,1,12,17,3,10,1,1,A03,7,4,1,2,2,6,  ,17,17,1,10,4,A03,24.176382,120.976151,2
2018,11,22,14,32,臺中市,大雅區,0,1,0,8,1,5,50,4,1,1,5,4,5,7,1,1,10,5,5,2,12,6,3,10,1,1,B12,7,6,1,8,2,5,  ,6,6,1,22,9,B12,24.219768,120.668576,2
2018,11,22,14,34,臺中市,西屯區,0,0,0,8,,,50,,,,,,,,,,,,,,,43,  ,  ,  ,  ,B03,  ,  ,1,  ,2,  ,  ,43,43,1,5,  ,B03,24.166545,120.650636,3
2018,11,22,14,35,臺中市,龍井區,0,0,,8,,,60,,,,,,,,,,,,,,,,,,,,B03,,,1,,2,,,23,,1,  ,,B03,24.187528,120.578559,3
2018,11,22,14,37,臺中市,西區,0,0,0,8,,,50,,,,,,,,,,,,,,,17,3,  ,  ,  ,B12,  ,  ,1,  ,2,  ,  ,17,17,1,21,  ,B12,24.137624,120.68493,3
2018,11,22,14,40,臺中市,太平區,,,,8,,,40,,,,,,,,,,,,,,,,,,,,B03,,,1,,2,,,6,,1,21,,B03,24.128389,120.710936,3
2018,11,22,14,55,臺中市,北屯區,0,0,0,8,,,50,,,,,,,,,,,,,,,12,  ,  ,  ,  ,B12,  ,  ,1,  ,2,  ,  ,12,12,1,10,  ,B12,24.200833,120.702908,3
2018,11,22,15,0,臺中市,北屯區,0,1,0,8,1,5,50,4,1,1,5,4,5,7,4,4,10,5,5,2,15,6,3,10,1,1,B11,7,9,1,4,2,1,  ,6,6,1,5,8,B11,24.169346,120.702941,2
2018,11,22,15,0,臺中市,西屯區,0,1,0,8,2,5,50,4,1,1,5,4,5,7,2,1,10,5,5,2,12,9,3,10,1,1,B03,7,6,1,8,2,5,  ,9,9,1,21,8,B03,24.180748,120.637843,2
2018,11,22,15,9,臺中市,后里區,0,1,0,8,1,5,50,4,2,1,5,4,5,7,1,1,1,4,5,1,16,9,3,10,1,1,B03,7,6,1,8,2,2,6,9,9,1,21,8,B03,24.315753,120.681861,2
2018,11,22,15,10,臺中市,西區,0,1,0,8,1,5,50,4,1,1,5,4,5,7,4,4,10,5,5,2,15,6,2,9,1,1,C03,7,9,1,10,2,11,  ,14,6,1,20,8,C03,24.151535,120.672847,2
2018,11,22,15,12,臺中市,大肚區,0,1,0,8,1,5,40,3,1,1,5,4,5,7,4,4,1,4,1,2,13,16,2,9,1,1,C03,7,4,1,10,2,12,  ,16,16,1,21,8,C03,24.170838,120.582126,2
2018,11,22,15,17,臺中市,北屯區,0,1,0,8,1,5,50,4,1,1,5,4,5,7,1,1,10,5,5,2,15,25,3,10,1,1,B03,7,9,1,8,2,8,  ,25,25,1,5,8,B03,24.176893,120.722595,2
2018,11,22,15,19,臺中市,后里區,0,0,,8,,,50,,,,,,,,,,,,,,,,,,,,B12,,,1,,2,,,43,,1,  ,,B12,24.30899,120.723833,3
2018,11,22,15,19,臺中市,大雅區,0,2,0,8,1,5,50,14,9,1,5,4,5,7,4,4,1,4,5,2,16,4,2,9,1,1,C03,7,14,1,10,2,11,  ,4,4,1,22,9,C03,24.210219,120.651337,2
2018,11,22,15,20,臺中市,大甲區,0,1,0,8,1,5,50,4,1,1,5,4,5,7,4,4,10,5,5,2,15,6,3,10,1,1,A11,7,9,1,1,1,4,  ,6,6,1,10,8,A11,24.421696,120.632334,2
2018,11,22,15,30,臺中市,北區,0,1,0,8,1,5,50,4,1,1,5,4,5,7,1,1,10,5,5,2,16,43,4,11,3,4,B02,7,21,7,19,11,2,  ,43,43,2,22,9,B02,24.159574,120.703886,2
2018,11,22,15,30,臺中市,南屯區,0,0,0,8,,,50,,,,,,,,4,4,,,,,,26,3,  ,  ,  ,B03,  ,  ,1,  ,2,  ,  ,26,26,1,21,  ,B03,24.139398,120.599852,3
2018,11,22,15,38,臺中市,東區,0,1,0,8,1,5,50,14,9,1,5,4,5,7,4,4,5,4,5,2,16,10,3,10,1,1,B03,7,11,1,8,2,8,  ,10,10,1,22,8,B03,24.132212,120.684077,2
2018,11,22,15,39,臺中市,龍井區,0,0,,8,,,40,,,,,,,,,,,,,,,,,,,,B12,,,1,,2,,,6,,1,21,,B12,24.224121,120.517966,3
2018,11,22,15,40,臺中市,西屯區,0,0,,8,,,50,,,,,,,,,,,,,,,,,,,,B03,,,1,,2,,,43,,1,  ,,B03,24.179493,120.634767,3
2018,11,22,15,50,臺中市,大里區,0,0,,8,,,50,,,,,,,,,,,,,,,,,,,,B12,,,1,,2,,,23,,1,22,,B12,24.110757,120.701343,3
2018,11,22,16,5,臺中市,潭子區,0,1,0,8,1,5,50,4,1,1,5,4,5,7,1,1,10,5,5,2,16,6,3,10,1,1,B03,7,6,1,8,2,2,  ,6,6,1,22,8,B03,24.200988,120.706081,2
2018,11,22,16,11,臺中市,西區,0,1,0,8,1,5,50,4,9,1,5,4,5,7,4,4,5,2,5,2,17,40,3,10,1,1,B03,7,13,1,8,2,4,  ,40,40,1,22,8,B03,24.140401,120.673811,2
2018,11,22,16,12,臺中市,北區,0,3,0,8,1,5,50,4,2,1,5,4,5,7,4,4,5,4,5,2,16,7,2,8,1,1,C03,7,7,3,18,2,14,  ,7,7,1,22,8,C03,24.167024,120.682011,2
2018,11,22,16,27,臺中市,大甲區,0,0,0,8,1,5,50,14,9,1,5,4,5,7,4,4,8,3,5,1,17,40,3,10,1,1,B12,7,13,1,8,2,4,  ,40,40,1,4,9,B12,24.38206,120.650543,3
2018,11,22,16,28,臺中市,北區,0,2,0,8,1,5,50,15,9,1,5,4,5,7,4,4,4,3,4,2,16,19,2,9,1,1,C03,7,1,1,10,2,14,  ,19,19,1,5,1,C03,24.149156,120.680977,2
2018,11,22,16,31,臺中市,后里區,0,0,,8,,,50,,,,,,,,,,,,,,,,,,,,B03,,,1,,2,,,23,,1,  ,,B03,24.308926,120.723086,3
2018,11,22,16,35,臺中市,龍井區,0,1,0,8,2,5,40,4,1,1,5,4,5,7,4,4,10,5,5,2,15,6,3,10,1,1,B03,7,9,1,8,2,2,  ,6,6,1,5,5,B03,24.194533,120.524503,2
2018,11,22,16,36,臺中市,南屯區,0,0,,8,,,40,,,,,,,,,,,,,,,,,,,,B12,,,1,,2,,,23,,1,22,,B12,24.149357,120.623629,3
2018,11,22,16,39,臺中市,北屯區,0,0,,8,,,50,,,,,,,,,,,,,,,,,,,,B03,,,1,,2,,,23,,1,5,,B03,24.183624,120.665285,3
2018,11,22,16,39,臺中市,潭子區,0,1,0,8,1,5,60,14,9,1,5,4,5,7,4,4,9,4,4,2,17,19,3,10,1,1,B03,7,1,1,8,2,4,  ,19,19,1,21,8,B03,24.219743,120.68957,2
2018,11,22,16,40,臺中市,豐原區,0,0,0,7,3,5,50,14,7,1,5,4,5,7,4,4,1,3,4,1,11,8,3,10,1,1,B03,7,5,1,8,2,8,  ,8,8,1,20,8,B03,24.263432,120.741639,3
2018,11,22,16,52,臺中市,南屯區,0,0,,8,,,40,,,,,,,,,,,,,,,,,,,,B03,,,1,,2,,,23,,1,5,,B03,24.138875,120.649362,3
2018,11,22,17,4,臺中市,霧峰區,0,1,0,8,3,5,50,4,1,1,5,4,5,7,1,1,5,2,5,1,16,8,3,10,1,1,C03,7,5,1,10,2,12,  ,8,8,1,22,1,C03,24.070858,120.701988,2
2018,11,22,17,5,臺中市,龍井區,0,0,,8,,,40,,,,,,,,,,,,,,,,,,,,B03,,,1,,2,,,19,,1,  ,,B03,24.183404,120.590065,3