年,月,日,時,分,縣市,區,死,受傷,2-30,天候,光線,道路類別,速限,道路型態,事故位置,路面鋪裝,路面狀態,路面缺陷,障礙物,視距,號誌種類,號誌動作,分向設施,快車道或一般車道間,快慢車道間,路面邊線,事故類型及型態,主要肇因,受傷程度,主要傷處,保護裝備,行動電話,當事者區分_類別,車輛用途,當事者行動狀態,駕駛資格情形,駕駛執照種類,飲酒情形,車輛撞擊部位最初,車輛撞擊部位其他,肇事因素個別,肇事因素主要,肇事逃逸,職業,旅次目的,車種,GPS座標_緯度,GPS座標_經度,事故類別
2018,11,22,17,11,臺中市,大雅區,0,0,,8,,,50,,,,,,,,,,,,,,,,,,,,B03,,,1,,2,,,16,,1,  ,,B03,24.213351,120.649762,3
2018,11,22,17,12,臺中市,太平區,0,2,0,8,3,5,50,14,9,1,5,4,5,7,4,4,5,5,5,1,3,52,2,8,1,1,C03,7,9,1,10,2,11,  ,23,52,1,4,8,C03,24.154459,120.716817,2
2018,11,22,17,18,臺中市,霧峰區,0,2,0,8,3,5,40,3,1,1,5,4,5,7,4,4,9,5,5,1,16,6,2,9,3,4,C03,7,5,1,10,2,14,  ,6,6,1,18,8,C03,24.078523,120.718593,2
2018,11,22,17,19,臺中市,西屯區,0,0,,8,,,50,,,,,,,,,,,,,,,23,,,,,B03,,,1,,10,,,44,23,1,  ,,B03,24.173485,120.640006,3
2018,11,22,17,20,臺中市,南區,0,0,0,8,,,50,,,,,,,,,,,,,,,19,  ,  ,  ,  ,C03,  ,  ,1,  ,2,  ,  ,19,19,1,22,  ,C03,24.124054,120.656801,3
2018,11,22,17,20,臺中市,南屯區,0,0,0,8,,,50,,,,,,,,,,,,,,,23,  ,  ,  ,  ,B03,  ,  ,1,  ,2,  ,  ,23,23,1,22,  ,B03,24.133394,120.647012,3
2018,11,22,17,20,臺中市,北屯區,0,0,0,8,,,40,,,,,,,,,,,,,,,23,  ,  ,  ,  ,B03,  ,  ,1,  ,2,  ,  ,23,23,1,19,  ,B03,24.17402,120.712391,3
2018,11,22,17,20,臺中市,清水區,0,0,,,,,60,,,,,,,,,,,,,,,,,,,,B03,,,1,,2,,,16,,1,5,,B03,24.292778,120.551836,3
2018,11,22,17,20,臺中市,大甲區,0,0,,8,,,60,,,,,,,,,,,,,,,,,,,,B03,,,1,,2,,,23,,1,8,,B03,24.374805,120.650966,3
2018,11,22,17,21,臺中市,西屯區,0,1,0,8,3,5,50,4,1,1,5,4,5,7,1,1,10,5,5,2,12,17,2,3,1,1,C03,7,5,1,10,2,14,  ,17,17,1,22,8,C03,24.175764,120.63738,2
2018,11,22,17,25,臺中市,北屯區,0,0,,8,,,50,,,,,,,,,,,,,,,,,,,,B03,,,1,,2,,,1,,1,4,,B03,24.183515,120.690338,3
2018,11,22,17,25,臺中市,清水區,0,0,0,8,4,5,50,4,1,1,5,4,5,7,4,4,10,5,5,2,17,23,3,10,1,1,B03,7,11,1,8,4,2,  ,23,23,1,12,8,B03,24.262321,120.551324,3
2018,11,22,17,26,臺中市,北區,0,0,0,8,,,50,,,,,,,,,,,,,,,,3,  ,  ,  ,B03,  ,  ,1,  ,2,  ,  ,26,  ,1,22,  ,B03,24.163127,120.682364,3
2018,11,22,17,33,臺中市,北屯區,0,0,,8,,,50,,,,,,,,,,,,,,,,,,,,B03,,,1,,2,,,19,,1,5,,B03,24.175076,120.72283,3
2018,11,22,17,35,臺中市,中區,0,1,0,8,3,5,50,14,7,1,5,4,5,7,4,4,5,4,4,2,13,17,2,7,1,1,C03,7,9,1,10,2,11,  ,17,17,1,22,8,C03,24.14427,120.681416,2
2018,11,22,17,35,臺中市,西屯區,0,0,,,,,,,,,,,,,,,,,,,,,,,,,B03,,,1,,2,,,7,,1,  ,,B03,24.180111,120.634648,3
2018,11,22,17,35,臺中市,太平區,0,1,0,8,3,5,50,4,1,1,5,4,5,7,1,1,10,5,5,2,17,19,2,8,1,1,C03,7,1,6,18,2,12,  ,19,19,1,19,8,C03,24.125165,120.713658,2
2018,11,22,17,40,臺中市,西屯區,0,1,0,8,1,5,50,14,8,1,5,4,5,7,4,4,10,5,5,2,17,43,2,9,1,1,C03,7,9,1,10,2,14,  ,43,43,1,21,8,C03,24.18331,120.644792,2
2018,11,22,17,40,臺中市,梧棲區,0,1,0,8,3,5,40,4,8,1,5,4,5,7,1,1,1,4,1,1,12,43,3,10,1,1,C03,7,9,1,10,2,11,  ,43,43,1,5,8,C03,24.257358,120.539825,2
2018,11,22,17,45,臺中市,清水區,0,2,0,8,2,5,50,3,1,1,5,4,5,7,3,1,10,5,5,2,16,6,2,9,1,1,C03,7,5,3,18,2,14,  ,6,6,1,5,5,C03,24.276808,120.572155,2
2018,11,22,17,54,臺中市,龍井區,0,0,,8,,,60,,,,,,,,,,,,,,,,,,,,B03,,,1,,2,,,44,,1,  ,,B03,24.186166,120.573634,3
2018,11,22,17,56,臺中市,太平區,0,1,0,8,3,5,40,3,1,1,5,4,5,7,1,1,10,5,5,2,16,23,2,8,1,1,C03,7,9,1,10,2,12,  ,23,23,1,18,1,C03,24.14831,120.73431,2
2018,11,22,18,1,臺中市,太平區,0,0,,8,,,40,,,,,,,,,,,,,,,19,,,,,C03,,,1,,9,,,38,19,1,5,,C03,24.151382,120.716843,3
2018,11,22,18,5,臺中市,南區,0,2,0,8,3,5,40,4,1,1,5,4,5,7,4,4,10,5,5,2,15,6,2,9,1,1,C03,7,9,1,10,2,11,  ,6,6,1,4,1,C03,24.1318,120.675011,2
2018,11,22,18,5,臺中市,大里區,0,1,0,8,3,5,50,3,1,1,5,4,5,7,4,4,5,2,5,2,16,4,2,8,1,1,C03,7,9,1,10,2,12,  ,4,4,1,22,7,C03,24.088955,120.69976,2
2018,11,22,18,5,臺中市,神岡區,0,0,0,8,,,50,,,,,,,,,,,,,,,23,  ,  ,  ,  ,B03,  ,  ,1,  ,2,  ,  ,23,23,1,19,  ,B03,24.247555,120.699095,3
2018,11,22,18,6,臺中市,大雅區,0,0,,8,,,40,,,,,,,,,,,,,,,,,,,,C03,,,1,,2,,,6,,1,21,,C03,24.229526,120.654376,3
2018,11,22,18,8,臺中市,南區,0,2,0,8,3,5,50,4,1,1,5,4,5,7,4,4,10,5,5,2,15,6,2,9,1,1,C03,7,9,1,10,2,12,  ,6,6,1,22,8,C03,24.121594,120.66225,2
2018,11,22,18,16,臺中市,豐原區,0,0,0,8,3,5,50,8,9,1,5,4,5,7,1,1,1,3,4,1,13,23,3,10,1,1,B03,7,9,1,8,2,1,  ,23,23,1,4,8,B03,24.281504,120.722507,3
2018,11,22,18,17,臺中市,北屯區,0,0,0,8,,,40,,,,,,,,,,,,,,,42,  ,  ,  ,  ,C03,  ,  ,1,  ,2,  ,  ,42,42,1,22,  ,C03,24.176511,120.685923,3
2018,11,22,18,20,臺中市,北屯區,0,0,,8,,,50,,,,,,,,,,,,,,,,,,,,B03,,,1,,2,,,16,,1,21,,B03,24.169879,120.685643,3
2018,11,22,18,21,臺中市,西屯區,0,2,0,8,3,5,50,3,1,1,5,4,5,7,1,1,10,5,5,2,3,23,2,9,1,1,C03,7,9,1,10,2,11,  ,23,23,1,22,8,C03,24.182735,120.644953,2
2018,11,22,18,24,臺中市,大里區,0,0,,8,,,50,,,,,,,,,,,,,,,,,,,,B03,,,1,,2,,,17,,1,12,,B03,24.110521,120.681728,3
2018,11,22,18,25,臺中市,西屯區,0,1,0,8,3,5,50,4,1,1,5,4,5,7,2,1,10,5,5,2,16,42,3,10,1,1,B03,7,9,1,8,2,5,  ,42,42,1,21,8,B03,24.172278,120.6456,2
2018,11,22,18,30,臺中市,龍井區,0,0,,8,,,40,,,,,,,,,,,,,,,,,,,,B03,,,1,,2,,,6,,1,22,,B03,24.189606,120.593811,3
2018,11,22,18,33,臺中市,北屯區,0,0,,8,,,50,,,,,,,,,,,,,,,,,,,,B03,,,1,,2,,,16,,1,3,,B03,24.191523,120.686318,3
2018,11,22,18,34,臺中市,新社區,0,0,0,8,,,50,,,,,,,,,,,,,,,16,  ,  ,  ,  ,B03,  ,  ,1,  ,2,  ,  ,16,16,1,21,  ,B03,24.252848,120.808006,3
2018,11,22,18,37,臺中市,西屯區,0,0,0,8,,,50,,,,,,,,,,,,,,,26,  ,  ,  ,  ,B03,  ,  ,1,  ,2,  ,  ,26,26,1,22,  ,B03,24.184673,120.626101,3
2018,11,22,18,45,臺中市,西區,0,1,0,6,3,5,50,4,1,1,4,4,5,7,1,1,1,2,4,1,13,16,2,1,1,1,C03,7,9,1,10,2,11,  ,16,16,1,21,8,C03,24.134623,120.666564,2
2018,11,22,18,47,臺中市,太平區,0,1,0,8,3,5,50,3,2,1,5,4,4,7,4,4,5,5,5,1,16,7,3,10,1,1,C03,7,7,1,10,2,12,  ,7,7,1,21,8,C03,24.148073,120.71579,2
2018,11,22,18,49,臺中市,北屯區,0,1,0,8,2,5,50,4,4,1,5,4,5,7,2,1,1,2,5,2,17,7,3,10,1,1,B02,7,8,1,8,2,6,  ,7,7,1,5,8,B02,24.182291,120.721614,2
2018,11,22,18,50,臺中市,大里區,0,0,,8,,,50,,,,,,,,,,,,,,,,,,,,B03,,,1,,2,,,17,,1,22,,B03,24.092426,120.690387,3
2018,11,22,18,50,臺中市,潭子區,0,0,,8,,,60,,,,,,,,,,,,,,,,,,,,B03,,,1,,2,,,7,,1,21,,B03,24.197137,120.700405,3
2018,11,22,18,53,臺中市,太平區,0,0,0,8,3,5,50,4,2,1,5,4,5,7,1,1,5,5,4,2,13,16,3,10,1,1,B03,7,9,1,8,2,1,  ,16,16,1,21,8,B03,24.138342,120.715111,3
2018,11,22,18,56,臺中市,清水區,0,1,0,8,1,5,50,3,1,1,5,4,5,7,4,4,10,5,5,2,16,6,3,10,1,1,B03,7,5,1,8,2,5,  ,6,6,1,5,8,B03,24.266961,120.559208,2
2018,11,22,18,58,臺中市,北屯區,0,1,0,8,3,5,50,14,19,1,5,4,5,7,4,4,5,5,4,2,3,53,2,9,4,5,H01,8,16,8,20,10,16,  ,53,53,1,22,8,H01,24.178816,120.739306,2
2018,11,22,19,1,臺中市,大里區,0,0,,8,,,40,,,,,,,,,,,,,,,,,,,,B03,,,1,,11,,,12,,2,6,,B03,24.095331,120.699701,3
2018,11,22,19,12,臺中市,潭子區,0,0,,8,,,50,,,,,,,,,,,,,,,,,,,,B03,,,1,,2,,,23,,1,22,,B03,24.217911,120.718283,3
2018,11,22,19,15,臺中市,大雅區,0,2,0,8,3,5,40,3,2,1,5,4,5,7,4,4,10,5,5,2,16,6,3,10,1,1,B03,7,6,1,8,2,1,  ,6,6,1,22,8,B03,24.203429,120.637012,2
2018,11,22,19,16,臺中市,中區,0,0,,8,3,5,50,14,9,1,5,4,5,7,4,4,5,2,5,2,13,,,,,,C03,,,1,,2,,,23,,1,22,,C03,24.143034,120.679044,3
2018,11,22,19,25,臺中市,北屯區,0,1,0,8,3,5,50,4,1,1,5,4,5,7,2,1,10,5,5,2,16,6,3,10,1,1,B03,7,6,1,8,2,2,  ,6,6,1,4,8,B03,24.17428,120.685686,2
2018,11,22,19,25,臺中市,大甲區,0,1,0,8,3,5,50,4,1,1,5,4,5,7,3,1,5,5,5,2,16,6,3,10,1,4,B03,7,9,1,8,2,5,  ,6,6,1,21,8,B03,24.349666,120.625698,2
2018,11,22,19,30,臺中市,南屯區,0,0,,8,,,50,,,,,,,,,,,,,,,,,,,,B03,,,1,,2,,,18,,1,22,,B03,24.12632,120.642026,3
2018,11,22,19,31,臺中市,北屯區,0,2,0,8,2,5,50,14,8,1,5,4,5,7,2,1,3,4,4,2,29,23,2,9,1,1,C03,7,9,1,10,2,11,  ,23,23,1,18,8,C03,24.182191,120.710743,2
2018,11,22,19,35,臺中市,石岡區,0,0,0,8,,,70,,,,,,,,,,,,,,,42,  ,  ,  ,  ,B03,  ,  ,1,  ,2,  ,  ,42,42,1,21,  ,B03,24.274621,120.774368,3
2018,11,22,19,40,臺中市,豐原區,0,0,0,8,,,50,,,,,,,,,,,,,,,43,4,11,3,4,   ,7,21,7,19,11,15,  ,43,43,  ,22,9,   ,24.272809,120.721813,3
2018,11,22,19,50,臺中市,東區,0,0,,8,,,50,,,,,,,,,,,,,,,,,,,,B03,,,1,,2,,,25,,1,22,,B03,24.140151,120.686,3
2018,11,22,20,6,臺中市,大里區,0,1,0,8,1,5,40,14,7,1,5,4,5,7,4,4,9,4,4,1,17,19,3,10,3,4,B03,7,1,1,8,2,8,  ,19,19,1,5,8,B03,24.108763,120.683931,2
2018,11,22,20,19,臺中市,西區,0,1,0,8,3,5,50,4,1,1,5,4,5,7,1,1,5,4,5,2,16,6,3,10,3,4,B03,7,5,1,8,2,8,  ,6,6,1,21,8,B03,24.145541,120.661668,2
2018,11,22,20,20,臺中市,烏日區,0,1,0,8,3,5,40,4,1,1,5,4,5,7,4,4,10,5,5,2,15,6,2,9,1,1,C03,7,9,1,10,2,12,  ,6,6,1,21,8,C03,24.11043,120.635027,2
2018,11,22,20,22,臺中市,西區,0,0,,8,,,50,,,,,,,,,,,,,,,,,,,,B03,,,1,,2,,,23,,1,22,,B03,24.138768,120.669369,3
2018,11,22,20,23,臺中市,外埔區,0,2,0,8,3,5,50,11,9,1,5,4,3,5,4,4,5,5,5,1,3,14,2,9,3,4,C03,7,9,1,10,2,11,  ,14,14,1,22,8,C03,24.349653,120.66274,2
2018,11,22,20,40,臺中市,烏日區,0,2,0,8,1,5,60,4,18,1,5,4,5,7,2,1,10,5,5,2,8,15,2,9,1,1,C03,7,6,1,10,2,11,12,15,15,1,18,8,C03,24.106265,120.633843,2
2018,11,22,20,50,臺中市,北屯區,0,0,,,,,,,,,,,,,,,,,,,,,,,,,B03,,,1,,2,,,7,,1,5,,B03,24.174499,120.715194,3
2018,11,22,20,50,臺中市,后里區,0,0,,,,,,,,,,,,,,,,,,,,,,,,,B03,,,1,,2,,,12,,1,  ,,B03,24.307541,120.695388,3
2018,11,22,20,56,臺中市,西屯區,0,0,0,8,,,50,,,,,,,,,,,,,,,43,  ,  ,  ,  ,B03,  ,  ,1,  ,2,  ,  ,43,43,1,22,  ,B03,24.184683,120.615742,3
2018,11,22,21,5,臺中市,潭子區,0,1,0,8,3,5,50,14,9,1,5,4,5,7,4,4,5,4,5,1,12,23,2,8,1,1,C03,7,9,1,10,2,11,  ,23,23,1,21,8,C03,24.198645,120.700993,2
2018,11,22,21,8,臺中市,北屯區,0,1,0,8,3,5,50,3,1,1,5,4,5,7,4,4,10,5,5,2,16,6,3,10,1,1,B03,7,6,1,8,2,2,  ,6,6,1,21,8,B03,24.182439,120.690868,2
2018,11,22,21,16,臺中市,北區,0,1,0,8,3,5,50,14,9,1,5,4,5,7,4,4,5,4,5,2,17,19,3,10,1,1,B12,7,1,1,8,2,5,  ,19,19,1,22,8,B12,24.167107,120.681411,2
2018,11,22,21,20,臺中市,大肚區,0,2,0,8,2,5,50,4,1,1,5,4,5,7,4,4,10,5,5,2,15,6,2,8,1,1,B03,7,9,1,8,2,1,  ,6,6,1,4,8,B03,24.15863,120.539325,2
2018,11,22,21,23,臺中市,西屯區,0,1,0,8,3,5,50,4,2,1,5,4,5,7,1,1,10,5,5,2,13,16,2,8,1,1,C03,7,9,1,10,2,11,  ,16,16,1,22,8,C03,24.17826,120.639523,2
2018,11,22,21,25,臺中市,西屯區,0,0,,8,,,60,,,,,,,,,,,,,,,,,,,,B02,,,1,,2,,,7,,1,  ,,B02,24.162,120.63215,3
2018,11,22,21,30,臺中市,西屯區,0,0,,8,,,40,,,,,,,,,,,,,,,,,,,,B03,,,1,,2,,,19,,1,22,,B03,24.158959,120.638573,3
2018,11,22,21,33,臺中市,北屯區,0,0,,8,,,50,,,,,,,,,,,,,,,,,,,,C03,,,1,,2,,,23,,1,5,,C03,24.175546,120.672346,3
2018,11,22,22,0,臺中市,西區,0,2,0,8,3,5,50,3,7,1,5,4,5,7,1,1,4,4,5,2,16,26,2,9,1,1,C03,7,6,1,10,2,14,  ,26,26,1,20,8,C03,24.150947,120.666682,2
2018,11,22,22,2,臺中市,東區,0,0,,,,,,,,,,,,,,,,,,,,,,,,,B03,,,1,,2,,,23,,1,22,,B03,24.148012,120.697281,3
2018,11,22,22,10,臺中市,南區,0,2,0,8,3,5,50,14,8,1,5,4,5,7,1,1,5,5,4,2,13,16,2,9,1,1,C03,7,9,1,10,2,11,  ,16,16,1,21,8,C03,24.130305,120.661775,2
2018,11,22,22,15,臺中市,大里區,0,1,0,8,3,5,50,4,1,1,5,4,5,7,1,1,5,2,5,2,16,44,3,10,1,1,B03,7,5,1,8,2,4,  ,44,44,1,22,8,B03,24.096463,120.714528,2
2018,11,22,22,15,臺中市,大肚區,0,1,0,8,3,5,50,14,22,1,5,4,5,7,4,4,10,5,5,2,18,23,2,9,1,1,C03,7,9,6,18,8,11,  ,23,23,1,9,8,C03,24.143915,120.54772,2
2018,11,22,22,26,臺中市,潭子區,0,0,,8,,,50,,,,,,,,,,,,,,,,,,,,B03,,,1,,2,,,23,,1,22,,B03,24.225537,120.70719,3
2018,11,22,22,30,臺中市,沙鹿區,0,0,,8,,,50,,,,,,,,,,,,,,,,,,,,B03,,,6,,2,,,42,,2,20,,B03,24.241331,120.563333,3
2018,11,22,22,35,臺中市,南區,0,2,0,8,3,5,50,4,1,1,5,4,5,7,4,4,10,5,5,2,4,54,2,9,4,5,H01,8,20,8,20,2,16,  ,54,54,1,22,8,H01,24.116868,120.67169,2
2018,11,22,22,40,臺中市,南區,0,1,0,8,3,5,50,14,9,1,5,4,5,7,4,4,3,4,5,2,18,67,  ,  ,  ,  ,   ,  ,  ,  ,  ,  ,  ,  ,67,67,1,  ,  ,   ,24.129733,120.668934,2
2018,11,22,22,42,臺中市,北區,0,0,,8,,,40,,,,,,,,,,,,,,,,,,,,B03,,,1,,9,,,12,,1,  ,,B03,24.148491,120.683677,3
2018,11,22,22,53,臺中市,北區,0,1,0,8,3,5,50,14,9,1,5,4,5,7,4,4,5,4,5,2,12,43,3,10,3,4,E03,7,7,1,8,2,8,  ,43,43,1,22,9,E03,24.15845,120.690708,2
2018,11,22,23,22,臺中市,北區,0,1,0,8,3,5,50,14,7,1,5,4,5,7,4,4,5,5,5,2,16,26,3,10,1,4,B03,7,11,1,8,2,5,  ,26,26,1,5,8,B03,24.167088,120.682216,2
2018,11,22,23,23,臺中市,西屯區,0,1,0,8,1,5,50,14,9,1,5,4,5,7,4,4,1,5,5,2,16,43,3,10,3,4,B01,7,9,6,4,2,2,  ,43,43,1,22,8,B01,24.199161,120.655015,2
2018,11,22,23,25,臺中市,太平區,0,0,,8,,,40,,,,,,,,,,,,,,,,,,,,B03,,,1,,2,,,17,,1,4,,B03,24.122979,120.714585,3
2018,11,22,23,37,臺中市,大里區,0,0,,8,,,50,,,,,,,,,,,,,,,,,,,,B12,,,8,,10,,,38,,1,20,,B12,24.108465,120.700375,3
2018,11,23,1,10,臺中市,北屯區,0,1,0,8,3,5,50,4,1,1,5,4,5,7,1,1,10,5,5,2,27,23,2,9,1,1,C03,7,9,1,10,2,11,  ,23,23,1,21,8,C03,24.172524,120.72086,2
2018,11,23,2,30,臺中市,南屯區,0,1,0,8,3,5,40,14,20,2,5,4,5,7,4,4,5,5,5,2,19,21,2,7,1,1,B03,7,5,1,8,7,8,  ,21,21,1,22,9,B03,24.134029,120.644286,2
2018,11,23,5,40,臺中市,大雅區,0,1,0,8,2,5,50,3,1,1,5,4,5,7,4,4,5,5,5,1,13,23,2,8,1,1,C03,4,9,1,5,2,11,  ,23,23,1,22,9,C03,24.220976,120.642287,2
2018,11,23,6,8,臺中市,外埔區,0,1,0,8,4,5,40,4,22,5,5,4,5,7,4,4,10,5,5,2,19,43,2,9,1,4,C03,7,9,3,18,2,15,  ,43,43,1,22,8,C03,24.318556,120.640103,2
2018,11,23,6,38,臺中市,梧棲區,0,0,,8,,,50,,,,,,,,,,,,,,,,,,,,B03,,,1,,2,,,12,,1,8,,B03,24.230259,120.527659,3
2018,11,23,6,50,臺中市,烏日區,0,1,0,8,1,5,70,4,1,1,5,4,5,7,2,1,1,4,4,1,3,23,3,10,1,1,C03,7,6,2,18,2,11,  ,23,23,1,21,8,C03,24.112683,120.607829,2
2018,11,23,6,52,臺中市,龍井區,0,1,0,8,1,5,40,14,9,1,5,4,5,7,4,4,10,5,5,2,1,43,3,10,1,1,C03,7,9,1,10,2,15,  ,43,43,1,22,8,C03,24.182675,120.590531,2
2018,11,23,6,55,臺中市,南屯區,,,,8,,,40,,,,,,,,,,,,,,,,,,,,B03,,,1,,2,,,19,,1,22,,B03,24.153653,120.634807,3
2018,11,23,7,25,臺中市,西區,0,0,0,8,,,50,,,,,,,,,,,,,,,,3,  ,  ,  ,C03,  ,  ,1,  ,2,  ,  ,19,  ,  ,21,  ,C03,24.13168,120.665211,3
2018,11,23,7,27,臺中市,霧峰區,0,0,,8,,,70,,,,,,,,,,,,,,,,,,,,A41,,,1,,2,,,19,,1,10,,A41,24.055791,120.6958,3
2018,11,23,7,28,臺中市,北區,0,1,0,8,1,5,50,14,7,1,5,4,5,7,4,4,9,3,4,2,13,23,2,8,1,1,C03,7,8,1,10,2,14,  ,23,23,1,22,9,C03,24.151916,120.690094,2
2018,11,23,7,33,臺中市,南區,0,0,,8,,,50,,,,,,,,,,,,,,,,,,,,B03,,,1,,2,,,16,,1,22,,B03,24.130633,120.677301,3
2018,11,23,7,36,臺中市,南屯區,0,0,,8,,,50,,,,,,,,,,,,,,,,,,,,B03,,,1,,2,,,42,,1,22,,B03,24.139,120.6118,3
2018,11,23,7,40,臺中市,清水區,0,1,0,8,1,5,50,4,1,1,5,4,5,7,1,1,10,5,5,2,16,9,3,10,1,1,B03,7,6,1,8,2,2,  ,9,9,1,21,8,B03,24.262246,120.572681,2
2018,11,23,7,40,臺中市,東勢區,0,0,0,8,,,50,,,,,,,,,,,,,,,26,  ,  ,  ,  ,B03,  ,  ,1,  ,2,  ,  ,26,26,1,21,  ,B03,24.286683,120.777348,3
2018,11,23,7,43,臺中市,大里區,0,1,0,8,1,5,60,14,7,1,5,4,5,7,1,1,3,2,4,1,17,25,3,10,1,1,B03,7,9,1,8,2,2,  ,25,25,1,21,1,B03,24.107121,120.664326,2
2018,11,23,7,45,臺中市,北區,0,0,0,8,,,50,,,,,,,,,,,,,,,38,  ,  ,  ,  ,C03,  ,  ,1,8,11,  ,  ,23,38,2,  ,  ,C03,24.16228,120.681727,3
2018,11,23,7,45,臺中市,霧峰區,0,0,0,8,1,2,70,10,17,1,1,4,5,7,4,4,10,4,5,1,13,23,3,10,1,1,B03,7,1,1,8,2,1,  ,23,23,1,2,1,B03,24.045647,120.667575,3
2018,11,23,7,47,臺中市,南屯區,0,0,,8,,,40,,,,,,,,,,,,,,,,,,,,B03,,,1,,2,,,6,,1,22,,B03,24.155202,120.650586,3
2018,11,23,7,50,臺中市,大肚區,0,1,0,8,1,5,50,3,2,1,5,4,5,7,4,4,10,5,5,2,16,10,3,10,1,1,B03,7,11,1,8,2,8,  ,10,10,1,21,8,B03,24.161865,120.575445,2
2018,11,23,7,55,臺中市,南屯區,0,2,0,8,1,5,40,4,1,1,5,4,5,7,1,1,10,5,5,2,16,26,2,9,1,4,C03,7,5,1,10,2,11,  ,26,26,1,22,8,C03,24.150215,120.595538,2
2018,11,23,7,55,臺中市,西屯區,0,0,,8,,,50,,,,,,,,,,,,,,,,,,,,B03,,,1,,2,,,23,,1,22,,B03,24.190561,120.612538,3
2018,11,23,7,59,臺中市,北屯區,0,0,,8,,,50,,,,,,,,,,,,,,,,,,,,B03,,,1,,2,,,6,,1,21,,B03,24.186835,120.666603,3
2018,11,23,8,3,臺中市,北屯區,0,0,0,8,,,40,,,,,,,,,,,,,,,1,  ,  ,  ,  ,B03,  ,  ,1,  ,2,  ,  ,1,1,1,  ,  ,B03,24.17831,120.685949,3
2018,11,23,8,4,臺中市,南區,0,0,0,8,,,50,,,,,,,,,,,,,,,,3,  ,  ,  ,B03,  ,  ,1,  ,2,  ,  ,44,  ,1,21,  ,B03,24.130935,120.659446,3
2018,11,23,8,6,臺中市,霧峰區,0,0,,8,,,40,,,,,,,,,,,,,,,,,,,,A02,,,1,,2,,,23,,1,10,,A02,24.077668,120.663729,3
2018,11,23,8,10,臺中市,西屯區,0,1,0,8,1,5,40,4,1,1,5,4,5,7,1,1,10,5,5,2,16,6,3,10,1,1,B03,7,6,1,8,2,2,  ,6,6,1,21,8,B03,24.164236,120.66005,2
2018,11,23,8,15,臺中市,西屯區,0,1,0,8,1,5,40,14,8,1,5,4,5,7,1,1,3,2,3,2,13,23,2,8,1,1,C03,7,9,1,8,2,11,  ,23,23,1,4,8,C03,24.184747,120.611224,2
2018,11,23,8,17,臺中市,大雅區,0,1,0,8,1,5,50,3,1,1,5,4,5,7,1,1,1,4,4,1,17,26,3,10,1,1,A12,7,5,1,7,2,6,  ,26,26,1,21,8,A12,24.234803,120.636578,2
2018,11,23,8,25,臺中市,大里區,0,0,,8,,,50,,,,,,,,,,,,,,,,,,,,C03,,,1,,2,,,16,,1,21,,C03,24.097214,120.68498,3
2018,11,23,8,26,臺中市,南屯區,0,0,,8,,,50,,,,,,,,,,,,,,,,,,,,B03,,,1,,2,,,19,,1,19,,B03,24.144937,120.648107,3
2018,11,23,8,26,臺中市,神岡區,0,0,0,8,,,50,,,,,,,,,,,,,,,23,  ,  ,  ,  ,C03,  ,  ,1,  ,2,  ,  ,23,23,1,3,  ,C03,24.257821,120.707596,3
2018,11,23,8,28,臺中市,西屯區,0,1,0,8,1,5,50,3,1,1,5,4,5,7,1,1,10,5,5,2,18,43,2,9,1,1,C03,7,9,1,10,2,12,  ,43,43,1,22,9,C03,24.170816,120.620584,2
2018,11,23,8,30,臺中市,西屯區,0,0,0,8,,,50,,,,,,,,,,,,,,,42,  ,  ,  ,  ,B03,  ,  ,1,  ,2,  ,  ,42,42,1,22,  ,B03,24.18715,120.62157,3
2018,11,23,8,30,臺中市,梧棲區,0,1,0,8,1,5,70,4,1,1,5,4,5,7,3,1,10,5,5,1,16,9,3,10,3,4,B03,7,6,1,8,2,2,  ,9,9,1,21,8,B03,24.224783,120.525359,2
2018,11,23,8,31,臺中市,西屯區,0,0,,8,,,50,,,,,,,,,,,,,,,,,,,,B03,,,1,,2,,,23,,1,4,,B03,24.1646,120.660719,3
2018,11,23,8,45,臺中市,西屯區,0,2,0,8,1,5,40,3,1,1,5,4,5,7,4,4,10,5,5,2,16,6,2,9,1,1,C03,7,5,1,10,2,14,  ,6,6,1,21,8,C03,24.180276,120.637603,2
2018,11,23,8,53,臺中市,大里區,0,1,0,8,1,5,50,14,9,1,5,4,5,7,1,1,9,5,5,1,17,25,3,10,1,1,C03,7,6,1,10,2,11,  ,25,25,1,21,1,C03,24.107618,120.68996,2
2018,11,23,8,55,臺中市,龍井區,0,1,0,8,1,5,40,14,8,1,5,4,1,7,4,4,1,4,1,1,24,23,3,10,4,5,H03,8,20,8,20,10,16,  ,59,23,1,21,8,H03,24.184898,120.588267,2
2018,11,23,8,56,臺中市,潭子區,0,1,0,8,1,5,40,3,1,1,5,4,5,7,4,4,9,5,5,1,15,6,3,10,1,1,B03,7,1,1,8,2,8,  ,6,6,1,22,8,B03,24.22375,120.713949,2