年,月,日,時,分,縣市,區,死,受傷,2-30,天候,光線,道路類別,速限,道路型態,事故位置,路面鋪裝,路面狀態,路面缺陷,障礙物,視距,號誌種類,號誌動作,分向設施,快車道或一般車道間,快慢車道間,路面邊線,事故類型及型態,主要肇因,受傷程度,主要傷處,保護裝備,行動電話,當事者區分_類別,車輛用途,當事者行動狀態,駕駛資格情形,駕駛執照種類,飲酒情形,車輛撞擊部位最初,車輛撞擊部位其他,肇事因素個別,肇事因素主要,肇事逃逸,職業,旅次目的,車種,GPS座標_緯度,GPS座標_經度,事故類別
2018,11,23,9,0,臺中市,豐原區,0,1,0,8,1,5,30,14,9,1,5,4,5,7,4,4,10,5,5,1,21,23,2,9,3,1,C03,7,9,1,10,2,11,  ,23,23,1,22,8,C03,24.232038,120.7192,2
2018,11,23,9,7,臺中市,南區,0,1,0,8,1,5,50,14,22,1,5,4,5,7,4,4,10,5,5,2,16,6,3,10,1,1,B03,7,5,1,8,2,2,  ,6,6,1,21,8,B03,24.11315,120.66118,2
2018,11,23,9,8,臺中市,東區,0,2,0,8,1,5,50,3,1,1,5,4,5,7,4,4,10,5,5,2,16,6,2,9,1,1,C03,7,9,1,10,2,12,  ,23,6,1,5,8,C03,24.147036,120.693513,2
2018,11,23,9,10,臺中市,中區,0,1,0,8,1,5,50,4,2,1,5,4,5,7,1,1,1,2,4,2,16,26,2,9,1,1,C03,7,5,1,10,2,14,  ,26,26,1,21,8,C03,24.136365,120.683251,2
2018,11,23,9,32,臺中市,南區,0,2,0,8,1,5,50,4,1,1,5,4,5,7,1,1,10,5,5,2,17,19,2,9,1,1,C03,7,1,1,10,2,11,  ,19,19,1,22,8,C03,24.114076,120.666742,2
2018,11,23,9,38,臺中市,北屯區,0,2,0,8,1,5,50,4,1,1,5,4,5,7,4,4,10,5,5,2,15,6,2,7,3,4,C03,7,9,1,10,2,11,  ,6,6,1,21,8,C03,24.180688,120.666053,2
2018,11,23,9,42,臺中市,西屯區,0,1,0,8,1,5,50,14,7,1,5,4,5,7,4,4,5,5,4,2,16,7,3,10,1,1,B03,7,8,1,8,2,2,  ,7,7,1,4,8,B03,24.174371,120.647687,2
2018,11,23,9,44,臺中市,西屯區,0,2,0,8,1,5,40,3,1,1,5,4,5,7,1,1,10,5,5,2,17,42,3,10,1,1,C03,7,15,1,10,2,14,  ,42,42,1,22,9,C03,24.180586,120.619916,2
2018,11,23,9,58,臺中市,北區,0,0,0,8,,,40,,,,,,,,,,,,,,,23,3,  ,  ,  ,B02,  ,  ,1,  ,2,  ,  ,23,23,1,5,  ,B02,24.158175,120.680917,3
2018,11,23,10,2,臺中市,沙鹿區,0,1,0,8,1,5,50,4,1,1,5,4,5,7,4,4,10,5,5,2,15,6,2,9,1,1,C03,7,9,1,10,2,11,  ,6,6,1,21,8,C03,24.225564,120.573538,2
2018,11,23,10,5,臺中市,太平區,0,1,0,8,1,5,50,3,4,1,5,4,5,7,2,1,10,5,5,2,13,7,3,10,1,1,B03,7,7,1,8,2,8,  ,7,7,1,6,5,B03,24.150517,120.73313,2
2018,11,23,10,9,臺中市,南區,0,0,0,8,,,50,,,,,,,,,,,,,,,,3,  ,  ,  ,B03,  ,  ,1,  ,2,  ,  ,23,  ,1,21,  ,B03,24.117683,120.652414,3
2018,11,23,10,10,臺中市,北區,0,0,0,8,,,50,,,,,,,,,,,,,,,,3,  ,  ,  ,B02,  ,  ,1,  ,2,  ,  ,42,  ,1,22,  ,B02,24.163353,120.68579,3
2018,11,23,10,10,臺中市,太平區,0,0,,8,,,50,,,,,,,,,,,,,,,,,,,,B03,,,1,,2,,,42,,1,4,,B03,24.149353,120.723307,3
2018,11,23,10,19,臺中市,北屯區,0,1,0,8,1,5,50,4,1,1,5,4,5,7,2,1,10,5,5,2,3,15,3,10,3,4,B03,7,5,1,8,2,8,  ,15,15,1,21,8,B03,24.170373,120.685736,2
2018,11,23,10,19,臺中市,大雅區,0,2,0,8,1,5,50,14,12,1,5,4,5,7,4,4,5,5,4,1,13,16,2,9,1,1,C03,7,9,1,10,2,11,  ,16,16,1,21,8,C03,24.216937,120.63642,2
2018,11,23,10,23,臺中市,西區,0,2,0,8,1,5,50,4,1,1,5,4,5,7,1,1,10,5,5,2,17,42,2,7,1,1,C03,7,5,1,10,2,14,  ,42,42,1,21,8,C03,24.157625,120.663869,2
2018,11,23,10,25,臺中市,南屯區,0,0,,8,,,50,,,,,,,,,,,,,,,,,,,,B03,,,1,,2,,,23,,1,22,,B03,24.14435,120.610311,3
2018,11,23,10,50,臺中市,北屯區,0,3,0,8,1,5,50,4,1,1,5,4,5,7,1,1,10,5,5,2,16,23,2,8,1,1,C03,7,9,1,10,2,12,  ,23,23,1,21,8,C03,24.164941,120.699618,2
2018,11,23,10,50,臺中市,西屯區,0,1,0,8,1,5,50,14,7,1,5,4,5,7,4,4,5,4,5,2,16,1,3,10,1,1,B03,7,1,1,8,2,4,  ,1,1,1,22,8,B03,24.205184,120.629034,2
2018,11,23,10,50,臺中市,西屯區,0,0,0,8,,,50,,,,,,,,,,,,,,,42,  ,  ,  ,  ,A12,  ,  ,1,  ,2,  ,  ,42,42,1,4,  ,A12,24.204087,120.636218,3
2018,11,23,10,52,臺中市,西屯區,0,1,0,8,1,5,50,4,1,1,5,4,5,7,4,4,10,5,5,2,15,6,2,8,1,1,C03,7,9,1,8,2,12,  ,6,6,1,4,8,C03,24.177624,120.636798,2
2018,11,23,10,54,臺中市,北屯區,0,1,0,8,1,5,50,4,1,1,5,4,5,7,2,1,10,5,5,2,16,6,3,10,1,1,B03,7,6,1,8,2,5,  ,6,6,1,21,8,B03,24.170793,120.694178,2
2018,11,23,11,0,臺中市,潭子區,0,0,,8,,,30,,,,,,,,,,,,,,,,,,,,B03,,,1,,1,,,23,,1,22,,B03,24.205379,120.712463,3
2018,11,23,11,10,臺中市,霧峰區,0,0,,8,,,40,,,,,,,,,,,,,,,,,,,,B03,,,1,,2,,,19,,1,3,,B03,24.065212,120.680507,3
2018,11,23,11,15,臺中市,后里區,0,0,,8,,,60,,,,,,,,,,,,,,,,,,,,B12,,,6,,2,,,18,,1,4,,B12,24.306973,120.721858,3
2018,11,23,11,21,臺中市,北屯區,0,0,,8,,,40,,,,,,,,,,,,,,,,,,,,C03,,,1,,2,,,42,,1,21,,C03,24.17171,120.687713,3
2018,11,23,11,21,臺中市,西屯區,0,0,,8,,,50,,,,,,,,,,,,,,,,,,,,B12,,,1,,2,,,23,,1,  ,,B12,24.169886,120.608938,3
2018,11,23,11,22,臺中市,神岡區,0,0,0,8,,,50,,,,,,,,,,,,,,,19,  ,  ,  ,  ,B02,  ,  ,1,  ,2,  ,  ,19,19,1,21,  ,B02,24.247617,120.694937,3
2018,11,23,11,27,臺中市,太平區,0,1,0,8,1,5,50,4,1,1,5,4,5,7,1,1,5,4,5,1,15,25,2,9,1,1,C03,7,9,1,10,2,12,  ,25,25,1,19,8,C03,24.152685,120.708015,2
2018,11,23,11,30,臺中市,外埔區,0,0,0,8,1,5,40,14,9,1,5,4,5,7,1,1,10,5,5,2,13,23,3,10,1,1,B03,7,9,1,8,2,1,  ,23,23,1,21,8,B03,24.319914,120.668163,3
2018,11,23,11,33,臺中市,大里區,0,1,0,8,1,5,50,3,2,1,5,4,5,7,3,1,5,4,5,1,12,17,3,10,1,1,B03,7,9,1,8,2,2,  ,17,17,2,4,9,B03,24.099846,120.687698,2
2018,11,23,11,50,臺中市,西區,0,0,0,8,,,50,,,,,,,,,,,,,,,43,3,  ,  ,  ,B02,  ,  ,1,  ,2,  ,  ,43,43,1,21,  ,B02,24.155862,120.661568,3
2018,11,23,11,54,臺中市,北區,0,1,0,8,1,5,50,14,9,1,5,4,5,7,4,4,9,5,5,2,16,7,2,8,1,1,C03,7,10,1,10,2,14,  ,7,7,1,5,8,C03,24.15735,120.701625,2
2018,11,23,11,55,臺中市,太平區,0,1,0,8,1,5,50,3,1,1,5,4,5,7,2,1,10,5,5,2,12,9,3,10,1,1,B12,7,6,1,6,2,5,  ,9,9,1,5,4,B12,24.157011,120.727092,2
2018,11,23,11,59,臺中市,西屯區,0,1,0,8,1,5,50,14,9,1,5,4,5,7,4,4,5,4,5,2,17,26,2,9,1,1,C04,7,11,1,10,2,11,  ,26,26,1,22,9,C04,24.181291,120.645047,2
2018,11,23,12,0,臺中市,梧棲區,0,0,,8,,,70,,,,,,,,,,,,,,,,,,,,B03,,,1,,2,,,23,,1,4,,B03,24.25241,120.529367,4
2018,11,23,12,2,臺中市,南屯區,0,0,,8,,,50,,,,,,,,,,,,,,,,,,,,B03,,,1,,2,,,6,,1,22,,B03,24.139065,120.609768,3
2018,11,23,12,11,臺中市,北屯區,0,0,0,8,,,50,,,,,,,,,,,,,,,12,  ,  ,  ,  ,B12,  ,  ,1,  ,2,  ,  ,12,12,1,21,  ,B12,24.168651,120.696488,3
2018,11,23,12,14,臺中市,西屯區,0,1,0,8,1,5,50,4,1,1,5,4,5,7,2,1,10,5,5,2,16,6,3,10,1,1,B12,7,5,1,8,2,8,  ,6,6,1,21,8,B12,24.18513,120.63999,2
2018,11,23,12,15,臺中市,南區,0,1,0,8,1,5,50,14,7,1,5,4,5,7,4,4,5,4,5,2,17,40,3,10,1,1,B03,7,13,1,8,2,4,  ,40,40,1,22,8,B03,24.131619,120.684287,2
2018,11,23,12,15,臺中市,北屯區,0,3,0,8,1,5,50,4,1,1,5,4,5,7,3,1,10,5,5,2,15,6,2,9,1,1,C03,7,9,1,10,2,11,  ,6,6,1,5,8,C03,24.1708,120.723535,2
2018,11,23,12,20,臺中市,北屯區,0,0,0,8,,,50,,,,,,,,,,,,,,,42,  ,  ,  ,  ,A11,  ,  ,1,  ,2,  ,  ,42,42,1,21,  ,A11,24.175051,120.680061,3
2018,11,23,12,21,臺中市,潭子區,0,1,0,8,1,5,50,5,1,1,5,4,5,7,1,1,10,5,5,2,17,6,3,10,1,1,B12,7,6,1,8,2,2,  ,6,6,1,21,8,B12,24.215966,120.686245,2
2018,11,23,12,27,臺中市,西區,0,1,0,8,1,5,50,4,1,1,5,4,5,7,1,1,10,5,5,2,16,42,3,10,1,1,C03,7,6,1,9,2,12,  ,42,42,1,21,8,C03,24.150867,120.657461,2
2018,11,23,12,27,臺中市,北區,0,2,0,8,1,5,50,4,1,1,5,4,5,7,1,1,10,5,5,2,13,23,2,9,1,1,C03,7,9,1,10,2,11,  ,23,23,1,22,9,C03,24.158162,120.680964,2
2018,11,23,12,41,臺中市,南屯區,0,3,0,8,1,5,40,4,1,1,5,4,5,7,2,1,10,5,5,2,13,23,2,9,3,4,C03,7,9,1,10,2,11,  ,23,23,1,22,8,C03,24.151161,120.64262,2
2018,11,23,12,41,臺中市,清水區,0,0,,8,,,50,,,,,,,,,,,,,,,,,,,,B03,,,1,,2,,,19,,1,21,,B03,24.280751,120.575025,3
2018,11,23,12,41,臺中市,神岡區,0,0,,8,,,50,,,,,,,,,,,,,,,,,,,,B03,,,1,,2,,,23,,1,9,,B03,24.25213,120.696131,3
2018,11,23,12,42,臺中市,后里區,0,1,0,8,1,5,50,3,1,1,5,4,5,7,1,1,10,5,5,2,16,6,3,10,2,3,B03,7,6,1,8,2,6,  ,6,6,1,21,8,B03,24.298171,120.723903,2
2018,11,23,12,49,臺中市,南區,0,0,0,8,,,50,,,,,,,,,,,,,,,,3,  ,  ,  ,A42,  ,  ,1,  ,2,  ,  ,23,  ,1,21,  ,A42,24.119146,120.679561,3
2018,11,23,12,56,臺中市,烏日區,0,0,,8,,,50,,,,,,,,,,,,,,,,,,,,B03,,,1,,2,,,10,,1,21,,B03,24.08633,120.644143,3
2018,11,23,12,58,臺中市,西屯區,0,2,0,8,1,5,40,3,1,1,5,4,5,7,4,4,10,5,5,2,16,7,2,8,1,1,C03,7,7,1,8,2,14,  ,7,7,1,4,8,C03,24.177303,120.666042,2
2018,11,23,13,0,臺中市,大肚區,0,0,,8,,,40,,,,,,,,,,,,,,,,,,,,B03,,,1,,2,,,12,,1,21,,B03,24.150528,120.539657,3
2018,11,23,13,5,臺中市,東區,0,1,0,8,1,5,50,14,7,1,5,3,5,7,4,4,5,5,4,2,16,26,3,10,1,1,B03,7,11,1,8,2,8,  ,26,26,1,22,8,B03,24.13787,120.70505,2
2018,11,23,13,7,臺中市,東區,0,1,0,8,1,5,50,14,8,1,5,4,5,7,4,4,5,5,4,2,17,23,2,9,1,1,C03,7,9,1,10,2,14,  ,23,23,1,5,8,C03,24.127778,120.702306,2
2018,11,23,13,7,臺中市,龍井區,0,1,0,8,1,5,50,4,1,1,5,4,5,7,4,4,10,5,5,2,16,6,2,8,1,1,C03,7,9,1,10,2,12,  ,6,6,1,21,8,C03,24.189303,120.595246,2
2018,11,23,13,9,臺中市,西屯區,0,3,0,8,1,5,40,14,9,1,5,4,5,7,4,4,10,5,5,2,16,6,2,9,1,1,C03,7,5,1,10,2,14,  ,6,6,1,4,8,C03,24.176565,120.649875,2
2018,11,23,13,21,臺中市,潭子區,0,2,0,8,1,5,50,4,1,1,5,4,5,7,1,1,10,5,5,2,17,6,2,9,1,1,C03,7,5,1,10,2,12,  ,6,6,1,21,8,C03,24.215948,120.686171,2
2018,11,23,13,28,臺中市,大甲區,0,1,0,8,1,5,50,3,1,1,5,4,5,7,4,4,10,5,5,2,16,6,3,10,3,4,B03,7,5,1,8,2,8,  ,6,6,1,21,8,B03,24.30894,120.721803,2
2018,11,23,13,37,臺中市,潭子區,0,0,,8,,,50,,,,,,,,,,,,,,,,,,,,B03,,,1,,2,,,60,,1,22,,B03,24.197669,120.718304,3
2018,11,23,13,43,臺中市,龍井區,0,0,,8,,,40,,,,,,,,,,,,,,,,,,,,B03,,,1,,2,,,6,,1,  ,,B03,24.178763,120.582983,3
2018,11,23,13,47,臺中市,北區,0,2,0,8,1,5,50,4,1,1,5,4,5,7,2,1,10,5,5,2,16,7,3,10,1,1,C03,7,10,1,10,2,12,  ,7,7,1,5,8,C03,24.151237,120.677304,2
2018,11,23,14,10,臺中市,龍井區,0,2,0,8,1,5,50,4,1,1,5,4,5,7,4,4,10,5,5,2,11,8,2,8,1,1,C03,7,5,1,9,2,11,  ,8,8,1,21,8,C03,24.180896,120.589696,2
2018,11,23,14,18,臺中市,大里區,0,0,,8,,,50,,,,,,,,,,,,,,,,,,,,B03,,,1,,2,,,7,,1,3,,B03,24.115188,120.689702,3
2018,11,23,14,18,臺中市,新社區,0,1,0,8,1,5,50,3,1,1,5,4,5,7,4,4,4,5,5,1,12,23,2,9,1,1,C03,7,9,1,10,2,11,  ,23,23,1,22,9,C03,24.251441,120.808423,2
2018,11,23,14,19,臺中市,南屯區,0,0,,8,,,80,,,,,,,,,,,,,,,,,,,,B03,,,1,,2,,,16,,1,9,,B03,24.155221,120.624699,3
2018,11,23,14,26,臺中市,龍井區,0,0,,8,,,30,,,,,,,,,,,,,,,,,,,,B03,,,1,,2,,,6,,1,  ,,B03,24.180355,120.57677,3
2018,11,23,14,33,臺中市,西屯區,0,0,,8,,,40,,,,,,,,,,,,,,,,,,,,B03,,,1,,2,,,26,,1,  ,,B03,24.182251,120.63538,3
2018,11,23,14,45,臺中市,西屯區,0,1,0,8,1,5,50,14,7,1,5,4,5,7,4,4,5,4,5,2,16,7,3,10,1,1,B03,7,8,1,8,2,2,  ,7,7,1,22,8,B03,24.187985,120.619045,2
2018,11,23,14,45,臺中市,大肚區,0,1,0,8,1,5,50,4,1,1,5,4,5,7,1,1,10,5,5,2,15,25,2,9,1,1,C03,7,1,1,10,2,11,  ,25,25,1,20,5,C03,24.159416,120.54369,2
2018,11,23,14,49,臺中市,神岡區,0,0,,8,,,40,,,,,,,,,,,,,,,,,,,,B12,,,1,,2,,,12,,1,21,,B12,24.275514,120.692029,3
2018,11,23,14,59,臺中市,西區,0,1,0,8,1,5,50,3,1,1,5,4,5,7,4,4,10,5,5,2,16,4,3,10,1,1,B03,7,5,1,8,2,8,  ,44,4,1,21,8,B03,24.155383,120.653495,2
2018,11,23,15,0,臺中市,南區,0,0,,8,,,50,,,,,,,,,,,,,,,,,,,,B03,,,1,,2,,,12,,1,22,,B03,24.121172,120.662455,3
2018,11,23,15,3,臺中市,南屯區,0,1,0,8,1,5,50,14,7,1,5,4,5,7,1,1,1,2,4,2,13,23,2,9,1,1,C03,7,12,1,10,2,11,  ,23,23,1,18,8,C03,24.129118,120.654325,2
2018,11,23,15,10,臺中市,北屯區,0,1,0,8,1,5,40,4,1,1,5,4,5,7,1,1,10,5,5,2,16,42,3,10,1,1,B12,7,6,1,3,2,6,  ,42,42,1,5,8,B12,24.18045,120.721148,2
2018,11,23,15,13,臺中市,梧棲區,0,1,0,8,1,5,70,4,2,1,5,4,5,7,1,1,10,5,5,2,13,23,3,10,1,1,B03,7,9,1,8,2,1,  ,23,23,1,9,8,B03,24.24419,120.551749,2
2018,11,23,15,15,臺中市,霧峰區,0,1,0,8,1,5,40,3,1,1,5,4,5,7,4,4,10,5,5,1,16,19,3,10,1,1,B03,7,1,1,8,2,4,  ,19,19,1,5,8,B03,24.076839,120.709878,2
2018,11,23,15,15,臺中市,大雅區,0,1,0,8,1,5,50,4,1,1,5,4,5,7,1,1,3,4,4,1,16,1,2,8,1,1,C03,7,4,1,10,2,14,  ,1,1,1,21,8,C03,24.216206,120.649261,2
2018,11,23,15,16,臺中市,龍井區,0,0,,8,,,40,,,,,,,,,,,,,,,,,,,,A12,,,1,,2,,,19,,1,  ,,A12,24.19228,120.540828,3
2018,11,23,15,17,臺中市,北屯區,0,1,0,8,1,5,50,4,1,1,5,4,5,7,3,1,10,5,5,2,15,6,2,9,1,1,C03,7,9,1,10,2,11,  ,6,6,1,21,8,C03,24.181105,120.673633,2
2018,11,23,15,21,臺中市,烏日區,0,0,,8,,,50,,,,,,,,,,,,,,,,,,,,A41,,,1,,2,,,17,,1,10,,A41,24.106174,120.606966,3
2018,11,23,15,25,臺中市,北區,0,0,,8,,,50,,,,,,,,,,,,,,,,,,,,   ,,,7,,11,,,43,,  ,  ,,   ,24.15084,120.6808,3
2018,11,23,15,33,臺中市,北區,0,0,,8,,,50,,,,,,,,,,,,,,,,,,,,B03,,,1,,2,,,16,,1,22,,B03,24.154987,120.668777,3
2018,11,23,15,38,臺中市,大雅區,0,0,,8,,,50,,,,,,,,,,,,,,,,,,,,B03,,,1,,2,,,7,,1,22,,B03,24.236513,120.634855,3
2018,11,23,15,40,臺中市,大甲區,0,0,,8,,,70,,,,,,,,,,,,,,,,,,,,G03,,,1,,2,,,16,,1,10,,G03,24.38835,120.651175,3
2018,11,23,15,50,臺中市,北區,0,0,,8,1,5,50,14,1,,,4,5,7,1,1,8,3,5,2,12,,,,,,C03,,,1,,2,,,6,,1,4,,C03,24.165116,120.669244,3
2018,11,23,15,50,臺中市,西屯區,0,1,0,8,2,5,50,4,1,1,5,4,5,7,4,4,10,5,5,2,16,10,3,10,1,1,B03,7,11,1,8,2,4,  ,10,10,1,21,8,B03,24.184828,120.617526,2
2018,11,23,15,55,臺中市,南屯區,0,0,,8,,,50,,,,,,,,,,,,,,,,,,,,B12,,,1,,2,,,23,,1,21,,B12,24.153715,120.638656,3
2018,11,23,15,58,臺中市,龍井區,0,0,,8,,,60,,,,,,,,,,,,,,,,,,,,B02,,,1,,2,,,16,,1,  ,,B02,24.184954,120.573865,3
2018,11,23,16,5,臺中市,南屯區,0,0,0,8,,,40,,,,,,,,1,,,,,,,12,3,  ,  ,  ,B11,  ,  ,1,  ,2,  ,  ,12,12,1,21,  ,B11,24.15644,120.652502,3
2018,11,23,16,5,臺中市,龍井區,0,2,0,8,1,5,50,3,1,1,5,4,5,7,4,4,10,5,5,2,16,11,2,8,1,1,C03,7,11,1,10,2,12,  ,11,11,1,21,8,C03,24.181345,120.591838,2
2018,11,23,16,10,臺中市,大肚區,0,1,0,8,1,5,50,4,1,1,5,4,5,7,3,1,10,5,5,2,16,1,2,8,1,1,C03,7,4,1,10,2,14,  ,1,1,1,4,8,C03,24.148921,120.545013,2
2018,11,23,16,11,臺中市,北屯區,0,1,0,8,1,5,50,3,7,1,5,4,5,7,1,1,5,5,4,2,11,26,3,10,3,4,B03,7,9,1,8,2,7,  ,26,26,1,21,8,B03,24.174746,120.697083,2
2018,11,23,16,11,臺中市,北屯區,0,1,0,8,1,5,50,14,9,1,5,4,5,7,4,4,9,5,5,2,18,42,2,9,4,5,F03,7,9,8,20,7,16,  ,42,42,1,22,8,F03,24.16927,120.702466,2
2018,11,23,16,17,臺中市,北區,0,0,,8,,,50,,,,,,,,,,,,,,,,,,,,B12,,,1,,2,,,23,,1,  ,,B12,24.154462,120.668245,3
2018,11,23,16,18,臺中市,西屯區,0,1,0,8,1,5,50,14,9,1,5,4,5,7,4,4,1,4,4,2,3,51,2,9,4,5,H01,8,16,8,20,11,16,  ,51,51,1,22,9,H01,24.170814,120.644844,2
2018,11,23,16,30,臺中市,南區,0,0,0,8,,,40,,,,,,,,,,,,,,,43,  ,  ,  ,  ,   ,  ,  ,  ,  ,  ,  ,  ,43,43,  ,  ,  ,   ,24.123685,120.656841,3
2018,11,23,16,30,臺中市,后里區,0,1,0,8,1,5,60,3,1,1,5,4,5,7,1,1,10,5,5,2,14,12,3,10,3,4,B03,7,2,1,8,2,3,  ,12,12,1,21,8,B03,24.287141,120.723055,2
2018,11,23,16,33,臺中市,東區,0,1,0,8,1,5,50,4,1,1,5,4,5,3,4,4,5,5,5,2,15,6,3,10,1,1,B03,7,9,1,8,2,8,  ,23,6,1,21,8,B03,24.132811,120.691669,2
2018,11,23,16,37,臺中市,南屯區,0,0,,8,,,40,,,,,,,,,,,,,,,,,,,,B03,,,1,,11,,,23,,2,21,,B03,24.139833,120.641889,3
2018,11,23,16,44,臺中市,南屯區,0,0,,8,,,50,,,,,,,,,,,,,,,,,,,,B03,,,1,,2,,,23,,1,  ,,B03,24.154461,120.646863,4
2018,11,23,16,47,臺中市,龍井區,0,1,0,8,1,5,40,14,8,1,5,4,5,7,4,4,3,4,3,2,17,7,3,10,1,1,B03,7,8,1,3,2,6,  ,7,7,1,10,8,B03,24.221435,120.52974,2
2018,11,23,17,0,臺中市,西屯區,0,1,0,8,1,5,40,4,2,1,5,4,5,7,4,4,5,4,4,2,16,6,3,10,1,1,B03,7,9,1,8,2,1,  ,6,6,1,22,8,B03,24.163068,120.608258,2
2018,11,23,17,2,臺中市,太平區,0,1,0,8,2,5,40,14,9,1,5,4,5,7,4,4,4,5,5,1,12,26,3,10,1,1,B03,7,11,1,8,2,8,  ,26,26,1,9,1,B03,24.13101,120.743608,2
2018,11,23,17,8,臺中市,大甲區,1,0,0,8,1,5,70,5,1,1,5,4,5,7,1,1,10,5,5,2,16,43,3,10,1,1,A31,7,9,1,1,2,2,  ,43,43,1,10,8,A31,24.338856,120.618184,1
2018,11,23,17,14,臺中市,大甲區,0,0,,,,,,,,,,,,,,,,,,,,,,,,,B12,,,3,,6,,,60,,1,20,,B12,24.344089,120.623565,3
2018,11,23,17,15,臺中市,北屯區,0,1,0,8,3,5,50,4,1,1,5,4,5,7,2,1,10,5,5,2,16,6,2,8,1,1,C03,7,5,1,10,2,12,  ,6,6,1,5,8,C03,24.170528,120.691287,2
2018,11,23,17,19,臺中市,龍井區,0,2,0,8,3,5,50,3,1,1,5,4,5,7,4,4,10,5,5,2,16,6,2,7,1,1,C03,7,5,1,10,2,12,  ,6,6,1,21,8,C03,24.183767,120.580057,2
2018,11,23,17,19,臺中市,潭子區,0,0,,8,,,50,,,,,,,,,,,,,,,,,,,,B03,,,1,,2,,,12,,1,22,,B03,24.195972,120.696184,3
2018,11,23,17,20,臺中市,北屯區,0,1,0,8,3,5,50,14,8,1,5,4,5,7,4,4,5,4,4,2,16,10,3,10,1,1,B03,7,11,1,8,2,5,  ,10,10,1,21,8,B03,24.167829,120.692766,2
2018,11,23,17,20,臺中市,清水區,0,1,0,7,3,5,50,5,1,1,5,4,5,7,1,1,9,4,4,2,16,6,3,10,1,1,B03,7,5,1,8,2,2,6,6,6,1,21,8,B03,24.272904,120.576955,2
2018,11,23,17,22,臺中市,西屯區,0,1,0,8,1,5,50,4,1,1,5,1,5,7,2,1,10,5,5,2,16,6,3,10,3,4,B03,7,6,1,8,2,5,  ,6,6,1,22,8,B03,24.170876,120.644006,2
2018,11,23,17,30,臺中市,南屯區,0,0,,8,,,50,,,,,,,,,,,,,,,,,,,,B03,,,1,,2,,,7,,1,5,,B03,24.140565,120.625665,3
2018,11,23,17,34,臺中市,北屯區,0,0,,8,,,50,,,,,,,,,,,,,,,,,,,,C03,,,1,,2,,,23,,1,5,,C03,24.180064,120.667048,3
2018,11,23,17,37,臺中市,太平區,0,0,0,8,,,50,,,,,,,,,,,,,,,6,  ,  ,  ,  ,B03,  ,  ,1,  ,2,  ,  ,6,6,1,21,  ,B03,24.143433,120.714463,3
2018,11,23,17,40,臺中市,南屯區,0,1,0,7,3,5,50,14,7,1,5,4,5,7,4,4,5,5,4,2,16,26,3,10,1,1,B12,7,11,1,8,2,4,  ,26,26,1,21,8,B12,24.145474,120.641517,2
2018,11,23,17,40,臺中市,北屯區,0,0,0,8,,,40,,,,,,,,,,,,,,,16,  ,  ,  ,  ,B03,  ,  ,1,  ,2,  ,  ,16,16,1,22,  ,B03,24.201318,120.686208,3
2018,11,23,17,40,臺中市,潭子區,0,1,0,8,1,5,50,14,7,1,5,4,5,7,4,4,1,4,4,2,13,23,2,9,1,1,C03,7,9,1,10,2,11,  ,23,23,1,22,9,C03,24.200772,120.702831,2
2018,11,23,17,41,臺中市,南區,0,2,0,8,3,5,50,5,1,1,5,4,5,7,1,1,9,2,5,2,16,25,2,7,1,1,C03,7,5,1,10,2,12,  ,25,25,1,20,8,C03,24.118694,120.659264,2
2018,11,23,17,41,臺中市,龍井區,0,1,0,8,3,5,50,4,1,1,5,4,5,7,2,1,10,5,5,2,12,23,2,8,1,1,C03,7,1,1,10,2,11,  ,23,23,1,21,8,C03,24.186048,120.585592,2
2018,11,23,17,42,臺中市,北屯區,0,0,0,8,,,50,,,,,,,,,,,,,,,10,  ,  ,  ,  ,B12,  ,  ,1,  ,2,  ,  ,10,10,  ,20,  ,B12,24.178351,120.721106,3
2018,11,23,17,43,臺中市,龍井區,0,2,0,7,3,5,40,14,8,1,5,4,5,7,4,4,1,4,1,1,13,23,2,9,1,1,C03,7,9,1,10,2,11,  ,23,23,1,18,1,C03,24.18419,120.589946,2
2018,11,23,17,45,臺中市,西區,0,2,0,8,3,5,50,4,1,1,5,4,5,7,1,1,10,5,5,2,16,6,2,9,1,1,C03,7,5,1,10,2,11,  ,6,6,1,22,8,C03,24.144353,120.665264,2
2018,11,23,17,45,臺中市,龍井區,0,0,0,8,3,3,70,14,9,1,5,4,5,7,4,4,1,2,4,2,12,7,3,10,1,1,B03,7,1,1,7,2,4,4,44,7,1,9,1,B03,24.213167,120.551561,3
2018,11,23,17,46,臺中市,北屯區,0,0,,,,,,,,,,,,,,,,,,,,,,,,,B03,,,1,,2,,,23,,1,5,,B03,24.20404,120.686382,3
2018,11,23,17,47,臺中市,太平區,0,1,0,8,3,5,50,14,7,1,5,4,5,7,4,4,5,4,4,1,13,16,2,9,1,1,C03,7,9,1,11,2,11,  ,16,16,1,21,8,C03,24.147981,120.701001,2