年,月,日,時,分,縣市,區,死,受傷,2-30,天候,光線,道路類別,速限,道路型態,事故位置,路面鋪裝,路面狀態,路面缺陷,障礙物,視距,號誌種類,號誌動作,分向設施,快車道或一般車道間,快慢車道間,路面邊線,事故類型及型態,主要肇因,受傷程度,主要傷處,保護裝備,行動電話,當事者區分_類別,車輛用途,當事者行動狀態,駕駛資格情形,駕駛執照種類,飲酒情形,車輛撞擊部位最初,車輛撞擊部位其他,肇事因素個別,肇事因素主要,肇事逃逸,職業,旅次目的,車種,GPS座標_緯度,GPS座標_經度,事故類別
2018,11,23,17,48,臺中市,梧棲區,0,0,0,8,,,40,,,,,,,,,,,,,,,23,  ,  ,  ,  ,B03,  ,  ,1,  ,2,  ,  ,23,23,1,9,  ,B03,24.226971,120.512756,3
2018,11,23,17,50,臺中市,南區,0,1,0,8,2,5,50,4,1,1,5,4,5,7,4,4,5,4,4,2,16,26,3,10,1,1,B03,7,5,1,8,2,6,  ,26,26,1,5,8,B03,24.132817,120.679152,2
2018,11,23,17,50,臺中市,大里區,0,0,0,8,3,5,50,3,1,1,5,4,5,7,1,1,10,5,5,2,16,25,3,10,1,1,B03,7,11,1,8,2,1,  ,25,25,1,5,8,B03,24.090098,120.693585,3
2018,11,23,17,50,臺中市,清水區,0,0,,8,,,50,,,,,,,,,,,,,2,,,,,,,B03,,,1,,2,,,18,,1,  ,,B03,24.263826,120.573168,3
2018,11,23,17,50,臺中市,大安區,0,1,0,8,3,5,50,14,9,1,5,4,5,7,4,4,9,5,5,1,13,23,2,9,1,1,C03,7,9,1,10,2,11,  ,23,23,1,9,8,C03,24.377855,120.609018,2
2018,11,23,17,51,臺中市,清水區,0,1,0,8,3,5,40,14,8,1,5,4,5,7,4,4,5,5,4,2,17,40,3,10,1,1,A12,7,13,1,7,2,4,  ,40,40,1,12,8,A12,24.27506,120.610467,2
2018,11,23,17,52,臺中市,北屯區,0,0,0,8,,,50,,,,,,,,,,,,,,,16,  ,  ,  ,  ,B03,  ,  ,1,  ,2,  ,  ,16,16,1,22,  ,B03,24.201246,120.686288,3
2018,11,23,17,54,臺中市,大里區,0,1,0,8,3,5,50,14,9,1,5,4,5,7,1,1,1,4,5,1,18,42,2,9,3,4,C03,7,9,1,10,2,12,  ,42,42,1,18,8,C03,24.109543,120.680056,2
2018,11,23,17,55,臺中市,北區,0,2,0,8,3,5,50,14,7,1,5,4,5,7,4,4,1,3,4,2,13,16,3,10,1,1,B03,7,9,1,8,2,1,  ,16,16,1,21,8,B03,24.162585,120.664806,2
2018,11,23,17,55,臺中市,石岡區,0,1,0,8,3,5,70,4,1,1,5,4,5,7,1,1,1,3,4,1,16,8,3,10,1,1,B03,7,5,1,8,2,2,  ,8,8,1,22,9,B03,24.274183,120.777038,2
2018,11,23,17,59,臺中市,北屯區,0,0,,8,,,50,,,,,,,,,,,,,,,,,,,,B03,,,1,,2,,,23,,1,  ,,B03,24.17213,120.722373,3
2018,11,23,18,0,臺中市,北區,0,0,,8,,,50,,,,,,,,,,,,,,,,,,,,B02,,,1,,2,,,23,,1,22,,B02,24.154861,120.668625,3
2018,11,23,18,0,臺中市,西屯區,0,0,,8,3,5,60,14,9,1,5,4,5,7,4,4,1,3,5,1,13,,,,,,B03,,,1,,2,,,16,,1,22,,B03,24.201328,120.661723,3
2018,11,23,18,0,臺中市,太平區,0,2,0,8,3,5,50,14,7,1,5,4,5,7,4,4,9,4,4,2,3,23,2,9,1,1,C03,7,9,1,10,2,11,  ,23,23,1,16,2,C03,24.155854,120.703172,2
2018,11,23,18,4,臺中市,東區,0,0,0,8,3,5,50,14,7,1,5,4,5,7,1,1,1,4,4,2,13,23,3,10,1,1,B03,7,14,1,8,2,1,  ,23,23,1,21,8,B03,24.13041,120.687308,3
2018,11,23,18,8,臺中市,北屯區,0,1,0,8,3,5,50,14,9,1,5,4,5,7,4,4,1,4,5,2,18,42,2,8,1,1,C03,7,9,1,10,2,12,  ,42,42,1,21,8,C03,24.171863,120.684414,2
2018,11,23,18,8,臺中市,大雅區,0,0,,8,,,40,,,,,,,,,,,,,,,,,,,,B03,,,1,,2,,,7,,1,21,,B03,24.226179,120.644915,3
2018,11,23,18,12,臺中市,北屯區,0,0,,8,,,50,,,,,,,,,,,,,,,,,,,,B03,,,1,,11,,,43,,1,5,,B03,24.176081,120.725357,3
2018,11,23,18,17,臺中市,龍井區,0,1,0,7,3,5,50,3,1,1,5,4,5,7,4,4,10,5,5,2,13,16,2,8,1,1,C03,7,9,1,10,2,11,  ,16,16,1,21,8,C03,24.18407,120.584915,2
2018,11,23,18,18,臺中市,南區,0,0,0,8,,,50,,,,,,,,,,,,,,,16,3,  ,  ,  ,C02,  ,  ,1,  ,2,  ,  ,16,16,  ,21,  ,C02,24.116706,120.670065,3
2018,11,23,18,20,臺中市,太平區,0,2,0,8,3,5,50,14,9,1,5,4,5,7,4,4,1,5,5,1,16,19,2,9,4,5,F03,7,1,8,20,2,16,  ,19,19,1,21,8,F03,24.107266,120.729284,2
2018,11,23,18,23,臺中市,北屯區,0,0,,8,,,50,,,,,,,,,,,,,,,,,,,,B03,,,1,,2,,,23,,1,  ,,B03,24.181889,120.721547,3
2018,11,23,18,25,臺中市,西屯區,0,1,0,8,1,5,40,4,2,1,5,4,5,7,3,1,5,4,4,2,16,6,2,9,1,1,C03,7,9,1,10,2,12,  ,6,6,1,22,8,C03,24.174223,120.659106,2
2018,11,23,18,35,臺中市,潭子區,0,0,,8,,,50,,,,,,,,,,,,,,,,,,,,B12,,,1,,2,,,23,,1,22,,B12,24.201186,120.701337,3
2018,11,23,18,42,臺中市,潭子區,0,1,0,8,3,5,60,14,8,1,5,4,5,7,4,4,8,4,5,1,18,44,2,9,1,1,C03,7,9,1,10,2,14,  ,44,44,1,22,1,C03,24.230122,120.690835,2
2018,11,23,18,43,臺中市,北屯區,0,0,0,8,,,50,,,,,,,,,,,,,,,23,  ,  ,  ,  ,B03,  ,  ,1,  ,2,  ,  ,23,23,1,21,  ,B03,24.193864,120.685335,3
2018,11,23,18,50,臺中市,大安區,0,1,0,8,3,5,50,4,1,1,5,4,5,7,1,1,10,5,5,2,15,25,3,10,1,1,B03,7,9,1,8,7,5,  ,25,25,1,9,8,B03,24.391952,120.602575,2
2018,11,23,18,52,臺中市,東區,0,2,0,8,3,5,50,5,1,1,5,4,5,7,1,1,1,2,5,2,17,27,2,9,1,1,C03,7,9,1,10,2,14,  ,27,27,1,5,8,C03,24.14049,120.696613,2
2018,11,23,18,52,臺中市,北屯區,0,0,0,8,,,50,,,,,,,,,,,,,,,23,  ,  ,  ,  ,B03,  ,  ,1,  ,2,  ,  ,23,23,1,22,  ,B03,24.171361,120.69032,3
2018,11,23,19,0,臺中市,西屯區,0,2,0,8,3,5,50,4,1,1,5,4,5,7,1,1,10,5,5,2,16,19,2,9,3,4,C03,7,1,1,10,2,14,  ,19,19,1,22,9,C03,24.165931,120.659394,2
2018,11,23,19,8,臺中市,北區,0,2,0,8,3,5,50,14,9,1,5,4,5,7,4,4,7,5,5,2,13,23,2,9,1,1,C03,7,9,1,10,5,11,  ,23,23,1,21,8,C03,24.156471,120.701383,2
2018,11,23,19,10,臺中市,南屯區,0,0,0,8,,,40,,,,,,,,4,,,,,,,26,3,  ,  ,  ,B03,  ,  ,1,  ,2,  ,  ,26,26,1,21,  ,B03,24.140645,120.622695,3
2018,11,23,19,10,臺中市,西屯區,0,2,0,8,3,8,40,15,16,1,5,4,5,7,4,4,1,5,5,2,13,16,3,10,3,4,B03,7,9,1,8,2,1,  ,16,16,1,22,9,B03,24.18178,120.635295,2
2018,11,23,19,12,臺中市,中區,0,4,0,8,3,5,50,4,1,1,5,4,5,7,2,1,10,5,5,2,16,26,2,9,1,1,C03,7,6,1,10,2,12,  ,26,26,1,20,8,C03,24.140334,120.677388,2
2018,11,23,19,13,臺中市,大雅區,0,1,0,8,3,5,50,14,8,1,5,4,5,7,4,4,1,4,4,1,17,23,2,8,1,1,C03,7,9,1,10,2,11,13,23,23,1,22,9,C03,24.221389,120.650236,2
2018,11,23,19,15,臺中市,南區,0,1,0,8,3,5,50,4,2,1,5,4,5,7,1,1,1,2,4,2,12,23,2,8,1,1,C03,7,9,1,10,2,11,  ,23,23,1,4,8,C03,24.122338,120.679396,2
2018,11,23,19,16,臺中市,北屯區,0,0,,8,,,50,,,,,,,,,,,,,,,,,,,,B03,,,1,,2,,,23,,1,  ,,B03,24.190506,120.688994,3
2018,11,23,19,17,臺中市,南區,0,0,0,8,,,50,,,,,,,,,,,,,,,25,3,  ,  ,  ,B03,  ,  ,1,  ,2,  ,  ,25,25,  ,9,  ,B03,24.127866,120.66745,3
2018,11,23,19,38,臺中市,大里區,0,0,,8,,,40,,,,,,,,,,,,,,,,,,,,B03,,,1,,2,,,42,,1,9,,B03,24.092485,120.663828,3
2018,11,23,19,40,臺中市,北屯區,0,0,0,8,,,40,,,,,,,,,,,,,,,12,  ,  ,  ,  ,B03,  ,  ,1,  ,2,  ,  ,12,12,  ,21,  ,B03,24.16911,120.68972,3
2018,11,23,19,40,臺中市,豐原區,0,0,,8,,,50,,,,,,,,,,,,,,,,,,,,B03,,,1,,2,,,12,,1,12,,B03,24.250278,120.710786,3
2018,11,23,19,43,臺中市,大里區,0,0,0,8,3,5,40,14,9,1,5,4,5,7,4,4,10,5,5,1,17,6,3,10,3,4,G03,7,14,8,19,2,16,  ,6,6,1,12,8,G03,24.095728,120.663585,3
2018,11,23,19,44,臺中市,南屯區,0,0,,8,,,50,,,,,,,,,,,,,,,,,,,,B03,,,1,,2,,,23,,1,3,,B03,24.151453,120.628882,3
2018,11,23,19,45,臺中市,南屯區,0,0,,8,,,50,,,,,,,,,,,,,,,,,,,,B03,,,1,,2,,,23,,1,  ,,B03,24.140968,120.625885,3
2018,11,23,19,45,臺中市,大里區,0,0,,8,,,50,,,,,,,,,,,,,,,,,,,,B03,,,1,,2,,,23,,1,22,,B03,24.10357,120.702973,3
2018,11,23,19,46,臺中市,北區,0,0,,8,3,5,50,14,9,1,5,4,5,7,4,4,8,3,4,2,13,,,,,,B03,,,1,,2,,,23,,1,19,,B03,24.167693,120.685075,3
2018,11,23,19,54,臺中市,潭子區,0,1,0,8,3,5,50,14,9,1,5,4,5,7,4,4,8,3,5,1,11,6,3,10,1,1,B03,7,5,1,8,2,5,  ,6,6,1,22,1,B03,24.207436,120.710849,2
2018,11,23,19,55,臺中市,北區,0,1,0,8,3,5,50,3,1,1,5,4,5,7,1,1,5,4,5,2,16,6,3,10,1,1,B03,7,5,1,8,2,2,  ,6,6,1,21,8,B03,24.150976,120.688147,2
2018,11,23,20,0,臺中市,北屯區,0,1,0,8,3,5,50,14,8,1,5,4,5,7,4,4,1,4,4,2,16,23,2,9,1,1,C03,7,9,1,10,2,11,  ,23,23,1,21,8,C03,24.183421,120.695365,2
2018,11,23,20,5,臺中市,北屯區,0,0,,8,,,50,,,,,,,,,,,,,,,,,,,,B03,,,1,,2,,,6,,1,22,,B03,24.177518,120.685084,3
2018,11,23,20,6,臺中市,西屯區,0,2,0,8,1,5,40,14,8,1,5,4,5,7,4,4,5,4,4,2,14,12,3,10,1,1,B03,7,2,1,10,2,4,  ,12,12,1,22,8,B03,24.181925,120.643366,2
2018,11,23,20,16,臺中市,西屯區,0,1,0,8,3,5,50,14,7,1,5,4,5,7,4,4,9,4,4,2,12,26,2,9,1,1,C03,7,15,1,10,2,14,  ,26,26,1,21,8,C03,24.16291,120.661671,2
2018,11,23,20,16,臺中市,沙鹿區,0,0,,8,,,50,,,,,,,,,,,,,,,,,,,,B11,,,1,,2,,,6,,1,10,,B11,24.25044,120.565137,3
2018,11,23,20,29,臺中市,外埔區,0,2,0,8,2,5,50,3,1,1,5,4,5,7,4,4,5,2,5,2,15,6,2,9,3,4,C03,7,9,1,10,2,12,  ,6,6,1,22,8,C03,24.336211,120.625787,2
2018,11,23,20,30,臺中市,龍井區,0,0,,8,,,70,,,,,,,,,,,,,,,,,,,,B03,,,1,,2,,,23,,1,22,,B03,24.187417,120.582988,3
2018,11,23,20,30,臺中市,大甲區,0,0,,,,,,,,,,,,,,,,,,,,,,,,,B12,,,1,,2,,,23,,1,22,,B12,24.344103,120.624075,3
2018,11,23,20,30,臺中市,大雅區,0,0,,8,,,40,,,,,,,,,,,,,,,,,,,,B12,,,1,,2,,,12,,1,21,,B12,24.22273,120.66969,3
2018,11,23,20,36,臺中市,北區,0,1,0,8,3,5,50,4,1,1,5,4,5,7,2,1,10,5,5,2,16,6,2,8,1,1,C03,7,6,1,10,2,12,  ,6,6,1,21,8,C03,24.148274,120.683557,2
2018,11,23,20,43,臺中市,南區,0,0,,8,3,5,40,3,2,1,5,4,5,7,4,4,5,5,4,2,14,,,,,,B03,,,1,,2,,,12,,1,5,,B03,24.129061,120.662044,3
2018,11,23,20,45,臺中市,北屯區,0,2,0,8,1,5,50,14,7,1,5,4,5,7,4,4,5,5,4,2,12,26,2,7,1,1,C03,7,4,1,10,2,12,  ,26,26,1,5,8,C03,24.170826,120.681878,2
2018,11,23,20,45,臺中市,西屯區,0,1,0,8,3,5,50,14,9,1,5,4,5,7,4,4,5,4,5,2,1,23,3,10,3,4,C03,7,9,1,10,2,11,  ,23,23,1,22,9,C03,24.174648,120.644423,2
2018,11,23,20,50,臺中市,南區,0,2,0,8,3,5,50,4,1,1,5,4,5,7,1,1,10,5,5,2,15,25,2,8,1,1,F01,7,9,8,20,2,16,  ,25,25,1,4,8,F01,24.127688,120.677326,2
2018,11,23,20,50,臺中市,南屯區,0,1,0,8,3,5,50,4,1,1,5,4,5,7,1,1,10,5,5,2,17,23,3,10,1,1,B03,7,6,1,8,2,1,  ,23,23,1,21,8,B03,24.146709,120.646584,2
2018,11,23,20,55,臺中市,南區,0,0,0,8,,,50,,,,,,,,,,,,,,,23,3,  ,  ,  ,B12,  ,  ,1,  ,2,  ,  ,23,23,  ,21,  ,B12,24.129438,120.66218,3
2018,11,23,21,25,臺中市,西屯區,0,2,0,8,1,5,40,14,8,1,5,4,5,7,4,4,5,4,4,2,16,7,2,9,1,1,C03,7,8,1,10,2,12,  ,7,7,1,22,8,C03,24.18073,120.620746,2
2018,11,23,21,26,臺中市,霧峰區,0,0,,8,,,50,,,,,,,,,,,,,,,,,,,,B03,,,1,,2,,,12,,1,4,,B03,24.064958,120.697242,3
2018,11,23,21,36,臺中市,西區,0,1,0,8,1,5,50,4,1,1,5,4,5,7,2,1,10,5,5,2,18,42,2,9,1,1,C03,7,9,1,10,2,12,  ,42,42,1,5,5,C03,24.146718,120.653956,2
2018,11,23,21,38,臺中市,神岡區,0,1,0,8,3,5,50,14,7,1,5,4,5,7,4,4,5,5,4,2,16,23,3,10,1,1,C03,7,9,1,10,2,11,  ,23,23,1,22,9,C03,24.249688,120.686305,2
2018,11,23,21,50,臺中市,北區,0,0,,8,,,50,,,,,,,,,,,,,,,,,,,,C03,,,1,,2,,,6,,1,22,,C03,24.16698,120.683921,3
2018,11,23,21,50,臺中市,北屯區,0,0,0,8,,,50,,,,,,,,,,,,,,,23,  ,  ,  ,  ,B03,  ,  ,1,  ,2,  ,  ,23,23,  ,21,  ,B03,24.181278,120.721618,3
2018,11,23,21,55,臺中市,西屯區,0,2,0,8,4,5,40,14,8,1,5,4,5,7,4,4,9,4,5,2,12,9,3,10,1,1,B03,7,6,1,8,2,5,  ,9,9,1,21,8,B03,24.19123,120.612191,2
2018,11,23,21,55,臺中市,潭子區,0,2,0,8,1,5,50,14,9,1,5,4,5,7,4,4,5,4,5,1,16,10,2,9,1,1,C04,7,11,2,18,2,12,  ,10,10,1,22,9,C04,24.215783,120.700631,2
2018,11,23,22,13,臺中市,東勢區,0,0,0,8,,,50,,,,,,,,,,,,,,,23,  ,  ,  ,  ,B03,  ,  ,1,  ,2,  ,  ,23,23,1,22,  ,B03,24.252491,120.826566,3
2018,11,23,22,37,臺中市,龍井區,0,2,0,8,3,5,50,4,1,1,5,4,5,7,2,1,10,5,5,2,16,23,2,9,1,1,C03,7,9,1,10,2,11,  ,23,23,1,22,8,C03,24.182027,120.584135,2
2018,11,23,22,40,臺中市,北區,0,1,0,8,3,5,50,5,1,1,5,4,5,7,1,1,10,5,5,2,12,7,3,10,3,4,B03,7,8,1,8,2,2,  ,7,7,1,5,8,B03,24.154692,120.686161,2
2018,11,23,22,49,臺中市,烏日區,0,0,,7,3,5,50,3,2,1,5,4,5,7,1,1,1,,,,,17,,,,,B02,,,1,,2,,,17,17,1,  ,,B02,24.11609,120.618416,3
2018,11,23,22,49,臺中市,大雅區,0,1,0,8,3,5,50,4,1,1,5,4,5,7,1,1,10,5,5,2,16,6,3,10,1,1,C03,7,5,1,9,2,13,  ,6,6,1,22,9,C03,24.2227,120.64659,2
2018,11,23,23,5,臺中市,東區,0,1,0,8,3,5,50,4,1,1,5,4,5,7,1,1,10,5,5,2,17,6,2,9,1,1,C03,7,9,1,10,2,12,  ,23,6,2,21,8,C03,24.135771,120.689988,2
2018,11,23,23,10,臺中市,西區,0,0,,8,,,50,,,,,,,,,,,,,,,,,,,,B03,,,1,,2,,,12,,1,5,,B03,24.140613,120.667341,3
2018,11,23,23,34,臺中市,西屯區,0,0,0,8,3,5,60,4,2,1,5,4,5,7,1,1,1,3,1,1,12,43,  ,  ,  ,  ,B03,  ,  ,1,  ,2,  ,  ,43,43,1,22,  ,B03,24.157259,120.641643,3
2018,11,23,23,39,臺中市,潭子區,0,1,0,8,1,5,50,4,18,1,5,4,5,7,1,1,1,4,4,1,3,23,3,10,1,1,B03,7,9,1,7,2,1,  ,23,23,1,22,9,B03,24.215751,120.689132,2
2018,11,24,0,4,臺中市,北屯區,0,2,0,8,3,5,50,4,1,1,5,4,5,7,1,1,10,5,5,2,15,25,2,9,1,1,C03,7,9,1,10,2,12,14,25,25,1,5,8,C03,24.175016,120.670946,2
2018,11,24,0,17,臺中市,北區,0,4,0,8,3,5,50,4,1,1,5,4,5,7,4,4,10,5,5,2,17,6,2,9,3,4,C03,7,9,2,18,2,11,  ,6,6,1,5,8,C03,24.148673,120.675481,2
2018,11,24,0,30,臺中市,大甲區,0,0,,8,,,50,,,,,,,,,,,,,,,,,,,,B03,,,1,,1,,,44,,1,5,,B03,24.405671,120.644198,3
2018,11,24,0,52,臺中市,西屯區,0,0,0,8,3,5,50,14,8,1,5,4,5,7,4,4,1,3,4,1,12,43,  ,  ,  ,  ,   ,  ,  ,8,  ,11,  ,  ,43,43,1,  ,  ,   ,24.162544,120.650345,3
2018,11,24,2,25,臺中市,南屯區,0,2,0,8,3,5,40,11,9,1,5,4,5,7,4,4,6,5,5,2,18,23,2,2,1,1,C03,7,9,1,10,2,12,  ,23,23,1,22,9,C03,24.142071,120.582175,2
2018,11,24,4,16,臺中市,北區,0,0,,8,3,5,50,,,,,,,,,,,,,,,,,,,,B01,,,1,,2,,,25,,1,5,,B01,24.159176,120.675898,3
2018,11,24,6,18,臺中市,神岡區,0,1,0,8,1,5,25,3,9,1,5,4,5,7,4,4,5,5,5,1,16,8,2,9,1,1,C03,7,5,5,10,2,12,  ,8,8,1,9,1,C03,24.26805,120.656166,2
2018,11,24,7,23,臺中市,南屯區,0,1,0,8,1,5,50,3,1,1,5,4,5,7,4,4,10,5,5,2,13,10,3,10,1,4,B03,7,11,1,8,2,6,  ,10,10,1,22,8,B03,24.14325,120.63767,2
2018,11,24,8,15,臺中市,烏日區,0,0,,8,,,80,,,,,,,,,,,,,,,,,,,,B03,,,1,,2,,,7,,1,22,,B03,24.105151,120.6146,3
2018,11,24,8,22,臺中市,沙鹿區,0,1,0,8,1,5,50,4,9,1,5,4,5,7,4,4,1,4,4,2,17,30,3,10,1,1,C03,7,9,1,10,2,15,  ,30,30,1,4,8,C03,24.244375,120.561915,2
2018,11,24,8,25,臺中市,大安區,0,1,0,8,1,5,50,3,1,1,5,4,5,7,4,4,10,5,5,2,17,19,3,10,1,1,C03,7,1,1,10,2,11,  ,19,19,1,22,8,C03,24.338052,120.590982,2
2018,11,24,8,30,臺中市,南屯區,0,0,,8,,,40,,,,,,,,,,,,,,,,,,,,B12,,,1,,2,,,23,,1,21,,B12,24.14018,120.640111,3
2018,11,24,8,30,臺中市,大里區,0,1,0,8,1,5,60,14,7,1,5,4,5,7,4,4,1,4,4,1,12,7,3,10,1,1,B03,7,8,1,8,2,2,  ,7,7,1,12,8,B03,24.100732,120.690982,2
2018,11,24,8,30,臺中市,大甲區,0,1,0,8,1,5,50,3,1,1,5,4,5,7,1,1,10,5,5,2,17,8,2,9,4,5,F01,7,5,8,20,2,16,  ,8,8,1,22,8,F01,24.351499,120.626988,2
2018,11,24,8,41,臺中市,大里區,0,0,,8,,,50,,,,,,,,,,,,,,,,,,,,B03,,,1,,2,,,10,,1,3,,B03,24.104808,120.688258,3
2018,11,24,8,43,臺中市,沙鹿區,0,0,,8,,,40,,,,,,,,,,,,,,,,,,,,B03,,,1,,2,,,12,,1,10,,B03,24.22202,120.556463,3
2018,11,24,8,55,臺中市,外埔區,0,1,0,8,1,5,50,14,9,1,5,4,5,7,4,4,9,5,5,1,13,43,2,9,3,4,C03,7,9,1,8,2,11,  ,43,43,1,22,8,C03,24.34696,120.644371,2
2018,11,24,8,59,臺中市,南屯區,0,0,,8,,,50,,,,,,,,,,,,,,,,,,,,B12,,,1,,2,,,42,,1,22,,B12,24.142213,120.653185,3
2018,11,24,9,10,臺中市,東區,0,1,0,8,1,5,50,14,7,1,5,4,5,7,4,4,5,5,4,2,18,23,2,9,1,1,C03,7,9,1,10,1,14,  ,23,23,1,22,8,C03,24.148934,120.69742,2
2018,11,24,9,18,臺中市,北區,0,1,0,8,1,5,50,3,1,1,5,4,5,7,4,4,10,5,5,2,16,6,3,10,1,1,B03,7,6,1,8,2,5,  ,6,6,1,22,9,B03,24.166851,120.679944,2
2018,11,24,9,19,臺中市,霧峰區,0,0,,8,,,40,,,,,,,,,,,,,,,,,,,,B03,,,1,,2,,,19,,1,21,,B03,24.021836,120.696861,3
2018,11,24,9,27,臺中市,清水區,0,1,0,8,1,5,50,14,9,1,5,4,5,7,4,4,5,5,5,1,17,40,3,10,1,1,B03,7,13,1,8,2,4,  ,40,40,1,21,8,B03,24.291448,120.565026,2
2018,11,24,9,30,臺中市,南屯區,0,2,0,8,1,5,40,13,9,1,5,4,5,7,4,4,10,5,5,2,11,5,2,7,1,1,C03,7,9,4,8,2,14,  ,5,5,1,19,8,C03,24.129168,120.610936,2
2018,11,24,9,31,臺中市,梧棲區,0,1,0,8,1,5,40,3,1,1,5,4,5,7,3,1,10,5,5,2,16,6,3,10,1,1,B03,7,6,1,8,2,4,  ,6,6,1,20,8,B03,24.224829,120.525673,2
2018,11,24,9,38,臺中市,龍井區,0,0,,8,,,40,,,,,,,,,,,,,,,,,,,,B03,,,1,,2,,,12,,  ,  ,,B03,24.219546,120.52305,3
2018,11,24,9,39,臺中市,北屯區,0,1,0,8,1,5,50,14,8,1,5,4,5,7,4,4,5,4,5,2,9,23,2,9,1,1,C03,7,9,1,10,2,12,  ,23,23,1,21,5,C03,24.187661,120.66844,2
2018,11,24,9,43,臺中市,大里區,0,0,,8,,,50,,,,,,,,,,,,,,,,,,,,B03,,,1,,2,,,26,,1,  ,,B03,24.118947,120.684983,3
2018,11,24,9,45,臺中市,外埔區,0,2,0,8,1,5,50,14,9,1,5,4,5,7,4,4,5,5,5,1,3,53,2,9,4,4,H01,8,16,8,20,2,15,  ,53,53,1,22,8,H01,24.345193,120.703907,2
2018,11,24,9,46,臺中市,東區,0,1,0,8,1,5,50,4,1,1,5,4,5,7,4,4,10,5,5,2,17,6,2,9,1,1,C04,7,6,1,10,2,14,  ,6,6,1,5,8,C04,24.141653,120.687428,2
2018,11,24,9,47,臺中市,大雅區,0,1,0,8,1,5,50,14,12,1,5,4,5,7,4,4,3,4,4,1,17,40,2,9,1,1,C03,7,9,1,10,2,12,  ,44,40,1,21,8,C03,24.221162,120.654342,2
2018,11,24,9,50,臺中市,后里區,0,0,,8,,,40,,,,,,,,,,,,,,,,,,,,B03,,,1,,2,,,12,,1,22,,B03,24.305761,120.720668,3
2018,11,24,9,59,臺中市,霧峰區,0,0,,8,,,50,,,,,,,,,,,,,,,,,,,,C03,,,1,,2,,,23,,1,3,,C03,24.073879,120.707616,3
2018,11,24,10,2,臺中市,沙鹿區,0,0,,8,,,40,,,,,,,,,,,,,,,,,,,,B03,,,1,,2,,,12,,  ,4,,B03,24.233757,120.56148,3
2018,11,24,10,5,臺中市,南屯區,0,0,,8,,,40,,,,,,,,,,,,,,,,,,,,B12,,,1,,2,,,12,,1,21,,B12,24.14826,120.643861,3
2018,11,24,10,10,臺中市,大雅區,0,1,0,8,1,5,50,3,1,1,5,4,5,7,4,4,10,4,5,1,3,23,3,10,1,1,B03,7,9,1,8,2,1,  ,23,23,1,22,9,B03,24.236044,120.666648,2
2018,11,24,10,11,臺中市,沙鹿區,0,1,0,8,1,5,40,5,2,1,5,4,5,7,1,1,1,4,4,1,14,12,3,10,1,1,B03,7,2,1,8,2,7,  ,12,12,1,3,8,B03,24.231239,120.558983,2
2018,11,24,10,11,臺中市,沙鹿區,0,2,0,8,1,5,50,4,1,1,5,4,5,7,1,1,10,5,5,2,12,9,3,10,1,1,B03,7,6,1,8,2,5,  ,9,9,1,4,8,B03,24.221244,120.578703,2
2018,11,24,10,15,臺中市,西屯區,0,0,,8,,,50,,,,,,,,,,,,,,,,,,,,B03,,,1,,2,,,23,,1,22,,B03,24.20096,120.656678,3
2018,11,24,10,15,臺中市,大里區,0,1,0,8,1,5,50,4,2,1,5,4,5,7,1,1,10,5,5,2,17,10,3,10,1,1,C03,7,11,1,10,2,15,  ,10,10,1,20,8,C03,24.110958,120.701915,2
2018,11,24,10,16,臺中市,南屯區,0,1,0,8,1,5,50,14,9,1,5,4,5,7,4,4,5,4,5,2,17,23,2,9,3,4,C03,7,9,1,9,2,14,  ,23,23,1,22,8,C03,24.146763,120.650514,2
2018,11,24,10,18,臺中市,梧棲區,0,0,,8,,,50,,,,,,,,,,,,,,,,,,,,B03,,,1,,2,,,18,,1,20,,B03,24.245111,120.53936,4
2018,11,24,10,19,臺中市,大雅區,0,0,,8,,,50,,,,,,,,,,,,,,,,,,,,B03,,,1,,2,,,7,,1,  ,,B03,24.221392,120.647223,3
2018,11,24,10,25,臺中市,大里區,0,1,0,8,1,5,50,4,1,1,5,4,5,7,1,1,10,5,5,2,12,17,3,10,1,1,C03,7,9,1,10,2,15,  ,17,17,1,21,8,C03,24.092425,120.690466,2
2018,11,24,10,30,臺中市,大里區,0,1,0,8,1,5,60,4,2,1,5,4,5,7,1,1,1,4,4,1,13,16,2,3,1,1,B03,7,9,1,8,2,8,  ,16,16,1,12,8,B03,24.107181,120.664296,2
2018,11,24,10,30,臺中市,和平區,0,2,0,8,1,5,50,4,2,1,5,4,5,7,3,1,4,5,5,1,13,16,3,10,1,1,B03,7,9,1,8,2,1,3,16,16,1,21,1,B03,24.175377,120.974159,2
2018,11,24,10,34,臺中市,霧峰區,0,0,,8,,,70,,,,,,,,,,,,,,,23,,,,,B03,,,1,,2,,,44,23,1,3,,B03,24.056723,120.662361,3
2018,11,24,10,36,臺中市,北屯區,0,0,,8,,,50,,,,,,,,,,,,,,,,,,,,A02,,,1,,2,,,23,,1,10,,A02,24.18985,120.661738,3