年,月,日,時,分,縣市,區,死,受傷,2-30,天候,光線,道路類別,速限,道路型態,事故位置,路面鋪裝,路面狀態,路面缺陷,障礙物,視距,號誌種類,號誌動作,分向設施,快車道或一般車道間,快慢車道間,路面邊線,事故類型及型態,主要肇因,受傷程度,主要傷處,保護裝備,行動電話,當事者區分_類別,車輛用途,當事者行動狀態,駕駛資格情形,駕駛執照種類,飲酒情形,車輛撞擊部位最初,車輛撞擊部位其他,肇事因素個別,肇事因素主要,肇事逃逸,職業,旅次目的,車種,GPS座標_緯度,GPS座標_經度,事故類別
2018,11,24,10,40,臺中市,北屯區,0,1,0,8,1,5,50,4,1,1,5,4,5,7,1,1,10,5,5,2,16,6,3,10,1,1,B03,7,5,1,8,2,6,  ,6,6,1,21,8,B03,24.200743,120.665835,2
2018,11,24,10,43,臺中市,西區,0,1,0,8,1,5,50,4,1,1,5,4,5,7,1,1,10,5,5,2,15,25,2,9,1,1,C03,7,1,1,10,2,14,  ,44,25,1,21,8,C03,24.146696,120.661676,2
2018,11,24,10,43,臺中市,北屯區,0,1,0,8,1,5,50,14,7,1,5,4,5,7,4,4,5,4,5,2,12,17,3,10,3,4,B03,7,9,1,8,2,2,  ,17,17,1,21,8,B03,24.199685,120.75576,2
2018,11,24,10,47,臺中市,大里區,0,1,0,8,1,5,50,14,9,1,5,4,5,7,1,1,9,4,4,1,12,9,3,10,1,1,B03,7,6,1,8,2,2,  ,9,9,1,21,8,B03,24.100658,120.682647,2
2018,11,24,10,50,臺中市,梧棲區,0,1,0,8,1,5,50,14,9,1,5,4,5,7,4,4,5,4,5,1,17,16,2,9,1,1,C03,7,9,1,10,2,14,  ,16,16,1,9,8,C03,24.257723,120.54897,2
2018,11,24,10,51,臺中市,大里區,0,1,0,8,1,5,50,4,1,1,5,4,5,7,3,1,10,5,5,2,16,6,2,9,1,1,C03,7,9,1,10,2,12,  ,6,6,1,3,8,C03,24.101881,120.676479,2
2018,11,24,10,58,臺中市,北屯區,0,0,,8,,,40,,,,,,,,,,,,,,,,,,,,B03,,,1,,2,,,23,,1,21,,B03,24.180569,120.666575,3
2018,11,24,10,58,臺中市,外埔區,0,0,,8,1,5,50,5,2,1,5,4,5,7,2,1,5,2,4,1,13,,,,,,B03,,,1,,2,,,19,,1,  ,,B03,24.341595,120.639058,4
2018,11,24,10,59,臺中市,西屯區,0,0,0,8,,,50,,,,,,,,,,,,,,,42,  ,  ,  ,  ,B03,  ,  ,1,  ,2,  ,  ,42,42,1,  ,  ,B03,24.178551,120.61443,3
2018,11,24,11,0,臺中市,北區,0,1,0,8,1,5,50,14,9,1,5,4,5,7,4,4,1,4,5,2,17,19,3,10,3,4,B02,7,1,1,8,2,2,2,19,19,1,22,9,B02,24.156269,120.691257,2
2018,11,24,11,0,臺中市,大里區,0,0,,8,,,40,,,,,,,,,,,,,,,,,,,,B03,,,1,,2,,,17,,1,21,,B03,24.093741,120.702965,3
2018,11,24,11,0,臺中市,東勢區,0,1,0,8,1,5,50,3,1,1,5,4,5,7,4,4,10,5,5,2,17,1,2,8,1,1,C03,7,4,1,10,2,11,  ,1,1,1,20,8,C03,24.237035,120.853574,2
2018,11,24,11,7,臺中市,東區,0,0,0,,,,,,,,,,,,,,,,,,,,3,  ,  ,  ,C03,  ,  ,  ,  ,2,  ,  ,  ,  ,  ,21,  ,C03,,,3
2018,11,24,11,7,臺中市,北屯區,0,2,0,8,1,5,40,14,8,1,5,4,5,7,4,4,5,5,4,2,11,19,2,8,1,1,C03,7,1,1,10,2,14,  ,19,19,1,5,8,C03,24.164983,120.692461,2
2018,11,24,11,7,臺中市,北屯區,0,0,,8,,,50,,,,,,,,,,,,,,,,,,,,B03,,,1,,2,,,23,,1,21,,B03,24.164506,120.713108,3
2018,11,24,11,10,臺中市,龍井區,0,0,,8,,,60,,,,,,,,,,,,,,,,,,,,B03,,,1,,2,,,23,,1,21,,B03,24.188235,120.580294,3
2018,11,24,11,10,臺中市,東勢區,0,1,0,8,1,5,50,5,1,1,5,4,5,7,1,1,5,5,4,1,17,4,2,9,1,1,C03,7,9,1,10,2,11,  ,4,4,1,9,8,C03,24.266645,120.825183,2
2018,11,24,11,15,臺中市,東勢區,0,0,0,8,,,50,,,,,,,,,,,,,,,38,  ,  ,  ,  ,B12,  ,  ,1,  ,10,  ,  ,38,38,1,  ,  ,B12,24.255399,120.831606,3
2018,11,24,11,18,臺中市,北屯區,0,4,0,8,1,5,50,4,1,1,5,4,5,7,2,1,10,5,5,2,16,25,2,7,3,4,C03,7,5,2,18,2,12,  ,25,25,1,16,8,C03,24.175188,120.670902,2
2018,11,24,11,20,臺中市,霧峰區,0,2,0,8,1,5,50,3,1,1,5,4,5,7,4,4,10,5,5,2,16,6,3,10,1,1,C03,7,9,1,10,2,12,  ,6,6,1,12,8,C03,24.057177,120.697596,2
2018,11,24,11,24,臺中市,西屯區,0,0,0,8,1,5,50,14,8,1,5,4,5,7,4,4,9,4,4,2,16,23,3,10,3,4,C03,7,9,1,10,2,14,  ,17,23,2,22,9,C03,24.183883,120.620142,3
2018,11,24,11,30,臺中市,東勢區,0,0,,8,,,50,,,,,,,,,,,,,,,,,,,,B03,,,1,,2,,,6,,1,7,,B03,24.254445,120.848266,3
2018,11,24,11,30,臺中市,大雅區,0,1,0,8,1,5,40,4,1,1,5,4,5,7,4,4,10,5,5,1,15,6,2,9,1,1,C03,7,9,1,10,2,11,  ,6,6,1,22,8,C03,24.226531,120.661596,2
2018,11,24,11,33,臺中市,石岡區,0,1,0,8,1,5,70,3,1,1,5,4,5,7,3,1,1,4,4,1,17,19,2,9,1,1,C03,7,1,1,10,2,14,  ,19,19,1,9,8,C03,24.261091,120.815143,2
2018,11,24,11,36,臺中市,西區,0,1,0,8,1,5,50,4,1,1,5,4,5,7,1,1,10,5,5,2,16,26,3,10,1,1,B03,7,6,1,8,2,2,  ,26,26,1,21,8,B03,24.140028,120.65737,2
2018,11,24,11,40,臺中市,南區,0,0,,8,,,50,,,,,,,,,,,,,,,,,,,,B03,,,1,,2,,,23,,1,22,,B03,24.128765,120.676386,3
2018,11,24,11,49,臺中市,西屯區,0,0,,8,,,50,,,,,,,,,,,,,,,,,,,,B03,,,1,,2,,,23,,1,22,,B03,24.201413,120.663508,3
2018,11,24,11,50,臺中市,清水區,0,1,0,8,1,5,40,14,8,1,5,4,5,7,4,4,1,4,4,1,13,23,2,9,1,1,C03,7,9,1,10,2,11,  ,23,23,1,12,8,C03,24.291747,120.587508,2
2018,11,24,11,53,臺中市,北屯區,0,2,0,8,1,5,50,14,9,1,5,4,5,7,4,4,9,5,5,2,11,26,2,9,1,1,C03,7,9,1,10,8,11,  ,26,26,1,21,8,C03,24.181566,120.682149,2
2018,11,24,11,54,臺中市,北屯區,0,0,,8,,,50,,,,,,,,,,,,,,,,,,,,B03,,,1,,2,,,23,,1,21,,B03,24.178396,120.668166,3
2018,11,24,11,54,臺中市,潭子區,0,0,,8,,,50,,,,,,,,,,,,,,,,,,,,B03,,,1,,1,,,23,,2,22,,B03,24.204192,120.721853,3
2018,11,24,11,58,臺中市,西區,0,1,0,8,1,5,50,14,9,1,5,4,5,7,4,4,5,4,5,2,13,23,3,10,3,4,B12,7,9,1,5,2,5,  ,23,23,1,21,8,B12,24.14125,120.676035,2
2018,11,24,11,59,臺中市,龍井區,0,1,0,8,1,5,50,14,9,1,5,4,5,7,1,1,5,5,5,1,12,23,3,10,1,1,B03,7,9,1,8,2,1,  ,23,23,1,5,8,B03,24.212996,120.52534,2
2018,11,24,12,0,臺中市,大甲區,0,0,,8,,,70,,,,,,,,,,,,,,,30,,,,,B03,,,1,,2,,,44,30,1,9,,B03,24.368663,120.646325,3
2018,11,24,12,0,臺中市,東勢區,0,1,0,8,1,5,50,14,9,1,5,4,5,7,4,4,5,5,5,1,13,23,2,9,1,1,C03,7,9,1,10,2,11,  ,23,23,1,9,8,C03,24.284033,120.768405,2
2018,11,24,12,5,臺中市,南區,0,1,0,8,1,5,50,4,1,1,5,4,5,7,1,1,10,5,5,2,15,25,3,10,1,1,B03,7,9,1,8,2,2,  ,25,25,1,22,8,B03,24.127093,120.662965,2
2018,11,24,12,13,臺中市,南屯區,0,3,0,8,1,5,40,3,8,1,5,4,5,7,4,4,1,5,3,2,17,13,2,9,1,1,C03,7,12,1,10,2,14,11,13,13,1,4,8,C03,24.149048,120.613741,2
2018,11,24,12,15,臺中市,烏日區,0,0,,8,,,80,,,,,,,,,,,,,,,,,,,,B03,,,1,,2,,,16,,1,21,,B03,24.103556,120.613319,3
2018,11,24,12,20,臺中市,北屯區,0,1,0,8,1,5,50,4,7,1,5,4,5,7,4,4,5,4,4,2,13,16,2,8,1,4,C03,7,9,1,10,2,11,  ,16,16,1,19,8,C03,24.164973,120.693416,2
2018,11,24,12,23,臺中市,潭子區,0,0,,8,,,60,,,,,,,,,,,,,,,,,,,,B03,,,1,,2,,,23,,1,  ,,B03,24.214738,120.705308,3
2018,11,24,12,33,臺中市,南區,0,0,,8,,,50,,,,,,,,,,,,,,,,,,,,B03,,,1,,2,,,23,,1,8,,B03,24.123627,120.669952,3
2018,11,24,12,34,臺中市,大里區,0,1,0,8,1,5,50,3,1,1,5,4,5,7,4,4,5,4,4,2,11,10,3,10,1,1,B03,7,11,1,8,2,2,  ,10,10,1,21,8,B03,24.101778,120.684305,2
2018,11,24,12,52,臺中市,后里區,0,0,,8,,,50,,,,,,,,,,,,,,,,,,,,B03,,,1,,2,,,12,,1,22,,B03,24.309224,120.726473,3
2018,11,24,13,0,臺中市,北屯區,0,2,0,8,1,5,50,14,7,1,5,4,5,7,4,4,5,4,4,2,16,19,2,9,1,1,C03,7,1,1,10,2,14,  ,19,19,1,20,5,C03,24.176861,120.672826,2
2018,11,24,13,0,臺中市,大里區,0,3,0,8,1,5,40,14,9,1,5,4,5,7,4,4,10,5,5,2,17,16,2,9,1,1,C03,7,9,1,10,2,15,  ,16,16,1,21,8,C03,24.108015,120.701951,2
2018,11,24,13,3,臺中市,太平區,0,0,,8,,,50,,,,,,,,,,,,,,,,,,,,B03,,,1,,2,,,23,,1,18,,B03,24.159015,120.712982,3
2018,11,24,13,4,臺中市,大里區,0,0,,8,,,50,,,,,,,,,,,,,,,,,,,,B03,,,1,,2,,,12,,1,3,,B03,24.115251,120.683865,3
2018,11,24,13,5,臺中市,北屯區,0,0,0,8,,,50,,,,,,,,,,,,,,,23,  ,  ,  ,  ,B03,  ,  ,1,  ,2,  ,  ,23,23,1,21,  ,B03,24.175826,120.721405,3
2018,11,24,13,7,臺中市,潭子區,0,2,0,8,1,5,40,4,1,1,5,4,5,7,4,4,10,5,5,2,16,6,2,9,1,1,C03,7,5,1,10,2,11,  ,6,6,1,22,8,C03,24.19218,120.699653,2
2018,11,24,13,10,臺中市,大甲區,0,1,0,8,1,5,40,4,1,1,5,4,3,3,4,4,10,5,5,2,17,6,3,10,1,1,C03,7,9,1,10,2,15,  ,6,6,1,16,8,C03,24.347609,120.626095,2
2018,11,24,13,12,臺中市,北屯區,0,0,0,8,,,50,,,,,,,,,,,,,,,23,  ,  ,  ,  ,B03,  ,  ,1,  ,2,  ,  ,23,23,1,5,  ,B03,24.16453,120.693893,3
2018,11,24,13,15,臺中市,神岡區,0,2,0,8,1,5,50,14,8,1,5,4,5,7,4,4,5,5,4,2,16,9,3,10,1,1,B03,7,6,1,1,2,2,  ,9,9,1,22,9,B03,24.249851,120.68636,2
2018,11,24,13,20,臺中市,大里區,0,2,0,8,1,5,50,14,13,1,5,4,5,7,4,4,9,4,4,1,26,42,2,9,1,1,C03,7,9,1,10,2,11,  ,42,42,1,12,8,C03,24.093923,120.712221,2
2018,11,24,13,23,臺中市,北區,0,1,0,8,1,5,50,4,1,1,5,4,5,7,4,4,10,5,5,2,15,6,2,9,1,1,C03,7,9,1,10,2,11,14,6,6,1,22,9,C03,24.155291,120.695237,2
2018,11,24,13,24,臺中市,烏日區,0,0,,8,,,40,,,,,,,,,,,,,,,,,,,,C03,,,1,,2,,,43,,1,22,,C03,24.111545,120.642819,3
2018,11,24,13,26,臺中市,沙鹿區,0,1,0,8,1,5,60,3,1,1,5,4,5,7,1,1,10,5,5,2,17,25,3,10,1,1,B03,7,5,1,8,2,15,  ,25,25,1,19,9,B03,24.253861,120.567972,2
2018,11,24,13,27,臺中市,清水區,0,1,0,8,1,5,50,5,1,1,5,4,5,7,2,1,9,4,4,2,16,6,3,10,1,1,C03,7,6,1,10,2,14,  ,6,6,1,21,8,C03,24.278263,120.575295,2
2018,11,24,13,30,臺中市,大雅區,0,1,0,8,1,5,40,3,2,1,5,4,5,7,1,1,5,5,4,1,16,6,3,10,1,1,B03,7,6,1,8,2,2,  ,6,6,1,22,8,B03,24.219282,120.641034,2
2018,11,24,13,35,臺中市,東區,0,1,0,8,1,5,50,4,1,1,5,4,5,7,1,1,10,5,5,2,17,23,3,10,1,1,B03,7,6,1,8,2,2,  ,23,23,1,5,8,B03,24.132824,120.689638,2
2018,11,24,13,40,臺中市,北區,0,1,0,8,1,5,50,4,1,1,5,4,5,7,4,4,10,5,5,2,29,67,  ,  ,  ,  ,   ,  ,  ,  ,  ,  ,  ,  ,67,67,1,  ,  ,   ,24.155577,120.666664,2
2018,11,24,13,45,臺中市,北屯區,0,2,0,8,1,5,50,4,9,1,5,4,5,7,2,1,1,4,5,2,13,16,2,9,1,4,C03,7,9,1,10,2,11,  ,16,16,1,22,8,C03,24.200813,120.671335,2
2018,11,24,13,50,臺中市,太平區,0,0,,8,,,50,,,,,,,,,,,,,,,,,,,,B03,,,1,,2,,,18,,1,20,,B03,24.14576,120.7255,3
2018,11,24,13,50,臺中市,大雅區,0,1,0,8,1,5,50,4,1,1,5,4,5,7,1,1,5,4,5,1,16,8,3,10,1,1,B03,7,5,1,8,2,5,  ,8,8,1,21,8,B03,24.216177,120.649317,2
2018,11,24,13,52,臺中市,石岡區,0,0,0,8,,,50,,,,,,,,,,,,,,,17,  ,  ,  ,  ,B03,  ,  ,1,  ,2,  ,  ,17,17,1,  ,  ,B03,24.27431,120.790741,3
2018,11,24,13,53,臺中市,清水區,0,1,0,8,1,5,40,11,9,1,5,4,5,4,4,4,10,5,5,2,17,23,3,10,1,1,C03,7,9,1,10,2,14,  ,23,23,1,21,8,C03,24.303142,120.604108,2
2018,11,24,14,0,臺中市,沙鹿區,0,2,0,8,1,5,50,3,2,1,5,4,5,7,4,4,5,4,4,1,16,44,2,6,1,1,C03,7,9,1,10,2,12,  ,23,44,1,2,8,C03,24.226133,120.567108,2
2018,11,24,14,1,臺中市,北屯區,0,1,0,8,1,5,50,3,1,1,5,4,5,7,1,1,10,5,5,2,13,16,2,9,1,1,C03,7,9,1,10,2,12,  ,16,16,1,5,8,C03,24.18169,120.723052,2
2018,11,24,14,6,臺中市,西屯區,0,0,,8,1,5,50,4,9,1,5,4,5,7,1,1,10,5,5,2,16,,,,,,B03,,,1,,2,,,23,,1,22,,B03,24.201339,120.656221,3
2018,11,24,14,8,臺中市,北區,0,1,0,8,1,5,50,4,1,1,5,4,5,7,1,1,5,4,5,2,16,9,3,10,1,1,B03,7,6,1,8,2,6,  ,9,9,1,5,8,B03,24.151366,120.677164,2
2018,11,24,14,15,臺中市,烏日區,0,1,0,8,1,5,50,14,9,1,5,4,5,7,4,4,10,5,5,2,12,23,3,10,1,1,B02,7,9,1,8,2,2,  ,23,23,1,21,8,B02,24.108863,120.632557,2
2018,11,24,14,15,臺中市,豐原區,0,3,0,8,1,5,50,14,7,1,5,4,5,7,4,4,4,3,4,2,13,23,2,9,1,1,C03,7,9,1,10,2,11,  ,23,23,1,21,8,C03,24.255429,120.722468,2
2018,11,24,14,20,臺中市,后里區,0,0,,8,,,50,,,,,,,,,,,,,,,,,,,,B03,,,1,,2,,,6,,1,22,,B03,24.296193,120.705472,3
2018,11,24,14,21,臺中市,潭子區,0,0,,8,,,50,,,,,,,,,,,,,,,,,,,,F01,,,8,,8,,,21,,1,  ,,F01,24.214831,120.705325,3
2018,11,24,14,30,臺中市,大甲區,0,1,0,8,1,5,50,7,9,1,5,4,5,7,4,4,5,5,5,2,13,16,3,10,1,1,B03,7,9,1,8,2,1,5,16,16,1,9,8,B03,24.34635,120.628736,2
2018,11,24,14,30,臺中市,大雅區,0,1,0,8,1,5,50,4,1,1,5,4,5,7,1,1,10,5,4,2,16,6,3,10,1,1,B03,7,6,1,8,2,2,  ,6,6,1,22,9,B03,24.229582,120.654376,2
2018,11,24,14,34,臺中市,北屯區,0,0,,8,,,50,,,,,,,,,,,,,,,,,,,,B03,,,1,,2,,,23,,1,22,,B03,24.18185,120.711777,3
2018,11,24,14,34,臺中市,西屯區,0,2,0,8,1,5,50,3,2,1,5,4,5,7,1,1,5,4,4,2,16,6,2,9,1,1,C03,7,5,1,10,2,14,  ,6,6,1,22,8,C03,24.170758,120.64706,2
2018,11,24,14,34,臺中市,大雅區,0,0,,8,,,40,,,,,,,,,,,,,,,,,,,,B01,,,1,,2,,,5,,1,  ,,B01,24.226609,120.654837,3
2018,11,24,14,36,臺中市,北屯區,0,1,0,8,1,5,50,4,4,1,5,4,5,7,1,1,10,5,5,2,16,16,2,9,1,1,C03,7,9,1,10,2,11,  ,16,16,1,21,8,C03,24.171048,120.685204,2
2018,11,24,14,40,臺中市,北屯區,0,0,,8,,,50,,,,,,,,,,,,,,,,,,,,B12,,,1,,2,,,23,,1,21,,B12,24.181425,120.686039,3
2018,11,24,14,45,臺中市,西屯區,0,1,0,8,1,5,50,3,7,1,5,4,5,7,1,1,1,4,4,2,15,25,3,10,1,1,B01,7,9,1,4,2,1,  ,25,25,1,22,8,B01,24.174734,120.64068,2
2018,11,24,14,56,臺中市,石岡區,0,1,0,8,1,5,50,4,1,1,5,4,5,7,4,4,5,5,5,1,15,6,3,10,1,1,B03,7,9,1,8,2,2,  ,6,6,1,21,8,B03,24.275218,120.777036,2
2018,11,24,15,0,臺中市,北屯區,0,0,,8,,,50,,,,,,,,,,,,,,,,,,,,C03,,,1,,2,,,23,,1,5,,C03,24.170528,120.691287,3
2018,11,24,15,7,臺中市,北屯區,0,1,0,8,1,5,50,4,1,1,5,4,5,7,1,1,10,5,5,2,15,25,2,7,1,1,C03,7,9,1,10,2,12,  ,25,25,1,22,8,C03,24.17282,120.698335,2
2018,11,24,15,10,臺中市,北屯區,0,0,,8,,,40,,,,,,,,,,,,,,,,,,,,B03,,,1,,2,,,19,,1,19,,B03,24.190495,120.685635,3
2018,11,24,15,17,臺中市,沙鹿區,0,0,,8,,,50,,,,,,,,,,,,,,,,,,,,B03,,,1,,2,,,23,,1,5,,B03,24.233466,120.562401,3
2018,11,24,15,20,臺中市,清水區,0,0,0,8,1,5,80,14,7,1,5,4,5,7,4,4,9,4,5,1,12,7,3,10,1,1,B03,7,8,1,8,7,2,5,7,7,2,21,8,B03,24.303208,120.555176,3
2018,11,24,15,23,臺中市,南區,0,2,0,8,1,5,50,4,1,1,5,4,5,7,2,1,3,4,4,2,12,6,2,9,1,1,C03,7,6,1,10,2,13,  ,6,6,1,18,5,C03,24.13013,120.659651,2
2018,11,24,15,27,臺中市,大里區,0,0,0,8,1,5,50,3,1,1,5,4,5,7,3,1,10,5,5,2,13,16,3,10,1,1,C03,7,9,1,10,2,14,  ,16,16,1,5,8,C03,24.115309,120.684465,3
2018,11,24,15,36,臺中市,南區,0,1,0,8,1,5,50,4,1,1,5,4,5,7,1,1,10,5,5,2,16,6,3,10,1,1,B03,7,5,1,8,2,6,  ,6,6,1,5,8,B03,24.112745,120.670122,2
2018,11,24,15,40,臺中市,大里區,0,0,,8,,,50,,,,,,,,,,,,,,,,,,,,C03,,,1,,2,,,16,,1,22,,C03,24.109163,120.676911,3
2018,11,24,15,41,臺中市,大雅區,0,1,0,8,1,5,40,14,9,1,5,4,5,7,4,4,10,5,5,1,16,6,3,10,1,1,C03,7,5,1,10,2,14,  ,6,6,1,22,9,C03,24.218551,120.662812,2
2018,11,24,15,50,臺中市,北屯區,0,1,0,8,1,5,40,14,8,1,5,4,5,7,4,4,1,5,1,2,13,44,2,9,1,1,C03,7,9,1,10,2,11,  ,23,44,1,21,8,C03,24.185674,120.722315,2
2018,11,24,15,50,臺中市,神岡區,0,0,,8,,,40,,,,,,,,,,,,,,,,,,,,B03,,,1,,2,,,6,,1,  ,,B03,24.243863,120.673605,3
2018,11,24,16,2,臺中市,北屯區,0,1,0,8,1,5,50,14,9,1,5,4,5,7,4,4,1,4,5,2,13,16,2,9,1,1,C03,7,9,3,18,2,11,  ,16,16,1,16,8,C03,24.17253,120.683328,2
2018,11,24,16,5,臺中市,龍井區,0,1,0,8,1,5,50,3,2,1,5,4,5,7,1,1,3,4,4,2,17,9,3,10,1,1,B03,7,6,1,8,2,3,  ,9,9,1,21,8,B03,24.20094,120.54759,2
2018,11,24,16,5,臺中市,神岡區,0,3,0,8,2,5,40,14,9,1,5,4,5,7,4,4,3,4,5,1,17,23,2,9,4,5,F03,7,9,8,20,2,16,  ,23,23,1,22,9,F03,24.246688,120.685163,2
2018,11,24,16,10,臺中市,豐原區,0,0,0,8,,,50,,,,,,,,,,,,,,,43,  ,  ,  ,  ,   ,  ,  ,7,  ,11,  ,  ,43,43,  ,  ,  ,   ,24.244759,120.7098,3
2018,11,24,16,12,臺中市,太平區,0,0,,8,,,40,,,,,,,,,,,,,,,,,,,,C03,,,1,,2,,,23,,1,16,,C03,24.122618,120.751005,3
2018,11,24,16,20,臺中市,南屯區,0,0,0,8,,,50,,,,,,,,,,,,,,,,3,  ,  ,  ,B03,  ,  ,1,  ,2,  ,  ,23,  ,1,22,  ,B03,24.141995,120.628344,4
2018,11,24,16,20,臺中市,龍井區,0,0,,8,,,50,,,,,,,,,,,,,,,,,,,,A41,,,1,,2,,,30,,1,10,,A41,24.184741,120.521016,3
2018,11,24,16,29,臺中市,和平區,0,0,0,8,1,2,30,12,9,1,5,4,5,7,4,4,10,5,5,2,14,12,  ,  ,  ,  ,B03,  ,  ,1,  ,2,  ,  ,12,12,1,  ,  ,B03,24.254592,121.251476,3
2018,11,24,16,33,臺中市,南區,0,0,,8,,,40,,,,,,,,,,,,,,,,,,,,B03,,,1,,2,,,23,,1,2,,B03,24.116344,120.67025,3
2018,11,24,16,33,臺中市,清水區,0,0,,8,,,40,,,,,,,,,,,,,2,,,,,,,B01,,,1,,2,,,12,,1,  ,,B01,24.302156,120.554695,3
2018,11,24,16,40,臺中市,西屯區,0,2,0,8,2,5,50,4,1,1,5,4,5,7,4,4,5,4,4,2,15,6,2,9,1,4,C03,7,9,1,10,2,14,  ,6,6,1,21,8,C03,24.174968,120.622558,2
2018,11,24,16,52,臺中市,太平區,0,1,0,8,1,5,50,14,9,1,5,4,5,7,4,4,5,5,4,1,17,23,2,1,1,1,B03,7,15,3,18,2,1,  ,23,23,1,21,8,B03,24.156371,120.719878,2
2018,11,24,17,0,臺中市,西屯區,0,1,0,8,1,5,50,14,7,1,5,4,5,7,4,4,10,5,4,2,18,42,2,9,1,1,C03,7,9,1,10,1,14,  ,42,42,1,21,8,C03,24.167376,120.644942,2
2018,11,24,17,10,臺中市,南區,0,0,0,8,,,50,,,,,,,,,,,,,,,23,3,  ,  ,  ,B03,  ,  ,1,  ,2,  ,  ,23,23,  ,21,  ,B03,24.125375,120.657971,3
2018,11,24,17,10,臺中市,大雅區,0,0,,8,,,40,,,,,,,,,,,,,,,,,,,,B03,,,1,,2,,,12,,1,21,,B03,24.229151,120.631383,3
2018,11,24,17,16,臺中市,西屯區,0,0,0,8,,,50,,,,,,,,,,,,,,,43,  ,  ,  ,  ,B12,  ,  ,1,  ,2,  ,  ,43,43,1,  ,  ,B12,24.162863,120.628466,3
2018,11,24,17,20,臺中市,大甲區,0,0,,8,,,50,,,,,,,,,,,,,,,,,,,,B03,,,1,,2,,,16,,1,5,,B03,24.345041,120.633498,3
2018,11,24,17,22,臺中市,西屯區,0,0,,8,,,50,,,,,,,,,,,,,,,,,,,,C03,,,1,,2,,,16,,1,22,,C03,24.162846,120.649541,3
2018,11,24,17,29,臺中市,北區,0,0,,8,,,50,,,,,,,,,,,,,,,,,,,,B01,,,1,,2,,,7,,1,5,,B01,24.153688,120.68338,3
2018,11,24,17,30,臺中市,北屯區,0,2,0,8,2,5,50,14,7,1,5,4,5,7,4,4,5,4,4,2,13,16,3,10,3,4,B03,7,9,1,8,2,1,  ,16,16,1,21,8,B03,24.178825,120.739297,2
2018,11,24,17,35,臺中市,沙鹿區,0,0,,8,,,40,,,,,,,,,,,,,,,,,,,,B03,,,1,,2,,,23,,1,  ,,B03,24.215972,120.577965,4
2018,11,24,17,43,臺中市,北區,,,,8,,,50,,,,,,,,,,,,,,,,,,,,B03,,,1,,2,,,26,,1,  ,,B03,24.159012,120.685085,3
2018,11,24,17,46,臺中市,南屯區,0,2,0,8,3,5,40,14,8,1,5,4,5,7,4,4,1,5,1,1,13,13,2,9,1,1,C03,7,9,1,10,2,11,  ,13,13,1,22,8,C03,24.125144,120.631729,2
2018,11,24,17,48,臺中市,大里區,0,1,0,8,3,5,50,14,9,1,5,4,5,7,4,4,5,5,5,1,17,43,2,9,1,1,C03,7,9,1,10,2,12,  ,43,43,1,21,8,C03,24.110752,120.675397,2
2018,11,24,17,53,臺中市,西屯區,0,0,,8,,,50,,,,,,,,,,,,,,,,,,,,B03,,,1,,2,,,23,,1,  ,,B03,24.18253,120.624089,3
2018,11,24,17,58,臺中市,西屯區,0,0,,8,,,50,,,,,,,,,,,,,,,,,,,,B03,,,1,,2,,,16,,1,  ,,B03,24.200653,120.654962,3
2018,11,24,18,0,臺中市,西屯區,0,0,,8,,,50,,,,,,,,,,,,,,,,,,,,B03,,,1,,2,,,42,,1,  ,,B03,24.183538,120.630204,3
2018,11,24,18,0,臺中市,龍井區,0,0,,8,,,70,,,,,,,,,,,,,,,,,,,,B03,,,1,,2,,,22,,1,22,,B03,24.185483,120.587364,3
2018,11,24,18,3,臺中市,北區,0,0,,8,,,40,,,,,,,,,,,,,,,,,,,,C03,,,1,,2,,,16,,1,22,,C03,24.162158,120.664029,3
2018,11,24,18,15,臺中市,西區,0,1,0,8,3,5,40,4,1,1,5,4,5,7,1,1,10,5,5,2,12,42,3,10,1,1,C03,7,9,1,10,2,11,  ,42,42,1,21,8,C03,24.157121,120.65927,2
2018,11,24,18,15,臺中市,潭子區,0,1,0,8,1,5,50,4,1,1,5,4,5,7,1,1,5,5,4,2,13,23,3,10,1,1,B03,7,9,1,8,2,8,  ,23,23,1,22,9,B03,24.229738,120.710943,2
2018,11,24,18,16,臺中市,北屯區,0,1,0,8,3,5,50,14,7,1,5,4,5,7,4,4,5,5,4,2,16,1,2,9,1,1,C03,7,4,1,10,2,12,  ,1,1,1,20,8,C03,24.170463,120.691022,2
2018,11,24,18,17,臺中市,西屯區,0,0,,8,,,50,,,,,,,,,,,,,,,,,,,,B03,,,1,,2,,,23,,1,22,,B03,24.163983,120.663153,3
2018,11,24,18,19,臺中市,北屯區,0,0,,8,,,50,,,,,,,,,,,,,,,,,,,,B12,,,1,,2,,,19,,1,  ,,B12,24.182579,120.700724,3