年,月,日,時,分,縣市,區,死,受傷,2-30,天候,光線,道路類別,速限,道路型態,事故位置,路面鋪裝,路面狀態,路面缺陷,障礙物,視距,號誌種類,號誌動作,分向設施,快車道或一般車道間,快慢車道間,路面邊線,事故類型及型態,主要肇因,受傷程度,主要傷處,保護裝備,行動電話,當事者區分_類別,車輛用途,當事者行動狀態,駕駛資格情形,駕駛執照種類,飲酒情形,車輛撞擊部位最初,車輛撞擊部位其他,肇事因素個別,肇事因素主要,肇事逃逸,職業,旅次目的,車種,GPS座標_緯度,GPS座標_經度,事故類別
2018,11,24,18,20,臺中市,烏日區,0,1,0,8,3,5,50,14,9,1,5,4,5,7,4,4,5,4,5,1,17,23,2,3,1,1,B03,7,9,1,8,8,5,  ,23,23,1,22,8,B03,24.09374,120.64328,2
2018,11,24,18,25,臺中市,西屯區,0,0,,8,,,50,,,,,,,,,,,,,,,,,,,,B03,,,1,,2,,,42,,1,  ,,B03,24.200101,120.655372,3
2018,11,24,18,29,臺中市,北區,0,3,0,8,3,5,50,4,1,1,5,4,5,7,4,4,10,5,5,2,15,6,2,9,3,4,C03,7,9,1,10,2,11,  ,6,6,1,19,8,C03,24.172392,120.675108,2
2018,11,24,18,41,臺中市,北區,0,0,,8,,,40,,,,,,,,,,,,,,,,,,,,B12,,,1,,2,,,19,,1,5,,B12,24.167089,120.685566,3
2018,11,24,18,45,臺中市,西區,0,0,,,,,,,,,,,,,,,,,,,,,,,,,B03,,,1,,2,,,12,,1,21,,B03,24.141359,120.673692,3
2018,11,24,18,50,臺中市,大肚區,0,0,,8,,,40,,,,,,,,,,,,,,,,,,,,B03,,,1,,2,,,40,,1,21,,B03,24.168288,120.543006,3
2018,11,24,18,54,臺中市,霧峰區,0,0,,8,,,40,,,,,,,,,,,,,,,,,,,,B03,,,1,,2,,,23,,1,22,,B03,24.060774,120.662697,3
2018,11,24,18,54,臺中市,潭子區,0,1,0,8,3,5,50,14,7,1,5,4,5,7,4,4,5,4,4,1,16,26,3,10,1,1,B03,7,5,1,8,2,8,  ,26,26,1,22,8,B03,24.210196,120.708635,2
2018,11,24,18,58,臺中市,烏日區,0,1,0,8,3,5,40,14,7,1,5,4,5,7,4,4,1,4,4,1,12,26,3,10,1,1,B03,7,7,1,8,2,4,  ,7,26,1,21,8,B03,24.113188,120.587983,2
2018,11,24,19,27,臺中市,西屯區,0,0,,8,,,50,,,,,,,,,,,,,,,,,,,,B03,,,1,,2,,,10,,1,22,,B03,24.18424,120.62074,3
2018,11,24,19,37,臺中市,西屯區,0,1,0,8,2,5,50,3,1,1,5,4,5,7,4,4,5,4,4,2,16,43,3,10,3,4,B03,7,5,1,8,2,4,  ,43,43,1,21,8,B03,24.186658,120.621303,2
2018,11,24,19,50,臺中市,北屯區,0,0,,8,,,40,,,,,,,,,,,,,,,,,,,,B03,,,1,,2,,,12,,1,22,,B03,24.192193,120.682278,3
2018,11,24,19,56,臺中市,烏日區,0,0,0,,,,30,,,,,,,,,,,,,,,7,  ,  ,  ,  ,B03,  ,  ,1,  ,2,  ,  ,7,7,1,22,  ,B03,24.11018,120.616323,3
2018,11,24,19,59,臺中市,外埔區,0,0,,8,,,50,,,,,,,,,,,,,,,,,,,,B03,,,1,,2,,,23,,1,22,,B03,24.331413,120.65429,3
2018,11,24,20,0,臺中市,龍井區,0,0,0,8,,,40,,,,,,,,,,,,,,,12,  ,  ,  ,  ,B03,  ,  ,1,  ,2,  ,  ,12,12,1,4,  ,B03,24.181736,120.548606,3
2018,11,24,20,15,臺中市,潭子區,0,1,0,8,3,8,50,14,9,1,5,4,5,7,4,4,1,3,5,1,18,23,2,9,1,1,C03,7,9,1,10,2,11,  ,23,23,1,22,9,C03,24.200512,120.703427,2
2018,11,24,20,34,臺中市,西區,0,1,0,8,3,5,40,14,8,1,5,4,5,7,4,4,1,4,4,2,17,21,2,9,1,1,B03,7,9,1,8,8,5,  ,21,21,1,5,5,B03,24.1422,120.657612,2
2018,11,24,21,5,臺中市,西屯區,0,0,,8,1,5,60,3,2,1,5,4,5,7,2,1,1,3,1,1,12,,,,,,B03,,,1,,2,,,7,,1,22,,B03,24.161613,120.632171,3
2018,11,24,21,10,臺中市,北區,0,0,,8,,,50,,,,,,,,,,,,,,,,,,,,C03,,,1,,2,,,42,,1,5,,C03,24.166848,120.67237,3
2018,11,24,21,12,臺中市,東區,0,0,,8,,,50,,,,,,,,,,,,,,,23,,,,,B01,,,1,,2,,,23,23,1,4,,B01,24.132462,120.691846,3
2018,11,24,21,15,臺中市,南屯區,0,0,0,8,,,40,,,,,,,,4,,,,,,,43,3,  ,  ,  ,B03,  ,  ,1,  ,1,  ,  ,43,43,1,21,  ,B03,24.116516,120.626898,3
2018,11,24,21,18,臺中市,西屯區,0,0,,8,,,50,,,,,,,,,,,,,,,,,,,,B03,,,1,,2,,,23,,1,22,,B03,24.169359,120.636036,3
2018,11,24,21,25,臺中市,北屯區,0,1,0,8,3,5,50,3,2,1,5,4,5,7,1,1,5,2,5,2,13,23,2,9,1,1,C03,7,14,1,10,2,13,  ,44,23,1,4,8,C03,24.17028,120.70821,2
2018,11,24,21,29,臺中市,豐原區,0,0,,8,,,50,,,,,,,,,,,,,,,,,,,,B02,,,1,,2,,,26,,1,4,,B02,,,3
2018,11,24,21,38,臺中市,南區,0,1,0,8,3,5,50,14,9,1,5,4,5,7,4,4,5,5,5,2,16,6,3,10,1,1,B03,7,6,1,8,2,5,  ,6,6,1,5,8,B03,24.115578,120.653057,2
2018,11,24,21,45,臺中市,后里區,0,0,,8,,,50,,,,,,,,,,,,,,,,,,,,B12,,,1,,2,,,19,,1,22,,B12,24.30752,120.72023,3
2018,11,24,21,57,臺中市,北屯區,0,0,,8,,,50,,,,,,,,,,,,,,,,,,,,B03,,,1,,2,,,23,,1,4,,B03,24.1609,120.6969,3
2018,11,24,22,0,臺中市,南屯區,0,0,0,8,,,50,,,,,,,,,,,,,,,,3,  ,  ,  ,B01,  ,  ,1,  ,2,  ,  ,12,  ,1,22,  ,B01,24.134642,120.644298,3
2018,11,24,22,0,臺中市,北屯區,0,0,0,8,,,50,,,,,,,,,,,,,,,23,  ,  ,  ,  ,B03,  ,  ,1,  ,2,  ,  ,23,23,1,5,  ,B03,24.171278,120.692143,3
2018,11,24,22,0,臺中市,大里區,0,0,,8,,,50,,,,,,,,,,,,,,,,,,,,C03,,,1,,2,,,3,,1,22,,C03,24.105318,120.680958,3
2018,11,24,22,9,臺中市,大肚區,0,0,,8,,,50,,,,,,,,,,,,,,,,,,,,B03,,,1,,2,,,19,,1,22,,B03,24.160292,120.570838,3
2018,11,24,22,10,臺中市,西屯區,0,0,,8,,,40,,,,,,,,,,,,,,,,,,,,B03,,,1,,1,,,43,,1,  ,,B03,24.181146,120.645583,3
2018,11,24,22,12,臺中市,北屯區,0,1,0,8,3,5,50,3,2,1,5,4,5,7,4,4,10,4,4,2,3,23,3,10,1,1,C03,7,6,1,10,2,11,  ,23,23,1,21,8,C03,24.161508,120.69427,2
2018,11,24,22,20,臺中市,大甲區,0,1,0,8,1,5,50,4,1,1,5,4,5,7,1,1,10,5,5,2,18,23,2,9,1,1,C03,7,9,1,10,2,14,  ,23,23,1,22,9,C03,24.348447,120.619778,2
2018,11,24,22,26,臺中市,南區,0,2,0,8,3,5,50,14,8,1,5,4,5,7,4,4,10,5,5,2,12,7,3,10,1,1,B03,7,7,1,8,2,2,  ,7,7,1,21,8,B03,24.129383,120.686325,2
2018,11,24,22,37,臺中市,西屯區,0,0,0,8,,,50,,,,,,,,,,,,,,,23,  ,  ,  ,  ,C03,  ,  ,1,  ,2,  ,  ,23,23,1,  ,  ,C03,24.166133,120.651946,3
2018,11,24,23,0,臺中市,北區,0,0,,8,,,50,,,,,,,,,,,,,,,,,,,,C03,,,1,,2,,,23,,1,  ,,C03,24.155877,120.690232,3
2018,11,24,23,15,臺中市,西屯區,0,0,,8,,,40,,,,,,,,,,,,,,,,,,,,B03,,,1,,2,,,25,,1,22,,B03,24.162486,120.628972,3
2018,11,24,23,17,臺中市,沙鹿區,0,1,0,8,3,5,40,3,1,1,5,4,5,7,4,4,10,5,5,2,17,6,3,10,1,1,B03,6,6,6,18,2,2,  ,6,6,1,21,8,B03,24.228528,120.574867,2
2018,11,24,23,52,臺中市,北區,0,2,0,8,3,5,50,3,1,1,5,4,5,7,4,4,10,5,5,2,12,7,3,10,3,4,B01,7,8,1,8,2,2,  ,7,7,1,5,8,B01,24.148956,120.683839,2
2018,11,25,0,4,臺中市,西屯區,0,0,0,8,,,60,,,,,,,,,,,,,,,23,  ,  ,  ,  ,B03,  ,  ,1,  ,2,  ,  ,23,23,1,22,  ,B03,24.183044,120.614349,3
2018,11,25,0,55,臺中市,太平區,0,1,0,8,3,5,50,4,1,1,5,4,5,7,3,1,10,5,5,2,13,23,2,8,1,1,C03,7,9,1,10,2,11,  ,23,23,1,5,8,C03,24.121666,120.70951,2
2018,11,25,1,44,臺中市,西屯區,0,2,0,8,3,5,60,3,1,1,5,4,5,7,2,1,10,5,5,2,17,25,3,10,1,1,B03,7,9,2,18,2,15,  ,25,25,1,22,8,B03,24.169126,120.63827,2
2018,11,25,1,46,臺中市,西屯區,0,0,0,8,3,5,50,14,9,1,5,4,5,7,2,1,5,2,5,2,13,21,3,10,3,4,B03,7,9,1,8,8,8,  ,23,21,1,20,8,B03,24.161828,120.633606,3
2018,11,25,3,6,臺中市,北區,0,0,,8,,,50,,,,,,,,,,,,,,,,,,,,C03,,,1,,2,,,26,,1,  ,,C03,24.160146,120.689636,3
2018,11,25,4,53,臺中市,西屯區,0,0,0,8,,,50,,,,,,,,,,,,,,,23,  ,  ,  ,  ,B03,  ,  ,1,  ,11,  ,  ,23,23,2,22,  ,B03,24.175526,120.637569,3
2018,11,25,7,0,臺中市,石岡區,0,3,0,8,1,5,50,14,7,1,5,4,5,7,2,1,8,3,4,1,16,8,2,9,1,1,C03,7,5,3,18,2,14,  ,8,8,1,22,9,C03,24.274178,120.777091,2
2018,11,25,7,18,臺中市,西屯區,0,1,0,8,1,5,50,14,9,1,5,4,5,7,1,1,1,4,5,2,17,23,2,9,1,1,C03,7,9,1,10,2,14,  ,23,23,1,21,8,C03,24.168641,120.653618,2
2018,11,25,7,27,臺中市,北屯區,0,1,0,8,1,5,40,3,1,1,5,4,5,7,4,4,10,5,5,2,16,6,3,10,1,1,B03,7,5,1,8,2,1,  ,6,6,1,5,8,B03,24.166448,120.705348,2
2018,11,25,7,40,臺中市,龍井區,0,2,0,8,1,5,50,14,9,1,5,4,5,7,4,4,9,5,5,1,17,43,2,3,1,1,C03,7,5,3,18,2,11,  ,43,43,1,21,7,C03,24.180555,120.530833,2
2018,11,25,8,1,臺中市,東勢區,0,2,0,8,1,5,50,3,1,1,5,4,5,7,3,1,10,5,5,2,16,6,2,6,1,1,C03,7,5,1,10,2,11,  ,6,6,1,22,9,C03,24.212583,120.838971,2
2018,11,25,8,7,臺中市,潭子區,0,1,0,8,1,5,40,4,1,1,5,4,5,7,4,4,10,5,5,2,17,14,2,9,1,1,C03,7,9,1,10,2,14,  ,14,14,1,22,8,C03,24.190993,120.701866,2
2018,11,25,8,11,臺中市,北屯區,0,2,0,8,1,5,50,4,1,1,5,4,5,7,4,4,10,5,5,2,15,6,2,9,1,1,C03,7,9,1,10,2,12,  ,6,6,1,21,5,C03,24.167433,120.701871,2
2018,11,25,8,25,臺中市,大里區,0,1,0,8,1,5,40,14,9,1,5,4,5,7,4,4,5,5,5,2,14,21,2,9,1,1,C03,7,9,3,18,5,11,  ,21,21,1,5,8,C03,24.113663,120.67596,2
2018,11,25,8,30,臺中市,大里區,0,1,0,8,1,5,50,3,1,1,5,4,5,7,1,1,10,5,5,2,16,42,3,10,1,1,B03,7,15,1,8,2,6,  ,42,42,1,12,8,B03,24.101291,120.698469,2
2018,11,25,8,37,臺中市,南區,0,1,0,8,1,5,40,3,2,1,5,4,5,7,4,4,5,5,4,2,18,42,2,8,1,1,C03,7,9,2,18,2,12,  ,42,42,1,5,8,C03,24.126335,120.668402,2
2018,11,25,8,43,臺中市,西屯區,0,0,,8,,,50,,,,,,,,,,,,,,,,,,,,B03,,,1,,2,,,26,,1,22,,B03,24.199395,120.654716,3
2018,11,25,8,51,臺中市,南屯區,0,0,,8,,,50,,,,,,,,,,,,,,,,,,,,B12,,,1,,2,,,12,,1,22,,B12,24.11983,120.629089,3
2018,11,25,8,56,臺中市,西屯區,0,1,0,8,1,5,50,4,1,1,5,4,5,7,4,4,10,5,5,2,15,6,3,10,1,1,B03,7,9,1,8,2,1,  ,6,6,1,22,8,B03,24.182786,120.646251,2
2018,11,25,9,15,臺中市,潭子區,0,3,0,8,1,5,50,4,1,1,5,4,5,7,1,1,5,5,4,1,11,6,3,10,1,1,B03,7,5,1,8,2,2,  ,6,6,1,22,9,B03,24.202357,120.706203,2
2018,11,25,9,33,臺中市,西區,0,2,0,8,1,5,40,4,1,1,5,4,5,7,1,1,10,5,5,2,15,25,2,8,1,1,C03,7,9,1,10,2,12,  ,25,25,1,21,8,C03,24.145711,120.67729,2
2018,11,25,9,40,臺中市,北屯區,0,1,0,8,1,5,50,4,1,1,5,4,5,7,2,1,10,5,5,2,16,7,3,10,1,4,C03,7,10,1,10,2,12,  ,7,7,1,22,8,C03,24.164936,120.693031,2
2018,11,25,9,53,臺中市,沙鹿區,0,0,,8,,,50,,,,,,,,,,,,,,,,,,,,B03,,,1,,2,,,23,,1,4,,B03,24.202123,120.568981,3
2018,11,25,9,59,臺中市,西屯區,0,2,0,8,1,5,50,5,2,1,5,4,5,7,1,1,3,4,5,2,16,6,3,10,1,1,B03,7,6,1,8,2,5,  ,6,6,1,21,8,B03,24.193481,120.65966,2
2018,11,25,9,59,臺中市,沙鹿區,0,1,0,8,1,5,60,5,1,1,5,4,5,7,2,1,10,5,5,2,16,25,3,10,1,1,B03,7,5,1,8,2,2,  ,25,25,1,4,9,B03,24.237074,120.569358,2
2018,11,25,10,9,臺中市,西屯區,0,0,,8,,,50,,,,,,,,,,,,,,,,,,,,B03,,,1,,2,,,23,,1,22,,B03,24.164546,120.660678,3
2018,11,25,10,13,臺中市,北區,0,0,,8,,,50,,,,,,,,,,,,,,,,,,,,B03,,,1,,2,,,12,,1,22,,B03,24.148173,120.681342,3
2018,11,25,10,15,臺中市,龍井區,0,2,0,8,1,5,50,4,1,1,5,4,5,7,1,1,10,5,5,2,15,43,2,9,1,1,C03,7,9,1,10,2,11,  ,43,43,1,20,8,C03,24.196015,120.522606,2
2018,11,25,10,21,臺中市,西屯區,0,1,0,8,1,5,50,14,7,1,5,4,5,7,4,4,5,4,4,2,16,42,3,10,1,1,B03,7,8,1,8,2,2,  ,42,42,1,22,8,B03,24.186085,120.622831,2
2018,11,25,10,30,臺中市,西屯區,0,1,0,8,1,5,50,4,1,1,5,4,5,7,4,4,10,5,5,2,16,9,3,10,1,1,B12,7,6,1,8,2,2,  ,9,9,1,22,9,B12,24.161505,120.65925,2
2018,11,25,10,30,臺中市,大里區,0,2,0,8,1,5,50,5,1,1,5,4,5,7,1,1,10,5,5,2,16,11,2,9,1,1,C03,7,5,1,10,2,11,  ,23,11,1,3,8,C03,24.11289,120.68985,2
2018,11,25,10,39,臺中市,大里區,0,2,0,8,1,5,50,4,1,1,5,4,5,7,4,4,10,5,5,2,16,6,2,7,1,1,C03,7,5,1,10,2,14,  ,6,6,1,18,8,C03,24.108855,120.700261,2
2018,11,25,10,55,臺中市,西屯區,0,2,0,8,1,5,40,14,8,1,5,4,5,7,4,4,1,5,5,2,12,23,2,9,1,1,C03,7,9,1,10,2,12,  ,23,23,1,22,8,C03,24.178159,120.614442,2
2018,11,25,11,6,臺中市,大雅區,0,2,0,8,1,5,50,14,7,1,5,4,5,7,4,4,1,4,4,1,17,23,2,8,1,1,C03,7,4,4,11,2,11,14,23,23,1,22,9,C03,24.222131,120.64671,2
2018,11,25,11,19,臺中市,南區,0,0,,8,1,5,50,4,1,1,5,4,5,7,1,1,10,5,5,2,15,,,,,,B03,,,1,,2,,,25,,1,5,,B03,24.117208,120.658737,3
2018,11,25,11,25,臺中市,太平區,0,1,0,8,1,5,50,4,9,1,5,4,5,7,1,1,5,5,5,1,16,25,2,7,1,1,C03,7,5,1,10,2,12,  ,25,25,1,4,8,C03,24.130428,120.723847,2
2018,11,25,11,32,臺中市,南區,0,1,0,8,1,5,50,4,2,1,5,4,5,7,1,1,3,4,4,2,13,16,2,9,1,1,C03,7,9,1,10,2,11,  ,16,16,1,21,8,C03,24.129427,120.677894,2
2018,11,25,11,40,臺中市,西屯區,0,0,,8,,,50,,,,,,,,,,,,,,,,,,,,B12,,,1,,2,,,19,,1,  ,,B12,24.15907,120.64684,3
2018,11,25,11,41,臺中市,外埔區,0,0,,8,,,50,,,,,,,,,,,,,,,,,,,,B03,,,1,,2,,,43,,1,  ,,B03,24.340577,120.66509,3
2018,11,25,11,41,臺中市,潭子區,0,2,0,8,1,5,50,4,1,1,5,4,5,7,2,1,10,5,5,2,16,26,3,10,1,1,B03,7,6,1,8,2,5,  ,26,26,1,22,8,B03,24.216044,120.688796,2
2018,11,25,11,42,臺中市,梧棲區,0,0,,8,,,40,,,,,,,,,,,,,,,,,,,,B12,,,1,,2,,,12,,1,  ,,B12,24.255204,120.528488,4
2018,11,25,11,49,臺中市,南屯區,0,0,0,8,,,50,,,,,,,,,,,,,,,23,  ,  ,  ,  ,B03,  ,  ,1,  ,2,  ,  ,23,23,1,  ,  ,B03,24.138939,120.639668,3
2018,11,25,11,50,臺中市,西屯區,0,1,0,8,1,5,50,3,1,1,5,4,5,7,4,4,10,5,5,2,18,48,2,9,1,1,C03,7,5,1,10,2,12,  ,48,48,1,22,9,C03,24.1684,120.653738,2
2018,11,25,11,59,臺中市,西屯區,0,0,0,8,,,40,,,,,,,,,,,,,,,16,  ,  ,  ,  ,B03,  ,  ,1,  ,2,  ,  ,16,16,1,22,  ,B03,24.201315,120.660806,3
2018,11,25,12,0,臺中市,大里區,0,0,,8,,,50,,,,,,,,,,,,,,,,,,,,C03,,,1,,2,,,23,,1,12,,C03,24.100446,120.681284,3
2018,11,25,12,0,臺中市,大甲區,0,0,,8,,,50,,,,,,,,,,,,,,,,,,,,B12,,,1,,2,,,16,,1,22,,B12,24.347149,120.627757,3
2018,11,25,12,5,臺中市,大里區,0,0,,8,,,50,,,,,,,,,,,,,,,,,,,,B03,,,1,,2,,,12,,1,9,,B03,24.103379,120.683658,3
2018,11,25,12,15,臺中市,北屯區,0,1,0,8,1,5,50,14,7,1,5,4,5,7,4,4,1,4,4,2,13,23,2,1,1,1,B03,7,9,1,8,2,1,  ,23,23,1,21,5,B03,24.166928,120.70194,2
2018,11,25,12,16,臺中市,外埔區,0,1,0,8,1,5,50,3,2,1,5,4,5,7,4,4,10,5,5,1,29,42,2,9,1,1,C03,7,6,1,10,2,12,  ,42,42,1,21,8,C03,24.322888,120.663458,2
2018,11,25,12,25,臺中市,霧峰區,0,3,0,8,1,5,40,4,1,1,5,4,5,7,1,1,10,5,5,2,16,1,2,9,1,1,C03,7,5,3,18,2,14,  ,44,1,1,3,8,C03,24.042885,120.670992,2
2018,11,25,12,27,臺中市,西屯區,0,0,,8,,,50,,,,,,,,,,,,,,,,,,,,B12,,,1,,2,,,26,,1,22,,B12,24.174161,120.647843,3
2018,11,25,12,27,臺中市,西屯區,0,0,0,,,,50,,,,,,,,,,,,,,,10,  ,  ,  ,  ,B03,  ,  ,1,  ,2,  ,  ,44,10,1,22,  ,B03,24.17079,120.636638,3
2018,11,25,12,30,臺中市,南屯區,0,0,,8,,,50,,,,,,,,,,,,,,,,,,,,B03,,,1,,9,,,23,,2,22,,B03,24.138176,120.641745,3
2018,11,25,12,30,臺中市,大里區,0,0,,8,,,50,,,,,,,,,,,,,,,,,,,,C03,,,4,,2,,,42,,1,20,,C03,24.090396,120.703053,3
2018,11,25,12,30,臺中市,烏日區,0,1,0,8,1,5,60,14,7,1,5,4,5,7,4,4,1,4,4,1,20,23,2,9,1,1,B12,7,9,6,8,2,5,  ,23,23,1,21,8,B12,24.113071,120.592978,2
2018,11,25,12,45,臺中市,北屯區,0,3,0,8,1,5,50,4,1,1,5,4,5,7,4,4,10,5,5,2,16,6,2,9,1,4,C03,7,9,1,10,2,12,  ,6,6,1,19,8,C03,24.168118,120.71602,2
2018,11,25,12,54,臺中市,北屯區,0,0,0,8,,,50,,,,,,,,,,,,,,,23,3,  ,  ,  ,B03,  ,  ,1,7,2,  ,  ,23,23,1,21,  ,B03,24.165281,120.701728,3
2018,11,25,13,4,臺中市,霧峰區,0,1,0,8,1,5,40,14,9,1,5,4,5,7,4,4,10,5,5,1,17,5,3,10,1,1,B03,7,9,1,8,2,8,  ,5,5,1,21,8,B03,24.0716,120.666024,2
2018,11,25,13,20,臺中市,大甲區,0,1,0,8,1,5,70,5,1,1,5,4,5,7,1,1,10,5,5,2,15,25,2,9,4,5,F03,7,11,8,20,2,16,  ,25,25,1,9,9,F03,24.35712,120.622908,2
2018,11,25,13,29,臺中市,石岡區,0,0,0,8,,,70,,,,,,,,,,,,,,,26,  ,  ,  ,  ,B03,  ,  ,1,  ,2,  ,  ,26,26,1,9,  ,B03,24.274851,120.77413,3
2018,11,25,13,50,臺中市,沙鹿區,0,1,0,8,1,5,50,3,1,1,5,4,5,7,1,1,10,5,5,2,16,9,3,10,1,1,B03,7,6,1,8,2,2,  ,9,9,1,21,8,B03,24.247347,120.563304,2
2018,11,25,14,0,臺中市,大甲區,0,1,0,8,1,5,40,14,9,1,5,4,5,7,4,4,10,5,5,2,26,42,2,3,1,1,B03,7,9,1,8,2,5,  ,42,42,1,4,8,B03,24.420668,120.638699,2
2018,11,25,14,2,臺中市,烏日區,0,0,0,8,1,5,50,14,7,1,5,4,5,7,1,1,5,4,4,1,13,,  ,  ,  ,  ,B03,  ,  ,1,  ,2,  ,  ,23,  ,  ,  ,  ,B03,24.093513,120.649806,3
2018,11,25,14,10,臺中市,烏日區,0,1,0,8,1,5,50,3,2,1,5,4,5,6,4,4,1,5,5,2,17,40,3,10,1,1,B03,7,13,1,8,2,4,  ,40,40,1,21,8,B03,24.105355,120.611921,2
2018,11,25,14,17,臺中市,新社區,0,1,0,7,1,5,50,14,9,1,5,4,5,7,4,4,9,4,5,1,16,10,3,10,1,1,B03,7,11,1,8,2,1,  ,10,10,1,21,8,B03,24.22656,120.797483,2
2018,11,25,14,25,臺中市,大里區,0,2,0,7,1,5,50,4,1,1,5,4,5,7,1,1,10,5,5,2,13,23,2,9,1,1,C03,7,9,1,10,2,11,  ,23,23,1,18,8,C03,24.102535,120.681878,2
2018,11,25,14,33,臺中市,中區,0,0,,,,,,,,,,,,,,,,,,,,,,,,,B03,,,1,,2,,,12,,1,5,,B03,24.141774,120.675928,4
2018,11,25,14,35,臺中市,南屯區,0,0,,8,,,50,,,,,,,,,,,,,,,,,,,,B03,,,1,,2,,,23,,1,21,,B03,24.143832,120.635228,3
2018,11,25,14,40,臺中市,西區,0,1,0,8,1,5,50,4,1,1,5,4,5,7,1,1,10,5,5,2,16,6,3,10,1,1,B03,7,6,1,8,2,2,  ,6,6,1,21,8,B03,24.157801,120.663791,2
2018,11,25,14,44,臺中市,北屯區,0,1,0,8,1,5,50,5,1,1,5,4,5,7,1,1,10,5,5,2,16,9,3,10,1,1,B03,7,6,1,8,2,3,  ,9,9,1,5,8,B03,24.17125,120.690641,2
2018,11,25,14,45,臺中市,大里區,0,1,0,8,1,5,50,14,9,1,5,4,5,7,4,4,9,5,5,2,3,23,3,10,1,1,B03,7,9,1,8,2,5,  ,23,23,1,12,8,B03,24.111695,120.687798,2
2018,11,25,15,1,臺中市,西屯區,0,1,0,8,1,5,50,3,1,1,5,4,5,7,4,4,4,3,5,2,16,8,2,7,1,1,C03,7,5,1,10,2,14,  ,8,8,1,21,8,C03,24.162186,120.641256,2
2018,11,25,15,5,臺中市,西屯區,0,3,0,8,1,5,50,3,1,1,5,4,5,7,4,4,10,5,5,2,17,19,2,9,1,1,B03,7,1,1,8,2,8,  ,19,19,1,21,8,B03,24.180041,120.627372,2
2018,11,25,15,12,臺中市,大里區,0,0,,8,,,50,,,,,,,,,,,,,,,,,,,,B03,,,1,,2,,,12,,1,22,,B03,24.104416,120.680487,3
2018,11,25,15,13,臺中市,北區,,,,8,,,50,,,,,,,,,,,,,,,,,,,,B03,,,1,,2,,,23,,1,  ,,B03,24.16533,120.674863,3
2018,11,25,15,15,臺中市,南屯區,0,2,0,8,1,5,50,4,1,1,5,4,5,7,1,1,10,5,5,2,13,23,2,9,1,1,C03,7,9,1,10,2,11,  ,23,23,1,21,8,C03,24.152523,120.635004,2
2018,11,25,15,15,臺中市,太平區,0,1,0,6,1,5,50,14,7,1,4,4,5,7,4,4,7,4,4,2,17,10,3,10,1,1,B12,7,11,1,8,2,7,  ,10,10,1,21,8,B12,24.155777,120.703185,2
2018,11,25,15,20,臺中市,外埔區,0,0,,8,,,50,,,,,,,,,,,,,,,,,,,,B03,,,1,,2,,,42,,1,22,,B03,24.342231,120.63685,3
2018,11,25,15,28,臺中市,南區,0,1,0,8,1,5,50,14,8,1,5,4,5,7,4,4,9,4,4,2,17,13,3,10,1,1,B03,7,13,1,8,2,7,  ,44,13,1,5,5,B03,24.123985,120.655597,2
2018,11,25,15,30,臺中市,大肚區,0,0,,8,,,40,,,,,,,,,,,,,,,,,,,,B03,,,1,,2,,,23,,1,21,,B03,24.118081,120.578415,3
2018,11,25,15,41,臺中市,西屯區,0,1,0,8,1,5,50,14,8,1,5,4,5,7,4,4,5,5,4,2,16,6,3,10,1,1,B03,7,6,1,8,2,5,  ,6,6,1,21,8,B03,24.182505,120.620313,2
2018,11,25,15,42,臺中市,北區,0,2,0,8,1,5,50,4,1,1,5,4,5,7,1,1,5,4,4,2,16,6,2,9,1,1,C03,7,5,1,10,2,15,  ,6,6,1,5,8,C03,24.173391,120.676109,2
2018,11,25,16,12,臺中市,太平區,0,1,0,7,1,5,50,4,1,1,4,4,5,7,1,1,10,5,5,2,12,26,2,9,4,1,F03,7,5,8,20,2,16,  ,26,26,1,19,7,F03,24.144443,120.712894,2
2018,11,25,16,20,臺中市,大甲區,0,0,,6,,,70,,,,,,,,,,,,,,,,,,,,A11,,,1,,2,,,19,,1,10,,A11,24.361466,120.634672,3
2018,11,25,16,39,臺中市,大里區,0,0,,6,,,50,,,,,,,,,,,,,,,,,,,,B02,,,1,,2,,,12,,1,22,,B02,24.10565,120.680221,3
2018,11,25,16,45,臺中市,大里區,0,0,,8,,,40,,,,,,,,,,,,,,,,,,,,B03,,,1,,2,,,42,,1,22,,B03,24.10607,120.70333,3
2018,11,25,16,48,臺中市,西區,0,1,0,8,1,5,50,4,1,1,5,4,5,7,2,1,10,5,5,2,17,23,2,9,1,1,C04,7,6,1,10,2,11,  ,23,23,1,5,7,C04,24.150905,120.66148,2
2018,11,25,16,59,臺中市,中區,0,0,0,8,,,0,,,,,,,,,,,,,,,,3,  ,  ,  ,B03,  ,  ,1,  ,2,  ,  ,26,  ,  ,21,  ,B03,24.143153,120.685505,3
2018,11,25,16,59,臺中市,西屯區,0,0,,8,,,50,,,,,,,,,,,,,,,,,,,,B03,,,1,,2,,,10,,1,21,,B03,24.161258,120.644307,3