年,月,日,時,分,縣市,區,死,受傷,2-30,天候,光線,道路類別,速限,道路型態,事故位置,路面鋪裝,路面狀態,路面缺陷,障礙物,視距,號誌種類,號誌動作,分向設施,快車道或一般車道間,快慢車道間,路面邊線,事故類型及型態,主要肇因,受傷程度,主要傷處,保護裝備,行動電話,當事者區分_類別,車輛用途,當事者行動狀態,駕駛資格情形,駕駛執照種類,飲酒情形,車輛撞擊部位最初,車輛撞擊部位其他,肇事因素個別,肇事因素主要,肇事逃逸,職業,旅次目的,車種,GPS座標_緯度,GPS座標_經度,事故類別
2018,11,25,17,2,臺中市,大雅區,0,1,0,8,1,5,50,14,9,1,5,4,5,7,4,4,5,2,4,2,13,23,3,10,1,1,B03,7,9,6,8,7,1,  ,23,23,1,22,9,B03,24.218175,120.668276,2
2018,11,25,17,12,臺中市,北屯區,0,1,0,7,2,5,50,4,1,1,4,4,5,7,2,1,10,5,5,2,18,23,2,9,1,1,C03,7,9,1,10,2,12,  ,23,23,1,21,8,C03,24.173351,120.685487,2
2018,11,25,17,19,臺中市,北區,0,0,,8,,,50,,,,,,,,,,,,,,,,,,,,B03,,,1,,2,,,26,,1,  ,,B03,24.165377,120.685006,3
2018,11,25,17,24,臺中市,西屯區,0,0,0,8,,,50,,,,,,,,,,,,,,,23,  ,  ,  ,  ,B12,  ,  ,1,  ,2,  ,  ,23,23,1,  ,  ,B12,24.192571,120.65828,3
2018,11,25,17,30,臺中市,大甲區,0,0,,8,,,50,,,,,,,,,,,,,,,,,,,,B03,,,1,,2,,,12,,  ,  ,,B03,24.344471,120.631456,3
2018,11,25,17,34,臺中市,西屯區,0,0,,8,,,40,,,,,,,,,,,,,,,,,,,,B03,,,1,,2,,,23,,1,  ,,B03,24.199992,120.65575,3
2018,11,25,17,35,臺中市,南屯區,0,1,0,7,3,5,50,14,7,1,5,4,5,7,4,4,5,5,4,2,12,23,2,8,3,4,C03,7,7,1,10,2,14,  ,23,23,1,22,9,C03,24.135257,120.611647,2
2018,11,25,17,40,臺中市,潭子區,0,2,0,7,3,5,50,14,9,1,5,4,5,7,4,4,5,5,5,1,16,6,2,9,1,1,C03,7,5,1,10,2,12,  ,6,6,1,22,8,C03,24.206845,120.710043,2
2018,11,25,17,42,臺中市,烏日區,0,1,0,6,1,5,50,4,1,1,4,4,5,6,3,1,5,4,5,1,16,8,2,9,1,1,C03,7,5,1,10,2,12,  ,8,8,1,22,8,C03,24.103318,120.618523,2
2018,11,25,17,47,臺中市,北區,0,0,,6,,,50,,,,,,,,,,,,,,,,,,,,B03,,,8,,11,,,1,,1,22,,B03,24.148133,120.68671,3
2018,11,25,17,47,臺中市,霧峰區,0,1,0,6,4,5,50,11,9,1,4,4,5,7,4,4,5,2,5,1,18,44,2,9,4,1,F01,7,9,8,20,2,16,  ,44,44,1,22,9,F01,24.036365,120.715693,2
2018,11,25,17,50,臺中市,南屯區,0,0,,8,,,50,,,,,,,,,,,,,,,,,,,,B03,,,1,,2,,,12,,1,22,,B03,24.139945,120.647747,3
2018,11,25,17,55,臺中市,外埔區,0,0,,8,,,50,,,,,,,,,,,,,,,,,,,,B12,,,1,,2,,,43,,1,  ,,B12,24.321376,120.65521,3
2018,11,25,18,0,臺中市,西區,0,0,,8,,,40,,,,,,,,,,,,,,,,,,,,B03,,,1,,2,,,17,,1,21,,B03,24.146031,120.660919,3
2018,11,25,18,0,臺中市,大里區,0,0,0,6,3,5,40,14,9,1,4,4,5,7,4,4,1,4,5,1,14,42,3,10,1,1,B03,7,2,1,8,2,3,  ,42,42,1,5,8,B03,24.095233,120.688475,3
2018,11,25,18,0,臺中市,烏日區,0,0,0,6,,,40,,,,,,,,,,,,,,,12,  ,  ,  ,  ,B03,  ,  ,1,  ,2,  ,  ,12,12,1,  ,  ,B03,24.108652,120.632476,3
2018,11,25,18,1,臺中市,北屯區,0,0,,6,,,40,,,,,,,,,,,,,,,,,,,,B03,,,1,,2,,,23,,1,4,,B03,24.1741,120.7211,3
2018,11,25,18,5,臺中市,東區,0,0,,6,,,50,,,,,,,,,,,,,,,,,,,,B03,,,1,,2,,,12,,1,22,,B03,24.14895,120.694348,3
2018,11,25,18,20,臺中市,西區,0,0,,6,,,40,,,,,,,,,,,,,,,,,,,,C03,,,1,,2,,,17,,1,5,,C03,24.155563,120.662796,3
2018,11,25,18,20,臺中市,西屯區,0,0,,6,,,40,,,,,,,,,,,,,,,,,,,,B03,,,1,,2,,,12,,1,21,,B03,24.163886,120.652733,3
2018,11,25,18,22,臺中市,南屯區,0,0,,6,,,40,,,,,,,,,,,,,,,,,,,,B03,,,1,,2,,,16,,1,22,,B03,24.121796,120.619588,3
2018,11,25,18,28,臺中市,北區,0,2,0,6,3,5,30,15,7,1,4,4,5,7,4,4,1,4,5,2,13,23,2,9,1,1,C03,7,9,1,8,2,11,  ,23,23,1,5,8,C03,24.158355,120.666787,2
2018,11,25,18,30,臺中市,北區,0,1,0,6,3,5,30,14,7,1,4,4,5,7,4,4,1,4,5,2,18,23,2,9,1,1,C03,7,9,1,10,2,14,  ,23,23,1,5,8,C03,24.158355,120.666787,2
2018,11,25,18,30,臺中市,西屯區,0,3,0,8,1,5,50,4,1,1,4,4,5,7,1,1,4,3,5,2,16,9,2,8,1,1,C03,7,6,1,10,2,12,  ,9,9,1,21,8,C03,24.185136,120.6403,2
2018,11,25,18,31,臺中市,南區,0,0,0,6,,,50,,,,,,,,,,,,,,,26,3,  ,  ,  ,B03,  ,  ,1,8,2,  ,  ,26,26,  ,21,  ,B03,24.121494,120.661698,3
2018,11,25,18,39,臺中市,北區,0,1,0,6,3,5,50,14,9,1,4,4,5,7,4,4,5,5,5,2,13,23,2,9,1,1,C03,7,14,1,10,2,11,  ,23,23,1,21,8,C03,24.16773,120.672032,2
2018,11,25,18,40,臺中市,大肚區,0,0,,6,,,40,,,,,,,,,,,,,,,,,,,,B03,,,1,,2,,,43,,1,  ,,B03,24.151201,120.539375,3
2018,11,25,18,42,臺中市,大里區,0,0,,6,,,40,,,,,,,,,,,,,,,,,,,,C04,,,1,,11,,,5,,2,8,,C04,24.11657,120.682136,3
2018,11,25,18,49,臺中市,北屯區,0,0,,6,,,50,,,,,,,,,,,,,,,,,,,,   ,,,7,,11,,,43,,1,  ,,   ,24.17489,120.710856,3
2018,11,25,18,51,臺中市,潭子區,0,0,,6,3,8,40,14,16,1,4,4,5,7,4,4,10,4,4,1,13,,,,,,B03,,,1,,2,,,23,,1,22,,B03,24.201153,120.70623,3
2018,11,25,18,55,臺中市,西屯區,0,1,0,6,3,5,50,4,1,1,4,4,5,7,2,1,10,5,5,2,29,44,2,9,1,1,C03,7,5,1,10,2,14,  ,44,44,1,21,8,C03,24.172666,120.64555,2
2018,11,25,19,1,臺中市,北屯區,0,1,0,6,3,5,50,4,1,1,4,4,5,7,1,1,4,3,5,2,12,40,3,10,1,1,B03,7,14,1,8,2,4,  ,40,40,1,21,8,B03,24.173053,120.690628,2
2018,11,25,19,1,臺中市,北屯區,0,2,0,6,2,5,50,3,1,1,4,4,5,7,1,1,10,5,5,2,16,8,2,8,1,1,C03,7,5,1,10,2,14,  ,8,8,1,2,8,C03,24.1887,120.7222,2
2018,11,25,19,3,臺中市,霧峰區,0,0,0,6,3,5,50,4,1,1,4,4,5,7,4,4,10,5,5,2,16,6,3,10,1,1,B12,7,9,1,8,2,2,  ,6,6,1,5,8,B12,24.061063,120.695975,3
2018,11,25,19,7,臺中市,南區,0,0,0,6,,,50,,,,,,,,,,,,,,,1,  ,  ,  ,  ,B03,  ,  ,1,  ,2,  ,  ,1,1,1,11,  ,B03,24.125738,120.659779,3
2018,11,25,19,20,臺中市,北區,0,1,0,6,3,5,50,3,2,1,4,4,5,7,2,1,1,2,5,2,13,23,2,9,3,4,C03,7,9,1,10,2,11,  ,23,23,1,22,9,C03,24.163233,120.680958,2
2018,11,25,19,22,臺中市,西屯區,0,0,,6,,,50,,,,,,,,,,,,,,,,,,,,B03,,,1,,2,,,18,,1,21,,B03,24.171466,120.643973,3
2018,11,25,19,24,臺中市,清水區,0,1,0,6,3,5,50,5,1,1,4,4,5,7,1,1,10,5,5,2,12,26,2,9,1,1,C03,7,9,1,10,2,12,  ,44,26,1,21,8,C03,24.27023,120.567797,2
2018,11,25,19,25,臺中市,南區,0,0,,6,,,40,,,,,,,,,,,,,,,12,,,,,B03,,,7,,11,,,38,12,1,18,,B03,24.130688,120.680122,3
2018,11,25,19,35,臺中市,大雅區,0,1,0,6,3,5,50,4,1,1,4,4,5,7,1,1,10,5,5,2,12,23,2,9,1,1,C03,7,9,1,10,2,11,  ,23,23,1,22,9,C03,24.223072,120.649739,2
2018,11,25,19,36,臺中市,西區,0,1,0,6,3,5,50,4,1,1,4,4,5,7,4,4,10,5,5,2,9,43,3,10,1,1,B03,7,5,1,3,2,1,  ,43,43,1,21,8,B03,24.151894,120.672898,2
2018,11,25,19,40,臺中市,太平區,0,0,,6,,,40,,,,,,,,,,,,,,,,,,,,B03,,,1,,2,,,19,,1,4,,B03,24.148115,120.702124,3
2018,11,25,19,46,臺中市,太平區,0,1,0,8,3,5,50,4,1,1,5,4,5,7,2,1,10,5,5,2,16,23,2,9,1,1,C03,7,4,1,10,2,14,  ,23,23,1,5,8,C03,24.156666,120.7175,2
2018,11,25,20,11,臺中市,西屯區,0,0,,8,,,40,,,,,,,,,,,,,,,,,,,,B03,,,1,,2,,,19,,1,  ,,B03,24.169625,120.637945,3
2018,11,25,20,15,臺中市,東區,0,1,0,8,3,5,50,5,1,1,5,4,5,7,1,1,10,5,5,2,16,9,3,10,1,1,B11,7,6,1,2,2,5,  ,9,9,1,5,8,B11,24.140058,120.692387,2
2018,11,25,20,15,臺中市,烏日區,0,1,0,6,3,5,30,3,2,1,4,4,5,7,4,4,5,4,5,2,13,16,3,10,1,1,B01,7,9,1,2,2,1,  ,16,16,1,21,8,B01,24.107663,120.602883,2
2018,11,25,20,23,臺中市,北區,0,1,0,6,3,5,50,4,1,1,4,4,5,7,1,1,10,5,5,2,18,23,2,9,1,1,C03,7,6,1,10,2,14,  ,23,23,1,21,8,C03,24.159189,120.670436,2
2018,11,25,20,25,臺中市,潭子區,0,0,,8,1,5,60,14,7,1,4,4,5,7,4,4,3,3,4,1,13,,,,,,B03,,,1,,2,,,23,,1,22,,B03,24.211308,120.686973,3
2018,11,25,20,29,臺中市,北區,0,0,,6,,,40,,,,,,,,,,,,,,,,,,,,B03,,,1,,2,,,23,,1,5,,B03,24.162952,120.685389,3
2018,11,25,20,40,臺中市,東區,0,2,0,8,1,5,50,4,1,1,4,4,5,7,2,1,10,5,5,2,13,23,2,9,1,1,C03,7,9,1,10,2,11,  ,23,23,1,22,8,C03,24.125299,120.701484,2
2018,11,25,20,44,臺中市,南區,0,1,0,6,3,5,50,4,1,1,4,4,5,7,1,1,10,5,5,2,16,26,3,10,1,1,B03,7,5,1,8,2,5,  ,26,26,1,21,8,B03,24.131538,120.67675,2
2018,11,25,20,50,臺中市,北屯區,0,1,0,6,3,5,50,4,1,1,4,4,5,7,2,1,10,5,5,2,13,16,2,8,1,1,C03,7,9,1,10,2,11,  ,16,16,1,21,8,C03,24.164828,120.693991,2
2018,11,25,20,50,臺中市,西屯區,0,2,0,6,3,5,50,4,1,1,4,4,5,7,3,1,10,5,5,2,16,6,2,9,1,1,C03,7,9,2,18,2,12,  ,6,6,1,21,8,C03,24.186631,120.640233,2
2018,11,25,20,53,臺中市,北區,0,0,,6,,,50,,,,,,,,,,,,,,,,,,,,C03,,,1,,2,,,6,,1,22,,C03,24.160546,120.70023,3
2018,11,25,21,4,臺中市,北區,0,5,0,7,3,5,50,14,7,1,4,4,5,7,4,4,1,4,4,2,13,23,2,9,1,1,B03,7,9,1,8,2,1,  ,23,23,1,5,8,B03,24.163063,120.680666,2
2018,11,25,21,11,臺中市,南屯區,0,0,,6,,,80,,,,,,,,,,,,,,,,,,,,A11,,,1,,2,,,23,,1,  ,,A11,24.128246,120.619846,3
2018,11,25,21,25,臺中市,烏日區,0,0,,,,,30,,,,,,,,,,,,,,,,,,,,B03,,,1,,2,,,7,,1,22,,B03,24.11018,120.616323,3
2018,11,25,21,34,臺中市,大里區,0,0,0,6,3,5,60,14,8,1,4,4,5,7,4,4,4,4,4,1,13,21,3,10,4,5,F03,7,9,8,20,7,16,  ,21,21,1,20,8,F03,24.114926,120.678405,3
2018,11,25,21,49,臺中市,西屯區,0,1,0,8,3,5,50,14,7,1,5,4,5,7,4,4,4,3,4,2,16,17,2,8,1,1,C04,7,9,1,11,2,12,  ,17,17,1,21,8,C04,24.170525,120.647095,2
2018,11,25,21,54,臺中市,北區,0,1,0,8,3,5,50,4,18,1,4,4,5,7,1,1,10,5,5,2,3,15,3,10,1,1,B03,7,6,1,8,2,5,  ,15,15,1,21,8,B03,24.171648,120.667124,2
2018,11,25,22,0,臺中市,南屯區,0,0,,8,,,40,,,,,,,,,,,,,,,,,,,,B12,,,1,,2,,,12,,1,  ,,B12,24.143888,120.614326,3
2018,11,25,22,6,臺中市,西屯區,0,1,0,8,3,5,70,14,12,1,5,4,5,7,4,4,1,4,4,2,17,43,3,10,1,1,B03,7,8,1,8,2,15,  ,43,43,1,21,8,B03,24.177088,120.627664,2
2018,11,25,22,11,臺中市,西區,0,0,0,6,,,50,,,,,,,,,,,,,,,,3,  ,  ,  ,C03,  ,  ,5,  ,2,  ,  ,16,  ,  ,18,  ,C03,24.135194,120.665771,3
2018,11,25,22,14,臺中市,南區,0,2,0,7,3,5,50,4,1,1,4,4,5,7,4,4,10,5,5,2,15,6,2,9,1,1,C03,7,9,1,10,2,12,  ,6,6,1,17,1,C03,24.123933,120.658526,2
2018,11,25,22,15,臺中市,大里區,0,0,,6,,,50,,,,,,,,,,,,,,,,,,,,B03,,,1,,2,,,22,,1,22,,B03,24.106871,120.689548,3
2018,11,25,22,15,臺中市,烏日區,0,1,0,6,3,5,50,15,7,1,4,4,5,7,1,1,10,5,5,2,23,23,2,7,3,4,B03,7,9,1,8,2,5,  ,23,23,1,21,8,B03,24.115561,120.613064,2
2018,11,25,22,17,臺中市,沙鹿區,0,0,,8,,,60,,,,,,,,,,,,,,,,,,,,B03,,,1,,2,,,10,,  ,10,,B03,24.227062,120.575875,3
2018,11,25,22,24,臺中市,西屯區,0,0,,6,,,50,,,,,,,,,,,,,,,,,,,,B03,,,1,,2,,,19,,1,  ,,B03,24.15975,120.63246,3
2018,11,25,22,26,臺中市,北屯區,0,0,0,6,3,5,50,14,22,1,4,4,5,7,4,4,1,3,5,2,12,40,3,10,1,1,B03,7,14,1,8,2,2,  ,40,40,1,21,8,B03,24.162544,120.721018,3
2018,11,25,22,31,臺中市,豐原區,0,1,0,6,3,5,50,4,2,1,4,4,5,7,1,1,1,3,4,2,12,17,2,8,1,1,C03,7,5,1,10,5,11,  ,17,17,1,16,2,C03,24.262222,120.720277,2
2018,11,25,22,40,臺中市,北區,0,1,0,6,3,5,50,4,1,1,4,4,5,7,1,1,10,5,5,2,15,25,2,9,1,1,C03,7,9,2,18,2,11,  ,25,25,1,22,9,C03,24.150989,120.678207,2
2018,11,25,22,52,臺中市,太平區,0,1,0,6,3,5,50,3,1,1,4,4,5,7,4,4,10,5,5,2,16,6,3,10,1,1,B03,7,5,1,8,2,1,  ,6,6,1,21,8,B03,24.144851,120.715551,2
2018,11,25,23,4,臺中市,太平區,0,0,0,8,,,40,,,,,,,,,,,,,,,23,  ,  ,  ,  ,B03,  ,  ,1,  ,2,  ,  ,23,23,1,9,  ,B03,24.157731,120.711659,3
2018,11,25,23,13,臺中市,北屯區,0,0,,6,,,50,,,,,,,,,,,,,,,,,,,,B03,,,1,,2,,,16,,1,9,,B03,24.1706,120.6914,3
2018,11,25,23,16,臺中市,霧峰區,0,0,,8,,,50,,,,,,,,,,,,,,,,,,,,B11,,,1,,2,,,23,,1,18,,B11,24.076014,120.699663,3
2018,11,25,23,25,臺中市,龍井區,0,0,,6,,,50,,,,,,,,,,,,,,,,,,,,B03,,,1,,2,,,22,,1,12,,B03,24.182838,120.531028,3
2018,11,26,0,39,臺中市,中區,0,2,0,6,3,5,50,4,1,1,4,4,5,7,3,1,10,5,5,2,15,6,2,9,1,1,C03,7,9,1,10,2,11,  ,6,6,1,5,8,C03,24.144666,120.680051,2
2018,11,26,0,40,臺中市,東勢區,0,0,,6,,,40,,,,,,,,,,,,,,,,,,,,A11,,,1,,2,,,13,,1,22,,A11,24.167583,120.867732,3
2018,11,26,1,19,臺中市,北屯區,0,2,0,6,3,5,50,4,1,1,4,4,5,7,3,1,10,5,5,2,15,6,2,8,1,1,C03,7,9,2,18,2,11,  ,6,6,1,20,8,C03,24.160824,120.696111,2
2018,11,26,2,43,臺中市,大肚區,0,1,0,7,3,5,50,14,7,1,4,4,5,7,3,1,1,4,4,1,16,10,3,10,1,1,A12,7,11,1,7,2,7,  ,10,10,1,10,8,A12,24.121135,120.570616,2
2018,11,26,2,45,臺中市,龍井區,0,2,0,6,3,5,70,14,12,1,4,4,5,7,4,4,1,4,4,1,12,43,2,9,4,5,F01,7,13,8,20,2,16,  ,43,43,1,19,8,F01,24.185136,120.544468,2
2018,11,26,4,30,臺中市,南屯區,0,0,0,8,,,50,,,,,,,,,,,,,,,,3,  ,  ,  ,B03,  ,  ,1,  ,2,  ,  ,6,  ,1,22,  ,B03,24.145559,120.643501,3
2018,11,26,5,40,臺中市,南區,0,2,0,7,2,5,50,14,12,1,4,4,5,7,4,4,5,5,5,2,3,51,2,8,4,1,H01,8,16,8,20,10,16,  ,51,51,1,4,8,H01,24.113202,120.65948,2
2018,11,26,6,10,臺中市,龍井區,0,0,,8,,,40,,,,,,,,,,,,,,,,,,,,C03,,,3,,2,,,25,,1,22,,C03,24.188098,120.578923,3
2018,11,26,6,30,臺中市,清水區,0,1,0,6,1,5,50,11,9,1,4,4,5,7,4,4,5,5,5,1,18,42,2,8,1,1,C03,7,5,1,10,2,14,  ,42,42,1,21,1,C03,24.26467,120.576455,2
2018,11,26,6,34,臺中市,北屯區,0,1,0,6,1,5,50,4,1,1,4,4,5,7,1,1,10,5,5,2,16,8,3,10,1,1,C03,7,5,1,10,2,13,  ,8,8,1,21,8,C03,24.171105,120.679293,2
2018,11,26,6,41,臺中市,南屯區,0,1,0,6,1,5,50,14,5,1,4,4,5,7,4,4,10,5,5,2,17,23,2,9,1,1,C03,7,12,1,10,2,15,  ,23,23,1,21,8,C03,24.155038,120.634405,2
2018,11,26,6,48,臺中市,北屯區,1,0,0,7,1,5,50,3,2,1,4,4,5,7,1,1,10,5,5,2,3,23,3,10,1,1,B03,7,9,1,8,2,1,  ,23,23,1,21,8,B03,24.186001,120.664721,1
2018,11,26,6,50,臺中市,西屯區,0,0,,8,,,50,,,,,,,,,,,,,,,,,,,,B03,,,1,,2,,,17,,1,22,,B03,24.193863,120.607088,3
2018,11,26,6,52,臺中市,南屯區,0,0,,6,,,40,,,,,,,,,,,,,,,,,,,,B03,,,1,,2,,,23,,1,5,,B03,24.166926,120.585471,4
2018,11,26,7,6,臺中市,大里區,0,0,,6,,,25,,,,,,,,,,,,,,,,,,,,B02,,,1,,2,,,16,,1,4,,B02,24.110825,120.698056,3
2018,11,26,7,8,臺中市,南區,0,1,0,7,1,5,50,3,2,1,4,4,5,7,4,4,5,4,4,2,16,19,3,10,1,1,B03,7,1,1,8,2,8,  ,19,19,1,3,1,B03,24.129847,120.673598,2
2018,11,26,7,10,臺中市,北屯區,0,1,0,7,1,5,25,14,7,1,4,4,5,7,4,4,5,4,4,2,13,16,3,10,3,4,B03,7,9,1,8,2,5,  ,16,16,1,21,8,B03,24.176094,120.709397,2
2018,11,26,7,11,臺中市,北屯區,0,2,0,8,1,5,50,4,1,1,5,4,5,7,1,1,10,5,5,2,16,6,2,9,1,1,C03,7,5,1,10,2,12,  ,6,6,1,21,8,C03,24.171326,120.729573,2
2018,11,26,7,17,臺中市,北屯區,0,1,0,8,1,5,50,14,7,1,5,4,5,7,4,4,5,5,4,2,12,17,3,10,1,1,B12,7,9,1,8,2,2,  ,17,17,1,5,8,B12,24.177616,120.722571,2
2018,11,26,7,20,臺中市,潭子區,0,0,,8,1,5,50,14,8,1,5,4,5,7,4,4,5,4,4,2,12,,,,,,B03,,,1,,2,,,17,,1,22,,B03,24.214003,120.701548,3
2018,11,26,7,20,臺中市,大雅區,0,0,,6,,,50,,,,,,,,,,,,,,,,,,,,A12,,,1,,2,,,6,,1,22,,A12,24.229841,120.641349,3
2018,11,26,7,21,臺中市,太平區,0,1,0,7,1,5,50,4,1,1,4,4,5,7,1,1,10,5,5,2,9,23,3,10,1,1,B03,7,5,1,8,2,1,  ,23,23,1,21,8,B03,24.130573,120.720898,2
2018,11,26,7,25,臺中市,南屯區,0,2,0,7,1,5,50,4,1,1,4,4,5,7,2,1,10,5,5,2,15,25,2,9,1,1,C03,7,9,1,10,2,11,11,25,25,1,3,1,C03,24.145958,120.634293,2
2018,11,26,7,25,臺中市,沙鹿區,0,2,0,6,1,5,40,3,1,1,4,4,5,7,1,1,10,5,5,2,13,23,2,9,1,1,C03,7,9,1,10,2,11,  ,23,23,1,21,8,C03,24.23377,120.57165,2
2018,11,26,7,25,臺中市,沙鹿區,0,1,0,7,1,5,50,4,1,1,5,4,5,7,4,4,10,5,4,2,16,6,2,9,1,1,C03,7,9,1,10,2,11,  ,6,6,1,21,1,C03,24.247095,120.558161,2
2018,11,26,7,30,臺中市,西屯區,0,0,,6,,,50,,,,,,,,,,,,,,,,,,,,B03,,,1,,2,,,23,,1,5,,B03,24.184845,120.617046,3
2018,11,26,7,30,臺中市,沙鹿區,0,0,,8,,,50,,,,,,,,,,,,,,,,,,,,B03,,,1,,2,,,23,,1,  ,,B03,24.2403,120.563997,3
2018,11,26,7,32,臺中市,后里區,0,1,0,7,1,5,40,4,2,1,4,4,5,7,1,1,5,5,5,1,17,8,2,9,1,1,C03,7,9,1,10,2,12,  ,23,8,1,4,5,C03,24.299111,120.70173,2
2018,11,26,7,34,臺中市,南屯區,0,2,0,6,1,5,40,4,1,1,4,4,5,7,1,1,5,5,4,2,13,42,2,9,1,1,C03,7,12,1,10,2,12,11,42,42,1,12,1,C03,24.137916,120.637455,2
2018,11,26,7,36,臺中市,北區,0,1,0,6,1,5,40,4,1,1,4,4,5,7,4,4,10,5,5,2,15,6,2,9,1,1,C03,7,9,1,10,2,12,  ,6,6,1,22,8,C03,24.162112,120.686078,2
2018,11,26,7,40,臺中市,南屯區,0,0,,8,,,50,,,,,,,,,,,,,,,,,,,,C03,,,1,,11,,,23,,2,21,,C03,24.146017,120.648024,3
2018,11,26,7,40,臺中市,西屯區,0,1,0,6,1,5,40,14,8,1,4,4,5,7,4,4,1,4,4,2,26,43,2,9,1,1,C03,7,9,1,10,2,15,  ,43,43,1,21,8,C03,24.183795,120.589566,2
2018,11,26,7,40,臺中市,烏日區,0,0,,8,,,50,,,,,,,,,,,,,,,,,,,,B03,,,1,,2,,,23,,1,  ,,B03,24.104,120.622639,3
2018,11,26,7,41,臺中市,神岡區,0,0,,6,,,50,,,,,,,,,,,,,,,,,,,,B03,,,1,,2,,,17,,1,3,,B03,24.27346,120.66456,3
2018,11,26,7,43,臺中市,沙鹿區,0,1,0,6,1,5,40,3,1,1,4,4,5,7,4,4,10,5,5,2,18,43,3,10,1,1,C03,7,9,1,10,2,15,  ,43,43,1,21,8,C03,24.239315,120.616698,2
2018,11,26,7,48,臺中市,大里區,0,0,,8,,,50,,,,,,,,,,,,,,,,,,,,B03,,,1,,2,,,23,,1,3,,B03,24.113238,120.677879,3
2018,11,26,7,48,臺中市,龍井區,0,1,0,7,1,5,50,14,9,1,4,4,5,7,4,4,5,5,5,1,17,43,2,9,1,1,C03,7,9,1,10,2,14,  ,43,43,1,5,1,C03,24.23584,120.512389,2
2018,11,26,7,48,臺中市,東勢區,0,1,0,7,1,5,60,4,2,1,4,4,5,7,4,4,5,5,4,1,17,42,3,10,1,1,B03,7,6,1,8,2,3,  ,44,42,1,22,8,B03,24.276598,120.817973,2
2018,11,26,7,49,臺中市,龍井區,0,2,0,6,1,5,50,3,1,1,4,4,5,7,4,4,10,5,5,1,17,43,2,9,1,1,C03,7,9,1,10,2,12,  ,43,43,1,2,4,C03,24.235894,120.523897,2
2018,11,26,7,50,臺中市,南屯區,0,0,0,7,1,5,50,14,7,1,5,4,5,7,4,4,1,2,5,2,13,23,3,10,1,1,B03,7,9,1,8,2,1,1,23,23,1,3,1,B03,24.143403,120.633574,3
2018,11,26,7,50,臺中市,大甲區,0,1,0,6,1,5,50,11,9,1,4,4,5,1,4,4,5,5,5,2,17,43,2,9,1,1,C03,7,9,1,10,2,11,  ,43,43,1,21,8,C03,24.425118,120.632871,2
2018,11,26,7,53,臺中市,太平區,0,0,,6,,,50,,,,,,,,,,,,,,,,,,,,C03,,,1,,2,,,26,,1,21,,C03,24.138212,120.717527,3
2018,11,26,7,55,臺中市,大甲區,0,1,0,8,1,5,50,14,9,1,5,4,5,7,4,4,5,4,5,1,17,7,2,9,1,1,C03,7,7,1,10,2,12,  ,7,7,1,21,8,C03,24.345579,120.626538,2
2018,11,26,8,2,臺中市,西區,0,1,0,6,1,5,50,4,1,1,4,4,5,7,1,1,10,5,5,2,18,42,2,9,1,1,C03,7,9,1,10,2,12,  ,42,42,1,5,5,C03,24.134362,120.654154,2
2018,11,26,8,3,臺中市,大里區,0,0,,8,,,80,,,,,,,,,,,,,,,,,,,,B03,,,1,,2,,,16,,1,21,,B03,24.09281,120.686195,3
2018,11,26,8,4,臺中市,南屯區,0,1,0,6,1,5,50,14,8,1,4,4,5,7,1,1,1,4,4,2,16,6,3,10,1,4,B03,7,6,1,8,2,2,  ,6,6,1,22,8,B03,24.150303,120.622371,2
2018,11,26,8,5,臺中市,北區,0,2,0,6,1,5,50,4,1,1,4,4,5,7,1,1,10,5,5,2,17,23,2,9,1,4,C03,7,9,1,10,2,11,  ,23,23,1,21,8,C03,24.155623,120.694434,2
2018,11,26,8,5,臺中市,西屯區,0,1,0,6,1,5,50,14,9,1,4,4,5,7,4,4,5,4,5,2,18,23,2,9,1,1,C03,7,12,1,10,2,14,  ,23,23,1,5,8,C03,24.195568,120.654546,2
2018,11,26,8,6,臺中市,西屯區,0,2,0,7,1,5,50,14,9,1,4,4,5,7,4,4,5,4,5,2,16,43,2,9,1,1,C03,7,15,1,10,2,11,  ,43,43,1,22,9,C03,24.192328,120.606369,2
2018,11,26,8,7,臺中市,西屯區,0,1,0,8,1,5,40,14,8,1,5,4,5,7,4,4,1,4,1,2,13,13,2,9,1,1,C03,7,9,1,10,2,11,  ,13,13,1,22,9,C03,24.165162,120.643611,2
2018,11,26,8,9,臺中市,北屯區,0,1,0,7,1,5,50,4,1,1,4,4,5,7,1,1,10,5,5,2,16,6,3,10,1,1,B03,7,5,1,8,2,6,  ,6,6,1,5,8,B03,24.174068,120.72251,2
2018,11,26,8,9,臺中市,大雅區,0,0,,6,,,40,,,,,,,,,,,,,,,,,,,,B03,,,1,,2,,,5,,1,21,,B03,24.222235,120.658327,3
2018,11,26,8,12,臺中市,西屯區,0,0,,6,,,50,,,,,,,,,,,,,,,,,,,,B03,,,1,,2,,,6,,1,22,,B03,24.181763,120.644939,3