年,月,日,時,分,縣市,區,死,受傷,2-30,天候,光線,道路類別,速限,道路型態,事故位置,路面鋪裝,路面狀態,路面缺陷,障礙物,視距,號誌種類,號誌動作,分向設施,快車道或一般車道間,快慢車道間,路面邊線,事故類型及型態,主要肇因,受傷程度,主要傷處,保護裝備,行動電話,當事者區分_類別,車輛用途,當事者行動狀態,駕駛資格情形,駕駛執照種類,飲酒情形,車輛撞擊部位最初,車輛撞擊部位其他,肇事因素個別,肇事因素主要,肇事逃逸,職業,旅次目的,車種,GPS座標_緯度,GPS座標_經度,事故類別
2018,11,26,8,25,臺中市,龍井區,0,1,0,6,1,5,50,3,1,1,4,4,5,7,4,4,10,5,5,2,18,43,2,9,1,1,C03,7,9,1,10,2,14,  ,43,43,1,3,1,C03,24.235789,120.541238,2
2018,11,26,8,29,臺中市,北屯區,0,1,0,7,1,5,50,4,1,1,4,4,5,7,3,1,10,5,5,2,15,6,3,10,1,1,B03,7,9,1,8,2,1,  ,6,6,1,21,5,B03,24.189593,120.663646,2
2018,11,26,8,30,臺中市,霧峰區,0,1,0,7,1,5,40,4,1,1,4,4,5,7,4,4,10,5,5,2,15,6,2,9,1,1,C03,7,9,1,10,2,11,  ,6,6,1,18,8,C03,24.060968,120.695901,2
2018,11,26,8,35,臺中市,潭子區,0,0,,6,,,50,,,,,,,,,,,,,,,,,,,,   ,,,7,,11,,,43,,2,  ,,   ,24.20731,120.701801,3
2018,11,26,8,42,臺中市,霧峰區,0,0,,8,,,50,,,,,,,,,,,,,,,,,,,,B03,,,1,,2,,,12,,1,19,,B03,24.064471,120.698805,3
2018,11,26,8,50,臺中市,西屯區,0,2,0,6,1,5,50,4,2,1,4,4,5,7,4,4,5,5,5,2,13,16,2,8,1,1,C03,7,9,1,10,2,11,  ,16,16,1,21,8,C03,24.167213,120.650531,2
2018,11,26,8,53,臺中市,大里區,0,0,,8,,,40,,,,,,,,,,,,,,,,,,,,B03,,,1,,2,,,12,,1,3,,B03,24.106746,120.681329,3
2018,11,26,9,7,臺中市,西屯區,0,1,0,7,1,5,50,4,1,1,4,4,5,7,1,1,10,5,5,2,16,6,3,10,1,1,B01,7,5,1,4,2,2,  ,6,6,1,5,8,B01,24.156791,120.654288,2
2018,11,26,9,10,臺中市,清水區,0,1,0,8,1,5,50,14,9,1,4,4,5,7,4,4,5,4,4,1,16,26,3,10,1,1,B12,7,11,1,8,2,7,  ,26,26,1,5,1,B12,24.266145,120.556261,2
2018,11,26,9,21,臺中市,大雅區,0,0,,8,,,40,,,,,,,,,,,,,,,,,,,,B12,,,1,,2,,,12,,1,21,,B12,24.205701,120.632866,3
2018,11,26,9,26,臺中市,西區,0,0,0,8,,,40,,,,,,,,,,,,,,,,  ,  ,  ,  ,B03,  ,  ,1,  ,2,  ,  ,23,  ,  ,  ,  ,B03,24.147138,120.673279,3
2018,11,26,9,29,臺中市,潭子區,0,1,0,7,1,5,50,4,1,1,4,4,5,7,1,1,5,4,4,2,15,25,3,10,1,1,A11,7,9,1,3,2,8,  ,25,25,1,22,8,A11,24.204173,120.675854,2
2018,11,26,9,34,臺中市,南屯區,0,0,,8,,,50,,,,,,,,,,,,,,,,,,,,B03,,,1,,2,,,26,,1,22,,B03,24.147103,120.63803,3
2018,11,26,9,53,臺中市,西屯區,0,1,0,6,1,5,50,4,1,1,4,4,5,7,4,4,10,5,5,2,15,6,3,10,1,1,B03,7,9,1,8,2,5,  ,6,6,1,22,8,B03,24.175138,120.617056,2
2018,11,26,9,55,臺中市,大里區,0,1,0,7,1,5,50,3,1,1,5,4,4,7,1,1,10,5,5,2,16,6,3,10,1,1,B03,7,5,1,8,2,6,  ,6,6,1,9,3,B03,24.095876,120.704238,2
2018,11,26,9,58,臺中市,西屯區,0,0,,8,,,50,,,,,,,,,,,,,,,,,,,,A31,,,1,,2,,,43,,1,22,,A31,24.199781,120.656198,3
2018,11,26,10,0,臺中市,和平區,0,0,,,,,,,,,,,,,,,,,,,,,,,,,C03,,,1,,2,,,67,,1,  ,,C03,24.166796,120.948859,3
2018,11,26,10,5,臺中市,龍井區,0,1,0,8,1,5,50,4,1,1,5,4,5,7,4,4,10,5,5,1,25,43,2,9,3,4,A12,7,6,1,1,2,8,  ,43,43,1,10,8,A12,24.222136,120.514576,2
2018,11,26,10,10,臺中市,烏日區,0,0,,8,,,40,,,,,,,,,,,,,,,,,,,,B03,,,1,,2,,,23,,1,21,,B03,24.048948,120.63044,4
2018,11,26,10,15,臺中市,潭子區,0,1,0,8,1,5,50,4,1,1,5,4,5,7,4,4,5,5,5,1,15,26,2,9,1,1,C03,7,9,1,10,2,11,  ,26,26,1,22,9,C03,24.216837,120.700788,2
2018,11,26,10,23,臺中市,神岡區,0,0,0,6,,,40,,,,,,,,,,,,,,,23,  ,  ,  ,  ,A31,  ,  ,1,  ,2,  ,  ,23,23,1,10,  ,A31,24.263458,120.70175,3
2018,11,26,10,24,臺中市,南屯區,0,0,0,6,,,40,,,,,,,,,,,,,,,23,  ,  ,  ,  ,B12,  ,  ,1,  ,2,  ,  ,23,23,1,  ,  ,B12,24.141035,120.636708,4
2018,11,26,10,28,臺中市,南屯區,0,1,0,6,1,5,50,14,7,1,4,4,5,7,4,4,5,5,4,2,16,19,3,10,1,1,B03,7,1,1,8,2,5,  ,19,19,1,22,8,B03,24.150127,120.612143,2
2018,11,26,10,36,臺中市,北屯區,0,0,0,8,,,50,,,,,,,,,,,,,,,42,  ,  ,  ,  ,B12,  ,  ,1,  ,2,  ,  ,42,42,1,5,  ,B12,24.176663,120.691231,3
2018,11,26,10,37,臺中市,北屯區,0,0,,8,,,40,,,,,,,,,,,,,,,,,,,,B03,,,1,,2,,,23,,1,21,,B03,24.170556,120.699456,3
2018,11,26,10,45,臺中市,中區,0,1,0,8,1,5,50,4,1,1,5,4,5,7,1,1,10,5,5,2,16,6,3,10,3,4,B03,7,5,1,5,2,5,  ,6,6,1,21,8,B03,24.146903,120.680611,2
2018,11,26,10,47,臺中市,東勢區,0,0,0,8,,,50,,,,,,,,,,,,,,,19,  ,  ,  ,  ,C03,  ,  ,1,  ,2,  ,  ,19,19,1,22,  ,C03,24.252459,120.829871,3
2018,11,26,10,53,臺中市,南區,0,1,0,8,1,5,50,5,1,1,5,4,5,7,1,1,10,5,5,2,17,42,3,10,1,1,C03,7,15,1,10,2,11,  ,42,42,1,21,8,C03,24.126596,120.67792,2
2018,11,26,10,54,臺中市,太平區,0,1,0,8,1,5,50,3,9,1,5,4,1,7,3,1,5,2,5,1,12,42,2,9,1,1,C03,7,14,1,10,2,14,  ,42,42,1,5,8,C03,24.15028,120.710672,2
2018,11,26,11,5,臺中市,太平區,0,0,,8,,,50,,,,,,,,,,,,,,,,,,,,B03,,,1,,2,,,23,,1,21,,B03,24.142463,120.711069,3
2018,11,26,11,9,臺中市,龍井區,0,0,,6,,,50,,,,,,,,,,,,,,,,,,,,C03,,,1,,2,,,23,,1,  ,,C03,24.181926,120.592618,3
2018,11,26,11,14,臺中市,龍井區,0,0,,8,,,50,,,,,,,,,,,,,,,,,,,,B03,,,1,,2,,,23,,1,3,,B03,24.180843,120.58949,3
2018,11,26,11,15,臺中市,東勢區,0,1,0,8,1,5,40,14,9,1,5,4,5,7,4,4,9,4,5,1,12,23,2,9,3,4,C03,7,10,6,18,11,11,  ,23,23,1,21,8,C03,24.311584,120.784079,2
2018,11,26,11,19,臺中市,西屯區,0,1,0,6,3,5,50,14,8,1,4,4,5,7,4,4,9,4,4,2,13,23,2,3,3,4,B03,7,9,6,8,9,1,  ,23,23,2,22,9,B03,24.1833,120.626483,2
2018,11,26,11,25,臺中市,沙鹿區,0,1,0,7,1,5,50,3,1,1,5,4,5,7,1,1,10,5,5,2,18,43,2,9,1,1,C03,7,9,1,10,2,14,  ,43,43,1,5,5,C03,24.199293,120.571379,2
2018,11,26,11,26,臺中市,大雅區,0,1,0,6,1,5,50,3,1,1,4,4,5,7,1,1,10,4,5,1,16,6,3,10,1,1,B03,7,6,1,8,2,2,  ,6,6,1,22,9,B03,24.229183,120.642364,2
2018,11,26,11,31,臺中市,沙鹿區,0,2,0,8,1,5,40,3,1,1,5,4,5,7,1,1,10,5,5,2,13,23,3,10,1,1,B03,7,13,1,8,2,7,  ,44,23,1,21,8,B03,24.216214,120.580438,2
2018,11,26,11,56,臺中市,北屯區,0,0,,6,,,50,,,,,,,,,,,,,,,,,,,,B03,,,1,,2,,,23,,1,20,,B03,24.182347,120.706464,3
2018,11,26,12,0,臺中市,龍井區,0,1,0,6,1,5,40,4,1,1,4,4,5,7,4,4,10,5,5,2,15,6,3,10,3,4,A12,7,9,1,6,2,2,  ,6,6,1,9,9,A12,24.206625,120.508958,2
2018,11,26,12,5,臺中市,烏日區,0,1,0,8,1,5,40,4,1,1,4,4,5,7,4,4,10,5,5,1,16,23,2,9,1,1,C03,7,9,1,10,2,12,  ,23,23,1,22,8,C03,24.078473,120.633731,2
2018,11,26,12,6,臺中市,太平區,0,1,0,7,1,5,50,3,1,1,5,4,5,7,1,1,10,5,5,2,17,23,2,9,1,1,C03,7,9,1,10,2,11,  ,23,23,1,21,8,C03,24.133359,120.71371,2
2018,11,26,12,12,臺中市,霧峰區,0,2,0,8,1,5,40,4,1,1,5,4,5,7,4,4,10,5,5,2,16,6,2,9,1,1,C03,7,9,1,10,2,11,  ,6,6,1,3,8,C03,24.062666,120.697567,2
2018,11,26,12,14,臺中市,太平區,0,1,0,6,1,5,50,3,1,1,4,4,5,7,4,4,10,5,5,2,17,9,3,10,1,1,B03,7,6,1,8,2,2,  ,9,9,1,4,8,B03,24.101797,120.716771,2
2018,11,26,12,15,臺中市,西屯區,0,1,0,6,1,5,50,4,2,1,4,4,5,7,4,4,5,5,5,2,16,8,3,10,1,1,B03,7,9,1,8,2,4,  ,14,8,1,21,8,B03,24.161398,120.653858,2
2018,11,26,12,17,臺中市,大甲區,0,0,,8,,,50,,,,,,,,,,,,,,,,,,,,A11,,,1,,2,,,17,,1,10,,A11,24.342541,120.621028,3
2018,11,26,12,18,臺中市,西屯區,0,0,,6,,,50,,,,,,,,,,,,,,,,,,,,B03,,,1,,2,,,44,,1,22,,B03,24.184771,120.603007,3
2018,11,26,12,19,臺中市,北屯區,0,2,0,8,1,5,50,4,1,1,5,4,5,7,2,1,10,5,5,2,16,6,3,10,1,1,B03,7,6,6,10,2,5,  ,6,6,1,21,8,B03,24.17057,120.699568,2
2018,11,26,12,20,臺中市,大肚區,0,1,0,6,1,5,40,14,13,1,4,4,5,7,4,4,1,4,4,1,14,12,3,10,1,1,B12,7,2,1,8,2,3,  ,12,12,1,4,8,B12,24.119462,120.576011,2
2018,11,26,12,30,臺中市,梧棲區,0,0,,6,,,50,,,,,,,,,,,,,,,,,,,,B12,,,1,,2,,,12,,  ,  ,,B12,24.263939,120.532929,4
2018,11,26,12,34,臺中市,西區,0,0,,6,,,50,,,,,,,,,,,,,,,,,,,,B03,,,1,,9,,,23,,1,5,,B03,24.138551,120.675117,3
2018,11,26,12,39,臺中市,西區,0,1,0,6,1,5,50,14,9,1,4,4,5,7,4,4,5,4,5,2,12,19,3,10,1,1,B01,7,9,1,4,2,2,  ,44,19,1,10,8,B01,24.146714,120.661092,2
2018,11,26,12,39,臺中市,南屯區,0,0,,8,,,50,,,,,,,,,,,,,,,,,,,,B12,,,1,,2,,,23,,1,  ,,B12,24.140191,120.646715,4
2018,11,26,12,41,臺中市,西區,0,0,0,8,,,50,,,,,,,,,,,,,,,12,3,  ,  ,  ,B03,  ,  ,1,  ,2,  ,  ,12,12,  ,5,  ,B03,24.151443,120.668142,3
2018,11,26,12,47,臺中市,中區,0,0,,8,,,40,,,,,,,,,,,,,,,,,,,,B03,,,1,,11,,,12,,2,22,,B03,24.141224,120.678238,3
2018,11,26,12,59,臺中市,潭子區,0,1,0,6,1,5,60,3,1,1,4,4,5,7,1,1,1,4,4,1,13,23,2,9,1,1,C03,7,9,1,10,2,11,  ,23,23,1,22,8,C03,24.192046,120.702436,2
2018,11,26,13,4,臺中市,南區,0,1,0,6,1,5,50,3,1,1,4,4,5,7,3,1,10,5,5,2,18,23,2,9,1,1,C03,7,9,1,10,2,14,  ,23,23,1,18,8,C03,24.116897,120.662207,2
2018,11,26,13,5,臺中市,太平區,0,1,0,6,1,5,50,14,9,1,4,4,5,7,4,4,5,5,5,1,17,19,3,10,1,1,C03,7,1,1,10,2,11,  ,19,19,1,18,8,C03,24.143268,120.73366,2
2018,11,26,13,6,臺中市,東區,0,1,0,6,1,5,50,3,1,1,4,4,5,7,4,4,9,4,4,2,16,10,3,10,1,1,A02,7,11,1,2,2,4,  ,10,10,1,5,8,A02,24.141484,120.68927,2
2018,11,26,13,13,臺中市,北屯區,0,0,,6,,,50,,,,,,,,,,,,,,,,,,,,B12,,,1,,2,,,19,,1,  ,,B12,24.182684,120.686403,3
2018,11,26,13,28,臺中市,西屯區,0,0,,6,,,50,,,,,,,,,,,,,,,,,,,,B03,,,1,,2,,,16,,1,5,,B03,24.167023,120.653126,3
2018,11,26,13,29,臺中市,西屯區,0,1,0,6,1,5,50,4,2,1,4,4,5,7,1,1,1,4,5,2,16,43,3,10,1,1,B03,7,6,1,8,2,8,  ,43,43,1,21,8,B03,24.200648,120.656751,2
2018,11,26,13,30,臺中市,南屯區,0,1,0,6,1,5,40,14,8,1,4,4,5,7,4,4,5,4,4,2,13,23,2,7,1,1,C03,7,9,1,10,2,11,  ,23,23,1,22,8,C03,24.155131,120.616843,2
2018,11,26,13,35,臺中市,龍井區,0,0,,6,,,50,,,,,,,,,,,,,,,,,,,,B03,,,1,,2,,,23,,1,  ,,B03,24.186375,120.59431,3
2018,11,26,13,35,臺中市,龍井區,0,1,0,6,1,5,50,14,9,1,4,4,5,7,4,4,5,5,5,1,12,42,3,10,1,4,B03,7,15,1,8,2,2,  ,42,42,1,22,8,B03,24.184041,120.584993,2
2018,11,26,13,37,臺中市,北屯區,0,0,0,6,,,50,,,,,,,,,,,,,,,12,  ,  ,  ,  ,B03,  ,  ,1,  ,2,  ,  ,12,12,1,5,  ,B03,24.168791,120.690725,3
2018,11,26,13,40,臺中市,西區,0,1,0,6,1,5,50,4,1,1,4,4,5,7,1,1,10,5,5,2,3,15,3,10,1,1,B03,7,5,1,8,2,1,  ,15,15,1,5,5,B03,24.137969,120.659483,2
2018,11,26,13,40,臺中市,大雅區,0,1,0,6,1,5,50,3,1,1,4,4,5,7,4,4,10,5,5,2,16,6,3,10,1,1,B03,7,5,1,8,2,5,  ,6,6,1,22,9,B03,24.232933,120.6665,2
2018,11,26,13,46,臺中市,西屯區,0,0,0,6,,,50,,,,,,,,,,,,,,,12,  ,  ,  ,  ,A11,  ,  ,1,  ,2,  ,  ,12,12,1,22,  ,A11,24.173645,120.613761,3
2018,11,26,13,50,臺中市,沙鹿區,0,0,,6,,,40,,,,,,,,,,,,,,,,,,,,B12,,,1,,2,,,12,,1,10,,B12,24.19886,120.570813,3
2018,11,26,13,50,臺中市,大雅區,0,1,0,6,1,5,50,4,1,1,4,4,5,7,3,1,10,5,4,2,15,6,3,10,1,1,B12,7,9,1,8,2,8,  ,6,6,1,22,9,B12,24.22889,120.672137,2
2018,11,26,13,53,臺中市,南屯區,0,1,0,6,1,5,50,14,7,1,4,4,5,7,4,4,5,4,4,2,16,19,3,10,1,4,B03,7,1,1,8,2,8,  ,19,19,1,22,8,B03,24.1516,120.6352,2
2018,11,26,13,53,臺中市,梧棲區,0,0,,8,,,70,,,,,,,,,,,,,,,,,,,,A12,,,1,,2,,,42,,  ,  ,,A12,24.230262,120.546156,3
2018,11,26,14,8,臺中市,北屯區,0,0,0,6,,,40,,,,,,,,,,,,,,,16,  ,  ,  ,  ,B12,  ,  ,1,  ,2,  ,  ,16,16,1,5,  ,B12,24.17229,120.721011,3
2018,11,26,14,13,臺中市,北屯區,0,2,0,7,1,5,50,4,1,1,4,4,5,7,1,1,10,5,5,2,16,26,2,9,1,1,F03,7,5,8,20,2,16,  ,26,26,1,21,8,F03,24.177071,120.719266,2
2018,11,26,14,19,臺中市,西區,0,1,0,6,1,5,50,14,7,1,4,4,5,5,4,4,5,4,4,2,16,19,3,10,1,1,C03,7,1,1,9,2,14,  ,19,19,1,22,8,C03,24.136524,120.662167,2
2018,11,26,14,20,臺中市,東區,0,1,0,6,1,5,50,4,1,1,4,4,5,7,1,1,10,5,5,2,16,26,2,9,1,1,C03,7,9,1,10,2,14,  ,26,26,1,5,8,C03,24.143137,120.685934,2
2018,11,26,14,30,臺中市,大甲區,0,0,,8,,,50,,,,,,,,,,,,,,,,,,,,B03,,,1,,11,,,43,,  ,  ,,B03,24.343446,120.623742,3
2018,11,26,14,36,臺中市,南屯區,0,0,,6,,,40,,,,,,,,,,,,,,,,,,,,B03,,,1,,2,,,23,,1,22,,B03,24.13635,120.653724,3
2018,11,26,14,40,臺中市,龍井區,0,0,,6,,,70,,,,,,,,,,,,,,,,,,,,B12,,,1,,2,,,23,,1,22,,B12,24.190686,120.57962,3
2018,11,26,14,42,臺中市,西屯區,0,0,,6,,,50,,,,,,,,,,,,,,,,,,,,B12,,,1,,2,,,16,,1,22,,B12,24.175372,120.649842,3
2018,11,26,14,42,臺中市,大雅區,0,1,0,6,1,5,50,5,1,1,4,4,5,7,1,1,5,4,5,1,16,19,2,7,1,1,C03,7,1,1,10,2,14,  ,19,19,1,22,9,C03,24.226985,120.647255,2
2018,11,26,14,51,臺中市,清水區,0,1,0,6,1,5,50,3,1,1,4,4,5,7,4,4,10,5,5,2,16,9,3,10,1,1,A12,7,6,1,1,2,2,  ,9,9,1,10,8,A12,24.263887,120.573451,2
2018,11,26,14,59,臺中市,北屯區,0,0,,6,,,50,,,,,,,,,,,,,,,,,,,,B03,,,1,,2,,,23,,1,  ,,B03,24.166849,120.690026,3
2018,11,26,15,4,臺中市,西屯區,0,1,0,6,1,5,50,3,1,1,4,4,5,7,4,4,10,5,5,2,16,9,3,10,1,1,B03,7,6,1,8,2,6,  ,9,9,1,22,8,B03,24.161681,120.649296,2
2018,11,26,15,6,臺中市,西屯區,0,0,0,8,,,50,,,,,,,,,,,,,,,42,  ,  ,  ,  ,B12,  ,  ,1,  ,2,  ,  ,44,42,1,  ,  ,B12,24.163223,120.657751,3
2018,11,26,15,10,臺中市,北區,0,1,0,6,1,5,50,4,1,1,4,4,5,7,4,4,10,5,5,2,29,67,  ,  ,  ,  ,   ,  ,  ,  ,  ,  ,  ,  ,67,67,1,  ,  ,   ,24.161206,120.686703,2
2018,11,26,15,10,臺中市,西屯區,0,0,,8,,,50,,,,,,,,,,,,,,,,,,,,B03,,,1,,2,,,16,,1,  ,,B03,24.171428,120.636173,3
2018,11,26,15,12,臺中市,南區,0,1,0,6,1,5,40,3,2,1,4,4,5,7,4,4,9,5,4,2,16,10,3,10,1,1,B03,7,11,1,8,2,6,  ,10,10,1,5,8,B03,24.126278,120.661093,2
2018,11,26,15,20,臺中市,南屯區,0,0,0,7,1,5,50,3,2,1,4,4,5,7,4,4,10,5,5,2,16,19,3,10,1,1,B03,7,1,1,8,2,1,1,19,19,1,5,3,B03,24.139741,120.642683,3
2018,11,26,15,35,臺中市,烏日區,0,0,,8,,,30,,,,,,,,,,,,,,,19,,,,,B01,,,1,,2,,,44,19,1,  ,,B01,24.113986,120.616684,3
2018,11,26,15,39,臺中市,西屯區,0,0,,6,,,50,,,,,,,,,,,,,,,,,,,,B12,,,1,,2,,,23,,1,22,,B12,24.201806,120.65427,3
2018,11,26,15,43,臺中市,西屯區,0,1,0,8,1,5,40,14,9,1,5,4,5,7,4,4,10,5,5,2,18,42,2,9,1,1,C03,7,9,1,10,2,12,  ,42,42,1,21,8,C03,24.20093,120.656821,2
2018,11,26,15,50,臺中市,西屯區,0,1,0,8,1,5,50,14,9,1,5,4,5,7,4,4,10,5,5,2,2,23,2,9,4,5,H01,8,16,8,20,10,16,  ,67,23,1,21,8,H01,24.178875,120.646458,2
2018,11,26,16,0,臺中市,中區,0,0,,6,,,50,,,,,,,,,,,,,,,,,,,,B12,,,1,,2,,,19,,1,  ,,B12,24.142067,120.684244,3
2018,11,26,16,0,臺中市,南區,0,1,0,8,1,5,50,14,7,1,5,4,5,7,4,4,5,4,4,2,16,19,2,9,1,1,C03,7,1,1,10,2,14,  ,19,19,1,22,8,C03,24.121865,120.685038,2
2018,11,26,16,0,臺中市,西屯區,0,2,0,8,1,5,50,3,1,1,4,4,5,7,3,1,4,3,4,2,16,6,2,9,1,1,C03,7,11,1,10,2,14,  ,6,6,1,21,8,C03,24.170436,120.647368,2
2018,11,26,16,7,臺中市,西屯區,0,1,0,6,1,5,50,14,7,1,4,4,5,7,4,4,5,5,4,2,17,43,2,9,1,1,C03,7,9,1,10,2,12,  ,43,43,1,21,8,C03,24.156149,120.653315,2
2018,11,26,16,9,臺中市,清水區,,,,8,,,50,,,,,,,,,,,,,,,,,,,,B03,,,1,,2,,,17,,1,21,,B03,24.267872,120.57391,3
2018,11,26,16,15,臺中市,北區,0,0,,8,,,50,,,,,,,,,,,,,,,,,,,,C03,,,1,,2,,,7,,1,  ,,C03,24.149102,120.681179,3
2018,11,26,16,15,臺中市,大里區,0,0,0,6,1,5,50,14,9,1,4,4,5,7,4,4,1,4,5,1,13,16,3,10,1,1,B03,7,15,1,8,2,1,  ,16,16,1,5,8,B03,24.103843,120.681853,3
2018,11,26,16,20,臺中市,南區,0,1,0,7,1,5,50,4,1,1,4,4,5,7,1,1,10,5,5,2,18,23,2,9,1,1,C03,7,9,1,10,2,14,  ,23,23,1,22,9,C03,24.127076,120.662651,2
2018,11,26,16,27,臺中市,北區,0,0,,8,,,50,,,,,,,,,,,,,,,,,,,,B03,,,1,,2,,,12,,1,5,,B03,24.152342,120.688514,3
2018,11,26,16,28,臺中市,北屯區,0,0,,8,,,40,,,,,,,,,,,,,,,,,,,,   ,,,7,,11,,,43,,1,  ,,   ,24.177845,120.726745,3
2018,11,26,16,33,臺中市,北區,0,2,0,6,1,5,50,4,1,1,4,4,5,7,1,1,5,2,4,2,16,4,2,9,1,1,C03,7,9,1,10,2,12,  ,4,4,1,21,8,C03,24.152819,120.685291,2
2018,11,26,16,35,臺中市,北屯區,0,0,0,6,,,50,,,,,,,,,,,,,,,23,3,  ,  ,  ,B03,  ,  ,1,  ,2,  ,  ,23,23,  ,21,  ,B03,24.193394,120.686873,3
2018,11,26,16,35,臺中市,大雅區,0,1,0,6,2,5,50,14,9,1,4,4,5,7,4,4,5,5,5,1,17,40,3,10,1,1,B03,7,14,1,8,2,2,  ,40,40,1,22,9,B03,24.229275,120.654481,2
2018,11,26,16,40,臺中市,大肚區,0,1,0,8,1,5,50,3,2,1,4,4,5,7,4,4,5,4,5,2,18,23,2,9,1,1,C03,7,9,1,10,2,12,  ,23,23,1,9,5,C03,24.11083,120.577073,2
2018,11,26,16,40,臺中市,大甲區,0,0,0,6,,,60,,,,,,,,,,,,,,,23,  ,  ,  ,  ,C03,  ,  ,1,  ,2,  ,  ,23,23,1,4,  ,C03,24.336279,120.61693,3
2018,11,26,16,50,臺中市,南屯區,0,0,,6,,,50,,,,,,,,,,,,,,,,,,,,A12,,,1,,2,,,19,,1,22,,A12,24.136121,120.65371,3
2018,11,26,16,50,臺中市,西屯區,0,1,0,7,1,5,50,14,7,1,4,4,5,7,4,4,5,4,4,2,16,9,3,10,1,1,B03,7,6,1,8,2,2,  ,9,9,1,22,8,B03,24.15847,120.654608,2
2018,11,26,16,52,臺中市,南屯區,0,1,0,7,2,5,50,4,1,1,4,4,5,7,2,1,10,5,5,2,17,6,3,10,3,4,B03,7,5,1,8,9,1,  ,6,6,2,2,9,B03,24.148825,120.649805,2
2018,11,26,16,55,臺中市,東區,0,0,,,,,,,,,,,,,,,,,,,,,,,,,B03,,,1,,2,,,23,,1,22,,B03,24.144558,120.702975,3
2018,11,26,17,1,臺中市,西區,0,0,0,8,1,5,40,14,8,1,5,4,5,7,4,4,1,4,4,2,17,23,3,10,3,4,B03,7,9,1,8,11,2,  ,23,23,1,5,8,B03,24.155759,120.658917,3
2018,11,26,17,4,臺中市,西屯區,0,1,0,8,3,5,40,4,1,1,4,4,5,7,4,4,10,5,5,2,15,6,2,8,1,1,C03,7,9,1,10,2,12,  ,6,6,1,22,8,C03,24.186053,120.605943,2
2018,11,26,17,5,臺中市,西屯區,0,1,0,8,1,5,50,5,1,1,5,4,5,7,4,4,4,3,4,2,16,6,3,10,1,1,B03,7,5,1,8,2,1,  ,6,6,1,21,8,B03,24.173485,120.585444,2
2018,11,26,17,5,臺中市,太平區,0,0,,8,,,50,,,,,,,,,,,,,,,,,,,,C03,,,1,,2,,,43,,1,  ,,C03,24.111239,120.703988,3
2018,11,26,17,12,臺中市,沙鹿區,0,1,0,8,1,5,50,4,18,1,5,4,5,7,2,1,10,5,5,2,3,15,3,10,1,4,B03,7,9,1,8,2,1,  ,15,15,1,18,8,B03,24.226937,120.575143,2
2018,11,26,17,13,臺中市,清水區,0,1,0,7,3,5,50,4,1,1,4,4,5,7,1,1,5,5,5,2,16,8,3,10,1,1,B03,7,5,1,8,2,1,  ,8,8,1,19,8,B03,24.26868,120.575501,2
2018,11,26,17,14,臺中市,西屯區,0,2,0,8,1,5,50,4,1,1,5,4,5,7,4,4,10,5,5,2,15,6,2,9,1,1,C03,7,9,1,10,2,14,  ,14,6,1,21,8,C03,24.175477,120.644984,2
2018,11,26,17,18,臺中市,南屯區,0,0,0,6,,,50,,,,,,,,,,,,,,,19,  ,  ,  ,  ,B12,  ,  ,1,  ,2,  ,  ,19,19,1,21,  ,B12,24.153821,120.631848,3
2018,11,26,17,18,臺中市,大甲區,0,0,,8,,,50,,,,,,,,,,,,,,,,,,,,C03,,,1,,2,,,6,,1,22,,C03,24.349171,120.626937,4
2018,11,26,17,19,臺中市,太平區,0,1,0,6,3,5,50,3,1,1,4,4,5,7,4,4,5,5,5,1,16,14,2,9,1,1,C03,7,1,1,10,2,11,  ,14,14,1,21,1,C03,24.12365,120.712249,2
2018,11,26,17,19,臺中市,潭子區,0,1,0,6,3,5,50,4,1,1,4,4,5,7,4,4,10,5,5,2,16,6,2,9,1,1,C03,7,5,1,10,2,11,  ,6,6,1,22,8,C03,24.215703,120.708136,2
2018,11,26,17,20,臺中市,西區,0,0,0,8,,,0,,,,,,,,,,,,,,,,3,  ,  ,  ,B03,  ,  ,1,  ,2,  ,  ,7,  ,  ,21,  ,B03,24.156164,120.661515,3
2018,11,26,17,20,臺中市,南屯區,0,1,0,8,1,5,40,4,1,1,5,4,5,7,2,1,10,5,5,2,13,16,2,8,1,1,C03,7,9,1,10,2,11,  ,16,16,1,22,9,C03,24.149607,120.623211,2
2018,11,26,17,20,臺中市,南屯區,0,0,0,6,,,50,,,,,,,,,,,,,,,7,  ,  ,  ,  ,B03,  ,  ,3,  ,2,  ,  ,7,7,1,22,  ,B03,24.141201,120.646938,3
2018,11,26,17,21,臺中市,沙鹿區,0,0,,8,,,70,,,,,,,,,,,,,,,,,,,,B12,,,1,,1,,,35,,1,2,,B12,24.246337,120.608353,3
2018,11,26,17,27,臺中市,梧棲區,0,0,0,6,3,5,50,14,9,1,4,4,5,7,4,4,10,5,5,2,17,21,3,10,1,1,B03,7,9,1,8,7,5,  ,23,21,1,9,8,B03,24.256136,120.527873,3
2018,11,26,17,28,臺中市,潭子區,0,1,0,6,3,5,60,5,4,1,4,4,5,7,1,1,1,4,4,1,13,23,3,10,1,1,A05,7,6,1,2,2,8,  ,23,23,1,22,9,A05,24.210481,120.686669,2