年,月,日,時,分,縣市,區,死,受傷,2-30,天候,光線,道路類別,速限,道路型態,事故位置,路面鋪裝,路面狀態,路面缺陷,障礙物,視距,號誌種類,號誌動作,分向設施,快車道或一般車道間,快慢車道間,路面邊線,事故類型及型態,主要肇因,受傷程度,主要傷處,保護裝備,行動電話,當事者區分_類別,車輛用途,當事者行動狀態,駕駛資格情形,駕駛執照種類,飲酒情形,車輛撞擊部位最初,車輛撞擊部位其他,肇事因素個別,肇事因素主要,肇事逃逸,職業,旅次目的,車種,GPS座標_緯度,GPS座標_經度,事故類別
2018,11,27,18,4,臺中市,大雅區,0,0,,8,,,50,,,,,,,,,,,,,,,,,,,,A05,,,1,,2,,,23,,1,  ,,A05,24.217374,120.666279,3
2018,11,27,18,5,臺中市,西屯區,0,1,0,8,3,5,40,4,1,1,5,4,5,7,1,1,8,3,5,2,13,26,3,10,1,1,B03,7,5,1,8,2,6,  ,26,26,1,21,8,B03,24.200523,120.656965,2
2018,11,27,18,6,臺中市,西屯區,0,0,,8,,,50,,,,,,,,,,,,,,,,,,,,B12,,,1,,2,,,23,,1,  ,,B12,24.172901,120.625479,3
2018,11,27,18,6,臺中市,新社區,0,0,0,8,,,50,,,,,,,,,,,,,,,12,  ,  ,  ,  ,B03,  ,  ,1,  ,2,  ,  ,12,12,1,  ,  ,B03,24.218403,120.794153,3
2018,11,27,18,7,臺中市,南屯區,0,0,0,8,3,5,50,14,7,1,5,4,5,7,4,4,3,4,4,2,13,7,3,10,1,1,B03,7,8,1,8,2,2,  ,7,7,1,22,8,B03,24.151434,120.631867,3
2018,11,27,18,11,臺中市,北屯區,0,0,,8,,,50,,,,,,,,,,,,,,,,,,,,B02,,,1,,2,,,23,,1,  ,,B02,24.173672,120.698294,3
2018,11,27,18,14,臺中市,北屯區,0,0,,8,,,50,,,,,,,,,,,,,,,,,,,,B03,,,1,,2,,,16,,1,5,,B03,24.197665,120.679643,3
2018,11,27,18,14,臺中市,西屯區,0,1,0,8,1,5,50,14,7,1,5,4,5,7,4,4,3,4,4,2,16,23,2,9,3,4,B03,7,8,1,8,2,5,  ,23,23,1,22,8,B03,24.205393,120.652606,2
2018,11,27,18,14,臺中市,大雅區,0,1,0,8,3,5,50,14,9,1,5,4,5,7,4,4,5,5,5,1,13,23,2,8,1,1,C03,7,9,1,10,2,11,  ,23,23,1,21,8,C03,24.2081,120.629495,2
2018,11,27,18,25,臺中市,南區,0,0,0,8,3,5,50,3,1,5,5,4,5,7,4,4,10,5,5,2,13,23,3,10,1,1,B03,7,5,1,8,2,1,  ,23,23,1,22,8,B03,24.113173,120.671191,3
2018,11,27,18,25,臺中市,霧峰區,0,0,,,,,,,,,,,,,,,,,,,,,,,,,A12,,,1,,2,,,18,,1,  ,,A12,24.063533,120.678969,4
2018,11,27,18,30,臺中市,東勢區,0,0,0,8,,,50,,,,,,,,,,,,,,,6,  ,  ,  ,  ,B03,  ,  ,1,  ,2,  ,  ,6,6,1,  ,  ,B03,24.25419,120.831868,3
2018,11,27,18,31,臺中市,南屯區,0,0,,8,,,50,,,,,,,,,,,,,,,,,,,,B03,,,1,,2,,,23,,1,  ,,B03,24.148418,120.626848,4
2018,11,27,18,38,臺中市,西屯區,0,0,,8,,,50,,,,,,,,,,,,,,,,,,,,B02,,,1,,2,,,4,,1,21,,B02,24.181856,120.635908,3
2018,11,27,18,40,臺中市,南屯區,0,0,0,,3,5,50,4,1,1,5,4,5,7,1,1,10,5,5,2,12,8,3,10,1,1,C03,7,5,1,10,2,12,  ,8,8,1,22,8,C03,24.150638,120.612211,3
2018,11,27,18,40,臺中市,北屯區,0,0,0,8,,,50,,,,,,,,,,,,,,,23,  ,  ,  ,  ,B03,  ,  ,1,  ,2,  ,  ,23,23,1,  ,  ,B03,24.176175,120.72133,3
2018,11,27,18,43,臺中市,南屯區,0,0,0,8,3,5,50,14,8,1,5,4,5,7,4,4,5,4,4,2,17,17,3,10,1,1,C03,7,9,1,10,2,15,  ,17,17,1,22,8,C03,24.153585,120.645676,3
2018,11,27,18,44,臺中市,北屯區,0,0,,8,,,50,,,,,,,,,,,,,,,,,,,,B03,,,1,,2,,,23,,1,  ,,B03,24.171091,120.709341,3
2018,11,27,18,45,臺中市,南屯區,0,1,0,8,3,5,50,4,18,1,5,4,5,7,1,1,10,5,5,2,3,15,3,10,3,4,B03,7,5,1,8,2,1,  ,15,15,1,22,9,B03,24.140879,120.642212,2
2018,11,27,18,48,臺中市,南區,0,0,0,8,3,5,50,4,1,1,5,4,5,7,1,1,10,5,5,2,16,6,3,10,1,1,C03,7,5,3,18,2,11,  ,6,6,1,21,8,C03,24.114716,120.65248,3
2018,11,27,18,50,臺中市,西區,0,1,0,8,3,5,50,14,9,1,5,4,5,7,4,4,1,4,5,2,13,23,2,2,1,1,C03,7,9,1,10,2,11,  ,23,23,1,8,9,C03,24.140006,120.656505,2
2018,11,27,19,0,臺中市,北屯區,0,0,,8,,,40,,,,,,,,,,,,,,,,,,,,B03,,,1,,2,,,12,,2,  ,,B03,24.175503,120.692602,3
2018,11,27,19,7,臺中市,南屯區,0,0,,8,,,50,,,,,,,,,,,,,,,,,,,,B03,,,1,,2,,,23,,1,4,,B03,24.13939,120.654529,3
2018,11,27,19,25,臺中市,南屯區,0,1,0,8,3,5,50,4,1,1,5,4,5,7,1,1,3,4,4,2,2,15,3,10,1,1,B03,7,5,1,8,2,4,  ,15,15,1,22,8,B03,24.146746,120.648598,2
2018,11,27,19,57,臺中市,西屯區,0,1,0,7,3,5,50,3,9,1,4,4,5,7,1,1,10,5,5,2,13,16,2,8,1,1,C03,7,9,1,10,2,11,  ,16,16,1,5,8,C03,24.186204,120.602562,2
2018,11,27,20,4,臺中市,西屯區,0,0,,,,,,,,,,,,,,,,,,,,,,,,,A12,,,1,,2,,,12,,1,  ,,A12,24.185933,120.588118,3
2018,11,27,20,12,臺中市,烏日區,0,0,,8,,,50,,,,,,,,,,,,,,,,,,,,B01,,,1,,2,,,8,,1,10,,B01,24.116215,120.616832,3
2018,11,27,20,14,臺中市,龍井區,0,1,0,8,3,5,40,14,9,1,5,4,5,7,4,4,10,5,5,2,25,43,2,1,1,1,B03,7,9,1,8,2,8,  ,43,43,1,5,1,B03,24.125478,120.512486,2
2018,11,27,20,15,臺中市,北屯區,0,0,0,8,,,50,,,,,,,,,,,,,,,23,  ,  ,  ,  ,B03,  ,  ,1,  ,2,  ,  ,23,23,1,21,  ,B03,24.187115,120.682316,3
2018,11,27,20,15,臺中市,潭子區,0,3,0,8,3,5,40,4,8,1,5,4,5,7,1,1,1,4,4,1,13,23,2,8,1,1,C04,7,9,1,10,2,11,  ,23,23,1,22,9,C04,24.216325,120.684779,2
2018,11,27,20,25,臺中市,太平區,0,0,,8,,,50,,,,,,,,,,,,,,,,,,,,B03,,,3,,2,,,43,,1,21,,B03,24.15779,120.71363,3
2018,11,27,20,40,臺中市,東勢區,0,0,,8,,,50,,,,,,,,,,,,,,,,,,,,B03,,,1,,2,,,17,,1,  ,,B03,24.254176,120.832955,3
2018,11,27,20,41,臺中市,大雅區,0,1,0,8,3,5,50,14,9,1,5,4,5,7,4,4,1,4,4,1,17,23,2,8,1,1,C03,7,9,1,10,2,11,  ,23,23,1,21,8,C03,24.221543,120.649272,2
2018,11,27,20,50,臺中市,西區,0,2,0,8,1,5,50,4,1,1,5,4,5,7,4,4,10,5,5,2,15,6,2,9,1,1,C03,7,9,1,10,2,11,  ,6,6,1,21,5,C03,24.151995,120.660177,2
2018,11,27,20,50,臺中市,南屯區,0,0,0,8,3,5,50,14,9,1,5,4,5,7,2,1,5,4,4,2,12,33,3,10,1,1,C03,7,9,1,10,2,14,  ,33,33,1,22,8,C03,24.141971,120.637836,3
2018,11,27,21,3,臺中市,潭子區,0,1,0,8,3,5,50,14,9,1,5,4,5,7,4,4,7,4,5,1,13,23,3,10,1,1,C03,7,9,1,10,2,11,  ,23,23,1,22,8,C03,24.20727,120.701449,2
2018,11,27,21,4,臺中市,大雅區,0,1,0,8,3,5,50,4,2,1,5,4,5,7,1,1,9,4,4,1,12,44,2,6,1,1,C03,7,9,1,10,2,14,  ,44,44,1,12,9,C03,24.22942,120.65431,2
2018,11,27,21,5,臺中市,大甲區,0,0,,8,,,50,,,,,,,,,,,,,,,,,,,,B12,,,1,,2,,,23,,1,21,,B12,24.346686,120.621695,3
2018,11,27,21,6,臺中市,南屯區,0,0,0,8,3,5,50,3,1,1,5,4,5,7,1,1,10,5,5,2,16,6,3,10,1,1,B02,7,6,1,8,2,2,  ,6,6,1,22,8,B02,24.140466,120.609972,3
2018,11,27,21,7,臺中市,南區,0,1,0,8,3,5,50,14,7,1,5,4,5,7,4,4,1,4,5,2,9,23,3,10,1,1,C03,7,9,1,10,2,11,  ,23,23,1,22,8,C03,24.122893,120.670031,2
2018,11,27,21,11,臺中市,西區,0,2,0,8,3,5,40,5,1,1,5,4,5,7,1,1,5,5,4,2,13,17,2,9,1,1,C03,7,9,1,10,1,11,  ,17,17,1,18,8,C03,24.14086,120.672294,2
2018,11,27,21,14,臺中市,北屯區,0,0,0,8,,,50,,,,,,,,,,,,,,,6,3,  ,  ,  ,B03,  ,  ,1,  ,2,  ,  ,6,6,  ,21,  ,B03,24.183823,120.682984,3
2018,11,27,21,20,臺中市,西屯區,0,1,0,8,3,5,1,3,2,1,5,4,5,7,4,4,10,5,5,2,16,19,3,10,3,4,C03,7,1,1,10,2,11,  ,19,19,1,22,8,C03,24.181311,120.640745,2
2018,11,27,21,26,臺中市,西屯區,0,0,,8,,,80,,,,,,,,,,,,,,,,,,,,B03,,,1,,2,,,43,,1,21,,B03,24.161902,120.628234,3
2018,11,27,21,31,臺中市,大里區,0,2,0,8,3,5,50,14,12,1,5,4,5,7,4,4,5,5,4,1,17,7,3,10,1,1,B12,7,8,1,8,2,15,  ,7,7,1,5,8,B12,24.103223,120.674948,2
2018,11,27,21,38,臺中市,西屯區,0,0,,8,,,40,,,,,,,,,,,,,,,,,,,,B02,,,1,,2,,,12,,1,  ,,B02,24.171583,120.639521,3
2018,11,27,21,38,臺中市,西屯區,0,2,0,8,3,5,40,3,1,1,5,4,5,7,2,1,10,5,5,2,13,16,2,9,1,1,C03,7,9,1,10,2,11,12,16,16,1,22,8,C03,24.169155,120.638855,2
2018,11,27,21,45,臺中市,西屯區,0,1,0,8,3,5,50,14,7,1,5,4,5,7,4,4,4,3,4,2,16,10,3,10,1,1,B03,7,11,1,8,2,8,  ,10,10,1,21,8,B03,24.17712,120.641808,2
2018,11,27,21,45,臺中市,西屯區,0,2,0,8,3,5,40,14,8,1,5,4,5,7,1,1,3,2,4,2,13,23,2,9,3,4,C03,7,9,3,18,2,11,  ,23,23,1,22,8,C03,24.177238,120.669195,2
2018,11,27,22,0,臺中市,西屯區,0,0,,8,,,50,,,,,,,,,,,,,,,,,,,,B02,,,1,,2,,,23,,1,21,,B02,24.167832,120.640752,3
2018,11,27,23,50,臺中市,東區,0,0,0,8,,,50,,,,,,,,,,,,,,,,3,  ,  ,  ,B03,  ,  ,1,  ,2,  ,  ,23,  ,1,21,  ,B03,24.142893,120.688921,3
2018,11,27,23,53,臺中市,沙鹿區,0,1,0,7,3,5,50,4,1,1,5,4,5,7,2,1,10,5,5,2,16,25,2,9,1,1,C03,7,9,1,10,2,12,  ,25,25,1,3,1,C03,24.238061,120.568176,2
2018,11,28,0,52,臺中市,中區,0,0,,6,,,50,,,,,,,,,,,,,,,,,,,,B03,,,1,,2,,,6,,1,21,,B03,24.145556,120.679157,3
2018,11,28,1,25,臺中市,沙鹿區,0,3,0,6,3,5,50,3,1,1,4,4,5,7,4,4,4,4,4,1,16,6,2,9,1,1,C03,7,5,1,10,2,11,  ,6,6,1,18,8,C03,24.224927,120.576351,2
2018,11,28,1,30,臺中市,北屯區,0,2,0,6,3,5,50,14,7,1,4,4,5,7,4,4,1,4,4,2,1,23,2,9,4,5,H01,8,16,8,20,10,16,  ,60,23,1,21,8,H01,24.183436,120.702083,2
2018,11,28,3,17,臺中市,烏日區,0,1,0,6,3,5,70,14,7,1,4,4,5,7,4,4,1,3,4,1,23,43,2,9,1,1,B12,7,9,3,18,2,8,  ,43,43,2,21,8,B12,24.109384,120.604258,2
2018,11,28,5,10,臺中市,清水區,0,0,,6,,,40,,,,,,,,,,,,,,,,,,,,B03,,,1,,2,,,19,,1,20,,B03,24.272836,120.570926,3
2018,11,28,5,45,臺中市,大甲區,0,2,0,6,2,5,50,3,2,1,4,4,5,7,4,4,5,5,5,1,12,26,2,9,1,1,F01,7,5,8,20,2,16,  ,26,26,1,5,8,F01,24.350743,120.628885,2
2018,11,28,5,50,臺中市,東區,0,0,0,6,,,50,,,,,,,,,,,,,,,12,3,  ,  ,  ,B12,  ,  ,1,  ,2,  ,  ,12,12,1,21,  ,B12,24.135184,120.69506,3
2018,11,28,5,55,臺中市,后里區,0,0,,6,,,40,,,,,,,,,,,,,,,,,,,,B12,,,1,,2,,,12,,1,21,,B12,24.297468,120.694883,3
2018,11,28,5,58,臺中市,梧棲區,0,0,0,6,,,50,,,,,,,,,,,,,,,23,  ,  ,  ,  ,A11,  ,  ,1,  ,2,  ,  ,23,23,1,10,  ,A11,24.222506,120.527177,3
2018,11,28,6,40,臺中市,梧棲區,0,1,0,6,1,5,50,14,9,1,4,4,5,7,4,4,5,5,5,1,17,42,3,10,1,1,B12,7,14,1,8,2,2,  ,42,42,1,9,5,B12,24.24866,120.538554,2
2018,11,28,6,46,臺中市,后里區,0,0,,8,,,50,,,,,,,,,,,,,,,,,,,,B03,,,1,,2,,,7,,1,21,,B03,24.30262,120.72239,3
2018,11,28,7,13,臺中市,大里區,0,0,,8,,,50,,,,,,,,,,,,,,,19,,,,,B12,,,1,,2,,,44,19,1,22,,B12,24.095716,120.67975,3
2018,11,28,7,16,臺中市,大肚區,0,1,0,6,1,5,40,14,9,1,4,4,5,7,4,4,10,5,5,2,13,23,2,8,1,1,C03,7,9,1,10,2,11,  ,23,23,1,21,8,C03,24.172973,120.573862,2
2018,11,28,7,17,臺中市,西屯區,0,1,0,6,1,5,50,14,7,1,4,4,5,7,4,4,5,4,4,2,13,16,2,9,3,4,C03,7,9,1,10,2,11,  ,16,16,1,21,8,C03,24.18654,120.621726,2
2018,11,28,7,18,臺中市,潭子區,0,1,0,6,1,5,50,14,7,1,4,4,5,7,4,4,9,4,4,2,12,23,3,10,1,1,C03,7,9,3,18,2,12,  ,23,23,1,22,8,C03,24.210654,120.707257,2
2018,11,28,7,19,臺中市,太平區,0,0,,6,,,50,,,,,,,,,,,,,,,,,,,,B03,,,1,,11,,,19,,2,20,,B03,24.154939,120.73353,3
2018,11,28,7,20,臺中市,梧棲區,0,1,0,6,1,5,50,14,9,1,4,4,5,7,4,4,9,5,4,1,13,23,3,10,1,1,B03,7,9,1,8,2,1,  ,23,23,1,2,1,B03,24.219651,120.540895,2
2018,11,28,7,20,臺中市,大甲區,0,1,0,6,1,5,50,4,1,1,4,4,5,7,1,1,10,5,5,2,15,43,3,10,1,1,B03,7,9,1,8,2,8,  ,43,43,1,4,8,B03,24.348569,120.62032,2
2018,11,28,7,21,臺中市,西屯區,0,1,0,6,1,5,50,4,1,1,4,4,5,7,1,1,10,5,5,2,16,6,3,10,3,4,B03,7,5,1,8,2,6,  ,6,6,1,21,8,B03,24.190948,120.610851,2
2018,11,28,7,22,臺中市,西屯區,0,2,0,6,1,5,40,14,8,1,4,4,5,7,4,4,8,3,4,2,29,43,2,9,1,1,C03,7,9,1,10,2,14,  ,43,43,1,22,9,C03,24.18349,120.629763,2
2018,11,28,7,24,臺中市,南屯區,0,0,0,7,,,40,,,,,,,,4,,,,,,,12,3,  ,  ,  ,B03,  ,  ,1,  ,2,  ,  ,12,12,1,21,  ,B03,24.153143,120.61604,3
2018,11,28,7,27,臺中市,東區,0,0,,8,,,50,,,,,,,,,,,,,,,,,,,,B03,,,1,,2,,,10,,1,  ,,B03,24.12952,120.691021,3
2018,11,28,7,28,臺中市,西屯區,0,1,0,6,1,5,50,3,1,1,4,4,5,7,1,1,10,5,5,2,16,26,3,10,1,1,B12,7,5,1,8,2,2,  ,26,26,1,21,8,B12,24.167645,120.649823,2
2018,11,28,7,30,臺中市,北屯區,0,0,0,8,,,50,,,,,,,,,,,,,,,43,4,11,3,4,B03,7,21,5,19,9,15,  ,43,43,2,22,9,B03,24.182431,120.673218,3
2018,11,28,7,30,臺中市,西屯區,0,0,,8,,,50,,,,,,,,,,,,,,,,,,,,B03,,,1,,2,,,6,,1,22,,B03,24.187698,120.614871,3
2018,11,28,7,30,臺中市,大里區,0,0,,6,,,50,,,,,,,,,,,,,,,,,,,,C03,,,1,,2,,,6,,1,19,,C03,24.106356,120.687998,3
2018,11,28,7,30,臺中市,清水區,0,0,0,6,1,5,50,14,9,1,4,4,5,7,4,4,8,4,5,2,14,12,3,10,1,1,B03,7,2,1,8,2,3,  ,12,12,1,21,8,B03,24.2696089,120.5660194,3
2018,11,28,7,32,臺中市,太平區,0,1,0,6,1,5,50,14,9,1,4,4,5,7,4,4,5,5,5,1,13,23,2,9,1,1,C03,7,9,1,10,2,11,  ,23,23,1,21,8,C03,24.110624,120.72452,2
2018,11,28,7,35,臺中市,南區,0,0,0,,,,,,,,,,,,,,,,,,,23,3,  ,  ,  ,B03,  ,  ,1,  ,2,  ,  ,23,23,1,22,  ,B03,24.119306,120.648909,3
2018,11,28,7,37,臺中市,西屯區,0,0,0,6,,,50,,,,,,,,,,,,,,,16,  ,  ,  ,  ,C03,  ,  ,1,  ,2,  ,  ,16,16,1,5,  ,C03,24.198773,120.654241,3
2018,11,28,7,38,臺中市,烏日區,0,0,,6,,,50,,,,,,,,,,,,,,,,,,,,B02,,,1,,2,,,16,,1,21,,B02,24.107191,120.625091,3
2018,11,28,7,40,臺中市,太平區,0,2,0,6,1,5,50,3,1,1,4,4,5,7,4,4,10,5,5,2,16,4,2,8,1,1,C03,7,5,1,10,2,14,  ,4,4,1,4,8,C03,24.154821,120.71198,2
2018,11,28,7,45,臺中市,南屯區,0,1,0,6,1,5,50,4,1,1,4,4,5,7,1,1,10,5,5,2,13,23,2,7,1,1,C03,7,9,1,10,2,11,  ,23,23,1,21,8,C03,24.147984,120.615278,2
2018,11,28,7,46,臺中市,西區,0,1,0,6,1,5,50,4,1,1,4,4,5,7,4,4,10,5,5,2,15,6,3,10,1,1,B03,7,9,1,8,2,5,  ,6,6,1,21,8,B03,24.136063,120.669358,2
2018,11,28,7,47,臺中市,太平區,0,1,0,6,1,5,50,4,2,1,4,4,5,7,1,1,5,5,5,1,16,26,3,10,1,1,C03,7,5,1,10,2,11,  ,26,26,1,21,8,C03,24.133171,120.73615,2
2018,11,28,7,47,臺中市,沙鹿區,0,1,0,6,1,5,50,3,1,1,4,4,5,7,4,4,10,5,5,2,16,6,3,10,1,1,C03,7,5,1,8,2,12,  ,6,6,1,21,8,C03,24.229098,120.549878,2
2018,11,28,7,48,臺中市,南屯區,0,1,0,6,1,5,40,14,9,1,4,4,5,7,4,4,10,5,5,2,17,23,2,9,1,1,C04,7,9,1,8,2,12,  ,23,23,1,21,8,C04,24.141993,120.613356,2
2018,11,28,7,48,臺中市,南屯區,0,0,,6,,,50,,,,,,,,,,,,,,,,,,,,B03,,,1,,2,,,19,,1,22,,B03,24.137552,120.632682,3
2018,11,28,7,49,臺中市,北屯區,0,0,,6,,,50,,,,,,,,,,,,,,,,,,,,C03,,,1,,2,,,23,,1,4,,C03,24.167625,120.709726,3
2018,11,28,7,50,臺中市,南區,0,1,0,6,1,5,50,4,1,1,4,4,5,7,1,1,10,5,5,2,17,43,3,10,1,1,C03,7,15,1,10,2,11,  ,43,43,1,21,8,C03,24.119201,120.65369,2
2018,11,28,7,51,臺中市,西屯區,0,0,,6,,,50,,,,,,,,,,,,,,,17,,,,,B03,,,1,,2,,,17,17,1,21,,B03,24.200775,120.657818,3
2018,11,28,7,51,臺中市,大雅區,0,0,,8,,,40,,,,,,,,,,,,,,,,,,,,B03,,,1,,3,,,23,,1,  ,,B03,24.222664,120.656675,3
2018,11,28,7,53,臺中市,沙鹿區,0,0,0,6,,,50,,,,,,,,,,,,,,,12,  ,  ,  ,  ,B03,  ,  ,1,  ,2,  ,  ,12,12,  ,  ,  ,B03,24.243003,120.565232,3
2018,11,28,7,54,臺中市,南區,0,1,0,6,1,5,50,14,8,1,4,4,5,7,4,4,3,4,4,2,13,23,2,8,1,1,C03,7,9,1,10,2,14,  ,23,23,1,22,9,C03,24.112683,120.651843,2
2018,11,28,7,55,臺中市,神岡區,0,0,0,6,,,50,,,,,,,,,,,,,,,6,  ,  ,  ,  ,B03,  ,  ,1,  ,2,  ,  ,6,6,1,21,  ,B03,24.252355,120.696282,3
2018,11,28,7,56,臺中市,西屯區,0,1,0,6,1,5,50,4,1,1,4,4,5,7,1,1,5,4,4,2,16,16,2,9,3,4,C03,7,9,1,10,2,11,  ,16,16,1,21,8,C03,24.164021,120.618325,2
2018,11,28,8,0,臺中市,后里區,0,1,0,6,1,5,50,4,2,1,4,4,5,7,1,1,1,3,4,1,17,42,2,9,1,1,C03,7,9,1,10,2,11,  ,42,42,1,21,8,C03,24.313345,120.723415,2
2018,11,28,8,0,臺中市,神岡區,0,1,0,6,1,5,50,3,1,1,4,4,5,7,1,3,5,4,5,1,16,17,3,10,1,1,B03,7,9,1,8,2,2,  ,17,17,1,21,8,B03,24.271714,120.660435,2
2018,11,28,8,10,臺中市,霧峰區,0,0,,8,,,50,,,,,,,,,,,,,,,,,,,,B12,,,1,,11,,,12,,1,21,,B12,24.068791,120.702563,3
2018,11,28,8,10,臺中市,大雅區,0,0,,6,,,40,,,,,,,,,,,,,,,,,,,,B03,,,1,,2,,,12,,1,  ,,B03,24.222266,120.671517,3
2018,11,28,8,15,臺中市,大甲區,0,1,0,6,1,5,50,3,1,1,4,4,5,7,1,1,10,5,5,2,16,9,3,10,1,1,A12,7,6,1,1,2,2,  ,9,9,1,10,1,A12,24.399741,120.645362,2
2018,11,28,8,24,臺中市,西區,0,1,0,6,1,5,40,3,1,1,4,4,5,7,4,4,10,5,5,2,17,6,3,10,1,1,B03,7,6,1,8,5,5,  ,6,6,1,5,5,B03,24.150174,120.664297,2
2018,11,28,8,24,臺中市,南區,0,1,0,6,1,5,50,5,7,1,4,4,5,7,1,1,10,2,4,2,17,42,2,9,4,4,F01,7,5,8,20,2,16,  ,42,42,1,21,8,F01,24.117538,120.65862,2
2018,11,28,8,24,臺中市,北屯區,0,0,,6,,,40,,,,,,,,,,,,,,,,,,,,B03,,,1,,2,,,19,,1,  ,,B03,24.170559,120.689017,3
2018,11,28,8,25,臺中市,南區,0,1,0,6,1,5,50,14,8,1,4,4,5,7,4,4,3,4,4,2,17,19,2,1,1,1,C03,7,9,1,10,2,11,  ,23,19,1,22,9,C03,24.112658,120.651774,2
2018,11,28,8,35,臺中市,西屯區,0,1,0,6,1,5,40,3,1,1,4,4,5,7,4,4,10,5,5,2,16,6,3,10,1,1,B03,7,5,1,8,2,4,  ,6,6,1,21,8,B03,24.164414,120.663376,2
2018,11,28,8,35,臺中市,烏日區,0,1,0,6,1,5,40,4,1,1,4,4,5,7,4,4,10,5,5,2,15,6,2,9,1,1,C03,7,9,1,10,2,14,  ,6,6,1,21,8,C03,24.101075,120.634668,2
2018,11,28,8,45,臺中市,西屯區,0,1,0,6,1,5,40,14,9,1,4,4,5,7,4,4,5,3,5,2,29,43,2,9,1,1,C03,7,9,1,10,2,12,  ,43,43,1,22,9,C03,24.159934,120.63986,2
2018,11,28,8,49,臺中市,西屯區,0,1,0,6,1,5,50,4,1,1,4,4,5,7,1,1,10,5,5,2,16,6,3,10,1,1,B12,7,5,1,8,2,8,  ,6,6,1,5,8,B12,24.164309,120.66045,2
2018,11,28,8,50,臺中市,北屯區,0,0,,6,,,40,,,,,,,,,,,,,,,,,,,,B03,,,1,,2,,,23,,1,22,,B03,24.182581,120.682071,3
2018,11,28,8,51,臺中市,南屯區,0,1,0,6,1,5,40,14,8,1,4,4,5,7,4,4,1,4,1,2,16,7,3,10,1,1,B02,7,7,1,8,2,7,  ,7,7,1,22,8,B02,24.15166,120.623416,2
2018,11,28,8,51,臺中市,南屯區,0,0,,8,,,40,,,,,,,,,,,,,,,,,,,,B12,,,1,,11,,,23,,2,21,,B12,24.14785,120.635712,3
2018,11,28,8,52,臺中市,西屯區,0,1,0,6,1,5,70,3,1,1,4,4,5,7,4,4,1,4,5,2,16,6,3,10,3,4,B03,7,6,1,8,2,2,  ,6,6,1,21,8,B03,24.177688,120.626517,2
2018,11,28,8,55,臺中市,西屯區,0,1,0,6,1,5,40,14,8,1,4,4,5,7,4,4,1,4,1,2,13,16,2,8,1,1,C03,7,9,1,10,2,11,  ,16,16,1,4,8,C03,24.1664,120.64286,2
2018,11,28,8,55,臺中市,大里區,0,1,0,6,1,5,50,14,7,1,4,4,5,7,4,4,5,4,5,1,16,19,3,10,1,1,B03,7,1,1,8,2,8,  ,19,19,1,2,8,B03,24.103908,120.688698,2
2018,11,28,8,58,臺中市,西屯區,0,1,0,8,1,5,50,14,8,1,5,4,5,7,4,4,5,4,4,2,12,10,3,10,1,1,B03,7,11,1,8,2,2,  ,10,10,1,22,8,B03,24.153761,120.608198,2
2018,11,28,9,3,臺中市,南屯區,0,0,0,6,,,50,,,,,,,,4,,,,,,,23,3,  ,  ,  ,B03,  ,  ,1,  ,2,  ,  ,23,23,1,21,  ,B03,24.139405,120.616063,3
2018,11,28,9,10,臺中市,霧峰區,0,0,,8,,,50,,,,,,,,,,,,,,,,,,,,C03,,,1,,2,,,23,,1,18,,C03,24.07082,120.703027,3
2018,11,28,9,11,臺中市,西區,0,1,0,6,1,5,50,14,7,1,4,4,5,7,4,4,5,4,4,2,12,17,3,10,1,1,B12,7,9,1,7,2,5,  ,17,17,1,21,8,B12,24.14675,120.651452,2
2018,11,28,9,11,臺中市,南屯區,0,0,,6,,,50,,,,,,,,,,,,,,,,,,,,B11,,,1,,2,,,16,,1,9,,B11,24.140879,120.642113,3
2018,11,28,9,17,臺中市,北屯區,0,1,0,6,1,5,40,10,16,1,4,4,5,7,4,4,1,2,5,1,13,16,3,10,3,4,B03,7,9,1,8,2,1,  ,16,16,1,20,8,B03,24.174234,120.7208,2
2018,11,28,9,17,臺中市,西屯區,0,0,,6,,,50,,,,,,,,,,,,,,,,,,,,B12,,,1,,2,,,23,,1,  ,,B12,24.168921,120.656613,3
2018,11,28,9,17,臺中市,潭子區,0,2,0,6,1,5,50,5,4,1,4,4,5,7,1,1,1,4,5,1,13,42,2,8,1,1,C03,7,9,1,10,2,11,  ,42,42,1,22,9,C03,24.20103,120.699643,2
2018,11,28,9,20,臺中市,南屯區,0,0,,6,,,50,,,,,,,,,,,,,,,,,,,,B03,,,1,,2,,,16,,1,22,,B03,24.148834,120.647108,3
2018,11,28,9,23,臺中市,西屯區,0,0,,8,,,40,,,,,,,,,,,,,,,,,,,,B11,,,1,,2,,,23,,1,10,,B11,24.160081,120.62715,3
2018,11,28,9,23,臺中市,西屯區,0,0,,8,,,40,,,,,,,,,,,,,,,,,,,,B12,,,1,,2,,,43,,1,21,,B12,24.196125,120.647974,3
2018,11,28,9,23,臺中市,神岡區,0,1,0,6,1,5,50,4,1,1,4,4,5,7,4,4,5,5,5,1,16,6,3,10,1,1,B03,7,5,1,8,2,8,  ,6,6,1,21,1,B03,24.287994,120.639711,2