年,月,日,時,分,縣市,區,死,受傷,2-30,天候,光線,道路類別,速限,道路型態,事故位置,路面鋪裝,路面狀態,路面缺陷,障礙物,視距,號誌種類,號誌動作,分向設施,快車道或一般車道間,快慢車道間,路面邊線,事故類型及型態,主要肇因,受傷程度,主要傷處,保護裝備,行動電話,當事者區分_類別,車輛用途,當事者行動狀態,駕駛資格情形,駕駛執照種類,飲酒情形,車輛撞擊部位最初,車輛撞擊部位其他,肇事因素個別,肇事因素主要,肇事逃逸,職業,旅次目的,車種,GPS座標_緯度,GPS座標_經度,事故類別
2018,11,28,9,24,臺中市,西屯區,0,0,0,6,,,40,,,,,,,,,,,,,,,7,  ,  ,  ,  ,B03,  ,  ,1,  ,2,  ,  ,7,7,1,22,  ,B03,24.202708,120.644385,3
2018,11,28,9,24,臺中市,沙鹿區,0,0,,6,,,60,,,,,,,,,,,,,,,,,,,,A12,,,1,,2,,,26,,1,10,,A12,24.250229,120.579409,3
2018,11,28,9,25,臺中市,西屯區,0,2,0,6,1,5,40,14,8,1,4,4,5,7,4,4,1,4,1,2,17,43,2,9,3,4,C03,7,9,1,10,2,14,  ,43,43,1,21,8,C03,24.161741,120.651709,2
2018,11,28,9,29,臺中市,南區,0,1,0,6,1,5,50,14,7,1,4,4,1,7,4,4,5,5,4,2,18,23,2,9,1,1,C03,7,9,1,10,2,15,  ,23,23,1,21,8,C03,24.113916,120.665828,2
2018,11,28,9,30,臺中市,西屯區,0,0,,6,,,50,,,,,,,,,,,,,,,,,,,,A05,,,1,,2,,,43,,1,10,,A05,24.201,120.65885,3
2018,11,28,9,32,臺中市,外埔區,0,1,0,6,1,5,50,3,15,1,4,4,5,7,4,4,1,4,4,1,23,50,2,9,1,4,B03,7,6,1,8,2,1,  ,50,50,1,22,8,B03,24.338885,120.641236,2
2018,11,28,9,39,臺中市,潭子區,0,0,,6,,,40,,,,,,,,,,,,,,,,,,,,B03,,,1,,2,,,6,,1,22,,B03,24.193426,120.701104,3
2018,11,28,9,43,臺中市,西區,0,0,,8,,,50,,,,,,,,,,,,,,,,,,,,B03,,,1,,11,,,26,,2,21,,B03,24.155579,120.662309,3
2018,11,28,9,46,臺中市,西屯區,0,1,0,6,1,5,40,14,8,1,4,4,5,7,4,4,3,4,4,2,17,23,2,9,1,1,C03,7,9,1,10,2,12,  ,23,23,1,4,8,C03,24.172494,120.660633,2
2018,11,28,9,49,臺中市,西屯區,0,3,0,6,1,5,50,5,1,1,4,4,5,7,4,4,10,5,5,2,16,6,2,7,1,1,C03,7,5,1,10,2,12,14,6,6,1,21,8,C03,24.171851,120.64608,2
2018,11,28,9,50,臺中市,南區,0,2,0,6,1,5,50,3,1,1,4,4,5,7,4,4,5,5,4,2,17,6,2,9,1,1,C03,7,5,1,10,2,15,  ,6,6,1,22,8,C03,24.124099,120.656798,2
2018,11,28,9,55,臺中市,南屯區,0,0,,8,,,50,,,,,,,,,,,,,,,,,,,,B03,,,1,,2,,,23,,1,5,,B03,24.15675,120.635561,3
2018,11,28,10,3,臺中市,西屯區,0,0,,8,,,40,,,,,,,,,,,,,,,,,,,,B03,,,1,,2,,,23,,1,22,,B03,24.161209,120.653723,3
2018,11,28,10,10,臺中市,外埔區,0,1,0,6,1,5,50,14,9,1,4,4,5,7,4,4,5,4,4,1,17,10,3,10,1,1,B03,7,11,1,8,2,15,  ,10,10,1,22,8,B03,24.331662,120.653411,2
2018,11,28,10,17,臺中市,大里區,0,0,0,7,1,5,50,4,2,1,5,4,5,7,2,1,10,5,5,2,14,12,3,10,1,1,B12,7,2,1,8,2,7,  ,12,12,1,10,3,B12,24.09985,120.700101,3
2018,11,28,10,30,臺中市,大雅區,0,1,0,6,1,5,50,3,1,1,4,4,5,7,1,1,10,5,5,2,12,26,2,9,1,1,C03,7,9,1,10,2,14,  ,26,26,1,22,9,C03,24.215945,120.647866,2
2018,11,28,10,40,臺中市,潭子區,0,1,0,6,1,5,50,14,9,1,4,4,5,7,4,4,5,5,5,1,14,12,3,10,1,1,B03,7,2,1,8,2,3,  ,12,12,1,22,9,B03,24.19613,120.697642,2
2018,11,28,10,41,臺中市,太平區,0,1,0,8,1,5,50,4,1,1,5,4,5,7,1,1,10,5,5,2,15,25,3,10,1,2,B03,7,9,1,8,2,1,  ,25,25,1,21,8,B03,24.149464,120.723178,2
2018,11,28,10,51,臺中市,龍井區,0,0,,6,,,50,,,,,,,,,,,,,,,,,,,,B03,,,1,,2,,,23,,2,  ,,B03,24.174957,120.581497,3
2018,11,28,10,54,臺中市,南區,0,1,0,8,1,5,50,14,9,1,4,4,5,7,4,4,5,4,5,2,16,26,3,10,1,1,B03,7,11,1,8,2,1,  ,26,26,1,22,9,B03,24.124155,120.653428,2
2018,11,28,10,54,臺中市,西屯區,0,0,0,8,,,50,,,,,,,,,,,,,,,10,  ,  ,  ,  ,B01,  ,  ,1,  ,2,  ,  ,10,10,1,  ,  ,B01,24.171464,120.639202,3
2018,11,28,10,55,臺中市,大甲區,0,0,,6,,,50,,,,,,,,,,,,,,,,,,,,B03,,,1,,2,,,19,,1,22,,B03,24.347321,120.625391,3
2018,11,28,10,58,臺中市,大雅區,0,1,0,6,1,5,40,3,9,1,4,4,5,7,4,4,10,5,5,1,18,6,2,9,1,1,C03,7,9,1,10,2,11,  ,23,6,1,21,8,C03,24.223911,120.647731,2
2018,11,28,11,0,臺中市,南屯區,0,0,,8,,,50,,,,,,,,,,,,,,,,,,,,B12,,,1,,2,,,43,,1,21,,B12,24.150051,120.622559,3
2018,11,28,11,0,臺中市,大雅區,0,1,0,7,1,5,50,4,1,1,5,4,5,6,1,1,5,4,5,1,13,23,3,10,1,1,B03,7,9,1,8,2,1,  ,23,23,1,21,8,B03,24.221753,120.649928,2
2018,11,28,11,4,臺中市,西區,0,0,,8,,,50,,,,,,,,,,,,,,,,,,,,B03,,,1,,2,,,26,,1,21,,B03,24.13401,120.669919,4
2018,11,28,11,6,臺中市,西屯區,0,1,0,6,1,5,40,3,1,1,4,4,5,7,1,1,10,5,5,2,18,42,2,9,3,4,C03,7,9,1,10,2,14,  ,42,42,1,21,8,C03,24.176297,120.63448,2
2018,11,28,11,13,臺中市,西屯區,0,0,,8,,,40,,,,,,,,,,,,,,,,,,,,B12,,,1,,2,,,12,,1,  ,,B12,24.171449,120.639197,3
2018,11,28,11,16,臺中市,沙鹿區,0,0,,6,,,60,,,,,,,,,,,,,,,,,,,,B12,,,1,,2,,,23,,1,  ,,B12,24.25021,120.579592,3
2018,11,28,11,25,臺中市,南屯區,0,0,,8,,,40,,,,,,,,,,,,,,,,,,,,B01,,,1,,2,,,12,,1,10,,B01,24.158215,120.61314,3
2018,11,28,11,25,臺中市,西屯區,0,0,,8,,,40,,,,,,,,,,,,,,,,,,,,   ,,,7,,11,,,43,,  ,  ,,   ,24.194375,120.643873,3
2018,11,28,11,32,臺中市,北區,0,1,0,6,1,5,50,3,1,1,4,4,5,7,1,1,10,5,5,2,16,26,2,9,1,1,C03,7,5,1,10,2,14,  ,26,26,1,21,8,C03,24.155751,120.679043,2
2018,11,28,11,35,臺中市,大雅區,0,1,0,7,1,5,40,4,1,1,5,4,5,7,4,4,10,5,5,2,15,6,2,9,1,1,C04,7,9,3,18,2,11,  ,6,6,1,22,9,C04,24.215144,120.665466,2
2018,11,28,11,40,臺中市,西屯區,0,0,0,8,,,50,,,,,,,,,,,,,,,17,  ,  ,  ,  ,B03,  ,  ,1,  ,2,  ,  ,17,17,1,22,  ,B03,24.200141,120.65761,3
2018,11,28,11,41,臺中市,神岡區,0,0,,6,,,40,,,,,,,,,,,,,,,,,,,,B12,,,1,,2,,,42,,1,21,,B12,24.254101,120.686764,3
2018,11,28,11,49,臺中市,西屯區,0,1,0,7,1,5,50,3,1,1,4,4,5,7,4,4,10,5,5,2,16,10,3,10,1,1,B03,7,11,1,8,2,8,  ,10,10,1,5,8,B03,24.164835,120.655366,2
2018,11,28,11,55,臺中市,大甲區,0,1,0,7,1,5,40,3,1,1,5,4,5,7,4,4,10,5,5,2,17,6,2,9,1,1,C03,7,9,1,10,2,12,  ,6,6,1,12,8,C03,24.346809,120.634657,2
2018,11,28,12,0,臺中市,南屯區,0,0,,8,,,50,,,,,,,,,,,,,,,,,,,,B03,,,1,,2,,,7,,1,22,,B03,24.142963,120.636425,3
2018,11,28,12,2,臺中市,大里區,0,1,0,8,1,5,50,4,1,1,5,4,5,7,4,4,5,2,5,1,16,8,3,10,1,1,F03,7,5,8,20,2,16,  ,8,8,1,22,8,F03,24.090711,120.699691,2
2018,11,28,12,5,臺中市,大里區,0,1,0,8,1,5,50,4,2,1,5,4,5,7,1,1,1,2,4,1,29,67,  ,  ,  ,  ,   ,  ,  ,  ,  ,  ,  ,  ,67,67,1,  ,  ,   ,24.102216,120.68728,2
2018,11,28,12,10,臺中市,北屯區,0,2,0,7,1,5,50,14,7,1,5,4,5,7,4,4,5,5,4,2,13,23,2,9,1,1,C03,7,9,1,10,2,11,  ,23,23,1,22,8,C03,24.186919,120.685581,2
2018,11,28,12,15,臺中市,西區,0,1,0,7,1,5,50,4,1,1,5,4,5,7,1,1,10,5,5,2,16,8,3,10,1,1,C03,7,5,1,10,2,13,  ,8,8,1,2,9,C03,24.150911,120.667659,2
2018,11,28,12,16,臺中市,烏日區,0,1,0,8,1,5,50,3,2,1,5,4,5,7,1,1,1,2,4,1,13,23,3,10,1,1,B03,7,9,1,8,2,1,  ,23,23,1,21,8,B03,24.107936,120.603405,2
2018,11,28,12,17,臺中市,南區,0,1,0,8,1,5,50,4,1,1,5,4,5,7,1,1,10,5,5,2,18,43,2,9,1,1,C03,7,9,1,10,2,15,  ,43,43,1,21,8,C03,24.124338,120.681026,2
2018,11,28,12,25,臺中市,西屯區,0,1,0,7,1,5,40,4,1,1,5,4,5,7,1,1,10,5,5,2,16,9,3,10,3,4,B03,7,6,1,8,2,6,  ,9,9,1,21,8,B03,24.16424,120.646136,2
2018,11,28,12,29,臺中市,北屯區,0,1,0,8,1,5,50,4,18,1,5,4,5,7,1,1,10,5,5,2,3,15,3,10,1,1,A05,7,5,1,2,2,8,  ,15,15,1,10,8,A05,24.174568,120.685771,2
2018,11,28,12,30,臺中市,大里區,0,0,,8,,,50,,,,,,,,,,,,,,,,,,,,B03,,,1,,3,,,23,,1,2,,B03,24.115055,120.678665,3
2018,11,28,12,43,臺中市,西屯區,0,0,,8,,,50,,,,,,,,,,,,,,,,,,,,B03,,,1,,2,,,16,,1,22,,B03,24.163216,120.654363,3
2018,11,28,12,50,臺中市,西區,0,2,0,7,1,5,50,14,9,1,4,4,5,7,4,4,5,4,5,2,17,26,2,7,1,1,C03,7,11,1,10,2,11,  ,26,26,1,18,9,C03,24.155372,120.662354,2
2018,11,28,12,50,臺中市,西區,0,1,0,8,1,5,50,14,8,1,5,4,5,7,4,4,1,4,4,2,16,7,2,9,1,1,C03,7,9,1,10,2,11,  ,23,7,1,21,8,C03,24.153903,120.657552,2
2018,11,28,12,54,臺中市,西區,0,1,0,8,1,5,50,4,1,1,5,4,5,7,2,1,10,5,5,2,16,9,3,10,1,1,B03,7,6,1,8,2,5,  ,9,9,1,21,8,B03,24.146721,120.653013,2
2018,11,28,13,2,臺中市,西屯區,0,0,,8,,,60,,,,,,,,,,,,,,,,,,,,B03,,,1,,2,,,16,,1,  ,,B03,24.158945,120.656393,3
2018,11,28,13,5,臺中市,北屯區,0,0,,6,,,50,,,,,,,,,,,,,,,,,,,,B03,,,1,,2,,,23,,1,21,,B03,24.16246,120.718963,3
2018,11,28,13,9,臺中市,后里區,0,0,0,8,1,5,50,14,9,1,5,4,5,7,4,4,5,5,5,1,14,12,3,10,1,1,B11,7,2,1,8,2,6,  ,12,12,1,21,8,B11,24.306265,120.717321,3
2018,11,28,13,10,臺中市,西屯區,0,0,0,8,,,50,,,,,,,,,,,,,,,42,  ,  ,  ,  ,B03,  ,  ,1,  ,2,  ,  ,42,42,1,22,  ,B03,24.183363,120.602705,3
2018,11,28,13,15,臺中市,大肚區,0,0,,8,,,50,,,,,,,,,,,,,,,,,,,,B03,,,1,,2,,,12,,1,1,,B03,24.167367,120.543758,3
2018,11,28,13,22,臺中市,南屯區,0,0,,8,,,40,,,,,,,,,,,,,,,,,,,,C03,,,1,,2,,,43,,1,22,,C03,24.135631,120.652997,3
2018,11,28,13,30,臺中市,大肚區,0,0,,8,,,40,,,,,,,,,,,,,,,,,,,,A11,,,1,,2,,,12,,1,10,,A11,24.126726,120.568841,3
2018,11,28,13,31,臺中市,南屯區,0,0,,8,,,40,,,,,,,,,,,,,,,,,,,,B03,,,1,,2,,,23,,1,20,,B03,24.114148,120.623105,3
2018,11,28,13,32,臺中市,沙鹿區,0,0,,8,,,50,,,,,,,,,,,,,,,,,,,,B03,,,1,,2,,,23,,1,21,,B03,24.198006,120.566388,3
2018,11,28,13,45,臺中市,北屯區,0,0,0,7,,,40,,,,,,,,,,,,,,,18,  ,  ,  ,  ,B03,  ,  ,1,  ,2,  ,  ,18,18,1,22,  ,B03,24.176118,120.685715,3
2018,11,28,13,48,臺中市,北區,0,1,0,7,1,5,50,4,1,1,5,4,5,7,1,1,10,5,5,2,16,6,3,10,1,1,B03,7,5,1,8,2,1,  ,6,6,1,21,8,B03,24.166906,120.673337,2
2018,11,28,13,52,臺中市,西屯區,0,1,0,8,1,5,40,11,9,1,5,4,5,7,4,4,10,5,5,1,11,42,2,8,3,4,C03,7,9,1,10,2,14,  ,42,42,1,21,8,C03,24.196924,120.634468,2
2018,11,28,13,54,臺中市,烏日區,0,1,0,8,1,5,60,3,1,1,5,4,5,7,4,4,1,4,4,1,16,9,3,10,1,1,C03,7,6,1,10,2,12,  ,9,9,1,21,8,C03,24.108736,120.641126,2
2018,11,28,13,57,臺中市,沙鹿區,0,1,0,8,1,5,50,3,1,1,5,4,5,7,4,4,10,5,5,2,17,8,3,10,1,1,B03,7,5,1,8,2,15,  ,8,8,1,21,9,B03,24.228285,120.574217,2
2018,11,28,14,4,臺中市,大里區,0,0,,8,,,50,,,,,,,,,,,,,,,,,,,,B03,,,1,,2,,,23,,1,22,,B03,24.110521,120.689988,3
2018,11,28,14,9,臺中市,西屯區,0,0,,8,,,50,,,,,,,,,,,,,,,,,,,,B03,,,1,,2,,,1,,1,21,,B03,24.163865,120.650281,3
2018,11,28,14,10,臺中市,龍井區,1,0,0,7,1,5,50,14,9,1,5,4,5,7,4,4,5,5,5,1,17,43,3,10,1,1,A11,7,8,1,5,2,5,  ,43,43,1,10,4,A11,24.196843,120.513111,1
2018,11,28,14,15,臺中市,霧峰區,0,1,0,7,1,5,70,14,7,1,5,4,5,7,4,4,1,4,4,1,16,8,2,9,1,1,C03,7,5,1,10,2,13,  ,8,8,1,18,8,C03,24.06142,120.69536,2
2018,11,28,14,18,臺中市,南屯區,0,1,0,8,1,5,40,4,1,1,5,4,5,7,2,1,10,5,5,2,18,42,2,9,1,1,C03,7,9,1,10,2,12,  ,42,42,1,22,8,C03,24.153706,120.640593,2
2018,11,28,14,20,臺中市,南屯區,0,0,,8,,,60,,,,,,,,,,,,,,,,,,,,B03,,,1,,2,,,23,,1,21,,B03,24.139305,120.623132,3
2018,11,28,14,24,臺中市,大肚區,0,0,,6,,,50,,,,,,,,,,,,,,,,,,,,H01,,,8,,10,,,43,,1,22,,H01,24.169158,120.579179,3
2018,11,28,14,25,臺中市,西區,0,0,,8,,,40,,,,,,,,,,,,,,,,,,,,C03,,,1,,2,,,7,,1,22,,C03,24.156127,120.659603,4
2018,11,28,14,30,臺中市,西區,0,0,,8,,,40,,,,,,,,,,,,,,,,,,,,B03,,,1,,2,,,12,,1,22,,B03,24.12927,120.665776,3
2018,11,28,14,30,臺中市,大里區,0,2,0,8,1,5,50,4,2,1,5,4,5,7,4,4,5,5,4,1,12,23,2,9,1,1,C03,7,7,1,8,2,12,  ,23,23,1,21,8,C03,24.110199,120.685129,2
2018,11,28,14,33,臺中市,北屯區,0,0,,8,,,40,,,,,,,,,,,,,,,,,,,,B03,,,1,,2,,,12,,1,5,,B03,24.170957,120.684593,3
2018,11,28,14,33,臺中市,神岡區,0,0,0,8,,,50,,,,,,,,,,,,,,,66,  ,  ,  ,  ,   ,  ,  ,7,  ,11,  ,  ,66,66,1,  ,  ,   ,24.247092,120.687093,3
2018,11,28,14,41,臺中市,龍井區,0,1,0,8,1,5,50,4,1,1,5,4,5,7,1,1,10,5,5,2,16,6,3,10,1,1,B03,7,5,1,6,2,1,  ,6,6,1,22,8,B03,24.184341,120.585022,2
2018,11,28,14,42,臺中市,北屯區,0,0,0,8,,,50,,,,,,,,,,,,,,,23,3,  ,  ,  ,B03,  ,  ,1,8,2,  ,  ,23,23,1,21,  ,B03,24.170118,120.68561,3
2018,11,28,14,49,臺中市,北區,0,0,,8,,,50,,,,,,,,,,,,,,,,,,,,B03,,,1,,2,,,23,,1,  ,,B03,24.147486,120.685742,3
2018,11,28,14,50,臺中市,霧峰區,0,1,0,7,1,5,40,14,9,1,5,4,5,7,4,4,10,5,5,2,17,19,2,8,1,1,C03,7,1,1,10,2,12,  ,19,19,1,18,8,C03,24.062835,120.696327,2
2018,11,28,15,0,臺中市,西屯區,0,1,0,8,3,5,50,3,1,1,5,4,5,7,4,4,10,5,5,2,18,43,2,9,1,1,C03,7,9,1,10,2,12,  ,43,43,1,22,8,C03,24.189151,120.60721,2
2018,11,28,15,7,臺中市,大雅區,0,0,,8,,,50,,,,,,,,,,,,,,,,,,,,   ,,,7,,11,,,43,,2,  ,,   ,24.220777,120.650207,3
2018,11,28,15,10,臺中市,潭子區,0,1,0,8,1,5,50,3,1,1,5,4,5,7,4,4,5,5,4,2,17,6,2,9,1,1,C03,7,9,1,10,2,12,11,23,6,1,22,9,C03,24.19218,120.699682,2
2018,11,28,15,16,臺中市,大里區,0,0,,8,,,40,,,,,,,,,,,,,,,,,,,,B03,,,1,,2,,,16,,1,21,,B03,24.100679,120.689737,3
2018,11,28,15,25,臺中市,南屯區,0,0,,8,,,40,,,,,,,,,,,,,,,,,,,,B02,,,1,,2,,,16,,1,21,,B02,24.142103,120.622734,3
2018,11,28,15,28,臺中市,神岡區,0,0,0,8,,,50,,,,,,,,,,,,,,,8,  ,  ,  ,  ,B12,  ,  ,3,  ,2,  ,  ,8,8,1,21,  ,B12,24.274345,120.698776,3
2018,11,28,15,30,臺中市,烏日區,0,0,,8,,,50,,,,,,,,,,,,,,,,,,,,B12,,,1,,2,,,12,,1,21,,B12,24.108406,120.625419,3
2018,11,28,15,32,臺中市,大里區,0,0,,,,,,,,,,,,,,,,,,,,,,,,,B03,,,1,,2,,,7,,1,9,,B03,24.110025,120.670146,3
2018,11,28,15,32,臺中市,梧棲區,0,0,,8,,,40,,,,,,,,,,,,,,,,,,,,B03,,,1,,2,,,12,,1,  ,,B03,24.260515,120.540628,4
2018,11,28,15,45,臺中市,北屯區,0,0,,8,,,40,,,,,,,,,,,,,,,,,,,,B03,,,1,,2,,,19,,1,22,,B03,24.115983,120.713865,3
2018,11,28,16,0,臺中市,大里區,0,0,,8,,,50,,,,,,,,,,,,,,,,,,,,B03,,,1,,2,,,42,,1,12,,B03,24.10034,120.695085,3
2018,11,28,16,5,臺中市,北區,0,0,,8,,,50,,,,,,,,,,,,,,,,,,,,B12,,,1,,2,,,19,,1,22,,B12,24.165387,120.674943,3
2018,11,28,16,8,臺中市,北區,0,0,,8,1,5,50,,,,,,,,,,,,,,,,,,,,B03,,,1,,2,,,23,,1,5,,B03,24.147151,120.674124,3
2018,11,28,16,8,臺中市,太平區,0,0,,8,,,50,,,,,,,,,,,,,,,,,,,,B03,,,1,,2,,,23,,1,21,,B03,24.12909,120.70719,3
2018,11,28,16,10,臺中市,北屯區,0,0,0,8,1,5,50,14,7,1,5,4,5,7,4,4,1,4,4,2,17,21,3,10,3,4,B03,7,8,6,18,8,1,  ,21,21,1,22,8,B03,24.182136,120.701319,3
2018,11,28,16,10,臺中市,大里區,0,0,,8,,,50,,,,,,,,,,,,,,,,,,,,C03,,,1,,2,,,6,,1,22,,C03,24.10806,120.693426,3
2018,11,28,16,20,臺中市,南屯區,0,1,0,7,1,5,40,4,1,1,5,4,5,7,4,4,10,5,5,2,16,8,3,10,1,1,B12,7,5,1,8,2,4,  ,8,8,1,22,9,B12,24.150461,120.613544,2
2018,11,28,16,28,臺中市,西屯區,0,1,0,8,1,5,40,14,8,1,5,4,5,7,4,4,1,4,1,2,13,7,3,10,1,1,B03,7,9,1,8,2,8,6,16,7,1,22,8,B03,24.166951,120.642366,2
2018,11,28,16,29,臺中市,北區,0,0,,8,,,50,,,,,,,,,,,,,,,,,,,,B01,,,1,,2,,,23,,1,  ,,B01,24.158147,120.681453,3
2018,11,28,16,43,臺中市,太平區,0,0,,8,,,50,,,,,,,,,,,,,,,,,,,,B03,,,1,,2,,,6,,1,4,,B03,24.114675,120.703949,3
2018,11,28,16,45,臺中市,西屯區,0,1,0,8,1,5,40,14,8,1,5,4,5,7,4,4,10,5,5,2,13,23,2,7,1,1,C03,7,9,1,10,2,11,  ,23,23,1,21,8,C03,24.184378,120.608848,2
2018,11,28,16,48,臺中市,霧峰區,0,0,,8,,,50,,,,,,,,,,,,,,,,,,,,A05,,,1,,2,,,16,,1,22,,A05,24.059325,120.698851,3
2018,11,28,16,52,臺中市,龍井區,0,0,,8,,,40,,,,,,,,,,,,,,,17,,,,,B03,,,1,,11,,,44,17,1,22,,B03,24.1896,120.590232,3
2018,11,28,16,53,臺中市,西屯區,0,1,0,8,3,5,50,14,8,1,5,4,5,7,2,1,1,1,1,1,12,7,2,9,1,1,C03,7,7,1,10,2,14,  ,7,7,1,22,8,C03,24.184375,120.61121,2
2018,11,28,16,58,臺中市,南區,0,0,0,8,,,50,,,,,,,,,,,,,,,23,3,  ,  ,  ,A11,  ,  ,1,  ,2,  ,  ,23,23,  ,10,  ,A11,24.060726,120.639553,3
2018,11,28,17,0,臺中市,后里區,0,0,0,8,,,60,,,,,,,,,,,,,,,23,  ,  ,  ,  ,B03,  ,  ,1,  ,2,  ,  ,42,23,1,22,  ,B03,24.321282,120.724967,3
2018,11,28,17,3,臺中市,北屯區,0,0,,8,,,40,,,,,,,,,,,,,,,,,,,,B12,,,1,,2,,,12,,1,5,,B12,24.193265,120.688347,3
2018,11,28,17,3,臺中市,北屯區,0,0,0,8,,,50,,,,,,,,,,,,,,,19,3,  ,  ,  ,B03,  ,  ,1,  ,2,  ,  ,19,19,  ,21,  ,B03,24.159398,120.743853,3
2018,11,28,17,5,臺中市,南屯區,,,,8,,,40,,,,,,,,,,,,,,,,,,,,C03,,,1,,11,,,34,,2,22,,C03,24.138468,120.609731,3
2018,11,28,17,7,臺中市,龍井區,0,0,0,7,2,5,50,3,1,1,5,4,5,7,1,1,10,5,5,2,11,23,3,10,1,1,B03,7,11,1,8,7,8,  ,23,23,1,21,7,B03,24.191308,120.587593,3
2018,11,28,17,9,臺中市,北屯區,0,1,0,7,3,5,50,4,2,1,4,4,5,7,4,4,5,5,4,2,11,23,2,9,1,1,C03,7,6,1,10,2,14,  ,23,23,1,22,8,C03,24.173871,120.691821,2
2018,11,28,17,9,臺中市,西屯區,0,0,,8,,,50,,,,,,,,,,,,,,,,,,,,C03,,,1,,2,,,16,,1,22,,C03,24.174438,120.647181,3
2018,11,28,17,10,臺中市,清水區,0,0,0,,,,50,,,,,,,,,,,,,,,23,  ,  ,  ,  ,B03,  ,  ,1,  ,2,  ,  ,23,23,1,4,  ,B03,24.283525,120.646996,3
2018,11,28,17,12,臺中市,北區,0,1,0,8,2,5,50,14,8,1,5,4,5,7,4,4,5,4,4,2,16,7,3,10,1,1,C03,7,8,1,10,2,12,  ,7,7,1,22,8,C03,24.159149,120.679348,2
2018,11,28,17,12,臺中市,大里區,0,0,,8,,,50,,,,,,,,,,,,,,,,,,,,B03,,,1,,2,,,23,,1,18,,B03,24.109791,120.681346,3
2018,11,28,17,13,臺中市,西屯區,0,0,0,8,,,50,,,,,,,,,,,,,,,16,  ,  ,  ,  ,B03,  ,  ,1,  ,2,  ,  ,16,16,1,22,  ,B03,24.184321,120.609743,3
2018,11,28,17,13,臺中市,潭子區,0,0,,8,,,60,,,,,,,,,,,,,,,,,,,,A31,,,1,,2,,,10,,1,22,,A31,24.19994,120.703293,3
2018,11,28,17,19,臺中市,清水區,0,0,,8,,,60,,,,,,,,,,,,,,,,,,,,B12,,,1,,2,,,42,,1,20,,B12,24.316668,120.56412,3
2018,11,28,17,20,臺中市,北屯區,0,1,0,6,3,5,50,3,1,1,4,4,5,7,3,1,10,5,5,2,16,6,3,10,1,1,B03,7,6,1,8,2,8,  ,6,6,1,21,8,B03,24.178486,120.738296,2
2018,11,28,17,20,臺中市,東勢區,0,1,0,8,2,5,60,14,8,1,5,4,5,7,4,4,5,4,4,1,12,19,3,10,1,1,C03,7,1,1,10,2,11,  ,19,19,1,21,8,C03,24.275466,120.818915,2
2018,11,28,17,21,臺中市,北屯區,0,0,,8,,,50,,,,,,,,,,,,,,,,,,,,A05,,,1,,2,,,19,,1,10,,A05,24.174685,120.673246,3
2018,11,28,17,23,臺中市,龍井區,0,0,,8,,,40,,,,,,,,,,,,,,,23,,,,,B03,,,1,,8,,,23,23,1,12,,B03,24.198538,120.519246,3
2018,11,28,17,25,臺中市,北屯區,0,0,0,6,3,5,40,14,8,1,4,4,5,7,4,4,5,4,5,2,13,23,3,10,1,1,C03,7,9,1,10,2,11,  ,23,23,1,21,8,C03,24.178486,120.737803,3
2018,11,28,17,27,臺中市,潭子區,0,2,0,8,2,5,50,14,9,1,5,4,5,7,4,4,9,4,4,1,17,16,2,9,4,1,F03,7,9,8,20,2,16,  ,16,16,1,21,8,F03,24.210751,120.710415,2
2018,11,28,17,30,臺中市,西區,0,2,0,8,3,5,40,4,1,1,5,4,5,7,4,4,10,5,5,2,15,6,2,9,1,1,C03,7,9,1,10,2,11,  ,6,6,1,21,8,C03,24.151988,120.659487,2
2018,11,28,17,30,臺中市,北屯區,0,0,0,6,3,5,50,3,2,1,4,4,5,7,3,1,10,5,5,2,12,26,3,10,1,1,B03,7,6,1,8,2,2,  ,26,26,1,21,8,B03,24.178423,120.73805,3
2018,11,28,17,30,臺中市,北屯區,0,0,0,8,,,40,,,,,,,,,,,,,,,16,  ,  ,  ,  ,C03,  ,  ,1,  ,2,  ,  ,16,16,1,22,  ,C03,24.204658,120.686336,3
2018,11,28,17,30,臺中市,西屯區,0,1,0,8,3,5,40,14,7,1,5,4,5,7,4,4,5,5,4,2,16,19,3,10,1,1,B03,7,1,1,8,2,8,  ,19,19,2,4,8,B03,24.166916,120.65823,2
2018,11,28,17,30,臺中市,龍井區,0,1,0,7,2,5,50,4,1,1,5,4,5,7,1,1,10,5,5,2,11,43,3,10,1,1,B03,7,5,1,8,2,1,  ,43,43,1,3,8,B03,24.210231,120.505513,2
2018,11,28,17,30,臺中市,外埔區,0,1,0,8,3,5,50,14,9,1,5,4,5,7,4,4,9,5,5,1,17,12,3,10,3,1,A12,7,2,1,7,2,3,  ,12,12,1,22,8,A12,24.344941,120.685978,2