年,月,日,時,分,縣市,區,死,受傷,2-30,天候,光線,道路類別,速限,道路型態,事故位置,路面鋪裝,路面狀態,路面缺陷,障礙物,視距,號誌種類,號誌動作,分向設施,快車道或一般車道間,快慢車道間,路面邊線,事故類型及型態,主要肇因,受傷程度,主要傷處,保護裝備,行動電話,當事者區分_類別,車輛用途,當事者行動狀態,駕駛資格情形,駕駛執照種類,飲酒情形,車輛撞擊部位最初,車輛撞擊部位其他,肇事因素個別,肇事因素主要,肇事逃逸,職業,旅次目的,車種,GPS座標_緯度,GPS座標_經度,事故類別
2018,11,28,17,37,臺中市,西屯區,0,1,0,8,1,5,40,4,1,1,5,4,5,7,2,1,10,5,5,2,16,42,2,9,3,4,C03,7,15,1,10,2,14,  ,42,42,1,22,8,C03,24.176098,120.658831,2
2018,11,28,17,38,臺中市,南區,0,1,0,8,3,5,50,4,2,1,5,4,5,7,1,1,10,5,5,2,15,25,3,10,1,1,B03,7,9,1,8,2,1,  ,25,25,1,21,8,B03,24.123975,120.682547,2
2018,11,28,17,38,臺中市,潭子區,0,1,0,8,3,5,40,14,5,1,5,4,5,7,4,4,1,4,4,1,16,6,3,10,1,1,B03,7,8,1,8,2,5,  ,6,6,1,22,8,B03,24.22328,120.706916,2
2018,11,28,17,40,臺中市,南區,0,3,0,8,3,5,50,14,7,1,5,4,5,7,1,1,5,2,5,2,17,42,2,9,1,1,B03,7,14,1,8,2,3,  ,42,42,1,22,8,B03,24.123876,120.67501,2
2018,11,28,17,40,臺中市,大甲區,0,2,0,6,4,5,50,14,12,1,4,4,5,7,4,4,5,4,4,1,9,23,2,9,4,5,H01,8,20,8,20,2,16,  ,60,23,1,22,8,H01,24.356371,120.63367,2
2018,11,28,17,42,臺中市,北屯區,0,1,0,8,3,5,50,4,1,1,5,4,5,7,1,1,10,5,5,2,16,6,3,10,1,1,B03,7,5,1,8,2,2,  ,6,6,1,21,8,B03,24.189358,120.680141,2
2018,11,28,17,44,臺中市,大里區,0,1,0,8,3,7,80,14,9,1,4,4,5,7,4,4,1,4,5,1,13,16,3,10,1,1,B03,7,9,1,8,2,1,  ,16,16,1,4,8,B03,24.094039,120.687612,2
2018,11,28,17,45,臺中市,南區,0,2,0,8,3,5,40,7,8,1,5,4,5,7,4,4,2,5,5,2,13,23,2,9,1,1,C03,7,9,1,10,2,11,  ,23,23,1,17,5,C03,24.119465,120.671936,2
2018,11,28,17,45,臺中市,西屯區,0,1,0,8,3,5,50,14,8,1,5,4,5,7,4,4,5,5,4,2,16,6,3,10,1,1,B03,7,5,1,8,2,1,  ,6,6,1,4,8,B03,24.166612,120.647482,2
2018,11,28,17,48,臺中市,西屯區,0,0,0,,,,,,,,,,,,,,,,,,,2,  ,  ,  ,  ,B03,  ,  ,1,  ,2,  ,  ,2,2,1,  ,  ,B03,24.169153,120.606559,3
2018,11,28,17,49,臺中市,西屯區,0,0,,8,3,5,80,14,7,1,5,4,5,7,4,4,1,3,5,1,13,,,,,,B03,,,1,,2,,,16,,1,22,,B03,24.170678,120.632359,3
2018,11,28,17,51,臺中市,北區,0,1,0,8,3,5,50,14,8,1,5,4,5,7,1,1,4,4,4,2,12,7,3,10,1,1,B03,7,8,1,8,2,2,  ,7,7,1,21,8,B03,24.161572,120.663116,2
2018,11,28,17,59,臺中市,中區,0,0,,8,,,40,,,,,,,,,,,,,,,,,,,,B03,,,1,,2,,,16,,1,22,,B03,24.14228,120.676527,3
2018,11,28,17,59,臺中市,龍井區,0,1,0,8,3,5,40,4,1,1,5,4,5,7,4,4,10,5,5,2,17,23,2,8,1,1,C03,7,9,1,10,2,12,  ,23,23,1,22,8,C03,24.180993,120.589387,2
2018,11,28,18,0,臺中市,北屯區,0,0,,8,,,40,,,,,,,,,,,,,,,,,,,,B03,,,1,,2,,,23,,1,  ,,B03,24.167682,120.701922,3
2018,11,28,18,4,臺中市,北區,0,2,0,8,3,5,40,14,8,1,5,4,5,7,4,4,1,3,4,2,12,17,2,9,3,4,C03,7,9,1,10,2,14,  ,17,17,1,5,8,C03,24.1641,120.674097,2
2018,11,28,18,4,臺中市,西屯區,0,0,,8,,,80,,,,,,,,,,,,,,,,,,,,B03,,,1,,2,,,23,,1,22,,B03,24.178681,120.634778,3
2018,11,28,18,5,臺中市,沙鹿區,0,0,,8,,,60,,,,,,,,,,,,,,,,,,,,B03,,,1,,2,,,23,,1,5,,B03,24.250069,120.578881,3
2018,11,28,18,8,臺中市,北屯區,0,0,,8,,,40,,,,,,,,,,,,,,,,,,,,B03,,,1,,2,,,16,,1,5,,B03,24.200971,120.69059,3
2018,11,28,18,18,臺中市,西區,0,1,0,8,3,5,50,4,1,1,5,4,5,7,1,1,10,5,5,2,16,9,3,10,1,1,B01,7,6,1,2,2,2,  ,9,9,1,10,8,B01,24.146697,120.657402,2
2018,11,28,18,20,臺中市,梧棲區,0,3,0,8,3,5,40,4,8,1,5,4,5,7,1,1,1,4,3,1,13,13,2,9,1,1,C03,7,9,1,10,2,14,  ,13,13,1,9,8,C03,24.252733,120.528151,2
2018,11,28,18,21,臺中市,北屯區,0,0,,8,,,50,,,,,,,,,,,,,,,,,,,,B03,,,1,,2,,,16,,1,22,,B03,24.186396,120.66366,3
2018,11,28,18,22,臺中市,北屯區,0,1,0,8,3,5,60,3,1,1,5,4,5,7,1,1,10,5,5,2,16,43,3,10,1,1,B12,7,11,1,7,2,2,  ,43,43,1,22,8,B12,24.164473,120.71208,2
2018,11,28,18,25,臺中市,南屯區,0,0,,8,,,40,,,,,,,,,,,,,,,,,,,,C03,,,1,,2,,,23,,1,22,,C03,24.149071,120.613276,3
2018,11,28,18,25,臺中市,西屯區,0,1,0,8,3,5,50,14,9,1,5,4,5,7,4,4,5,5,5,2,13,16,2,8,1,1,C03,7,9,1,10,2,11,  ,16,16,1,4,8,C03,24.16913,120.648539,2
2018,11,28,18,25,臺中市,梧棲區,0,1,0,8,3,5,50,4,2,1,5,4,5,7,1,1,10,5,5,2,16,25,2,9,1,1,C03,7,5,1,10,2,12,  ,25,25,1,19,5,C03,24.258632,120.532267,2
2018,11,28,18,29,臺中市,西屯區,0,0,,8,,,50,,,,,,,,,,,,,,,,,,,,B03,,,1,,2,,,23,,1,22,,B03,24.18434,120.609866,3
2018,11,28,18,30,臺中市,西區,0,1,0,8,3,5,50,4,1,1,5,4,5,7,4,4,10,5,5,2,15,6,2,9,1,1,C03,7,9,1,10,2,11,  ,6,6,1,21,8,C03,24.152854,120.66458,2
2018,11,28,18,33,臺中市,北屯區,0,1,0,8,3,5,50,14,9,1,5,4,5,7,4,4,5,4,5,2,13,23,3,10,1,1,C03,7,9,1,10,2,11,  ,23,23,1,18,8,C03,24.177045,120.732348,2
2018,11,28,18,33,臺中市,大甲區,0,0,,8,,,40,,,,,,,,,,,,,,,,,,,,B03,,,1,,2,,,12,,1,5,,B03,24.37646,120.652056,3
2018,11,28,18,36,臺中市,北屯區,0,2,0,8,3,5,50,14,7,1,5,4,5,7,4,4,5,5,4,2,16,26,2,8,3,4,C03,7,11,1,10,2,11,  ,26,26,1,21,9,C03,24.176898,120.689858,2
2018,11,28,18,37,臺中市,西屯區,0,0,,8,,,50,,,,,,,,,,,,,,,,,,,,B03,,,1,,2,,,42,,1,22,,B03,24.180485,120.621843,3
2018,11,28,18,49,臺中市,西屯區,0,0,,8,,,40,,,,,,,,,,,,,,,,,,,,B03,,,1,,2,,,6,,1,22,,B03,24.155853,120.647501,3
2018,11,28,18,51,臺中市,烏日區,0,1,0,8,3,5,40,14,8,1,5,4,5,7,4,4,1,4,4,1,18,43,2,9,1,1,C03,7,9,1,10,2,15,  ,43,43,1,21,8,C03,24.111746,120.584421,2
2018,11,28,18,55,臺中市,西區,0,1,0,8,3,5,50,4,1,1,5,4,5,7,1,1,10,5,5,2,16,6,3,10,1,1,B03,7,6,1,8,2,2,  ,6,6,1,21,5,B03,24.146729,120.661686,2
2018,11,28,18,56,臺中市,霧峰區,0,2,0,8,3,5,40,3,1,1,5,4,5,7,4,4,10,5,5,2,16,6,3,10,1,1,B12,7,5,1,8,2,6,  ,6,6,1,12,8,B12,24.071353,120.70414,2
2018,11,28,18,57,臺中市,西區,0,2,0,8,3,5,50,4,1,1,5,4,5,7,4,4,10,5,5,2,15,6,2,8,1,1,C03,7,9,1,10,2,12,  ,6,6,1,21,9,C03,24.15664,120.657966,2
2018,11,28,18,58,臺中市,南屯區,0,0,0,8,3,5,50,3,2,1,5,4,5,7,4,4,5,5,5,2,17,23,3,10,1,1,B03,7,9,1,8,2,5,  ,23,23,1,22,8,B03,24.139584,120.627613,3
2018,11,28,18,58,臺中市,南屯區,0,1,0,2,3,5,40,14,9,1,5,4,5,7,4,4,5,5,5,2,17,10,3,10,1,1,C03,7,11,1,10,2,11,  ,10,10,1,22,8,C03,24.147844,120.650159,2
2018,11,28,19,0,臺中市,大甲區,0,1,0,8,1,5,70,4,2,1,5,4,5,7,1,1,1,2,4,1,12,9,3,10,1,1,B03,7,6,1,8,2,2,  ,9,9,1,19,8,B03,24.388203,120.651383,2
2018,11,28,19,1,臺中市,西屯區,0,0,,8,,,40,,,,,,,,,,,,,,,,,,,,B03,,,1,,2,,,26,,1,20,,B03,24.201514,120.643808,3
2018,11,28,19,10,臺中市,西區,0,0,0,8,,,50,,,,,,,,,,,,,,,6,3,  ,  ,  ,B03,  ,  ,1,8,2,5,  ,6,6,1,21,8,B03,24.141918,120.672127,3
2018,11,28,19,16,臺中市,西屯區,0,1,0,8,3,5,50,4,1,1,5,4,5,7,1,1,10,5,5,2,17,23,3,10,1,1,C03,7,6,1,10,2,15,  ,44,23,1,22,8,C03,24.175871,120.655228,2
2018,11,28,19,21,臺中市,南屯區,0,0,,8,,,50,,,,,,,,,,,,,,,,,,,,B03,,,1,,2,,,16,,2,4,,B03,24.137618,120.639302,3
2018,11,28,19,42,臺中市,西區,0,2,0,8,1,5,50,3,1,1,5,4,5,7,4,4,10,2,5,2,3,15,2,9,1,1,C03,7,9,1,10,2,11,  ,15,15,1,21,5,C03,24.153999,120.661696,2
2018,11,28,19,50,臺中市,西屯區,0,2,0,8,3,5,50,4,1,1,5,4,5,7,2,1,10,5,5,2,17,6,2,9,3,4,B03,7,5,1,8,2,6,  ,6,6,1,22,8,B03,24.184981,120.644586,2
2018,11,28,19,52,臺中市,太平區,0,1,0,8,3,5,50,3,1,1,5,4,5,7,4,4,10,5,5,2,17,23,3,10,1,1,B03,7,9,1,8,2,8,  ,23,23,1,20,8,B03,24.146789,120.70068,2
2018,11,28,19,55,臺中市,西區,0,0,,8,,,50,,,,,,,,,,,,,,,,,,,,B03,,,1,,9,,,12,,1,22,,B03,24.149624,120.657595,3
2018,11,28,19,59,臺中市,龍井區,0,0,,8,,,50,,,,,,,,,,,,,,,,,,,,B03,,,1,,2,,,17,,1,22,,B03,24.182276,120.582956,3
2018,11,28,20,0,臺中市,東區,0,0,,,,,,,,,,,,,,,,,,,,,,,,,B03,,,1,,2,,,16,,1,  ,,B03,24.132622,120.700102,3
2018,11,28,20,4,臺中市,沙鹿區,0,0,,8,,,50,,,,,,,,,,,,,,,,,,,,B03,,,1,,2,,,25,,1,19,,B03,24.252911,120.598685,3
2018,11,28,20,15,臺中市,西區,0,0,0,8,,,50,,,,,,,,,,,,,,,12,3,  ,  ,  ,B03,  ,  ,1,  ,1,  ,  ,12,12,2,21,  ,B03,24.150828,120.664909,3
2018,11,28,20,16,臺中市,西屯區,0,3,0,8,3,5,50,4,1,1,5,4,5,7,4,4,4,3,4,2,16,6,2,9,1,1,B03,7,9,1,8,2,2,  ,6,6,1,21,8,B03,24.174968,120.622856,2
2018,11,28,20,19,臺中市,清水區,0,2,0,8,4,5,40,4,1,1,5,4,5,7,3,1,10,5,5,2,16,8,2,9,1,1,C03,7,5,1,10,2,12,  ,8,8,1,12,8,C03,24.27945,120.577173,2
2018,11,28,20,28,臺中市,北屯區,0,0,,8,,,50,,,,,,,,,,,,,,,,,,,,B01,,,1,,2,,,16,,1,  ,,B01,24.164285,120.714161,3
2018,11,28,20,30,臺中市,西區,0,0,0,8,,,50,,,,,,,,,,,,,,,2,3,  ,  ,  ,B03,  ,  ,1,8,2,6,  ,2,2,1,21,8,B03,24.157018,120.659656,3
2018,11,28,20,30,臺中市,西區,0,0,0,8,,,50,,,,,,,,,,,,,,,42,3,  ,  ,  ,B03,  ,  ,1,  ,2,  ,  ,42,42,  ,5,  ,B03,24.148996,120.661918,3
2018,11,28,20,30,臺中市,南區,0,1,0,8,3,5,50,14,7,1,5,4,5,7,4,4,1,4,4,2,29,23,2,9,1,1,C03,7,9,1,10,2,11,  ,23,23,1,22,8,C03,24.120056,120.6664,2
2018,11,28,20,30,臺中市,東區,0,0,,,,,,,,,,,,,,,,,,,,,,,,,B12,,,1,,2,,,35,,1,  ,,B12,24.134334,120.68972,3
2018,11,28,20,30,臺中市,大肚區,0,2,0,8,3,5,40,3,2,1,5,4,5,7,2,1,1,2,1,2,13,16,2,8,1,1,C03,7,9,1,10,2,11,  ,16,16,1,18,1,C03,24.172534,120.582798,2
2018,11,28,20,35,臺中市,南屯區,0,2,0,8,3,5,40,14,8,1,5,4,5,7,4,4,1,5,1,2,13,23,2,9,1,1,C03,7,9,1,9,2,11,  ,23,23,1,22,9,C03,24.157625,120.593,2
2018,11,28,20,40,臺中市,南屯區,0,1,0,8,3,5,40,14,8,1,5,4,5,7,4,4,1,5,1,2,13,23,2,9,1,1,C03,7,9,1,10,2,11,  ,23,23,1,22,9,C03,24.158095,120.592121,2
2018,11,28,20,42,臺中市,北區,0,2,0,8,3,5,50,14,9,1,5,4,5,7,4,4,5,5,5,2,16,26,2,8,1,1,C03,7,5,1,10,2,14,  ,26,26,1,22,8,C03,24.160158,120.691462,2
2018,11,28,20,44,臺中市,北屯區,0,1,0,8,3,5,40,14,7,1,5,4,5,7,4,4,2,5,5,1,13,23,3,10,1,1,B03,7,9,1,8,2,1,  ,23,23,1,5,8,B03,24.201216,120.666425,2
2018,11,28,20,44,臺中市,西屯區,0,0,,8,3,5,40,3,2,1,5,4,5,7,4,4,10,5,5,2,17,,,,,,B03,,,1,,2,,,43,,1,22,,B03,24.179911,120.617856,3
2018,11,28,20,46,臺中市,大雅區,0,0,,8,,,50,,,,,,,,,,,,,,,,,,,,B03,,,1,,2,,,7,,1,  ,,B03,24.216044,120.649325,3
2018,11,28,21,4,臺中市,后里區,0,2,0,8,3,5,50,14,9,1,5,4,5,7,4,4,5,5,5,1,16,23,2,7,1,1,C03,7,9,1,10,2,15,  ,23,23,1,4,8,C03,24.306688,120.717583,2
2018,11,28,21,10,臺中市,豐原區,0,0,0,8,3,5,50,4,2,1,5,4,5,7,2,1,1,4,1,1,12,7,3,10,1,1,B03,7,8,1,8,2,5,  ,7,7,2,4,8,B03,24.245028,120.723998,3
2018,11,28,21,12,臺中市,西區,0,1,0,8,3,5,50,4,1,1,5,4,5,7,4,4,10,5,5,2,16,6,3,10,1,1,B03,7,11,1,8,2,8,  ,6,6,1,21,5,B03,24.133882,120.668901,2
2018,11,28,21,24,臺中市,南屯區,0,0,,8,,,50,,,,,,,,,,,,,,,,,,,,B03,,,1,,2,,,23,,  ,22,,B03,24.142845,120.647824,3
2018,11,28,21,34,臺中市,大里區,0,1,0,8,3,5,50,14,9,1,5,4,5,7,4,4,9,5,5,1,1,21,2,9,1,1,C03,7,9,6,10,8,12,  ,21,21,1,22,8,C03,24.108708,120.676633,2
2018,11,28,21,35,臺中市,太平區,0,1,0,8,3,5,50,4,1,1,5,4,5,7,1,1,3,4,4,2,14,12,3,10,1,1,B03,7,2,1,8,2,3,  ,12,12,1,21,1,B03,24.149911,120.711432,2
2018,11,28,21,36,臺中市,南屯區,0,0,0,,3,5,50,15,9,1,5,4,5,7,4,4,10,,,2,25,23,3,10,1,1,B03,7,9,1,8,2,5,  ,23,23,1,22,  ,B03,24.149961,120.652423,4
2018,11,28,21,48,臺中市,南屯區,0,1,0,8,3,5,50,4,1,1,5,4,5,7,2,1,1,4,4,2,16,25,3,10,1,1,C03,7,9,1,10,2,11,  ,25,25,1,22,8,C03,24.14932,120.623038,2
2018,11,28,22,4,臺中市,西屯區,0,1,0,8,3,5,50,4,1,1,5,4,5,7,1,1,10,5,5,2,13,16,2,6,1,1,C03,7,9,1,10,2,12,  ,16,16,1,4,8,C03,24.164333,120.655112,2
2018,11,28,22,5,臺中市,北區,0,0,0,,,,,,,,,,,,,,,,,,,12,  ,  ,  ,  ,B03,  ,  ,1,7,2,  ,  ,12,12,1,  ,  ,B03,24.153535,120.689134,3
2018,11,28,22,11,臺中市,南區,0,0,0,8,,,50,,,,,,,,,,,,,,,42,3,  ,  ,  ,B12,  ,  ,1,  ,2,  ,  ,42,42,  ,4,  ,B12,24.118536,120.67048,3
2018,11,28,22,15,臺中市,北區,0,1,0,7,3,5,50,5,1,1,5,4,5,7,2,1,10,5,5,2,13,23,2,9,1,1,C04,7,9,1,10,2,11,  ,23,23,1,5,8,C04,24.165183,120.673948,2
2018,11,28,22,19,臺中市,北屯區,0,0,0,8,,,50,,,,,,,,,,,,,,,23,  ,  ,  ,  ,B12,  ,  ,6,  ,2,  ,  ,23,23,1,  ,  ,B12,24.169886,120.722585,3
2018,11,28,22,25,臺中市,北區,0,1,0,8,3,5,50,3,1,1,5,4,5,7,4,4,10,5,5,2,17,6,3,10,1,1,B03,7,5,1,8,2,5,  ,6,6,1,22,8,B03,24.170308,120.667659,2
2018,11,28,22,38,臺中市,南區,0,2,0,8,3,5,50,4,1,1,5,4,5,7,2,1,10,5,5,2,3,13,2,9,1,1,C03,7,9,3,18,2,11,  ,13,13,1,22,8,C03,24.126205,120.67038,2
2018,11,28,22,41,臺中市,西屯區,0,2,0,8,3,5,50,3,1,1,5,4,5,7,4,4,10,5,5,2,3,51,2,9,3,4,H01,8,16,8,20,10,16,  ,51,51,1,22,8,H01,24.175061,120.644048,2
2018,11,28,22,49,臺中市,西屯區,0,2,0,8,3,5,50,3,1,1,5,4,5,7,1,1,10,5,5,2,16,43,2,9,1,1,C03,7,5,6,18,2,14,  ,43,43,1,22,8,C03,24.185935,120.603699,2
2018,11,28,22,50,臺中市,西屯區,0,2,0,8,3,5,40,4,1,1,5,4,5,7,4,4,10,3,5,2,16,6,2,9,1,1,C03,7,9,1,10,2,11,  ,6,6,1,21,8,C03,24.180305,120.644235,2
2018,11,28,22,58,臺中市,南屯區,0,0,,8,,,50,,,,,,,,,,,,,,,,,,,,B02,,,1,,2,,,18,,1,5,,B02,24.129563,120.646068,3
2018,11,28,22,58,臺中市,烏日區,0,1,0,8,3,5,50,4,1,1,5,4,5,7,2,1,10,5,5,2,15,25,2,9,1,1,C03,7,9,1,10,2,11,  ,25,25,1,17,8,C03,24.109037,120.637739,2
2018,11,28,23,19,臺中市,南屯區,0,2,0,8,3,5,50,4,1,1,5,4,5,7,2,1,10,5,5,2,16,6,3,10,3,4,B03,7,6,1,8,2,5,  ,6,6,1,22,8,B03,24.147664,120.615237,2
2018,11,28,23,20,臺中市,沙鹿區,0,1,0,8,3,5,40,4,2,1,5,4,5,7,2,1,10,5,5,2,16,9,3,10,1,1,B03,7,6,1,8,2,2,  ,9,9,1,5,8,B03,24.239414,120.564618,2
2018,11,29,0,20,臺中市,西區,0,2,0,8,3,5,60,5,1,1,5,4,5,7,1,1,10,5,5,2,16,26,3,10,1,1,B03,7,5,1,8,2,5,  ,26,26,1,21,8,B03,24.154648,120.663775,2
2018,11,29,6,30,臺中市,大里區,0,0,,8,,,40,,,,,,,,,,,,,,,,,,,,B12,,,1,,2,,,6,,1,  ,,B12,24.097651,120.70403,3
2018,11,29,6,57,臺中市,大雅區,0,2,0,8,1,5,50,3,1,1,5,4,5,7,4,4,5,4,5,1,16,19,2,9,1,1,C03,7,1,1,10,2,11,  ,19,19,1,22,9,C03,24.226832,120.645882,2
2018,11,29,7,7,臺中市,大肚區,0,0,,8,,,40,,,,,,,,,,,,,,,,,,,,B03,,,1,,2,,,16,,1,21,,B03,24.172411,120.582777,3
2018,11,29,7,11,臺中市,太平區,0,1,0,8,1,5,50,3,1,1,5,4,5,7,4,4,5,5,5,1,16,23,2,9,1,1,C03,7,9,1,10,2,12,  ,23,23,1,5,5,C03,24.120989,120.719501,2
2018,11,29,7,13,臺中市,大里區,0,0,,8,,,50,,,,,,,,,,,,,,,,,,,,B03,,,1,,2,,,23,,1,22,,B03,24.099658,120.695295,3
2018,11,29,7,14,臺中市,北區,0,0,,8,1,5,50,14,9,1,5,4,5,7,1,1,8,3,5,2,13,,,,,,B03,,,1,,2,,,23,,1,5,,B03,24.153374,120.683669,3
2018,11,29,7,15,臺中市,北區,0,0,,8,,,40,,,,,,,,,,,,,,,,,,,,C03,,,1,,2,,,23,,1,22,,C03,24.169987,120.668313,3
2018,11,29,7,20,臺中市,南區,0,1,0,8,1,5,50,4,1,1,5,4,5,7,1,1,10,5,5,2,16,25,2,9,1,1,C03,7,9,6,10,2,11,  ,25,25,1,22,8,C03,24.12754,120.684713,2
2018,11,29,7,25,臺中市,清水區,0,0,,8,,,50,,,,,,,,,,,,,,,,,,,,B03,,,1,,2,,,6,,1,20,,B03,24.270356,120.573725,3
2018,11,29,7,28,臺中市,龍井區,0,1,0,8,1,5,40,3,1,1,5,4,5,7,4,4,10,5,5,1,17,8,3,10,1,4,B03,7,5,1,8,2,8,  ,8,8,1,21,1,B03,24.185757,120.582034,2
2018,11,29,7,29,臺中市,西屯區,0,0,,8,,,50,,,,,,,,,,,,,,,,,,,,B03,,,1,,2,,,23,,1,21,,B03,24.18955,120.615338,3
2018,11,29,7,30,臺中市,清水區,0,1,0,8,1,5,60,14,7,1,5,4,5,7,4,4,1,4,4,1,29,43,2,9,1,1,C03,7,9,1,10,2,15,  ,43,43,1,21,1,C03,24.263118,120.541725,2
2018,11,29,7,33,臺中市,大雅區,0,0,,8,,,50,,,,,,,,,,,,,,,,,,,,B03,,,1,,2,,,16,,1,  ,,B03,24.231958,120.653759,3
2018,11,29,7,37,臺中市,后里區,0,1,0,8,2,5,50,14,9,1,5,4,5,7,4,4,9,4,5,1,26,23,2,9,3,4,C03,7,9,1,10,2,11,  ,23,23,1,21,8,C03,24.319911,120.6985,2
2018,11,29,7,38,臺中市,西屯區,0,1,0,8,1,5,50,14,8,1,5,4,5,7,4,4,5,4,4,2,17,7,3,10,3,4,B03,7,8,1,8,2,2,  ,7,7,1,21,8,B03,24.183038,120.632202,2
2018,11,29,7,43,臺中市,沙鹿區,0,0,,8,,,60,,,,,,,,,,,,,,,,,,,,B03,,,1,,2,,,26,,1,4,,B03,24.231521,120.572905,3
2018,11,29,7,49,臺中市,西區,0,2,0,8,1,5,50,4,1,1,5,4,5,7,1,1,10,5,5,2,16,25,2,9,1,1,C03,7,5,1,10,2,14,  ,25,25,1,2,1,C03,24.147773,120.656755,2
2018,11,29,7,51,臺中市,西屯區,0,1,0,8,1,5,50,14,22,1,5,4,5,7,4,4,4,4,4,2,12,17,3,10,3,4,C03,7,9,1,10,2,12,  ,17,17,1,21,8,C03,24.195856,120.607819,2
2018,11,29,7,51,臺中市,太平區,0,1,0,8,1,5,50,4,1,1,5,4,5,7,4,4,10,5,5,2,16,6,3,10,1,1,C03,7,5,1,10,2,11,  ,6,6,1,21,8,C03,24.137823,120.715192,2
2018,11,29,7,52,臺中市,龍井區,0,1,0,8,1,5,70,4,1,1,5,4,5,7,1,1,10,5,5,2,15,43,2,9,1,1,C03,7,9,1,10,2,11,  ,43,43,1,12,8,C03,24.21061,120.506058,2
2018,11,29,7,57,臺中市,北屯區,0,0,0,8,,,50,,,,,,,,,,,,,,,6,  ,  ,  ,  ,C03,  ,  ,3,  ,11,  ,  ,6,6,2,9,  ,C03,24.191343,120.66214,3
2018,11,29,8,0,臺中市,大肚區,0,0,,8,,,40,,,,,,,,,,,,,,,,,,,,B02,,,1,,10,,,43,,1,5,,B02,24.125,120.561428,3
2018,11,29,8,3,臺中市,西屯區,0,0,,8,,,80,,,,,,,,,,,,,,,,,,,,B12,,,1,,2,,,16,,1,  ,,B12,24.170601,120.632439,3
2018,11,29,8,7,臺中市,大雅區,0,0,,8,,,40,,,,,,,,,,,,,,,,,,,,C03,,,1,,2,,,16,,1,21,,C03,24.213301,120.651773,3
2018,11,29,8,8,臺中市,大甲區,0,0,,8,,,50,,,,,,,,,,,,,,,,,,,,B03,,,1,,2,,,10,,1,5,,B03,24.344018,120.623829,3
2018,11,29,8,10,臺中市,大里區,0,1,0,8,1,5,50,4,9,1,5,4,5,7,1,1,5,2,4,1,16,8,3,10,1,1,B03,7,5,1,8,2,1,  ,8,8,1,22,8,B03,24.096674,120.695571,2
2018,11,29,8,10,臺中市,神岡區,0,0,,8,,,40,,,,,,,,,,,,,,,,,,,,B03,,,1,,2,,,17,,1,9,,B03,24.258728,120.664417,3
2018,11,29,8,15,臺中市,南屯區,0,0,,8,,,50,,,,,,,,,,,,,,,,,,,,B03,,,1,,2,,,23,,1,22,,B03,24.145302,120.611191,3
2018,11,29,8,20,臺中市,西區,0,1,0,8,1,5,50,4,2,1,5,4,5,7,4,4,5,4,4,2,16,8,2,9,1,1,C03,7,5,1,10,2,12,  ,8,8,1,2,9,C03,24.138436,120.65338,2
2018,11,29,8,20,臺中市,西屯區,0,1,0,8,1,5,40,4,1,1,5,4,5,7,1,1,1,3,1,2,15,25,3,10,1,1,B03,7,9,1,8,2,2,  ,25,25,1,22,9,B03,24.180035,120.620956,2
2018,11,29,8,20,臺中市,西屯區,0,1,0,8,1,5,40,3,2,1,5,4,5,7,1,1,5,4,4,2,16,42,2,9,1,1,C03,7,1,1,10,2,11,  ,42,42,1,22,8,C03,24.20129,120.664028,2
2018,11,29,8,22,臺中市,潭子區,0,1,0,8,1,5,40,4,1,1,5,4,5,7,3,1,9,5,5,1,17,6,3,10,1,1,B03,7,5,1,8,2,1,  ,6,6,1,22,8,B03,24.219398,120.708033,2
2018,11,29,8,25,臺中市,北屯區,0,2,0,8,1,5,50,4,1,1,5,4,5,7,2,1,10,5,5,2,16,9,2,9,3,4,C03,7,9,3,18,2,11,  ,44,9,1,19,8,C03,24.165155,120.694377,2
2018,11,29,8,28,臺中市,太平區,0,1,0,8,1,5,50,3,1,1,5,4,5,7,1,1,10,5,5,2,16,25,3,10,1,1,C03,7,9,1,10,2,11,  ,25,25,1,18,2,C03,24.155872,120.733661,2
2018,11,29,8,30,臺中市,北屯區,0,2,0,8,1,5,50,14,9,1,5,4,5,7,4,4,1,4,5,2,17,23,2,9,1,1,C03,7,9,1,10,2,11,  ,23,23,1,4,8,C03,24.178661,120.68584,2
2018,11,29,8,30,臺中市,烏日區,0,1,0,8,1,5,40,8,9,1,5,4,5,7,4,4,5,5,5,1,18,43,2,9,1,1,C03,7,9,1,10,2,15,  ,43,43,1,21,8,C03,24.05566,120.644193,2
2018,11,29,8,30,臺中市,大雅區,0,1,0,8,1,5,50,4,2,1,5,4,5,7,1,1,5,5,5,1,16,6,3,10,1,1,B12,7,6,1,8,2,2,  ,6,6,1,22,8,B12,24.224296,120.640113,2
2018,11,29,8,37,臺中市,西屯區,0,0,0,8,1,5,50,14,9,1,5,4,5,7,4,4,10,5,5,2,16,23,3,10,3,4,B03,7,9,1,8,9,5,  ,23,23,2,22,9,B03,24.159596,120.658716,3