年,月,日,時,分,縣市,區,死,受傷,2-30,天候,光線,道路類別,速限,道路型態,事故位置,路面鋪裝,路面狀態,路面缺陷,障礙物,視距,號誌種類,號誌動作,分向設施,快車道或一般車道間,快慢車道間,路面邊線,事故類型及型態,主要肇因,受傷程度,主要傷處,保護裝備,行動電話,當事者區分_類別,車輛用途,當事者行動狀態,駕駛資格情形,駕駛執照種類,飲酒情形,車輛撞擊部位最初,車輛撞擊部位其他,肇事因素個別,肇事因素主要,肇事逃逸,職業,旅次目的,車種,GPS座標_緯度,GPS座標_經度,事故類別
2018,11,29,8,42,臺中市,大甲區,0,1,0,8,1,5,50,4,1,1,5,4,5,7,4,4,5,5,5,1,18,44,2,9,1,1,C03,7,9,1,10,2,14,  ,44,44,1,5,9,C03,24.385175,120.644578,2
2018,11,29,8,43,臺中市,西屯區,0,0,,8,,,50,,,,,,,,,,,,,,,43,,,,,B03,,,1,,2,,,43,43,1,  ,,B03,24.168303,120.641288,3
2018,11,29,8,50,臺中市,西屯區,0,0,,8,,,50,,,,,,,,,,,,,,,,,,,,B03,,,1,,2,,,23,,1,21,,B03,24.161131,120.636537,3
2018,11,29,8,50,臺中市,太平區,0,1,0,8,1,5,50,3,2,1,5,4,5,7,1,1,5,5,5,1,13,23,2,9,1,1,C04,7,9,1,10,2,11,  ,23,23,1,21,8,C04,24.155964,120.733687,2
2018,11,29,8,56,臺中市,霧峰區,0,0,,8,,,50,,,,,,,,,,,,,,,,,,,,B03,,,1,,2,,,23,,1,22,,B03,24.059803,120.699766,3
2018,11,29,9,4,臺中市,北屯區,0,1,0,8,1,5,50,4,1,1,5,4,5,7,1,1,10,5,5,2,16,25,2,9,1,1,C03,7,5,1,10,2,12,  ,25,25,1,21,8,C03,24.167681,120.695966,2
2018,11,29,9,7,臺中市,梧棲區,0,1,0,8,1,5,50,14,7,1,5,4,5,7,4,4,9,4,4,2,17,19,2,9,3,4,F03,7,9,8,20,2,16,  ,23,19,1,21,8,F03,24.256047,120.53218,2
2018,11,29,9,8,臺中市,西屯區,0,0,0,8,,,50,,,,,,,,,,,,,,,6,  ,  ,  ,  ,B03,  ,  ,1,  ,2,  ,  ,6,6,1,  ,  ,B03,24.172181,120.645371,3
2018,11,29,9,10,臺中市,南區,0,0,0,8,1,5,50,14,7,1,5,4,5,7,4,4,9,4,4,2,29,44,3,10,1,1,B03,7,11,1,8,2,4,  ,44,44,1,22,8,B03,24.111479,120.657799,3
2018,11,29,9,15,臺中市,西屯區,0,1,0,8,1,5,40,3,1,1,5,4,5,7,4,4,4,3,4,2,29,43,2,9,1,1,C03,7,9,1,10,2,12,  ,43,43,1,22,9,C03,24.162186,120.634965,2
2018,11,29,9,29,臺中市,龍井區,0,1,0,8,1,5,40,14,8,1,5,4,5,7,3,1,3,4,3,1,17,43,3,10,1,1,A31,7,8,1,1,2,15,  ,43,43,1,10,8,A31,24.218611,120.509166,2
2018,11,29,9,46,臺中市,東區,0,1,0,8,1,5,40,14,9,1,5,4,5,7,4,4,5,5,5,2,17,42,3,10,1,1,C03,7,9,1,10,1,15,  ,42,42,1,22,8,C03,24.139776,120.691603,2
2018,11,29,9,50,臺中市,西屯區,0,1,0,8,1,5,50,3,1,1,5,4,5,7,4,4,10,5,5,2,17,23,2,9,1,1,C03,7,9,1,10,2,12,  ,23,23,1,21,8,C03,24.192371,120.602764,2
2018,11,29,9,50,臺中市,神岡區,0,0,,8,,,50,,,,,,,,,,,,,,,,,,,,   ,,,7,,11,,,42,,  ,  ,,   ,24.259043,120.659446,3
2018,11,29,9,51,臺中市,北屯區,0,1,0,8,1,5,40,11,9,1,5,4,5,7,4,4,10,5,5,1,10,5,3,10,1,1,B03,7,9,1,8,2,1,  ,5,5,1,5,8,B03,24.191341,120.662043,2
2018,11,29,10,0,臺中市,神岡區,0,1,0,8,1,5,50,3,1,1,5,4,5,7,1,1,10,5,5,2,16,23,2,9,1,1,C03,7,9,1,10,2,11,  ,23,23,1,22,9,C03,24.260371,120.650503,2
2018,11,29,10,2,臺中市,西區,0,0,0,8,,,50,,,,,,,,,,,,,,,42,  ,  ,  ,  ,B03,  ,  ,1,  ,2,  ,  ,42,42,1,  ,  ,B03,24.134204,120.676075,3
2018,11,29,10,7,臺中市,西屯區,0,1,0,8,1,5,50,3,1,1,5,4,5,7,1,1,10,5,5,2,16,1,3,10,3,4,C03,7,6,1,10,2,12,  ,1,1,1,21,8,C03,24.168755,120.648815,2
2018,11,29,10,10,臺中市,太平區,0,1,0,8,1,5,50,14,9,1,5,4,5,7,4,4,5,5,5,1,13,23,3,10,1,1,B03,7,9,1,8,2,5,  ,23,23,1,21,8,B03,24.123935,120.717252,2
2018,11,29,10,18,臺中市,大肚區,0,2,0,8,1,5,50,3,1,1,5,4,5,7,4,4,10,5,5,2,16,6,2,1,1,1,B12,7,5,1,8,2,4,  ,6,6,1,12,8,B12,24.16661,120.542466,2
2018,11,29,10,21,臺中市,大雅區,0,0,,8,,,40,,,,,,,,,,,,,,,,,,,,B12,,,1,,2,,,16,,1,21,,B12,24.238406,120.656107,3
2018,11,29,10,25,臺中市,大里區,0,0,,8,,,50,,,,,,,,,,,,,,,,,,,,B03,,,1,,2,,,8,,1,22,,B03,24.095565,120.679598,3
2018,11,29,10,27,臺中市,西區,0,1,0,8,1,5,40,4,1,1,5,4,5,7,2,1,10,5,5,2,16,26,3,10,1,1,B03,7,6,1,8,2,6,  ,26,26,1,2,9,B03,24.14832,120.670496,2
2018,11,29,10,38,臺中市,南屯區,0,0,,8,,,40,,,,,,,,,,,,,,,,,,,,B01,,,1,,2,,,23,,1,22,,B01,24.148606,120.623171,3
2018,11,29,10,50,臺中市,烏日區,1,1,0,8,1,5,50,14,7,1,5,4,5,7,4,4,1,4,4,2,16,10,1,9,3,4,C03,7,11,1,10,2,12,  ,10,10,1,22,8,C03,24.116611,120.643986,1
2018,11,29,10,53,臺中市,潭子區,0,0,,8,,,50,,,,,,,,,,,,,,,,,,,,B03,,,1,,2,,,23,,1,21,,B03,,,3
2018,11,29,10,57,臺中市,西區,0,2,0,8,1,5,50,4,2,1,5,4,5,7,1,1,5,2,5,2,16,42,2,8,1,1,C03,7,6,1,10,2,12,  ,42,42,1,21,8,C03,24.147584,120.673634,2
2018,11,29,11,6,臺中市,霧峰區,0,0,,8,,,50,,,,,,,,,,,,,,,,,,,,B03,,,1,,2,,,23,,1,19,,B03,24.065503,120.700225,3
2018,11,29,11,8,臺中市,中區,0,0,0,8,,,50,,,,,,,,,,,,,,,42,3,  ,  ,  ,B03,  ,  ,1,  ,2,  ,  ,42,42,  ,5,  ,B03,24.137724,120.678392,3
2018,11,29,11,8,臺中市,沙鹿區,0,0,,8,,,70,,,,,,,,,,,,,,,,,,,,A01,,,1,,2,,,23,,1,10,,A01,24.246202,120.609001,3
2018,11,29,11,10,臺中市,東區,0,0,,,,,,,,,,,,,,,,,,,,,,,,,C03,,,1,,2,,,26,,1,  ,,C03,24.14273,120.693685,3
2018,11,29,11,10,臺中市,西屯區,0,0,,8,,,40,,,,,,,,,,,,,,,,,,,,B11,,,1,,2,,,6,,1,  ,,B11,24.158534,120.625211,3
2018,11,29,11,13,臺中市,東區,0,1,0,8,1,5,50,14,7,1,5,4,5,7,4,4,10,5,5,2,16,6,2,9,1,1,C03,7,5,1,10,2,13,  ,6,6,1,21,8,C03,24.133063,120.696224,2
2018,11,29,11,18,臺中市,西屯區,0,0,0,8,,,40,,,,,,,,,,,,,,,8,  ,  ,  ,  ,C03,  ,  ,1,  ,2,  ,  ,8,8,1,22,  ,C03,24.167568,120.648128,3
2018,11,29,11,21,臺中市,西屯區,0,1,0,8,1,5,40,3,2,1,5,4,5,7,4,4,5,4,4,2,16,43,3,10,1,1,B03,7,6,1,8,2,2,  ,43,43,1,22,8,B03,24.182146,120.625478,2
2018,11,29,11,21,臺中市,大肚區,0,0,,8,,,70,,,,,,,,,,,,,,,,,,,,A42,,,1,,2,,,23,,1,10,,A42,24.135875,120.552818,3
2018,11,29,11,22,臺中市,西屯區,0,2,0,8,1,5,50,4,1,1,5,4,5,7,1,1,10,5,5,2,17,8,2,9,1,1,C03,7,9,1,10,2,11,  ,23,8,1,21,8,C03,24.17308,120.613705,2
2018,11,29,11,40,臺中市,外埔區,0,2,0,8,1,5,50,14,12,1,5,4,5,7,4,4,5,5,5,1,17,23,3,10,3,4,B03,7,15,1,8,2,4,  ,23,23,1,22,8,B03,24.332335,120.65312,2
2018,11,29,11,41,臺中市,清水區,0,2,0,8,1,5,50,3,1,1,5,4,5,7,4,4,10,5,5,2,16,6,3,10,1,1,A11,7,6,1,3,2,7,  ,6,6,1,10,8,A11,24.295323,120.575651,2
2018,11,29,11,42,臺中市,南區,0,0,0,8,1,5,50,14,9,1,5,4,5,7,4,4,5,5,5,2,14,12,3,10,1,1,A11,7,2,1,3,2,3,  ,12,12,1,21,8,A11,24.130361,120.67678,3
2018,11,29,11,50,臺中市,南屯區,0,1,0,8,1,5,50,14,7,1,5,4,5,7,4,4,5,5,4,2,18,13,2,9,1,1,C03,7,9,1,10,2,12,  ,13,13,1,21,8,C03,24.124486,120.619606,2
2018,11,29,11,55,臺中市,北屯區,0,1,0,8,1,5,50,14,7,1,5,4,5,7,4,4,5,5,4,2,13,23,3,10,1,1,B03,7,9,1,10,2,1,  ,23,23,1,4,8,B03,24.171848,120.683701,2
2018,11,29,12,6,臺中市,大肚區,0,0,,8,,,50,,,,,,,,,,,,,,,,,,,,B03,,,1,,2,,,17,,1,22,,B03,24.174683,120.581324,3
2018,11,29,12,12,臺中市,霧峰區,0,1,0,8,1,5,50,14,9,1,5,4,5,7,4,4,5,5,5,1,11,26,3,10,1,1,B03,7,9,1,8,2,8,  ,26,26,1,22,5,B03,24.065308,120.70027,2
2018,11,29,12,14,臺中市,潭子區,0,1,0,8,1,5,40,3,1,1,5,4,5,7,4,4,10,5,5,2,16,8,3,10,1,1,B12,7,5,1,8,2,2,  ,8,8,1,22,8,B12,24.219714,120.692145,2
2018,11,29,12,16,臺中市,中區,0,0,,8,,,40,,,,,,,,,,,,,,,,,,,,B03,,,1,,2,,,43,,1,2,,B03,24.142361,120.677985,3
2018,11,29,12,22,臺中市,南區,0,0,,,,,,,,,,,,,,,,,,,,,,,,,C03,,,1,,2,,,16,,1,21,,C03,24.113973,120.657349,3
2018,11,29,12,25,臺中市,龍井區,0,1,0,8,1,5,50,11,9,1,5,4,5,4,4,4,10,5,5,2,10,23,2,9,1,1,C03,7,15,1,10,2,11,  ,23,23,1,9,1,C03,24.175637,120.53797,2
2018,11,29,12,29,臺中市,梧棲區,0,1,0,8,1,5,50,14,9,1,5,4,5,7,4,4,5,5,5,2,17,42,2,9,1,1,C03,7,15,1,10,2,14,  ,42,42,1,20,8,C03,24.257526,120.529833,2
2018,11,29,12,33,臺中市,南屯區,0,0,,8,,,50,,,,,,,,,,,,,,,,,,,,B03,,,1,,2,,,6,,1,22,,B03,24.144302,120.612636,3
2018,11,29,12,40,臺中市,南區,0,1,0,8,1,5,50,4,1,1,5,4,5,7,4,4,10,5,5,2,15,6,3,10,1,1,C03,7,9,1,10,2,11,  ,6,6,1,4,8,C03,24.123021,120.669265,2
2018,11,29,12,43,臺中市,太平區,0,0,0,8,,,50,,,,,,,,,,,,,,,42,  ,  ,  ,  ,B12,  ,  ,1,  ,2,  ,  ,42,42,1,21,  ,B12,24.140914,120.714741,3
2018,11,29,12,50,臺中市,大雅區,0,1,0,8,1,5,50,3,2,1,5,4,5,7,1,1,1,4,4,1,17,19,3,10,1,1,B03,7,1,1,8,2,7,  ,19,19,1,21,8,B03,24.220881,120.655243,2
2018,11,29,12,54,臺中市,太平區,0,1,0,8,1,5,50,4,1,1,5,4,5,7,3,1,10,5,5,2,16,6,3,10,1,1,C03,7,9,1,10,2,14,  ,23,6,2,21,8,C03,24.149992,120.727686,2
2018,11,29,13,3,臺中市,北屯區,0,1,0,8,1,5,50,3,1,1,5,4,5,7,4,4,1,4,5,2,16,27,3,10,1,1,B11,7,6,1,8,2,6,  ,27,27,1,22,8,B11,24.171478,120.690396,2
2018,11,29,13,10,臺中市,南屯區,0,0,,8,,,50,,,,,,,,,,,,,,,,,,,,B03,,,1,,2,,,7,,1,20,,B03,24.149612,120.612943,3
2018,11,29,13,13,臺中市,西屯區,0,1,0,8,1,5,1,14,9,1,5,4,5,7,4,4,10,5,5,2,16,19,3,10,3,4,B03,7,1,1,8,2,1,  ,19,19,1,21,8,B03,24.169499,120.642788,2
2018,11,29,13,26,臺中市,豐原區,0,0,0,,,,,,,,,,,,,,,,,,,43,  ,  ,  ,  ,   ,  ,  ,7,  ,11,  ,  ,43,43,1,  ,  ,   ,24.252397,120.725297,3
2018,11,29,13,27,臺中市,南屯區,0,0,,8,,,50,,,,,,,,,,,,,,,,,,,,B12,,,1,,2,,,6,,1,22,,B12,24.136378,120.634429,3
2018,11,29,13,27,臺中市,大雅區,0,1,0,8,1,5,50,3,1,1,5,4,5,7,4,4,8,5,5,1,16,6,3,10,1,1,B03,7,5,1,8,2,2,  ,6,6,1,22,9,B03,24.215091,120.666136,2
2018,11,29,13,32,臺中市,大雅區,0,1,0,8,1,5,50,3,2,1,5,4,5,7,3,1,5,5,5,1,16,6,3,10,1,1,B12,7,5,1,8,2,7,  ,6,6,1,22,8,B12,24.21658,120.647992,2
2018,11,29,13,42,臺中市,神岡區,0,0,0,8,,,50,,,,,,,,,,,,,,,26,  ,  ,  ,  ,C03,  ,  ,1,  ,1,  ,  ,26,26,2,22,  ,C03,24.246901,120.682071,3
2018,11,29,13,45,臺中市,西區,0,1,0,8,1,5,50,14,7,1,5,4,5,6,4,4,5,4,5,2,17,40,3,10,1,1,B03,7,13,1,8,2,4,  ,40,40,1,21,5,B03,24.138848,120.675852,2
2018,11,29,13,45,臺中市,南區,0,1,0,8,1,5,50,14,8,1,5,4,5,7,4,4,5,4,4,2,17,42,2,9,1,1,C03,7,9,1,10,11,12,  ,42,42,1,22,9,C03,24.119546,120.666991,2
2018,11,29,13,45,臺中市,西屯區,0,0,,8,,,40,,,,,,,,,,,,,,,,,,,,B03,,,1,,2,,,26,,1,  ,,B03,24.170828,120.636626,3
2018,11,29,13,48,臺中市,東區,0,0,,8,,,40,,,,,,,,,,,,,,,,,,,,B02,,,1,,2,,,12,,1,  ,,B02,24.142918,120.690676,3
2018,11,29,13,48,臺中市,太平區,0,1,0,8,1,5,50,14,8,1,5,4,5,7,4,4,5,4,4,1,16,19,3,10,1,1,B12,7,1,1,6,2,8,  ,19,19,1,21,8,B12,24.149416,120.700673,2
2018,11,29,13,55,臺中市,大里區,0,2,0,8,1,5,50,3,1,1,5,4,5,7,4,4,10,5,5,2,16,19,2,9,1,1,C04,7,1,1,11,2,12,  ,19,19,1,5,8,C04,24.11824,120.69238,2
2018,11,29,13,56,臺中市,北屯區,0,0,,8,,,50,,,,,,,,,,,,,,,,,,,,B03,,,1,,2,,,42,,1,5,,B03,24.169111,120.706223,3
2018,11,29,13,59,臺中市,西區,0,2,0,8,1,5,50,4,1,1,5,4,5,7,4,4,10,5,5,2,15,14,2,9,1,1,C03,7,9,1,10,2,14,  ,6,14,1,19,1,C03,24.140752,120.679819,2
2018,11,29,14,9,臺中市,東區,0,1,0,8,1,5,50,4,1,1,5,4,5,7,1,1,10,5,5,2,16,25,3,10,1,1,A04,7,5,1,2,2,1,  ,25,25,1,10,8,A04,24.135154,120.700821,2
2018,11,29,14,15,臺中市,梧棲區,0,0,,8,,,50,,,,,,,,,,,,,,,,,,,,B03,,,1,,2,,,6,,1,4,,B03,24.243762,120.546543,3
2018,11,29,14,16,臺中市,大雅區,0,0,,8,,,40,,,,,,,,,,,,,,,,,,,,B12,,,1,,2,,,6,,1,21,,B12,24.220264,120.662681,3
2018,11,29,14,20,臺中市,大里區,0,2,0,8,1,5,50,4,1,1,5,4,5,7,4,4,10,5,5,2,15,6,2,8,1,1,C03,7,9,1,10,2,11,  ,6,6,1,22,5,C03,24.107831,120.68566,2
2018,11,29,14,20,臺中市,潭子區,0,0,,8,,,40,,,,,,,,,,,,,,,,,,,,B12,,,1,,2,,,12,,1,22,,B12,24.220752,120.689373,3
2018,11,29,14,24,臺中市,西區,0,1,0,8,1,5,50,4,1,1,5,4,5,7,4,4,10,5,5,2,15,6,2,9,1,1,C03,7,9,1,10,2,12,  ,6,6,1,18,9,C03,24.135951,120.668882,2
2018,11,29,14,26,臺中市,西屯區,0,1,0,8,1,5,40,4,2,1,5,4,5,7,1,1,5,4,4,2,16,6,3,10,1,1,B03,7,6,1,8,2,2,  ,6,6,1,22,8,B03,24.199728,120.655263,2
2018,11,29,14,35,臺中市,西屯區,0,0,0,8,,,40,,,,,,,,,,,,,,,43,  ,  ,  ,  ,C03,  ,  ,1,  ,2,  ,  ,43,43,1,21,  ,C03,24.183571,120.61608,3
2018,11,29,14,38,臺中市,西屯區,0,0,0,8,,,50,,,,,,,,,,,,,,,43,  ,  ,  ,  ,B03,  ,  ,1,  ,2,  ,  ,43,43,1,  ,  ,B03,24.169862,120.64403,3
2018,11,29,14,40,臺中市,北區,0,1,0,8,1,5,50,4,1,1,5,4,5,7,1,1,10,5,5,2,16,25,2,7,1,1,C03,7,5,1,10,2,12,13,25,25,1,22,8,C03,24.143983,120.674498,2
2018,11,29,14,44,臺中市,南屯區,0,0,0,,,,,,,,,,,,,,,,,,,43,,,,,,,,,,,,,,,,,,,24.149928,120.650725,3
2018,11,29,14,57,臺中市,龍井區,0,1,0,8,1,5,30,4,2,1,5,4,5,7,4,4,10,5,5,2,15,6,3,10,1,1,B03,7,9,1,8,2,2,  ,6,6,1,22,8,B03,24.180896,120.578167,2
2018,11,29,15,0,臺中市,沙鹿區,0,1,0,8,1,5,50,4,2,1,5,4,5,7,1,1,10,5,5,2,13,23,3,10,1,1,C03,7,9,1,10,2,14,  ,23,23,1,5,7,C03,24.243497,120.561628,2
2018,11,29,15,8,臺中市,太平區,0,0,,8,,,50,,,,,,,,,,,,,,,,,,,,B03,,,1,,2,,,18,,1,21,,B03,24.149842,120.725275,3
2018,11,29,15,8,臺中市,清水區,0,1,0,8,1,5,40,11,9,1,5,4,5,7,4,4,10,5,5,2,16,5,3,10,1,1,B03,7,5,1,8,2,4,  ,5,5,1,5,8,B03,24.268224,120.580358,2
2018,11,29,15,10,臺中市,南屯區,0,0,,8,,,50,,,,,,,,,,,,,,,,,,,,B12,,,3,,2,,,23,,1,22,,B12,24.140461,120.613076,3
2018,11,29,15,11,臺中市,北區,0,0,,8,1,5,40,,,,,,,,,,,,,,,,,,,,B03,,,1,,2,,,12,,1,5,,B03,24.150564,120.677575,3
2018,11,29,15,13,臺中市,中區,0,0,0,8,,,50,,,,,,,,,,,,,,,,3,  ,  ,  ,A31,  ,  ,1,  ,2,  ,  ,17,  ,  ,10,  ,A31,24.137688,120.684853,3
2018,11,29,15,15,臺中市,東勢區,0,0,,8,,,50,,,,,,,,,,,,,,,,,,,,C03,,,1,,2,,,23,,1,20,,C03,24.259812,120.827372,3
2018,11,29,15,32,臺中市,神岡區,0,0,,8,,,50,,,,,,,,,,,,,,,,,,,,B03,,,1,,2,,,16,,  ,19,,B03,24.249744,120.695751,3
2018,11,29,15,43,臺中市,龍井區,0,0,,8,,,40,,,,,,,,,,,,,,,,,,,,C03,,,1,,2,,,43,,1,22,,C03,24.181737,120.592249,3
2018,11,29,15,57,臺中市,西區,0,0,,8,,,50,,,,,,,,,,,,,,,,,,,,B03,,,1,,2,,,23,,1,22,,B03,24.134578,120.666062,3
2018,11,29,16,0,臺中市,南屯區,,,,8,,,50,,,,,,,,,,,,,,,,,,,,B12,,,1,,2,,,23,,1,22,,B12,24.14668,120.636173,3
2018,11,29,16,0,臺中市,太平區,0,0,,8,,,50,,,,,,,,,,,,,,,,,,,,B12,,,1,,2,,,8,,1,21,,B12,24.127891,120.710832,3
2018,11,29,16,5,臺中市,南區,0,1,0,8,1,5,50,4,1,1,5,4,5,7,2,1,10,5,5,2,16,6,3,10,1,1,B03,7,5,1,6,2,8,  ,6,6,1,21,8,B03,24.127358,120.662574,2
2018,11,29,16,12,臺中市,龍井區,0,1,0,8,1,5,30,4,1,1,5,4,5,7,4,4,10,5,5,2,17,8,3,10,1,4,B03,7,5,1,8,2,5,  ,8,8,1,22,8,B03,24.18086,120.57819,2
2018,11,29,16,14,臺中市,后里區,0,2,0,8,1,5,50,4,2,1,5,4,5,7,4,4,5,5,5,1,3,23,2,9,4,5,F01,7,9,8,20,2,16,  ,23,23,1,20,8,F01,24.30682,120.719708,2
2018,11,29,16,15,臺中市,西屯區,0,0,,8,,,50,,,,,,,,,,,,,,,,,,,,B03,,,1,,2,,,23,,1,22,,B03,24.16677,120.64031,3
2018,11,29,16,16,臺中市,西屯區,0,2,0,8,1,5,50,14,7,1,5,4,5,7,4,4,9,4,4,2,11,43,2,9,1,1,B03,7,9,1,8,2,7,  ,44,43,1,22,8,B03,24.184228,120.626966,2
2018,11,29,16,17,臺中市,北區,0,0,,8,,,50,,,,,,,,,,,,,,,,,,,,B03,,,1,,2,,,25,,1,  ,,B03,24.163932,120.684972,3
2018,11,29,16,17,臺中市,沙鹿區,0,0,,8,,,60,,,,,,,,,,,,,,,,,,,,B01,,,1,,2,,,8,,1,  ,,B01,24.249975,120.579441,3
2018,11,29,16,20,臺中市,大肚區,0,1,0,8,1,5,40,14,8,1,5,4,5,7,4,4,1,4,4,1,17,23,2,7,4,5,F01,7,9,8,20,2,16,  ,23,23,1,4,8,F01,24.143806,120.548786,2
2018,11,29,16,21,臺中市,西屯區,0,0,,8,,,40,,,,,,,,,,,,,,,,,,,,C03,,,1,,2,,,16,,1,4,,C03,24.18365,120.627855,3
2018,11,29,16,22,臺中市,神岡區,0,1,0,8,1,5,40,11,9,1,5,4,5,7,4,4,10,5,5,1,12,17,3,10,1,1,A41,7,4,1,1,1,2,  ,17,17,2,10,4,A41,24.259161,120.694515,2
2018,11,29,16,25,臺中市,西屯區,0,1,0,8,1,5,50,3,1,1,5,4,5,7,2,1,10,5,5,2,16,6,3,10,1,1,B03,7,5,1,8,2,2,  ,6,6,1,22,8,B03,24.170446,120.641162,2
2018,11,29,16,29,臺中市,西屯區,0,1,0,8,1,5,50,3,2,1,5,4,5,7,4,4,8,3,5,1,11,6,3,10,4,1,F01,7,5,8,20,2,16,  ,6,6,1,22,8,F01,24.172781,120.661478,2
2018,11,29,16,30,臺中市,大里區,0,2,0,8,1,5,40,4,1,1,5,4,5,7,4,4,9,5,5,2,16,6,2,7,3,4,C03,7,9,1,10,2,12,  ,6,6,1,6,7,C03,24.087996,120.698713,2
2018,11,29,16,30,臺中市,梧棲區,0,1,0,8,1,5,50,3,2,1,5,4,5,7,4,4,10,5,5,2,16,8,2,9,1,1,C03,7,5,3,18,2,14,  ,8,8,1,19,8,C03,24.251473,120.52768,2
2018,11,29,16,31,臺中市,北區,0,2,0,8,1,5,40,3,1,1,5,4,5,7,4,4,10,5,5,2,12,7,2,9,3,4,C03,7,7,1,10,2,14,  ,7,7,1,5,8,C03,24.167463,120.673125,2
2018,11,29,16,38,臺中市,西屯區,0,1,0,8,1,5,40,14,8,1,5,4,5,7,4,4,1,4,1,2,16,6,3,10,3,4,B03,7,6,1,8,2,2,  ,6,6,1,22,8,B03,24.185075,120.63737,2
2018,11,29,16,45,臺中市,霧峰區,0,0,,8,,,50,,,,,,,,,,,,,,,,,,,,B03,,,1,,2,,,12,,1,22,,B03,24.061728,120.697538,4
2018,11,29,16,48,臺中市,大肚區,0,1,0,8,1,5,40,3,1,1,5,4,5,7,4,4,10,5,5,2,10,5,2,8,1,1,C03,7,9,1,10,2,11,  ,5,5,1,18,8,C03,24.117608,120.581205,2
2018,11,29,16,50,臺中市,南屯區,0,0,0,8,1,5,50,14,,1,5,4,5,7,4,4,,4,5,2,14,12,3,10,1,1,B03,7,2,6,18,2,3,  ,12,12,1,22,8,B03,24.146848,120.64131,3
2018,11,29,16,55,臺中市,沙鹿區,0,0,,8,,,70,,,,,,,,,,,,,,,,,,,,B03,,,1,,2,,,42,,1,5,,B03,24.209488,120.581493,3
2018,11,29,16,56,臺中市,大雅區,0,1,0,8,1,5,50,3,1,1,5,4,5,7,3,1,9,4,4,1,12,23,2,9,1,1,C03,7,9,1,10,2,11,  ,23,23,1,22,9,C03,24.231174,120.658733,2
2018,11,29,16,57,臺中市,西屯區,0,0,,8,,,40,,,,,,,,,,,,,,,,,,,,B03,,,1,,2,,,19,,1,4,,B03,24.16859,120.649501,3
2018,11,29,16,58,臺中市,西屯區,0,1,0,8,1,5,50,5,1,1,5,4,5,7,2,1,10,5,5,2,16,6,3,10,3,4,B03,7,6,1,8,2,2,  ,6,6,1,22,8,B03,24.168183,120.641376,2
2018,11,29,16,59,臺中市,北屯區,0,0,0,8,,,50,,,,,,,,,,,,,,,25,  ,  ,  ,  ,C03,  ,  ,1,  ,2,  ,  ,25,25,1,22,  ,C03,24.176326,120.694786,3
2018,11,29,17,9,臺中市,東勢區,0,1,0,8,3,5,50,4,1,1,5,4,5,7,1,1,10,5,5,2,17,40,3,10,1,1,B03,7,13,1,5,2,4,  ,40,40,1,21,8,B03,24.260071,120.827249,2
2018,11,29,17,10,臺中市,南屯區,,,,8,,,50,,,,,,,,,,,,,,,,,,,,B03,,,1,,2,,,23,,1,22,,B03,24.1508,120.646064,3
2018,11,29,17,10,臺中市,烏日區,0,1,0,8,2,5,40,14,8,1,5,4,5,7,4,4,1,4,1,1,12,17,3,10,1,1,B03,7,9,1,8,2,5,  ,17,17,1,21,8,B03,24.101046,120.628716,2
2018,11,29,17,10,臺中市,沙鹿區,0,0,,8,,,50,,,,,,,,,,,,,,,,,,,,B03,,,1,,2,,,23,,1,21,,B03,24.236928,120.5683,4
2018,11,29,17,11,臺中市,西區,0,1,0,8,2,5,50,3,1,1,5,4,5,7,4,4,1,5,5,2,16,9,3,10,1,1,B03,7,6,1,8,2,2,  ,9,9,1,5,8,B03,24.158055,120.660388,2
2018,11,29,17,12,臺中市,南屯區,0,0,0,8,3,5,40,14,8,1,5,4,5,7,4,4,5,5,4,2,17,23,3,10,1,1,B03,7,3,1,8,2,1,  ,23,23,1,22,8,B03,24.123375,120.630302,3
2018,11,29,17,15,臺中市,新社區,0,0,0,8,,,50,,,,,,,,,,,,,,,19,  ,  ,  ,  ,B03,  ,  ,1,  ,2,  ,  ,19,19,1,22,  ,B03,24.233206,120.80954,3
2018,11,29,17,18,臺中市,烏日區,0,1,0,8,2,5,40,3,1,1,5,4,5,7,4,4,10,5,5,2,16,16,2,8,1,1,C03,7,9,1,10,2,11,  ,16,16,1,21,8,C03,24.117655,120.606015,2
2018,11,29,17,19,臺中市,龍井區,0,1,0,8,2,5,40,3,1,1,5,4,5,7,4,4,10,5,5,2,16,6,3,10,1,1,C03,7,5,1,10,2,11,  ,6,6,1,22,8,C03,24.187096,120.586097,2
2018,11,29,17,20,臺中市,東勢區,0,2,0,7,1,5,40,4,1,1,5,4,5,7,4,4,5,5,5,1,3,23,2,9,1,1,C03,7,9,3,18,8,14,  ,23,23,2,22,8,C03,24.253299,120.82884,2
2018,11,29,17,22,臺中市,龍井區,0,3,0,8,2,5,50,4,1,1,5,4,5,7,1,1,10,5,5,2,16,6,2,5,1,1,C03,7,5,1,10,2,12,  ,6,6,1,22,8,C03,24.174793,120.581376,2