年,月,日,時,分,縣市,區,死,受傷,2-30,天候,光線,道路類別,速限,道路型態,事故位置,路面鋪裝,路面狀態,路面缺陷,障礙物,視距,號誌種類,號誌動作,分向設施,快車道或一般車道間,快慢車道間,路面邊線,事故類型及型態,主要肇因,受傷程度,主要傷處,保護裝備,行動電話,當事者區分_類別,車輛用途,當事者行動狀態,駕駛資格情形,駕駛執照種類,飲酒情形,車輛撞擊部位最初,車輛撞擊部位其他,肇事因素個別,肇事因素主要,肇事逃逸,職業,旅次目的,車種,GPS座標_緯度,GPS座標_經度,事故類別
2018,11,29,17,25,臺中市,南區,0,0,,8,,,50,,,,,,,,,,,,,,,,,,,,B03,,,1,,2,,,7,,1,4,,B03,24.109595,120.661341,3
2018,11,29,17,26,臺中市,北區,0,1,0,8,3,5,50,4,1,1,5,4,5,7,2,1,10,5,5,2,13,23,2,8,1,1,C03,7,9,1,10,2,11,  ,23,23,1,21,8,C03,24.146189,120.682522,2
2018,11,29,17,26,臺中市,太平區,0,1,0,8,3,5,50,4,1,1,5,4,5,7,3,1,5,5,5,2,13,23,3,10,1,1,C03,7,9,1,10,2,11,  ,23,23,1,21,8,C03,24.131601,120.718263,2
2018,11,29,17,29,臺中市,清水區,0,2,0,8,3,5,50,4,2,1,5,4,5,7,3,1,1,4,4,2,13,16,2,2,1,1,B03,7,9,1,3,2,1,  ,16,16,1,12,8,B03,24.269403,120.557194,2
2018,11,29,17,30,臺中市,清水區,0,0,,8,,,50,,,,,,,,,,,,,2,,,,,,,B01,,,1,,2,,,6,,1,  ,,B01,24.269713,120.574568,3
2018,11,29,17,30,臺中市,沙鹿區,,,,8,,,40,,,,,,,,,,,,,,,,,,,,B12,,,1,,2,,,12,,1,  ,,B12,24.214147,120.569758,3
2018,11,29,17,30,臺中市,后里區,0,2,0,8,3,5,50,4,1,1,5,4,5,7,1,1,1,4,4,1,13,23,2,8,1,1,C03,7,9,1,10,2,11,  ,23,23,1,22,9,C03,24.304317,120.722055,2
2018,11,29,17,34,臺中市,西屯區,0,0,,8,,,60,,,,,,,,,,,,,,,,,,,,B03,,,1,,2,,,7,,1,22,,B03,24.182417,120.615237,3
2018,11,29,17,34,臺中市,太平區,0,0,,8,,,40,,,,,,,,,,,,,,,,,,,,B03,,,1,,11,,,23,,2,  ,,B03,24.104166,120.729722,3
2018,11,29,17,35,臺中市,沙鹿區,0,1,0,8,1,5,50,4,2,1,5,4,5,7,1,1,10,5,5,2,17,26,3,10,1,1,C03,7,5,1,10,2,13,  ,26,26,1,21,8,C03,24.224523,120.576655,2
2018,11,29,17,37,臺中市,潭子區,0,1,0,8,2,5,60,14,9,1,5,4,5,7,4,4,9,4,4,1,17,16,3,10,1,1,B03,7,9,1,8,2,1,  ,16,16,1,21,8,B03,24.200786,120.703908,2
2018,11,29,17,40,臺中市,北區,0,1,0,8,2,5,50,8,9,1,5,4,5,7,4,4,4,5,5,2,12,26,3,10,3,4,E05,7,9,1,3,2,6,  ,26,26,1,5,8,E05,24.154931,120.680433,2
2018,11,29,17,44,臺中市,西區,0,1,0,8,1,5,50,4,1,1,5,4,5,7,1,1,10,5,5,2,16,6,3,10,1,1,C03,7,5,1,10,2,12,  ,6,6,1,21,5,C03,24.152355,120.653002,2
2018,11,29,17,44,臺中市,南屯區,0,0,,8,,,50,,,,,,,,,,,,,,,,,,,,B03,,,1,,2,,,9,,1,22,,B03,24.145403,120.606508,3
2018,11,29,17,44,臺中市,西屯區,0,2,0,8,3,5,50,4,2,1,5,4,5,7,2,1,8,3,5,1,11,6,2,3,1,1,B03,7,5,1,8,2,2,  ,6,6,1,22,8,B03,24.178443,120.645011,2
2018,11,29,17,45,臺中市,東區,0,2,0,8,3,5,50,3,1,1,5,4,5,7,3,1,10,5,5,2,3,51,2,9,4,5,H01,8,16,8,20,10,16,  ,51,51,1,20,8,H01,24.122756,120.68435,2
2018,11,29,17,46,臺中市,西屯區,0,2,0,8,1,5,40,4,1,1,5,4,5,7,1,1,9,5,4,2,16,6,2,9,3,4,C03,7,5,1,10,2,15,  ,6,6,1,22,8,C03,24.159431,120.647283,2
2018,11,29,17,48,臺中市,大雅區,0,0,,8,,,40,,,,,,,,,,,,,,,,,,,,B12,,,1,,2,,,23,,1,  ,,B12,24.225708,120.653352,3
2018,11,29,17,50,臺中市,梧棲區,0,1,0,8,3,5,40,14,8,1,5,4,5,7,4,4,3,4,3,1,23,43,2,9,3,4,C03,7,9,1,10,2,14,  ,43,43,1,9,1,C03,24.230772,120.514774,2
2018,11,29,17,57,臺中市,西屯區,0,0,,8,,,50,,,,,,,,,,,,,,,,,,,,B03,,,1,,2,,,6,,1,4,,B03,24.191962,120.643483,3
2018,11,29,17,58,臺中市,沙鹿區,0,2,0,8,3,5,50,4,1,1,5,4,5,7,1,1,10,5,5,2,16,1,2,9,1,1,C03,7,5,1,10,2,14,  ,44,1,1,20,8,C03,24.19904,120.570754,2
2018,11,29,18,5,臺中市,南區,0,1,0,8,3,5,50,3,2,1,5,4,5,7,1,1,1,4,4,2,13,23,3,10,1,1,B03,7,9,1,8,2,5,  ,23,23,1,21,8,B03,24.119179,120.682569,2
2018,11,29,18,5,臺中市,沙鹿區,0,1,0,8,3,5,50,14,9,1,5,4,5,7,4,4,5,5,5,2,17,19,3,10,1,1,B03,7,1,1,8,2,5,  ,19,19,1,2,8,B03,24.234663,120.557722,2
2018,11,29,18,7,臺中市,梧棲區,0,1,0,8,3,5,50,3,1,1,5,4,5,7,4,4,10,5,5,2,16,6,3,10,1,1,B03,7,5,1,8,2,6,  ,6,6,1,4,5,B03,24.257838,120.53182,2
2018,11,29,18,10,臺中市,外埔區,0,2,0,8,4,5,40,14,9,1,5,4,5,7,4,4,10,5,5,1,18,43,2,9,1,4,C03,7,9,1,10,2,15,  ,43,43,1,22,8,C03,24.333405,120.65901,2
2018,11,29,18,12,臺中市,西屯區,0,1,0,8,3,5,40,3,1,1,5,4,5,7,2,1,10,5,5,2,17,23,2,9,3,4,C03,7,9,1,10,2,14,  ,23,23,1,22,8,C03,24.169588,120.642531,2
2018,11,29,18,12,臺中市,西屯區,0,1,0,8,3,5,50,3,1,1,5,4,5,7,1,1,10,5,5,2,16,6,3,10,1,1,B02,7,5,1,8,2,6,  ,6,6,1,22,8,B02,24.165854,120.647136,2
2018,11,29,18,14,臺中市,北屯區,0,1,0,8,3,5,50,3,1,1,5,4,5,7,1,1,10,5,5,2,16,6,3,10,1,1,B03,7,6,1,8,2,2,  ,6,6,1,22,8,B03,24.157021,120.727204,2
2018,11,29,18,15,臺中市,潭子區,0,0,0,8,3,5,40,14,9,1,5,4,5,7,4,4,10,5,5,1,13,16,3,10,1,1,B03,7,9,1,8,2,1,  ,16,16,1,22,9,B03,24.208411,120.714678,3
2018,11,29,18,18,臺中市,南屯區,0,1,0,8,1,5,50,14,9,1,5,4,5,7,4,4,9,5,5,2,11,23,3,10,1,1,B03,7,9,1,8,2,8,  ,23,23,1,22,9,B03,24.143435,120.648352,2
2018,11,29,18,20,臺中市,西屯區,0,1,0,8,3,5,40,14,9,1,5,4,5,7,4,4,10,5,5,2,17,17,3,10,1,1,B03,7,4,1,8,2,2,  ,17,17,1,22,8,B03,24.189669,120.622352,2
2018,11,29,18,21,臺中市,西屯區,0,1,0,8,3,5,50,3,1,1,5,4,5,7,4,4,1,4,5,2,16,6,3,10,1,1,B01,7,6,1,4,2,2,  ,6,6,1,10,8,B01,24.16498,120.650921,2
2018,11,29,18,22,臺中市,西屯區,0,0,,8,3,5,50,14,9,1,5,4,5,7,4,4,8,3,4,1,13,,,,,,B03,,,1,,2,,,23,,1,22,,B03,24.164051,120.636615,3
2018,11,29,18,24,臺中市,西屯區,0,0,,8,,,50,,,,,,,,,,,,,,,,,,,,B03,,,1,,2,,,23,,1,22,,B03,24.170696,120.654166,3
2018,11,29,18,25,臺中市,大甲區,0,1,0,8,3,5,50,4,1,1,5,4,5,7,4,4,10,5,5,2,15,6,3,10,1,1,B03,7,9,1,8,2,4,  ,6,6,1,4,8,B03,24.35023,120.618791,2
2018,11,29,18,27,臺中市,南區,0,3,0,8,3,5,50,4,2,1,5,4,5,7,1,1,1,2,4,2,12,23,2,7,1,1,C03,7,9,2,18,2,14,  ,23,23,1,4,8,C03,24.116721,120.653701,2
2018,11,29,18,27,臺中市,北屯區,0,0,,8,,,40,,,,,,,,,,,,,,,,,,,,B03,,,1,,2,,,12,,1,  ,,B03,24.19413,120.688083,3
2018,11,29,18,30,臺中市,霧峰區,0,2,0,8,3,5,40,11,9,1,5,4,5,1,4,4,9,5,5,1,16,19,2,1,3,4,C03,7,1,1,10,2,14,  ,19,19,1,18,8,C03,24.073796,120.715178,2
2018,11,29,18,39,臺中市,南區,0,1,0,8,3,5,50,4,2,1,5,4,5,7,1,1,10,5,5,2,9,21,3,10,1,1,B03,7,9,3,18,5,8,  ,21,21,1,20,9,B03,24.114181,120.659396,2
2018,11,29,18,45,臺中市,北屯區,0,0,,8,,,50,,,,,,,,,,,,,,,,,,,,B03,,,1,,2,,,23,,1,5,,B03,24.169031,120.706151,3
2018,11,29,18,47,臺中市,清水區,0,0,,8,,,70,,,,,,,,,,,,,,,,,,,,A41,,,1,,2,,,23,,1,  ,,A41,24.29411,120.552763,3
2018,11,29,18,50,臺中市,西屯區,0,4,0,8,3,5,40,4,1,1,5,4,5,7,2,1,10,5,5,2,13,13,2,9,3,4,C03,7,9,4,8,2,11,  ,13,13,1,22,8,C03,24.18249,120.602211,2
2018,11,29,18,50,臺中市,大雅區,0,0,,8,,,50,,,,,,,,,,,,,,,,,,,,B03,,,1,,2,,,9,,1,22,,B03,24.22121,120.64786,3
2018,11,29,19,6,臺中市,西屯區,0,0,,8,,,25,,,,,,,,,,,,,,,,,,,,B03,,,1,,2,,,23,,1,22,,B03,24.20019,120.648905,3
2018,11,29,19,11,臺中市,北區,0,1,0,8,1,5,50,4,1,1,5,4,5,7,4,4,10,5,5,2,13,16,2,9,1,1,C03,7,9,1,10,2,11,  ,16,16,1,21,8,C03,24.147872,120.674857,2
2018,11,29,19,12,臺中市,南屯區,0,0,,8,,,50,,,,,,,,,,,,,,,,,,,,B12,,,3,,2,,,23,,1,5,,B12,24.151286,120.648746,3
2018,11,29,19,15,臺中市,南區,0,0,,,,,,,,,,,,,,,,,,,,,,,,,B12,,,1,,2,,,23,,1,21,,B12,24.125234,120.683764,3
2018,11,29,19,15,臺中市,豐原區,0,0,,,,,,,,,,,,,,,,,,,,,,,,,,,,,,,,,,,,,,,,,3
2018,11,29,19,16,臺中市,西屯區,0,1,0,8,3,5,50,3,1,1,5,4,5,7,2,1,10,5,5,2,16,9,3,10,1,1,B03,7,6,1,8,2,2,  ,9,9,1,22,8,B03,24.18354,120.613132,2
2018,11,29,19,19,臺中市,西區,0,1,0,8,1,5,50,4,1,1,5,4,5,7,4,4,10,5,5,2,16,6,3,10,1,1,B03,7,5,1,8,2,5,  ,6,6,1,5,8,B03,24.153672,120.663127,2
2018,11,29,19,20,臺中市,北屯區,0,2,0,8,3,5,50,4,1,1,5,4,5,7,3,1,10,5,5,2,16,6,2,9,1,1,C03,7,9,1,10,2,11,  ,6,6,1,21,8,C03,24.181071,120.673714,2
2018,11,29,19,20,臺中市,神岡區,0,1,0,8,1,5,50,14,7,1,5,4,5,7,4,4,9,5,4,2,27,23,2,9,3,4,C03,7,9,1,10,2,11,  ,23,23,1,22,9,C03,24.258553,120.686433,2
2018,11,29,19,27,臺中市,沙鹿區,0,1,0,8,3,5,60,14,8,1,5,4,5,7,4,4,1,4,2,1,17,9,3,10,1,1,B03,7,6,1,8,2,15,  ,9,9,1,21,8,B03,24.250201,120.584942,2
2018,11,29,19,30,臺中市,西屯區,0,0,,8,3,5,40,5,2,1,5,4,5,7,4,4,10,5,5,2,14,,,,,,B03,,,1,,2,,,12,,1,22,,B03,24.181683,120.615826,3
2018,11,29,19,38,臺中市,石岡區,0,0,,8,,,70,,,,,,,,,,,,,,,,,,,,C03,,,1,,2,,,8,,1,22,,C03,24.277234,120.763888,3
2018,11,29,19,42,臺中市,西屯區,0,0,0,8,,,50,,,,,,,,,,,,,,,7,  ,  ,  ,  ,B03,  ,  ,1,  ,2,  ,  ,7,7,1,5,  ,B03,24.173006,120.66731,3
2018,11,29,19,42,臺中市,大里區,0,0,,8,,,60,,,,,,,,,,,,,,,,,,,,B03,,,1,,2,,,26,,1,5,,B03,24.104751,120.681798,3
2018,11,29,19,45,臺中市,梧棲區,0,1,0,8,3,5,50,4,1,1,5,4,5,7,4,4,10,5,5,2,15,6,2,8,1,1,C03,7,9,1,10,2,12,  ,6,6,1,9,5,C03,24.251681,120.529225,2
2018,11,29,19,48,臺中市,后里區,0,1,0,8,3,5,50,4,1,1,5,4,5,7,3,1,10,5,5,2,16,23,3,10,1,1,C03,7,4,4,11,2,12,  ,23,23,1,21,9,C03,24.301088,120.712611,2
2018,11,29,19,58,臺中市,南屯區,0,1,0,8,3,5,50,4,1,1,5,4,5,7,2,1,10,5,5,2,16,6,3,10,1,1,B01,7,5,1,4,2,6,  ,6,6,1,10,8,B01,24.146919,120.643867,2
2018,11,29,20,0,臺中市,南區,0,0,,8,,,50,,,,,,,,,,,,,,,,,,,,   ,,,7,,10,,,67,,1,  ,,   ,24.129796,120.679863,3
2018,11,29,20,0,臺中市,南屯區,,,,8,,,50,,,,,,,,,,,,,,,,,,,,B12,,,1,,2,,,16,,1,22,,B12,24.150876,120.632715,3
2018,11,29,20,5,臺中市,龍井區,0,1,0,8,3,5,50,14,9,1,5,4,5,7,4,4,9,5,5,1,17,12,3,10,1,1,B03,7,2,1,8,2,8,  ,12,12,1,22,8,B03,24.191797,120.588856,2
2018,11,29,20,7,臺中市,潭子區,0,1,0,8,3,5,40,3,1,1,5,4,5,7,4,4,10,5,5,2,3,53,3,10,1,1,B03,7,9,1,8,2,8,  ,23,53,1,21,8,B03,24.19549,120.704033,2
2018,11,29,20,28,臺中市,神岡區,0,0,0,8,,,50,,,,,,,,,,,,,,,26,  ,  ,  ,  ,C03,  ,  ,1,  ,2,  ,  ,26,26,  ,21,  ,C03,24.254226,120.69665,3
2018,11,29,20,29,臺中市,北區,0,0,,8,,,50,,,,,,,,,,,,,,,,,,,,B03,,,1,,2,,,23,,1,  ,,B03,24.159223,120.675445,3
2018,11,29,20,37,臺中市,西屯區,0,0,,8,,,1,,,,,,,,,,,,,,,,,,,,B03,,,1,,2,,,19,,1,22,,B03,24.164461,120.642483,3
2018,11,29,20,45,臺中市,烏日區,0,1,0,8,3,5,70,3,2,1,5,4,5,7,2,1,1,5,5,1,13,16,3,10,1,1,B03,7,11,1,8,2,6,  ,10,16,1,21,8,B03,24.107556,120.611264,2
2018,11,29,20,45,臺中市,大肚區,0,1,0,8,1,5,50,14,7,1,5,4,5,7,4,4,1,3,4,1,12,19,3,10,1,1,B03,7,1,1,8,2,1,  ,19,19,1,19,8,B03,24.124105,120.563295,2
2018,11,29,20,47,臺中市,北區,0,1,0,8,3,5,50,5,1,1,5,4,5,7,1,1,10,5,5,2,12,6,3,10,3,4,C03,7,5,1,10,2,13,  ,6,6,1,5,8,C03,24.172868,120.679361,2
2018,11,29,20,54,臺中市,烏日區,0,0,0,8,,,40,,,,,,,,,,,,,,,67,3,10,1,1,A11,7,8,1,3,2,5,  ,7,67,1,10,1,A11,24.107324,120.649597,3
2018,11,29,21,5,臺中市,北屯區,0,0,0,8,3,5,50,3,1,1,5,4,5,7,4,4,10,5,5,2,25,23,3,10,1,1,B03,7,15,3,18,8,5,  ,23,23,1,21,8,B03,24.18456,120.668648,3
2018,11,29,21,35,臺中市,大里區,0,1,0,8,3,5,50,4,1,1,5,4,5,7,1,1,10,5,5,2,13,16,2,9,1,1,C03,7,9,1,10,2,14,  ,16,16,1,18,9,C03,24.092848,120.690172,2
2018,11,29,21,35,臺中市,大肚區,0,1,0,8,3,5,30,11,9,1,5,4,5,7,4,4,5,5,5,2,17,23,2,9,1,1,C03,7,9,1,10,2,12,  ,23,23,1,18,2,C03,24.155164,120.560972,2
2018,11,29,21,38,臺中市,北屯區,0,1,0,8,3,5,50,14,7,1,5,4,5,7,4,4,9,5,4,2,16,19,3,10,1,1,B03,7,1,1,8,2,8,  ,19,19,1,5,8,B03,24.186265,120.687036,2
2018,11,29,21,41,臺中市,沙鹿區,0,2,0,8,3,5,60,3,1,1,5,4,5,7,1,1,10,5,5,2,17,25,3,10,1,1,B03,7,5,1,8,2,2,  ,25,25,1,21,8,B03,24.209785,120.581317,2
2018,11,29,21,42,臺中市,西屯區,0,2,0,8,3,5,50,4,2,1,5,4,5,7,1,1,8,3,5,1,12,44,2,9,1,1,C03,7,5,1,10,2,14,  ,44,44,1,22,8,C03,24.174771,120.646975,2
2018,11,29,22,0,臺中市,西屯區,0,0,,8,,,50,,,,,,,,,,,,,,,,,,,,B03,,,1,,2,,,17,,1,22,,B03,24.166863,120.637814,3
2018,11,29,22,11,臺中市,大里區,0,0,,8,,,40,,,,,,,,,,,,,,,,,,,,B03,,,1,,3,,,6,,1,19,,B03,24.086386,120.691651,3
2018,11,29,22,13,臺中市,大甲區,0,1,0,8,3,5,50,3,1,1,5,4,5,7,1,1,10,5,5,2,16,43,3,10,1,1,B03,7,5,1,8,2,8,  ,43,43,1,4,8,B03,24.352246,120.631422,2
2018,11,29,22,22,臺中市,大里區,0,2,0,8,3,5,50,3,1,1,5,4,5,7,1,1,10,5,5,2,17,26,2,1,1,1,C03,7,9,1,10,2,11,  ,26,26,1,21,5,C03,24.090662,120.692976,2
2018,11,29,22,23,臺中市,南區,0,0,0,8,,,50,,,,,,,,,,,,,,,,  ,  ,  ,  ,   ,  ,  ,  ,  ,  ,  ,  ,  ,  ,  ,  ,  ,   ,24.131223,120.679566,3
2018,11,29,22,25,臺中市,西區,0,1,0,8,3,5,50,14,9,1,5,4,5,7,4,4,5,4,5,2,17,23,2,9,1,1,C03,7,8,1,10,2,14,  ,23,23,1,21,8,C03,24.146683,120.662837,2
2018,11,29,22,30,臺中市,東區,0,1,0,8,3,5,50,4,1,1,5,4,5,7,1,1,10,5,5,2,16,1,2,9,1,1,C03,7,4,1,10,2,14,  ,1,1,1,5,8,C03,24.140635,120.710155,2
2018,11,29,22,35,臺中市,北屯區,0,0,0,8,,,50,,,,,,,,,,,,,,,19,  ,  ,  ,  ,A02,  ,  ,1,  ,2,  ,  ,19,19,1,10,  ,A02,24.169506,120.702846,3
2018,11,29,22,39,臺中市,北屯區,0,0,,8,,,50,,,,,,,,,,,,,,,,,,,,B03,,,1,,2,,,23,,1,21,,B03,24.17305,120.685711,3
2018,11,29,23,7,臺中市,東區,0,1,0,8,3,5,50,4,2,1,5,4,5,7,4,4,5,5,5,2,17,23,2,9,1,1,C03,7,9,1,10,2,11,  ,23,23,1,5,8,C03,24.129396,120.691693,2
2018,11,29,23,21,臺中市,沙鹿區,0,2,0,8,3,5,40,4,1,1,5,4,5,7,3,1,10,5,5,2,15,6,2,9,1,1,C03,7,9,1,10,2,14,  ,6,6,1,18,8,C03,24.215485,120.579876,2
2018,11,29,23,28,臺中市,大雅區,0,2,0,8,3,5,50,14,9,1,5,4,5,7,4,4,5,5,5,2,16,19,2,7,1,1,C03,7,1,1,10,2,14,  ,19,19,1,22,8,C03,24.22687,120.649856,2
2018,11,29,23,30,臺中市,西區,0,2,0,8,3,5,50,4,1,1,5,4,5,7,3,1,10,5,5,2,15,6,2,9,1,1,C03,7,9,1,10,2,11,  ,6,6,1,22,9,C03,24.146677,120.664278,2
2018,11,29,23,31,臺中市,北屯區,0,0,,8,,,50,,,,,,,,,,,,,,,,,,,,B03,,,1,,2,,,16,,1,22,,B03,24.170695,120.691205,3
2018,11,29,23,59,臺中市,北屯區,0,0,0,8,,,40,,,,,,,,,,,,,,,23,  ,  ,  ,  ,B03,  ,  ,3,  ,11,  ,  ,23,23,1,  ,  ,B03,24.176035,120.6936,3
2018,11,30,1,50,臺中市,龍井區,0,2,0,7,3,5,40,14,8,1,5,4,5,7,4,4,1,4,1,2,18,13,2,1,1,1,C03,7,8,1,10,3,12,  ,13,13,1,18,8,C03,24.188501,120.573511,2
2018,11,30,2,30,臺中市,大里區,0,0,,8,,,50,,,,,,,,,,,,,,,67,,,,,B03,,,1,,2,,,43,67,1,21,,B03,24.111683,120.684021,3
2018,11,30,3,8,臺中市,霧峰區,0,1,0,8,3,5,50,14,9,1,5,4,5,7,3,1,9,5,5,1,17,6,2,8,1,1,C03,7,9,1,10,2,11,  ,6,6,1,21,8,C03,24.076226,120.715853,2
2018,11,30,4,49,臺中市,東區,0,1,0,8,3,5,50,4,1,1,5,4,5,7,1,1,10,5,5,2,29,25,2,9,1,1,C03,7,9,2,18,2,14,  ,25,25,1,5,8,C03,24.143561,120.685936,2
2018,11,30,5,24,臺中市,西屯區,0,2,0,8,4,5,50,4,1,1,5,4,5,7,1,1,10,5,5,2,13,23,2,9,1,1,C03,7,9,1,10,2,11,  ,23,23,1,21,8,C03,24.186571,120.621821,2
2018,11,30,5,25,臺中市,北屯區,0,1,0,8,3,5,50,4,1,1,5,4,5,7,1,1,10,5,5,2,28,23,2,9,3,4,C03,7,9,1,10,2,11,  ,23,23,1,21,8,C03,24.17735,120.669323,2
2018,11,30,6,15,臺中市,西屯區,0,0,,8,,,50,,,,,,,,,,,,,,,,,,,,B03,,,1,,2,,,42,,1,  ,,B03,24.192023,120.610966,3
2018,11,30,6,31,臺中市,南屯區,0,0,,8,,,40,,,,,,,,,,,,,,,,,,,,B12,,,1,,2,,,42,,  ,22,,B12,24.146452,120.621267,3
2018,11,30,6,44,臺中市,大雅區,0,3,0,8,1,5,40,14,9,1,5,4,5,7,3,1,10,5,5,2,13,23,2,8,1,1,C03,7,9,1,10,2,11,  ,23,23,1,22,9,C03,24.224092,120.638059,2
2018,11,30,6,52,臺中市,西屯區,0,1,0,8,1,5,40,3,1,1,5,4,5,7,4,4,10,5,5,2,17,6,2,9,1,1,C03,7,5,1,10,2,11,  ,6,6,1,21,8,C03,24.168078,120.620091,2
2018,11,30,6,57,臺中市,南區,0,1,0,8,1,5,50,3,1,1,5,4,5,7,4,4,10,5,5,2,17,19,2,9,1,1,C03,7,1,1,10,2,11,  ,19,19,1,4,1,C03,24.128883,120.666874,2
2018,11,30,6,59,臺中市,太平區,0,0,,8,,,50,,,,,,,,,,,,,,,,,,,,C03,,,1,,2,,,19,,1,18,,C03,24.112254,120.730885,3
2018,11,30,7,0,臺中市,太平區,0,0,,8,,,50,,,,,,,,,,,,,,,,,,,,C03,,,1,,2,,,23,,1,18,,C03,24.110131,120.730071,3
2018,11,30,7,6,臺中市,西區,0,3,0,8,1,5,50,4,1,1,5,4,5,7,1,1,1,4,1,2,16,25,2,9,3,4,C03,7,9,2,18,2,14,  ,25,25,1,21,8,C03,24.158296,120.657904,2
2018,11,30,7,7,臺中市,太平區,0,1,0,8,1,5,50,14,13,1,5,4,5,7,4,4,5,5,5,1,8,23,3,10,1,1,C03,7,9,1,10,2,11,  ,23,23,1,21,8,C03,24.131272,120.719808,2
2018,11,30,7,10,臺中市,北屯區,0,0,0,8,,,40,,,,,,,,,,,,,,,23,  ,  ,  ,  ,C03,  ,  ,1,  ,2,  ,  ,23,23,1,22,  ,C03,24.161971,120.71895,3
2018,11,30,7,16,臺中市,霧峰區,0,1,0,8,1,5,50,4,1,1,5,4,5,7,4,4,10,5,5,2,16,23,3,10,1,1,C03,7,4,1,10,2,14,  ,23,23,1,21,8,C03,24.067151,120.698993,2
2018,11,30,7,25,臺中市,大里區,0,0,0,8,1,2,80,10,7,1,5,4,5,7,4,4,1,4,5,1,13,16,3,10,1,1,B03,7,9,1,8,2,8,  ,16,16,1,12,8,B03,24.092338,120.68586,3
2018,11,30,7,25,臺中市,龍井區,0,3,0,8,1,5,40,14,12,1,5,4,5,7,4,4,1,4,1,1,13,16,2,9,1,4,C03,7,9,1,10,2,11,  ,16,16,1,18,8,C03,24.187277,120.583544,2
2018,11,30,7,26,臺中市,南區,0,1,0,8,1,5,50,3,1,1,5,4,5,7,4,4,10,5,5,2,16,8,2,9,1,1,C03,7,14,1,10,2,11,  ,38,8,1,21,8,C03,24.121816,120.653061,2
2018,11,30,7,29,臺中市,清水區,0,2,0,8,1,5,50,4,2,1,5,4,5,7,1,1,10,5,5,2,16,10,2,9,1,1,C03,7,11,1,10,2,11,  ,10,10,1,21,1,C03,24.262407,120.572662,2
2018,11,30,7,30,臺中市,北區,0,0,,8,,,50,,,,,,,,,,,,,,,,,,,,B03,,,1,,2,,,23,,1,  ,,B03,24.16301,120.674661,3
2018,11,30,7,30,臺中市,西屯區,0,0,,8,,,40,,,,,,,,,,,,,,,,,,,,B03,,,1,,2,,,23,,1,  ,,B03,24.163248,120.629476,3
2018,11,30,7,30,臺中市,龍井區,0,0,,8,,,40,,,,,,,,,,,,,,,,,,,,B03,,,1,,2,,,17,,1,22,,B03,24.182842,120.58565,3
2018,11,30,7,32,臺中市,北屯區,0,2,0,8,1,5,50,5,1,1,5,4,5,7,2,1,10,5,5,2,16,25,3,10,1,1,B03,7,5,1,8,2,5,  ,25,25,1,5,8,B03,24.171973,120.690966,2
2018,11,30,7,33,臺中市,大安區,0,0,0,,,,,,,,,,,,,,,,,,,23,  ,  ,  ,  ,B03,  ,  ,1,  ,2,  ,  ,23,23,1,21,  ,B03,24.361321,120.582889,3
2018,11,30,7,37,臺中市,龍井區,0,1,0,8,1,5,40,14,8,1,5,4,5,7,4,4,1,4,4,2,18,43,2,9,1,1,C03,7,9,1,10,2,11,  ,43,43,1,3,1,C03,24.221093,120.531926,2
2018,11,30,7,40,臺中市,西屯區,0,2,0,8,1,5,50,4,1,1,5,4,5,7,4,4,10,5,5,2,17,6,2,9,1,1,C03,7,5,1,10,2,12,  ,6,6,1,22,9,C03,24.179831,120.637696,2
2018,11,30,7,40,臺中市,烏日區,0,0,,8,,,50,,,,,,,,,,,,,,,,,,,,A12,,,1,,2,,,6,,1,  ,,A12,24.116216,120.608572,3
2018,11,30,7,43,臺中市,大安區,0,0,,8,,,60,,,,,,,,,,,,,,,,,,,,B03,,,1,,2,,,16,,1,9,,B03,24.3398,120.570789,3
2018,11,30,7,44,臺中市,中區,0,1,0,8,1,5,50,3,1,1,5,4,5,7,2,1,10,5,5,2,15,25,2,9,1,1,C03,7,9,1,10,2,12,  ,44,25,1,2,1,C03,24.139287,120.678341,2
2018,11,30,7,45,臺中市,西屯區,0,1,0,8,1,5,40,14,9,1,5,4,5,7,4,4,10,5,5,2,16,19,2,9,1,1,C03,7,1,1,10,2,12,  ,19,19,1,18,8,C03,24.185225,120.622724,2
2018,11,30,7,45,臺中市,大里區,0,0,0,8,,,50,,,,,,,,,,,,,,,16,3,10,1,1,C03,7,9,1,10,2,11,  ,16,16,1,22,1,C03,24.094241,120.713306,3
2018,11,30,7,50,臺中市,沙鹿區,0,1,0,8,1,5,50,4,1,1,5,4,5,7,4,4,10,5,5,2,16,44,3,10,1,1,B03,7,5,1,8,2,8,  ,44,44,1,3,1,B03,24.259822,120.598583,2
2018,11,30,7,51,臺中市,北區,0,1,0,8,1,5,50,4,2,1,5,4,5,7,1,1,8,3,5,2,11,6,3,10,1,1,B03,7,8,1,8,2,1,  ,6,6,1,4,9,B03,24.155622,120.675416,2