年,月,日,時,分,縣市,區,死,受傷,2-30,天候,光線,道路類別,速限,道路型態,事故位置,路面鋪裝,路面狀態,路面缺陷,障礙物,視距,號誌種類,號誌動作,分向設施,快車道或一般車道間,快慢車道間,路面邊線,事故類型及型態,主要肇因,受傷程度,主要傷處,保護裝備,行動電話,當事者區分_類別,車輛用途,當事者行動狀態,駕駛資格情形,駕駛執照種類,飲酒情形,車輛撞擊部位最初,車輛撞擊部位其他,肇事因素個別,肇事因素主要,肇事逃逸,職業,旅次目的,車種,GPS座標_緯度,GPS座標_經度,事故類別
2018,11,30,7,55,臺中市,北屯區,0,1,0,8,1,5,40,3,1,1,5,4,5,7,4,4,10,5,5,2,16,19,2,7,3,4,C03,7,1,1,10,2,11,  ,19,19,1,21,8,C03,24.174962,120.717545,2
2018,11,30,7,55,臺中市,西屯區,0,0,0,8,,,50,,,,,,,,,,,,,,,43,  ,  ,  ,  ,C03,  ,  ,1,  ,2,  ,  ,43,43,1,21,  ,C03,24.174423,120.622431,3
2018,11,30,7,56,臺中市,北區,0,0,,8,,,50,,,,,,,,,,,,,,,,,,,,B03,,,1,,2,,,23,,1,  ,,B03,24.16348,120.670453,3
2018,11,30,7,57,臺中市,西屯區,0,1,0,8,1,5,50,14,9,1,5,4,5,7,4,4,1,4,5,2,17,43,3,10,3,4,B03,7,9,1,8,2,2,  ,43,43,1,21,8,B03,24.172664,120.626255,2
2018,11,30,7,58,臺中市,北區,0,0,,8,,,50,,,,,,,,,,,,,,,,,,,,B03,,,1,,2,,,16,,1,22,,B03,24.159723,120.684997,3
2018,11,30,7,58,臺中市,霧峰區,0,2,0,8,1,5,40,4,2,1,5,4,5,7,4,4,10,5,5,2,16,6,2,9,1,1,C03,7,5,1,10,2,12,  ,6,6,1,21,1,C03,24.065339,120.683003,2
2018,11,30,7,59,臺中市,西區,0,0,,8,,,50,,,,,,,,,,,,,,,,,,,,C03,,,1,,2,,,42,,1,2,,C03,24.155663,120.660406,3
2018,11,30,8,0,臺中市,大甲區,0,1,0,8,1,5,50,14,9,1,5,4,5,7,4,4,5,5,5,1,13,16,2,8,1,1,C03,7,9,1,10,2,11,  ,16,16,1,5,8,C03,24.345188,120.622534,2
2018,11,30,8,12,臺中市,西屯區,0,0,,8,1,5,40,3,1,1,5,4,5,7,4,4,,4,5,2,16,23,,,,,,,,,,,,,,,,,,,24.194973,120.62453,3
2018,11,30,8,15,臺中市,大里區,0,1,0,8,1,5,50,14,9,1,5,4,5,7,4,4,5,4,5,1,16,26,3,10,1,1,B03,7,11,1,8,2,5,  ,26,26,1,20,8,B03,24.092089,120.700031,2
2018,11,30,8,15,臺中市,大雅區,0,2,0,8,1,5,50,4,1,1,5,4,5,7,4,4,5,5,5,1,15,6,2,8,1,1,C03,7,9,1,10,2,14,  ,6,6,1,21,8,C03,24.249124,120.654643,2
2018,11,30,8,16,臺中市,南屯區,0,1,0,8,1,5,40,3,1,1,5,4,5,7,1,1,10,5,5,2,16,25,2,9,1,1,C03,7,9,1,10,2,14,  ,25,25,1,22,8,C03,24.155528,120.597246,2
2018,11,30,8,16,臺中市,西屯區,0,1,0,8,1,5,50,15,9,1,5,4,5,7,4,4,9,5,5,2,16,6,3,10,1,1,C03,7,15,1,10,2,14,  ,6,6,1,22,9,C03,24.174785,120.666508,2
2018,11,30,8,17,臺中市,西屯區,0,2,0,8,1,5,40,14,8,1,5,4,5,7,4,4,1,4,1,2,17,43,2,9,3,4,C03,7,9,1,10,2,15,  ,43,43,1,21,8,C03,24.161203,120.652885,2
2018,11,30,8,18,臺中市,西屯區,0,2,0,8,1,5,40,4,1,1,5,4,5,7,4,4,10,5,5,2,15,6,2,8,1,1,C03,7,9,1,10,2,11,12,6,6,1,18,8,C03,24.175986,120.648445,2
2018,11,30,8,20,臺中市,西屯區,0,2,0,8,1,5,40,14,8,1,5,4,5,7,4,4,1,4,1,2,13,16,2,9,1,1,C03,7,9,1,10,2,11,  ,16,16,1,21,8,C03,24.16507,120.645433,2
2018,11,30,8,20,臺中市,清水區,0,1,0,8,1,5,40,15,9,1,5,4,5,7,4,4,10,5,5,2,17,23,3,10,1,1,B03,7,6,1,8,2,1,  ,23,23,1,21,8,B03,24.277163,120.572176,2
2018,11,30,8,28,臺中市,中區,0,1,0,8,1,5,50,14,9,1,5,4,5,7,4,4,5,4,5,2,13,16,3,10,3,4,C03,7,6,1,10,2,11,  ,16,16,1,21,8,C03,24.145541,120.677073,2
2018,11,30,8,29,臺中市,西屯區,0,1,0,8,1,5,50,14,9,1,5,4,5,7,4,4,1,4,5,2,18,43,2,2,3,4,C03,7,9,1,10,2,14,  ,43,43,1,21,8,C03,24.19103,120.596561,2
2018,11,30,8,29,臺中市,大里區,0,1,0,8,1,5,40,4,1,1,5,4,5,7,4,4,10,5,5,2,16,8,3,10,1,1,B03,7,5,1,8,2,1,  ,8,8,1,21,8,B03,24.09008,120.702671,2
2018,11,30,8,30,臺中市,南屯區,0,2,0,7,1,5,50,3,1,1,5,4,5,7,4,4,10,5,5,2,16,8,2,9,1,1,C03,7,5,3,18,2,14,  ,8,8,1,21,8,C03,24.153616,120.652169,2
2018,11,30,8,30,臺中市,大里區,0,1,0,8,1,5,40,14,9,1,5,4,5,7,4,4,9,5,5,1,17,42,3,10,1,1,A12,7,14,1,1,2,15,  ,42,42,1,22,5,A12,24.103131,120.703991,2
2018,11,30,8,30,臺中市,太平區,0,0,,8,,,40,,,,,,,,,,,,,,,,,,,,B12,,,1,,2,,,12,,1,4,,B12,24.131801,120.725533,3
2018,11,30,8,30,臺中市,清水區,0,0,,8,,,40,,,,,,,,,,,,,,,,,,,,B03,,,1,,9,,,12,,1,21,,B03,24.261838,120.55122,4
2018,11,30,8,38,臺中市,南區,0,0,0,8,,,50,,,,,,,,,,,,,,,23,3,  ,  ,  ,C03,  ,  ,1,  ,2,  ,  ,23,23,  ,9,  ,C03,24.132245,120.676603,3
2018,11,30,8,38,臺中市,烏日區,0,0,0,8,,,40,,,,,,,,,,,,,,,23,  ,  ,  ,  ,B03,  ,  ,1,  ,2,  ,  ,23,23,1,22,  ,B03,24.118956,120.617204,3
2018,11,30,8,40,臺中市,北區,0,1,0,8,1,5,50,14,9,1,5,4,5,7,4,4,8,3,4,2,13,23,2,9,1,1,C03,7,9,1,10,2,11,  ,23,23,1,5,8,C03,24.161848,120.670439,2
2018,11,30,8,45,臺中市,烏日區,0,1,0,8,1,5,60,14,9,1,5,4,5,6,4,4,1,4,5,1,12,7,3,10,1,1,B03,7,8,1,8,2,2,  ,7,7,1,21,8,B03,24.081866,120.647711,2
2018,11,30,8,47,臺中市,西區,0,1,0,8,1,5,50,4,1,1,5,4,5,7,4,4,10,5,5,2,15,6,2,9,1,1,C03,7,9,1,10,2,11,  ,6,6,1,5,7,C03,24.151602,120.673623,2
2018,11,30,8,50,臺中市,南屯區,0,0,,8,,,50,,,,,,,,,,,,,,,,,,,,B03,,,3,,2,,,26,,1,21,,B03,24.142624,120.648389,3
2018,11,30,8,54,臺中市,沙鹿區,0,1,0,8,1,5,50,14,9,1,5,4,5,7,4,4,4,5,5,2,12,17,3,10,1,1,B03,7,9,1,8,2,2,  ,17,17,1,2,9,B03,24.235051,120.560449,2
2018,11,30,8,58,臺中市,中區,0,1,0,8,1,5,50,14,9,1,5,4,5,7,4,4,10,4,5,2,13,23,3,10,1,1,B03,7,9,1,8,2,8,  ,23,23,1,22,9,B03,24.140307,120.677375,2
2018,11,30,9,19,臺中市,北區,0,1,0,8,1,5,50,3,1,1,5,4,5,7,4,4,1,4,5,2,16,9,3,10,1,1,B03,7,6,1,8,2,5,  ,9,9,1,22,8,B03,24.150692,120.676782,2
2018,11,30,9,19,臺中市,西屯區,0,1,0,8,1,5,50,4,1,1,5,4,5,7,4,4,10,5,5,2,3,23,3,10,1,1,B03,7,5,1,8,2,1,  ,23,23,1,21,8,B03,24.183133,120.616616,2
2018,11,30,9,23,臺中市,西屯區,0,1,0,8,1,5,50,3,1,1,5,4,5,7,1,1,10,5,5,2,16,43,2,9,3,4,C03,7,5,1,10,2,11,  ,43,43,1,21,8,C03,24.175875,120.650655,2
2018,11,30,9,23,臺中市,梧棲區,0,0,,8,,,40,,,,,,,,,,,,,,,,,,,,B03,,,1,,2,,,23,,1,3,,B03,24.222436,120.526606,4
2018,11,30,9,29,臺中市,西區,0,0,,,,,,,,,,,,,,,,,,,,,,,,,   ,,,7,,11,,,43,,1,  ,,   ,,,3
2018,11,30,9,30,臺中市,北區,0,0,0,8,,,50,,,,,,,,,,,,,,,23,  ,  ,  ,  ,B03,  ,  ,1,  ,2,  ,  ,23,23,1,  ,  ,B03,24.163001,120.683575,3
2018,11,30,9,35,臺中市,東勢區,0,1,0,8,1,5,40,3,1,1,5,4,5,7,4,4,5,5,5,1,3,15,3,10,1,1,B12,7,5,1,8,2,8,  ,15,15,1,22,8,B12,24.256719,120.828577,2
2018,11,30,9,36,臺中市,西區,0,1,0,8,1,5,50,4,1,1,5,4,5,7,4,4,5,4,4,2,12,17,2,9,3,4,C03,7,9,1,10,2,14,  ,17,17,1,21,8,C03,24.1359,120.672809,2
2018,11,30,9,36,臺中市,西屯區,0,1,0,8,1,5,50,14,8,1,5,4,5,7,4,4,1,5,1,2,17,6,3,10,1,1,B03,7,6,1,10,2,5,  ,6,6,1,21,8,B03,24.160423,120.637251,2
2018,11,30,9,37,臺中市,南屯區,0,0,,8,,,60,,,,,,,,,,,,,,,,,,,,B02,,,1,,2,,,23,,1,22,,B02,24.149842,120.623211,3
2018,11,30,9,38,臺中市,南屯區,0,0,0,8,,,40,,,,,,,,4,,,,,,,23,3,  ,  ,  ,A12,  ,  ,1,  ,2,  ,  ,23,23,1,21,  ,A12,24.135329,120.643905,3
2018,11,30,9,41,臺中市,北區,0,1,0,8,1,5,50,14,7,1,5,4,5,7,4,4,2,4,4,2,18,23,2,9,1,1,C03,7,9,1,10,2,14,  ,23,23,1,21,8,C03,24.163117,120.683918,2
2018,11,30,9,43,臺中市,西屯區,0,1,0,8,1,5,50,3,1,1,5,4,5,7,4,4,10,5,5,2,16,17,3,10,1,1,A31,7,9,1,1,2,2,  ,17,17,1,22,9,A31,24.170733,120.647355,2
2018,11,30,9,48,臺中市,西屯區,0,4,0,8,1,5,40,14,8,1,5,4,5,7,4,4,1,5,1,2,13,16,2,9,3,4,C03,7,9,1,10,2,11,  ,16,16,1,21,8,C03,24.183958,120.608198,2
2018,11,30,9,50,臺中市,新社區,0,0,0,8,,,40,,,,,,,,,,,,,,,12,  ,  ,  ,  ,B03,  ,  ,1,  ,2,  ,  ,12,12,1,22,  ,B03,24.195516,120.807483,3
2018,11,30,10,0,臺中市,大里區,0,0,0,8,1,5,40,11,9,1,5,4,5,7,4,4,10,5,5,2,12,17,3,10,1,1,A11,7,9,1,2,2,6,  ,17,17,1,10,3,A11,24.103883,120.69953,3
2018,11,30,10,1,臺中市,大雅區,0,0,,8,,,50,,,,,,,,,,,,,,,,,,,,B03,,,1,,2,,,23,,1,  ,,B03,24.227171,120.655792,3
2018,11,30,10,2,臺中市,烏日區,0,0,,8,,,60,,,,,,,,,,,,,,,,,,,,B03,,,1,,9,,,7,,1,7,,B03,24.092546,120.646418,3
2018,11,30,10,5,臺中市,龍井區,0,0,,8,,,70,,,,,,,,,,,,,,,,,,,,B03,,,1,,2,,,16,,1,22,,B03,24.185571,120.587142,3
2018,11,30,10,9,臺中市,東區,0,0,,,,,,,,,,,,,,,,,,,,,,,,,B12,,,1,,2,,,12,,1,  ,,B12,24.129443,120.703078,3
2018,11,30,10,10,臺中市,龍井區,0,1,0,8,1,5,40,11,9,1,5,4,5,7,4,4,5,5,5,1,20,43,2,9,3,4,B12,7,9,1,4,2,8,  ,43,43,1,5,9,B12,24.187905,120.556246,2
2018,11,30,10,15,臺中市,南屯區,0,0,,8,,,50,,,,,,,,,,,,,,,,,,,,B03,,,1,,2,,,23,,1,22,,B03,24.143583,120.614106,3
2018,11,30,10,15,臺中市,太平區,0,0,,8,,,50,,,,,,,,,,,,,,,,,,,,B12,,,1,,2,,,19,,1,  ,,B12,24.155555,120.728888,3
2018,11,30,10,16,臺中市,東區,0,1,0,8,1,5,50,4,1,1,5,4,5,7,1,1,10,5,5,2,3,23,3,10,1,1,B03,7,5,1,8,2,1,  ,23,23,1,22,8,B03,24.1318,120.690345,2
2018,11,30,10,19,臺中市,大里區,0,1,0,8,1,5,50,4,1,1,5,4,5,7,4,4,10,5,5,2,15,6,2,9,1,1,C03,7,9,1,10,2,11,  ,6,6,1,21,8,C03,24.102513,120.69757,2
2018,11,30,10,25,臺中市,北區,0,1,0,8,1,5,50,14,9,1,5,4,5,7,1,1,5,5,5,2,16,26,2,9,1,1,C04,7,5,1,10,2,14,  ,26,26,1,22,8,C04,24.155614,120.687508,2
2018,11,30,10,26,臺中市,梧棲區,0,0,,8,,,50,,,,,,,,,,,,,,,,,,,,B12,,,1,,10,,,40,,1,4,,B12,24.244888,120.541431,3
2018,11,30,10,27,臺中市,西屯區,0,1,0,8,1,5,40,14,7,1,5,4,5,7,4,4,9,5,4,2,16,10,3,10,3,4,B12,7,11,1,8,2,2,  ,10,10,1,21,8,B12,24.175332,120.640051,2
2018,11,30,10,27,臺中市,西屯區,0,3,0,8,1,5,40,14,7,1,5,4,5,7,4,4,5,4,4,2,12,26,2,1,1,1,B12,7,11,1,8,2,4,  ,26,26,1,21,8,B12,24.184903,120.639825,2
2018,11,30,10,32,臺中市,太平區,0,2,0,8,1,5,50,3,1,1,5,4,5,7,1,1,10,5,5,2,13,23,2,7,1,1,C03,7,9,1,10,2,12,  ,23,23,1,18,5,C03,24.134454,120.710896,2
2018,11,30,10,49,臺中市,西屯區,0,0,0,8,,,50,,,,,,,,,,,,,,,43,  ,  ,  ,  ,B12,  ,  ,1,  ,2,  ,  ,43,43,1,21,  ,B12,24.164354,120.63447,3
2018,11,30,11,0,臺中市,北屯區,0,2,0,8,1,5,50,4,1,1,5,4,5,7,1,1,5,5,5,2,18,43,2,9,1,1,C03,7,9,1,10,2,14,  ,43,43,1,22,8,C03,24.169894,120.702265,2
2018,11,30,11,6,臺中市,梧棲區,0,2,0,8,1,5,50,4,1,1,5,4,5,7,4,4,10,5,5,2,15,6,2,9,1,1,C03,7,9,1,10,2,11,  ,6,6,1,19,5,C03,24.256861,120.533072,2
2018,11,30,11,10,臺中市,大里區,0,0,,8,,,40,,,,,,,,,,,,,,,,,,,,A12,,,1,,2,,,42,,1,22,,A12,24.095345,120.671143,3
2018,11,30,11,15,臺中市,龍井區,0,1,0,8,1,5,70,14,9,1,5,4,5,7,4,4,1,4,5,2,12,43,2,9,3,4,C03,7,9,1,10,2,14,  ,43,43,1,5,9,C03,24.214836,120.552061,2
2018,11,30,11,20,臺中市,清水區,0,3,0,8,1,5,40,4,1,1,5,4,5,7,1,1,1,4,4,2,11,23,2,9,1,1,C03,7,9,1,10,2,11,  ,23,23,1,22,8,C03,24.270121,120.575831,2
2018,11,30,11,20,臺中市,潭子區,0,1,0,8,1,5,50,14,7,1,5,4,5,7,4,4,5,4,4,2,12,17,3,10,1,1,B03,7,9,1,8,2,2,  ,17,17,1,22,9,B03,24.210457,120.707211,2
2018,11,30,11,22,臺中市,南區,0,1,0,8,1,5,50,4,1,1,5,4,5,7,4,4,10,5,5,2,15,6,2,9,1,1,C03,7,9,1,10,2,11,  ,6,6,1,6,8,C03,24.126226,120.672616,2
2018,11,30,11,23,臺中市,西區,0,1,0,8,1,5,50,4,1,1,5,4,5,7,4,4,10,5,5,2,15,6,3,10,1,1,B02,7,9,1,8,2,5,  ,6,6,1,21,8,B02,24.146613,120.671592,2
2018,11,30,11,25,臺中市,東勢區,0,1,0,8,1,5,50,4,1,1,5,4,4,7,4,4,4,3,4,1,16,6,3,10,1,1,B12,7,9,1,8,2,8,  ,14,6,1,22,9,B12,24.253856,120.831161,2
2018,11,30,11,31,臺中市,西區,0,0,0,8,1,5,50,14,2,1,5,4,5,7,1,1,5,4,5,2,13,,3,  ,  ,  ,B01,  ,  ,1,  ,2,  ,  ,23,  ,1,21,  ,B01,24.132088,120.669005,3
2018,11,30,11,33,臺中市,西屯區,0,1,0,8,1,5,40,3,1,1,5,4,5,7,1,1,1,4,1,2,16,43,3,10,3,4,B03,7,6,1,8,2,2,  ,43,43,1,21,8,B03,24.19608,120.64781,2
2018,11,30,11,40,臺中市,梧棲區,0,1,0,8,1,5,50,3,1,1,5,4,5,7,4,4,10,5,5,2,17,10,3,10,1,1,B03,7,11,1,8,2,8,  ,10,10,1,1,5,B03,24.260793,120.53896,2
2018,11,30,11,45,臺中市,西屯區,0,1,0,8,3,5,50,4,7,1,5,4,5,7,1,1,9,4,4,2,3,43,3,10,1,1,B03,7,5,2,18,2,1,  ,43,43,1,21,8,B03,24.165965,120.637228,2
2018,11,30,11,48,臺中市,東勢區,0,0,0,8,3,5,50,14,9,1,5,4,5,7,4,4,5,5,5,1,13,23,3,10,1,1,B03,7,9,1,8,2,1,  ,23,23,1,19,8,B03,24.257508,120.829724,3
2018,11,30,11,50,臺中市,大肚區,0,0,,8,,,50,,,,,,,,,,,,,,,,,,,,A04,,,1,,2,,,19,,1,10,,A04,24.151208,120.545265,4
2018,11,30,11,50,臺中市,沙鹿區,,,,8,,,50,,,,,,,,,,,,,,,,,,,,B02,,,1,,2,,,23,,1,  ,,B02,24.211816,120.563744,3
2018,11,30,11,50,臺中市,新社區,0,0,0,8,,,50,,,,,,,,,,,,,,,23,  ,  ,  ,  ,A12,  ,  ,1,  ,2,  ,  ,23,23,1,22,  ,A12,24.244604,120.810882,3
2018,11,30,11,55,臺中市,東勢區,0,0,0,8,1,5,50,3,2,1,5,4,5,7,4,4,4,5,5,1,16,19,  ,  ,  ,  ,B03,  ,  ,1,  ,2,  ,  ,19,19,1,22,  ,B03,24.285493,120.792923,3
2018,11,30,11,59,臺中市,清水區,,,,8,,,50,,,,,,,,,,,,,,,,,,,,B03,,,1,,2,,,6,,1,21,,B03,24.27465,120.569143,4
2018,11,30,12,5,臺中市,南屯區,0,1,0,8,1,5,50,3,1,1,5,4,5,7,1,1,10,5,5,2,16,6,3,10,1,1,B03,7,6,1,8,2,5,  ,6,6,1,21,8,B03,24.133016,120.635822,2
2018,11,30,12,10,臺中市,西屯區,0,0,,8,,,50,,,,,,,,,,,,,,,,,,,,B03,,,1,,2,,,23,,1,22,,B03,24.187713,120.618663,3
2018,11,30,12,13,臺中市,西屯區,0,1,0,8,1,5,50,4,1,1,5,4,5,7,2,1,10,5,5,2,12,7,2,8,1,1,C03,7,10,1,10,2,12,  ,7,7,1,21,8,C03,24.18752,120.640535,2
2018,11,30,12,13,臺中市,太平區,0,0,,8,,,50,,,,,,,,,,,,,,,,,,,,B03,,,1,,2,,,23,,1,19,,B03,24.159388,120.719263,3
2018,11,30,12,21,臺中市,南屯區,0,0,,8,,,50,,,,,,,,,,,,,,,,,,,,B03,,,1,,2,,,23,,1,22,,B03,24.13572,120.636819,3
2018,11,30,12,22,臺中市,東區,0,0,,,,,,,,,,,,,,,,,,,,,,,,,B12,,,1,,2,,,12,,1,  ,,B12,24.147787,120.706244,3
2018,11,30,12,22,臺中市,西屯區,0,0,,8,,,40,,,,,,,,,,,,,,,,,,,,B03,,,1,,2,,,25,,1,21,,B03,24.182118,120.635301,3
2018,11,30,12,28,臺中市,北屯區,0,0,0,8,,,40,,,,,,,,,,,,,,,12,  ,  ,  ,  ,B12,  ,  ,1,  ,2,  ,  ,12,12,1,5,  ,B12,24.171643,120.690486,3
2018,11,30,12,30,臺中市,新社區,0,0,0,8,,,40,,,,,,,,,,,,,,,16,  ,  ,  ,  ,C01,  ,  ,1,  ,2,  ,  ,16,16,1,5,  ,C01,24.10333,120.889051,3
2018,11,30,12,37,臺中市,豐原區,0,0,0,8,,,50,,,,,,,,,,,,,,,42,  ,  ,  ,  ,B12,  ,  ,1,  ,9,  ,  ,42,42,2,21,  ,B12,24.24568,120.726168,3
2018,11,30,12,42,臺中市,西屯區,0,2,0,8,1,5,50,4,9,1,5,4,5,7,1,1,9,4,4,2,12,19,2,9,1,1,C03,7,1,1,10,2,14,  ,19,19,1,21,8,C03,24.163208,120.65742,2
2018,11,30,12,43,臺中市,西區,0,0,0,8,1,5,50,14,8,1,5,4,5,7,4,4,5,4,4,2,13,,3,  ,  ,  ,B12,  ,  ,1,  ,2,  ,  ,23,  ,1,21,  ,B12,24.146058,120.670568,3
2018,11,30,12,45,臺中市,大雅區,0,0,,8,,,40,,,,,,,,,,,,,,,,,,,,   ,,,7,,11,,,43,,  ,  ,,   ,24.22272,120.64501,3
2018,11,30,12,55,臺中市,北屯區,0,0,0,,,,,,,,,,,,,,,,,,,,3,  ,  ,  ,B12,  ,  ,  ,  ,1,  ,  ,  ,  ,  ,21,  ,B12,,,3
2018,11,30,12,56,臺中市,西區,0,2,0,8,1,5,50,4,1,1,5,4,5,7,4,4,10,5,5,2,15,6,2,7,1,1,C03,7,9,1,10,2,11,  ,6,6,1,4,4,C03,24.141611,120.66935,2
2018,11,30,13,0,臺中市,南屯區,0,1,0,8,1,5,50,4,1,1,5,4,5,7,4,4,10,5,5,2,16,23,3,10,1,1,B03,7,5,1,8,2,1,  ,23,23,1,22,8,B03,24.150385,120.613478,2
2018,11,30,13,3,臺中市,西區,0,1,0,8,1,5,50,14,9,1,5,4,5,7,4,4,5,5,5,2,12,7,2,9,1,1,C03,7,7,1,10,2,14,  ,7,7,1,18,8,C03,24.137061,120.68086,2
2018,11,30,13,5,臺中市,東區,0,1,0,8,1,5,50,4,1,1,5,4,5,7,1,1,10,5,5,2,16,42,2,8,1,1,C03,7,6,4,11,2,12,  ,42,42,1,5,8,C03,24.131991,120.684182,2
2018,11,30,13,8,臺中市,西屯區,0,1,0,8,1,5,50,14,9,1,5,4,5,7,4,4,9,5,5,2,16,19,3,10,1,1,B12,7,1,1,8,2,8,  ,19,19,1,22,9,B12,24.173295,120.608106,2
2018,11,30,13,30,臺中市,龍井區,0,0,,8,,,40,,,,,,,,,,,,,,,,,,,,   ,,,7,,11,,,43,,1,  ,,   ,24.182709,120.599637,3
2018,11,30,13,35,臺中市,北屯區,0,0,,8,,,50,,,,,,,,,,,,,,,,,,,,C03,,,2,,2,,,16,,1,5,,C03,24.174375,120.715651,3
2018,11,30,13,35,臺中市,大甲區,0,0,,8,,,50,,,,,,,,,,,,,,,,,,,,B03,,,1,,2,,,12,,1,21,,B03,24.344489,120.621219,3
2018,11,30,13,40,臺中市,烏日區,0,1,0,8,1,5,50,4,1,1,5,4,5,7,2,1,10,5,5,2,18,26,2,9,1,1,C03,7,5,1,10,2,12,  ,26,26,1,18,8,C03,24.085949,120.648041,2
2018,11,30,13,45,臺中市,南屯區,0,1,0,8,1,5,50,4,1,1,4,4,5,7,4,4,10,5,5,2,15,6,3,10,1,1,B03,7,9,1,8,2,1,  ,6,6,1,21,8,B03,24.133143,120.637,2
2018,11,30,13,48,臺中市,東區,0,2,0,8,1,5,50,4,1,1,5,4,5,7,4,4,10,5,5,2,17,6,2,7,1,1,C03,7,9,1,10,2,12,  ,6,6,1,5,8,C03,24.141104,120.68731,2
2018,11,30,13,50,臺中市,大里區,0,0,,8,,,50,,,,,,,,,,,,,,,,,,,,C03,,,1,,2,,,23,,1,22,,C03,24.1047,120.688918,3
2018,11,30,13,53,臺中市,北屯區,0,1,0,8,1,5,40,4,1,1,5,4,5,7,1,1,10,5,5,2,16,6,3,10,1,1,B12,7,6,1,3,2,5,  ,6,6,1,21,8,B12,24.164095,120.715067,2
2018,11,30,13,55,臺中市,大里區,0,1,0,8,1,5,80,10,7,1,5,4,5,7,4,4,1,4,5,1,20,43,2,5,1,1,B12,7,9,1,2,3,8,  ,43,43,1,5,8,B12,24.072716,120.688445,2
2018,11,30,14,10,臺中市,東區,0,0,,,,,,,,,,,,,,,,,,,,16,,,,,C03,,,1,,2,,,16,16,1,  ,,C03,24.135849,120.70827,3
2018,11,30,14,16,臺中市,潭子區,0,0,,,,,,,,,,,,,,,,,,,,,,,,,B03,,,1,,2,,,16,,1,  ,,B03,24.207646,120.686851,3
2018,11,30,14,20,臺中市,大雅區,0,1,0,8,1,5,50,3,1,1,5,4,5,7,1,1,9,4,4,1,12,6,3,10,1,1,B12,7,6,1,8,2,2,  ,6,6,1,22,9,B12,24.21917,120.64125,2
2018,11,30,14,26,臺中市,后里區,0,1,0,8,1,5,60,4,1,1,5,4,5,7,2,1,1,3,4,1,15,25,3,10,1,1,B03,7,9,1,8,2,1,  ,25,25,1,4,8,B03,24.307784,120.722145,2
2018,11,30,14,28,臺中市,潭子區,0,0,,8,1,5,50,14,9,1,5,4,5,7,1,1,8,4,5,1,12,,,,,,C03,,,1,,2,,,6,,1,22,,C03,24.21171,120.700464,3
2018,11,30,14,30,臺中市,梧棲區,0,0,,8,,,70,,,,,,,,,,,,,,,,,,,,A11,,,1,,2,,,7,,1,10,,A11,24.268658,120.53111,3
2018,11,30,14,32,臺中市,太平區,0,1,0,8,1,5,50,14,9,1,5,4,5,7,4,4,1,4,5,2,16,7,3,10,1,1,A41,7,8,1,1,2,5,  ,7,7,1,10,3,A41,24.145996,120.71305,2
2018,11,30,14,35,臺中市,太平區,0,1,0,8,1,5,50,14,7,1,5,4,5,7,4,4,5,5,4,1,13,23,3,10,1,1,B03,7,9,1,8,2,8,  ,23,23,1,5,8,B03,24.146388,120.733333,2
2018,11,30,14,46,臺中市,西區,0,1,0,8,1,5,50,14,8,1,5,4,5,7,4,4,1,4,4,2,12,27,3,10,3,4,C03,7,6,1,10,2,12,  ,27,27,1,21,8,C03,24.136704,120.665629,2
2018,11,30,14,49,臺中市,西屯區,0,0,0,8,,,50,,,,,,,,,,,,,,,10,  ,  ,  ,  ,B03,  ,  ,1,  ,2,  ,  ,10,10,1,23,  ,B03,24.189141,120.651656,3
2018,11,30,14,55,臺中市,南屯區,0,0,,8,,,50,,,,,,,,,,,,,,,,,,,,B03,,,1,,2,,,23,,1,21,,B03,24.139995,120.651716,3
2018,11,30,15,0,臺中市,北屯區,0,0,,8,,,50,,,,,,,,,,,,,,,,,,,,B03,,,1,,2,,,12,,1,21,,B03,24.176739,120.697867,3
2018,11,30,15,3,臺中市,清水區,0,0,,8,,,50,,,,,,,,,,,,,,,,,,,,B03,,,1,,2,,,23,,  ,  ,,B03,24.264276,120.573133,3
2018,11,30,15,5,臺中市,南區,0,0,,8,,,50,,,,,,,,,,,,,,,,,,,,B12,,,1,,2,,,42,,1,4,,B12,24.113598,120.653425,3
2018,11,30,15,11,臺中市,大里區,0,1,0,8,1,5,50,4,2,1,5,4,5,7,4,4,5,4,5,1,11,26,3,10,1,1,B12,7,9,1,8,2,8,  ,26,26,1,21,8,B12,24.107494,120.668451,2
2018,11,30,15,16,臺中市,西屯區,0,1,0,8,1,5,40,14,9,1,5,4,5,7,1,1,5,4,5,2,16,6,3,10,1,1,B03,7,6,1,8,2,6,  ,6,6,1,22,8,B03,24.184717,120.61907,2
2018,11,30,15,22,臺中市,東勢區,0,0,0,8,,,40,,,,,,,,,,,,,,,5,  ,  ,  ,  ,B03,  ,  ,1,  ,2,  ,  ,5,5,1,20,  ,B03,24.270978,120.855098,3