年,月,日,時,分,縣市,區,死,受傷,2-30,天候,光線,道路類別,速限,道路型態,事故位置,路面鋪裝,路面狀態,路面缺陷,障礙物,視距,號誌種類,號誌動作,分向設施,快車道或一般車道間,快慢車道間,路面邊線,事故類型及型態,主要肇因,受傷程度,主要傷處,保護裝備,行動電話,當事者區分_類別,車輛用途,當事者行動狀態,駕駛資格情形,駕駛執照種類,飲酒情形,車輛撞擊部位最初,車輛撞擊部位其他,肇事因素個別,肇事因素主要,肇事逃逸,職業,旅次目的,車種,GPS座標_緯度,GPS座標_經度,事故類別
2018,11,30,15,25,臺中市,北區,0,1,0,8,1,5,50,4,1,1,5,4,5,7,1,1,10,5,5,2,17,7,3,10,1,1,B03,7,10,1,7,2,2,  ,7,7,1,22,9,B03,24.155258,120.664835,2
2018,11,30,15,33,臺中市,大里區,0,1,0,8,1,5,50,3,9,1,5,4,5,7,1,1,9,4,5,1,9,42,3,10,3,4,A02,7,14,1,2,2,2,  ,42,42,1,10,4,A02,24.108618,120.690081,2
2018,11,30,15,34,臺中市,西屯區,0,0,0,8,,,40,,,,,,,,,,,,,,,7,  ,  ,  ,  ,B02,  ,  ,1,  ,2,  ,  ,7,7,1,22,  ,B02,24.16359,120.629078,3
2018,11,30,15,38,臺中市,西屯區,0,0,,8,,,50,,,,,,,,,,,,,,,,,,,,B12,,,1,,2,,,7,,1,4,,B12,24.182041,120.599626,3
2018,11,30,15,40,臺中市,南區,0,0,,8,1,5,50,4,1,1,5,4,5,7,2,1,10,5,5,2,13,,,,,,B12,,,1,,2,,,16,,1,5,,B12,24.117908,120.652711,3
2018,11,30,15,45,臺中市,大雅區,0,1,0,8,1,5,50,14,9,1,5,4,5,7,4,4,5,5,5,1,13,16,2,8,1,1,C03,7,9,1,10,2,11,  ,16,16,1,22,8,C03,24.213948,120.647479,2
2018,11,30,15,50,臺中市,南屯區,0,1,0,8,1,5,50,4,1,1,5,4,5,7,1,1,10,5,5,2,3,15,3,10,1,1,B12,7,5,1,8,2,1,  ,15,15,1,22,9,B12,24.143774,120.64778,2
2018,11,30,15,59,臺中市,太平區,0,1,0,8,1,5,50,3,2,1,5,4,5,7,4,4,4,4,5,1,17,26,3,10,1,1,B12,7,11,1,8,2,5,  ,26,26,1,4,3,B12,24.126418,120.714345,2
2018,11,30,16,0,臺中市,南區,0,0,0,8,,,40,,,,,,,,,,,,,,,12,3,  ,  ,  ,B03,  ,  ,1,8,2,  ,  ,12,12,  ,21,  ,B03,24.12365,120.667736,3
2018,11,30,16,1,臺中市,沙鹿區,0,0,,8,,,40,,,,,,,,,,,,,,,,,,,,B02,,,6,,2,,,7,,2,9,,B02,24.208973,120.560717,3
2018,11,30,16,4,臺中市,北區,0,1,0,8,1,5,50,3,1,1,5,4,5,7,4,4,10,5,5,2,17,6,3,10,1,1,B03,7,6,1,8,2,4,  ,6,6,1,22,8,B03,24.157551,120.694314,2
2018,11,30,16,7,臺中市,西屯區,0,2,0,8,1,5,50,14,9,1,5,4,5,7,4,4,10,5,5,2,16,7,2,9,1,1,C03,7,7,1,10,2,11,  ,7,7,1,22,8,C03,24.179343,120.643617,2
2018,11,30,16,7,臺中市,西屯區,0,1,0,8,1,5,50,3,1,1,5,4,5,7,1,1,10,5,5,2,16,6,3,10,1,1,B03,7,5,1,8,2,5,  ,6,6,1,4,8,B03,24.156223,120.653121,2
2018,11,30,16,8,臺中市,西區,0,0,,8,,,50,,,,,,,,,,,,,,,,,,,,B03,,,1,,2,,,16,,1,5,,B03,24.138314,120.675244,4
2018,11,30,16,10,臺中市,西屯區,0,1,0,8,1,5,50,4,2,1,5,4,5,7,4,4,8,3,4,1,11,6,3,10,1,1,B03,7,5,1,8,2,2,  ,6,6,1,22,8,B03,24.182195,120.619716,2
2018,11,30,16,15,臺中市,烏日區,0,1,0,8,1,5,50,14,9,1,5,4,5,7,4,4,9,4,5,1,12,6,2,9,1,1,C03,7,5,1,10,2,14,  ,6,6,1,21,8,C03,24.105361,120.640483,2
2018,11,30,16,23,臺中市,太平區,0,1,0,8,1,5,50,3,1,1,5,4,5,7,3,1,10,5,5,2,16,8,3,10,1,1,C03,7,5,6,10,11,14,  ,8,8,1,12,8,C03,24.126388,120.711944,2
2018,11,30,16,24,臺中市,西屯區,0,1,0,8,1,5,40,14,8,1,5,4,5,7,4,4,1,5,5,2,16,43,3,10,1,1,B03,7,6,1,8,2,5,  ,43,43,1,22,8,B03,24.169656,120.638707,2
2018,11,30,16,24,臺中市,西屯區,0,1,0,8,1,5,40,14,7,1,5,4,5,7,4,4,8,3,4,2,16,10,3,10,1,1,B03,7,11,1,8,2,8,  ,10,10,1,22,9,B03,24.168766,120.665928,2
2018,11,30,16,29,臺中市,神岡區,0,0,,8,,,50,,,,,,,,,,,,,,,,,,,,C03,,,1,,2,,,17,,1,22,,C03,24.248721,120.697046,3
2018,11,30,16,34,臺中市,西屯區,0,0,0,8,,,50,,,,,,,,,,,,,,,42,  ,  ,  ,  ,B03,  ,  ,1,  ,2,  ,  ,42,42,1,22,  ,B03,24.16257,120.628314,3
2018,11,30,16,43,臺中市,西屯區,0,1,0,8,1,5,50,4,2,1,5,4,5,7,1,1,1,3,1,1,12,7,3,10,1,1,C03,7,8,1,10,2,12,  ,7,7,1,22,8,C03,24.181356,120.626696,2
2018,11,30,16,47,臺中市,西屯區,0,0,,8,,,50,,,,,,,,,,,,,,,,,,,,B03,,,1,,2,,,12,,1,22,,B03,24.179389,120.640374,3
2018,11,30,16,48,臺中市,新社區,0,0,0,8,,,50,,,,,,,,,,,,,,,12,  ,  ,  ,  ,B03,  ,  ,1,  ,2,  ,  ,12,12,1,22,  ,B03,24.214106,120.803078,3
2018,11,30,16,51,臺中市,南屯區,0,1,0,8,1,5,50,3,1,1,5,4,5,7,4,4,10,5,5,2,17,23,2,9,1,1,C03,7,12,1,10,2,14,  ,23,23,1,21,8,C03,24.138485,120.610881,2
2018,11,30,16,52,臺中市,清水區,0,0,,8,,,50,,,,,,,,,,,,,,,,,,,,B02,,,1,,2,,,23,,1,21,,B02,24.295091,120.554825,3
2018,11,30,16,52,臺中市,沙鹿區,0,0,,8,,,40,,,,,,,,,,,,,,,,,,,,B03,,,1,,2,,,23,,1,  ,,B03,24.237283,120.559477,3
2018,11,30,17,0,臺中市,南屯區,,,,8,,,40,,,,,,,,,,,,,,,,,,,,B03,,,1,,2,,,23,,1,22,,B03,24.132195,120.650347,3
2018,11,30,17,0,臺中市,北屯區,0,1,0,8,3,5,50,14,9,1,5,4,5,7,4,4,1,4,5,2,13,16,3,10,1,1,B03,7,9,1,6,2,1,  ,16,16,1,21,8,B03,24.200766,120.665791,2
2018,11,30,17,0,臺中市,烏日區,0,1,0,8,3,5,40,11,9,1,5,4,5,7,4,4,10,4,5,1,11,23,3,10,1,1,B12,7,9,1,8,2,8,  ,23,23,1,21,8,B12,24.098274,120.639756,2
2018,11,30,17,0,臺中市,大雅區,0,0,,8,,,50,,,,,,,,,,,,,,,,,,,,A31,,,1,,2,,,23,,1,  ,,A31,24.242054,120.628752,3
2018,11,30,17,1,臺中市,西屯區,0,3,0,8,1,5,30,4,1,1,5,4,5,7,4,4,8,3,5,2,15,6,2,9,1,1,C03,7,9,1,10,2,12,  ,6,6,1,22,9,C03,24.19104,120.642381,2
2018,11,30,17,5,臺中市,清水區,0,0,,8,,,40,,,,,,,,,,,,,,,,,,,,B03,,,1,,2,,,18,,1,  ,,B03,24.267738,120.574833,3
2018,11,30,17,10,臺中市,南屯區,,,,8,,,40,,,,,,,,,,,,,,,,,,,,B12,,,1,,2,,,12,,1,22,,B12,24.133958,120.636634,3
2018,11,30,17,14,臺中市,西屯區,0,0,,8,,,40,,,,,,,,,,,,,,,,,,,,B03,,,1,,2,,,16,,1,22,,B03,24.183043,120.615276,3
2018,11,30,17,20,臺中市,中區,0,1,0,8,3,5,50,4,1,1,5,4,5,7,1,1,10,5,5,2,16,6,3,10,1,1,B03,7,6,1,8,2,5,  ,6,6,1,21,8,B03,24.143876,120.681009,2
2018,11,30,17,21,臺中市,南區,0,0,,,,,,,,,,,,,,,,,,,,,,,,,G06,,,7,,11,,,43,,1,  ,,G06,24.125045,120.657424,3
2018,11,30,17,21,臺中市,后里區,0,0,,8,,,50,,,,,,,,,,,,,,,,,,,,B03,,,1,,2,,,23,,1,  ,,B03,24.315743,120.68187,3
2018,11,30,17,21,臺中市,大雅區,0,1,0,8,1,5,50,14,8,1,5,4,5,7,4,4,9,4,4,1,12,7,3,10,1,1,B03,7,8,1,8,2,6,  ,7,7,1,22,9,B03,24.22224,120.64675,2
2018,11,30,17,26,臺中市,西屯區,0,0,,8,,,50,,,,,,,,,,,,,,,,,,,,B03,,,1,,2,,,23,,1,4,,B03,24.184493,120.626449,3
2018,11,30,17,28,臺中市,潭子區,0,1,0,8,3,5,50,14,8,1,5,4,5,7,4,4,1,4,4,1,2,23,3,10,1,1,C03,7,9,1,10,2,12,  ,23,23,1,22,9,C03,24.198232,120.700895,2
2018,11,30,17,29,臺中市,西屯區,0,0,0,8,,,40,,,,,,,,,,,,,,,42,  ,  ,  ,  ,B03,  ,  ,1,  ,2,  ,  ,42,42,1,22,  ,B03,24.165023,120.63604,3
2018,11,30,17,30,臺中市,西區,0,0,0,8,,,50,,,,,,,,,,,,,,,,3,  ,  ,  ,B03,  ,  ,1,  ,2,  ,  ,23,  ,  ,21,  ,B03,24.155257,120.658567,4
2018,11,30,17,30,臺中市,南屯區,0,0,0,8,,,50,,,,,,,,,,,,,,,9,  ,  ,  ,  ,B01,  ,  ,1,  ,2,  ,  ,9,9,1,22,  ,B01,24.146871,120.64166,3
2018,11,30,17,42,臺中市,梧棲區,0,1,0,8,3,5,70,14,7,1,5,4,5,7,2,1,1,2,3,2,13,23,3,10,1,1,B03,7,9,1,8,2,1,  ,23,23,1,18,9,B03,24.249171,120.53867,2
2018,11,30,17,44,臺中市,北屯區,0,0,,8,,,50,,,,,,,,,,,,,,,,,,,,B03,,,1,,2,,,7,,1,5,,B03,24.174296,120.673611,3
2018,11,30,17,44,臺中市,西屯區,0,0,,8,,,50,,,,,,,,,,,,,,,,,,,,B02,,,1,,2,,,40,,1,22,,B02,24.173245,120.639938,3
2018,11,30,17,48,臺中市,大里區,0,0,,8,,,50,,,,,,,,,,,,,,,,,,,,B03,,,1,,2,,,12,,1,21,,B03,24.11007,120.674531,3
2018,11,30,17,50,臺中市,南區,0,0,0,8,,,50,,,,,,,,,,,,,,,9,3,  ,  ,  ,A04,  ,  ,1,2,2,  ,  ,9,9,  ,21,  ,A04,24.119051,120.671573,3
2018,11,30,17,50,臺中市,北屯區,0,0,,8,,,50,,,,,,,,,,,,,,,,,,,,B03,,,1,,2,,,6,,1,22,,B03,24.178388,120.737987,3
2018,11,30,17,50,臺中市,大雅區,0,1,0,8,4,5,50,14,9,1,5,4,5,7,4,4,3,4,4,1,12,23,2,9,1,1,C03,7,9,1,10,2,11,  ,23,23,1,22,9,C03,24.225244,120.613637,2
2018,11,30,17,55,臺中市,北屯區,0,2,0,8,3,5,50,4,1,1,5,4,5,7,1,1,10,5,5,2,16,43,2,9,1,1,C03,7,9,1,10,2,13,  ,43,43,1,21,8,C03,24.18877,120.660529,2
2018,11,30,17,56,臺中市,南屯區,0,2,0,8,3,5,50,4,1,1,5,4,5,7,1,1,10,5,5,2,17,23,2,9,1,1,C03,7,9,1,10,2,12,  ,23,23,1,22,9,C03,24.13999,120.620855,2
2018,11,30,17,56,臺中市,東勢區,0,1,0,7,3,5,60,3,8,1,5,4,5,7,4,4,4,5,4,1,16,13,3,10,1,1,B12,7,6,1,8,2,2,  ,44,13,1,9,8,B12,24.274774,120.819703,2
2018,11,30,17,57,臺中市,西屯區,0,0,,8,,,40,,,,,,,,,,,,,,,,,,,,B03,,,1,,2,,,23,,1,22,,B03,24.1703,120.643393,3
2018,11,30,18,5,臺中市,東區,0,3,0,8,3,5,40,5,1,1,5,4,5,7,1,1,10,5,5,2,16,42,2,7,1,1,C03,7,6,1,10,2,12,  ,42,42,1,18,8,C03,24.142745,120.697067,2
2018,11,30,18,6,臺中市,南區,0,0,,,,,,,,,,,,,,,,,,,,,,,,,B12,,,1,,2,,,7,,1,21,,B12,24.113784,120.656591,3
2018,11,30,18,6,臺中市,沙鹿區,0,0,,8,,,60,,,,,,,,,,,,,,,,,,,,B03,,,1,,2,,,42,,1,21,,B03,24.250174,120.597619,4
2018,11,30,18,7,臺中市,南屯區,0,0,,8,,,50,,,,,,,,,,,,,,,23,,,,,B03,,,1,,10,,,44,23,1,22,,B03,24.132163,120.643973,3
2018,11,30,18,8,臺中市,南屯區,0,0,,8,,,50,,,,,,,,,,,,,,,,,,,,B12,,,1,,2,,,23,,1,  ,,B12,24.135873,120.611525,3
2018,11,30,18,8,臺中市,潭子區,0,1,0,8,1,5,50,14,9,1,5,4,5,7,4,4,5,4,5,1,16,7,2,8,1,1,C04,7,10,1,10,2,13,  ,7,7,1,22,8,C04,24.212286,120.700665,2
2018,11,30,18,9,臺中市,大雅區,0,2,0,8,3,5,50,14,8,1,5,4,5,7,4,4,1,4,4,1,12,7,2,8,1,1,C03,7,8,1,11,2,13,  ,7,7,1,22,8,C03,24.22308,120.646522,2
2018,11,30,18,15,臺中市,南區,0,0,,,,,,,,,,,,,,,,,,,,,,,,,   ,,,6,,11,,,43,,1,  ,,   ,24.119458,120.648759,3
2018,11,30,18,18,臺中市,后里區,0,0,0,8,,,40,,,,,,,,,,,,,,,12,  ,  ,  ,  ,B03,  ,  ,1,  ,2,  ,  ,12,12,1,  ,  ,B03,24.310358,120.723266,3
2018,11,30,18,19,臺中市,南區,0,0,,8,,,50,,,,,,,,,,,,,,,,,,,,B02,,,1,,2,,,26,,1,4,,B02,24.121543,120.661781,3
2018,11,30,18,19,臺中市,神岡區,0,2,0,8,3,5,50,14,9,1,5,4,5,7,4,4,9,5,5,1,13,23,2,9,3,4,C03,7,9,1,10,8,11,  ,23,23,1,22,9,C03,24.249813,120.682388,2
2018,11,30,18,20,臺中市,南屯區,,,,8,,,40,,,,,,,,,,,,,,,,,,,,B03,,,1,,2,,,7,,1,22,,B03,24.125522,120.631668,3
2018,11,30,18,20,臺中市,南屯區,0,0,,,,,,,,,,,,,,,,,,,,,,,,,B03,,,1,,2,,,23,,1,  ,,B03,24.151333,120.609891,3
2018,11,30,18,23,臺中市,西區,0,0,0,8,1,5,50,14,9,1,5,4,5,7,4,4,1,4,4,2,12,,3,  ,  ,  ,B03,  ,  ,1,  ,9,  ,  ,43,  ,1,21,  ,B03,24.150841,120.668816,3
2018,11,30,18,25,臺中市,西區,0,0,,8,,,40,,,,,,,,,,,,,,,,,,,,C03,,,6,,2,,,12,,1,5,,C03,24.146724,120.653535,3
2018,11,30,18,25,臺中市,北區,0,0,,8,,,50,,,,,,,,,,,,,,,,,,,,B03,,,1,,2,,,7,,1,  ,,B03,24.163747,120.673936,3
2018,11,30,18,25,臺中市,北屯區,0,1,0,8,3,5,50,4,1,1,5,4,5,7,1,1,10,5,5,2,15,25,3,10,1,1,B03,7,9,1,8,2,5,  ,25,25,1,22,8,B03,24.165608,120.694675,2
2018,11,30,18,25,臺中市,西屯區,0,0,,,,,,,,,,,,,,,,,,,,16,,,,,B03,,,1,,2,,,44,16,1,22,,B03,24.173833,120.633992,3
2018,11,30,18,30,臺中市,南屯區,0,0,,8,,,40,,,,,,,,,,,,,,,,,,,,C03,,,1,,2,,,16,,1,21,,C03,24.139986,120.620867,4
2018,11,30,18,30,臺中市,南屯區,0,0,,8,,,40,,,,,,,,,,,,,,,,,,,,B02,,,1,,2,,,19,,1,21,,B02,24.153739,120.635391,3
2018,11,30,18,30,臺中市,北屯區,0,0,,8,,,50,,,,,,,,,,,,,,,,,,,,B12,,,1,,2,,,23,,1,  ,,B12,24.164911,120.694123,3
2018,11,30,18,30,臺中市,北屯區,0,0,0,8,,,50,,,,,,,,,,,,,,,7,  ,  ,  ,  ,B03,  ,  ,1,  ,2,  ,  ,7,7,  ,21,  ,B03,24.201638,120.686266,3
2018,11,30,18,32,臺中市,沙鹿區,0,1,0,8,3,5,40,14,8,1,5,4,5,7,4,4,1,5,4,2,9,19,3,10,1,1,C03,7,1,6,18,2,11,  ,19,19,1,19,8,C03,24.2395,120.560211,2
2018,11,30,18,33,臺中市,東區,0,0,0,8,,,50,,,,,,,,,,,,,,,16,  ,  ,  ,  ,B03,  ,  ,1,  ,2,  ,  ,16,16,1,5,  ,B03,24.132835,120.698845,3
2018,11,30,18,34,臺中市,北屯區,0,0,,8,,,50,,,,,,,,,,,,,,,,,,,,B03,,,1,,2,,,16,,1,21,,B03,24.20496,120.686521,3
2018,11,30,18,34,臺中市,北屯區,0,2,0,8,3,5,40,14,8,1,5,4,5,7,1,1,5,5,4,2,13,16,2,9,1,1,C03,7,9,1,10,2,11,  ,16,16,1,21,8,C03,24.164834,120.689121,2
2018,11,30,18,40,臺中市,西屯區,0,0,,8,,,40,,,,,,,,,,,,,,,,,,,,B03,,,1,,2,,,23,,1,4,,B03,24.161891,120.652118,3
2018,11,30,18,41,臺中市,西屯區,0,0,,8,,,80,,,,,,,,,,,,,,,,,,,,B12,,,1,,2,,,16,,1,22,,B12,24.200691,120.664023,3
2018,11,30,18,43,臺中市,西屯區,0,0,,8,,,50,,,,,,,,,,,,,,,,,,,,B03,,,1,,2,,,7,,1,22,,B03,24.16166,120.627816,3
2018,11,30,18,49,臺中市,中區,0,3,0,8,3,5,50,3,1,1,5,4,5,7,4,4,5,5,5,2,16,26,2,8,1,1,C03,7,5,1,10,2,12,  ,26,26,1,5,8,C03,24.144248,120.681361,2
2018,11,30,18,57,臺中市,西屯區,0,0,,8,3,5,50,3,2,1,5,4,5,7,4,4,1,3,5,1,13,,,,,,B01,,,1,,2,,,16,,1,22,,B01,24.17615,120.650093,3
2018,11,30,19,0,臺中市,西屯區,0,1,0,8,1,5,40,3,1,1,5,4,5,7,4,4,8,3,4,2,13,23,3,10,1,1,C03,7,9,1,10,2,11,  ,23,23,1,22,9,C03,24.1703,120.643393,2
2018,11,30,19,0,臺中市,潭子區,0,2,0,8,3,5,50,14,9,1,5,4,5,7,3,1,8,3,4,1,15,23,2,3,1,1,B03,7,9,1,8,2,1,  ,23,23,1,22,1,B03,24.215899,120.679825,2
2018,11,30,19,0,臺中市,大雅區,0,1,0,8,4,5,50,4,1,1,5,4,5,7,2,1,5,4,4,1,16,23,3,10,1,1,B12,7,5,1,8,3,8,  ,23,23,1,22,9,B12,24.229397,120.654336,2
2018,11,30,19,1,臺中市,霧峰區,0,1,0,8,3,5,40,11,9,1,5,4,5,7,4,4,10,5,5,1,12,1,3,10,1,1,B03,7,4,1,8,2,2,  ,1,1,1,18,2,B03,24.076866,120.71406,2
2018,11,30,19,8,臺中市,北屯區,0,1,0,8,3,5,50,14,8,1,5,4,5,7,4,4,9,5,5,2,16,7,3,10,1,1,B03,7,8,1,8,2,2,  ,7,7,1,22,8,B03,24.169481,120.684717,2
2018,11,30,19,20,臺中市,太平區,0,0,,8,,,50,,,,,,,,,,,,,,,,,,,,B03,,,2,,2,,,12,,1,16,,B03,24.113743,120.718571,3
2018,11,30,19,21,臺中市,大里區,0,0,,8,,,40,,,,,,,,,,,,,,,,,,,,B03,,,1,,2,,,42,,1,19,,B03,24.11457,120.689895,3
2018,11,30,19,24,臺中市,大甲區,0,3,0,8,3,5,80,4,1,1,5,4,5,7,1,1,1,3,5,1,15,25,3,10,1,1,B03,7,9,1,8,2,5,  ,25,25,1,8,1,B03,24.398253,120.63163,2
2018,11,30,19,30,臺中市,大肚區,0,0,,8,,,40,,,,,,,,,,,,,,,,,,,,B03,,,1,,2,,,23,,1,22,,B03,24.1681,120.573775,3
2018,11,30,19,31,臺中市,北屯區,0,0,0,8,,,50,,,,,,,,,,,,,,,23,  ,  ,  ,  ,B03,  ,  ,1,  ,2,  ,  ,23,23,1,21,  ,B03,24.173835,120.690716,3
2018,11,30,19,33,臺中市,東區,0,2,0,8,3,5,50,4,1,1,5,4,5,7,1,1,10,5,5,2,15,25,2,9,1,1,C03,7,9,1,10,2,14,  ,25,25,1,5,8,C03,24.138912,120.697151,2
2018,11,30,19,40,臺中市,龍井區,0,0,,8,,,50,,,,,,,,,,,,,,,,,,,,C03,,,1,,2,,,23,,1,22,,C03,24.182683,120.592868,3
2018,11,30,19,41,臺中市,西屯區,0,1,0,8,3,5,50,5,1,1,5,4,5,7,1,1,10,5,5,2,13,43,2,7,1,1,C03,7,9,1,10,2,14,  ,43,43,1,4,8,C03,24.191486,120.660622,2
2018,11,30,19,50,臺中市,梧棲區,0,1,0,8,3,5,60,3,1,1,5,4,5,7,3,1,10,5,5,2,16,9,3,10,1,1,B03,7,6,1,8,2,5,  ,9,9,1,5,9,B03,24.251493,120.536693,2
2018,11,30,19,54,臺中市,大肚區,0,0,,8,,,50,,,,,,,,,,,,,,,44,,,,,C03,,,1,,11,,,14,44,2,  ,,C03,24.125247,120.561152,3
2018,11,30,19,58,臺中市,北屯區,0,0,0,8,,,40,,,,,,,,,,,,,,,17,  ,  ,  ,  ,B03,  ,  ,1,  ,2,  ,  ,17,17,  ,21,  ,B03,24.16282,120.721746,3
2018,11,30,20,4,臺中市,龍井區,0,0,,8,,,40,,,,,,,,,,,,,,,,,,,,B03,,,1,,2,,,12,,1,22,,B03,24.180415,120.587576,3
2018,11,30,20,18,臺中市,后里區,0,0,,8,,,50,,,,,,,,,,,,,,,,,,,,B03,,,1,,2,,,16,,1,  ,,B03,24.309788,120.717805,3
2018,11,30,20,24,臺中市,太平區,0,0,,8,,,40,,,,,,,,,,,,,,,,,,,,B03,,,1,,2,,,6,,1,9,,B03,24.150871,120.712299,3
2018,11,30,20,26,臺中市,西屯區,0,0,,,,,,,,,,,,,,,,,,,,,,,,,B03,,,1,,2,,,25,,1,22,,B03,24.199743,120.655836,3
2018,11,30,20,30,臺中市,大甲區,0,0,0,8,,,50,,,,,,,,,,,,,,,6,  ,  ,  ,  ,B03,  ,  ,1,  ,2,  ,  ,6,6,1,7,  ,B03,24.345769,120.620811,3
2018,11,30,20,30,臺中市,神岡區,0,3,0,8,3,5,40,4,1,1,5,4,5,7,1,1,10,5,5,2,15,25,2,9,1,1,C03,7,9,1,10,2,11,  ,25,25,1,22,9,C03,24.246255,120.68417,2
2018,11,30,20,32,臺中市,北區,0,0,0,8,,,50,,,,,,,,,,,,,,,23,  ,  ,  ,  ,B02,  ,  ,1,  ,2,  ,  ,23,23,1,22,  ,B02,24.158628,120.681497,3
2018,11,30,20,34,臺中市,西屯區,0,0,,8,,,50,,,,,,,,,,,,,,,,,,,,   ,,,8,,10,,,43,,1,  ,,   ,24.162311,120.605832,3
2018,11,30,20,35,臺中市,北屯區,0,0,,8,,,50,,,,,,,,,,,,,,,,,,,,B03,,,1,,2,,,16,,1,21,,B03,24.1815,120.685155,3
2018,11,30,20,37,臺中市,東勢區,0,1,0,8,3,5,30,14,8,1,5,4,5,7,4,4,1,4,4,1,12,9,3,10,1,1,B03,7,6,1,8,2,2,  ,9,9,1,21,8,B03,24.257857,120.824359,2
2018,11,30,20,40,臺中市,沙鹿區,0,1,0,8,3,5,50,3,7,1,5,4,5,7,4,4,5,5,4,2,2,19,3,10,1,1,C03,7,1,1,10,2,11,  ,19,19,1,21,8,C03,24.222847,120.57123,2
2018,11,30,20,45,臺中市,南區,0,2,0,8,3,5,50,14,7,1,5,4,5,7,4,4,1,4,4,2,18,23,2,8,1,1,C03,7,9,1,10,2,12,  ,23,23,1,4,8,C03,24.130751,120.673926,2
2018,11,30,20,50,臺中市,北屯區,0,1,0,8,3,5,50,14,7,1,5,4,5,7,4,4,1,4,4,2,29,16,2,9,4,5,F01,7,9,8,20,2,16,  ,16,16,1,15,5,F01,24.170265,120.685301,2
2018,11,30,20,55,臺中市,北區,0,1,0,8,3,5,50,3,2,1,5,4,5,7,4,4,1,4,4,2,17,23,2,8,1,1,C03,7,9,1,10,2,11,  ,23,23,1,22,8,C03,24.1469,120.683,2
2018,11,30,21,25,臺中市,烏日區,0,0,,8,,,30,,,,,,,,,,,,,,,,,,,,B03,,,1,,2,,,42,,1,  ,,B03,24.112541,120.616388,3
2018,11,30,21,29,臺中市,沙鹿區,0,2,0,8,3,5,60,3,8,1,5,4,5,7,2,1,10,5,1,2,17,26,3,10,1,1,B03,7,6,1,8,2,5,  ,26,26,1,4,8,B03,24.209783,120.58122,2
2018,11,30,21,41,臺中市,北屯區,0,2,0,8,3,5,50,4,1,1,5,4,5,7,1,1,10,5,5,2,16,8,2,9,1,1,C03,7,5,1,10,2,13,  ,8,8,1,21,8,C03,24.188003,120.661499,2
2018,11,30,21,45,臺中市,東勢區,0,1,0,8,3,5,50,14,8,1,5,4,5,7,4,4,5,4,4,1,13,21,2,9,3,1,C03,7,9,6,18,8,12,  ,21,21,1,21,8,C03,24.262972,120.826642,2
2018,11,30,21,50,臺中市,西屯區,0,0,,8,,,40,,,,,,,,,,,,,,,,,,,,B03,,,1,,2,,,23,,1,22,,B03,24.181589,120.641394,3
2018,11,30,21,55,臺中市,北區,0,0,,8,,,50,,,,,,,,,,,,,,,,,,,,B03,,,1,,2,,,26,,1,22,,B03,24.1484,120.6835,3
2018,11,30,22,1,臺中市,西屯區,0,1,0,8,3,5,50,4,1,1,5,4,5,7,1,1,10,5,5,2,16,6,3,10,1,1,B03,7,6,1,8,2,5,  ,6,6,1,4,8,B03,24.16017,120.60715,2
2018,11,30,22,5,臺中市,霧峰區,0,1,0,8,3,5,40,14,9,1,5,4,5,7,3,1,5,5,5,1,27,23,2,9,1,1,C03,7,9,4,8,2,11,  ,23,23,1,22,8,C03,24.061555,120.669696,2
2018,11,30,22,11,臺中市,南區,0,0,,,,,,,,,,,,,,,,,,,,,,,,,C03,,,1,,2,,,16,,1,21,,C03,24.125045,120.657424,3
2018,11,30,22,13,臺中市,西屯區,0,1,0,8,1,5,40,4,1,1,5,4,5,7,2,1,10,5,5,2,16,6,3,10,3,4,B02,7,6,1,8,2,2,  ,6,6,1,22,8,B02,24.181553,120.63581,2
2018,11,30,22,25,臺中市,南區,0,2,0,8,3,5,50,14,7,1,5,4,5,7,4,4,3,4,4,2,17,19,2,9,1,1,C03,7,1,1,10,2,11,  ,19,19,1,21,8,C03,24.128191,120.682476,2
2018,11,30,22,26,臺中市,南屯區,0,0,,8,,,50,,,,,,,,,,,,,,,,,,,,B02,,,3,,2,,,7,,1,22,,B02,24.140155,120.644952,3
2018,11,30,22,33,臺中市,南區,0,2,0,8,3,5,50,4,1,1,5,4,5,7,2,1,10,5,5,2,13,23,2,9,1,1,C03,7,9,1,10,2,11,  ,23,23,1,21,8,C03,24.12235,120.684077,2
2018,11,30,23,5,臺中市,東區,0,1,0,8,3,5,50,3,1,1,5,4,5,7,4,4,10,5,5,2,29,23,2,9,1,1,C03,7,9,1,10,2,14,  ,23,23,1,5,8,C03,24.132928,120.694285,2
2018,11,30,23,32,臺中市,北屯區,0,1,0,8,3,5,50,4,2,1,5,4,5,7,1,1,1,4,5,2,13,16,3,10,1,1,C03,7,9,1,10,2,11,  ,16,16,1,21,8,C03,24.162621,120.719574,2
2018,11,30,23,34,臺中市,霧峰區,0,0,,8,,,70,,,,,,,,,,,,,,,,,,,,C03,,,1,,11,,,23,,1,3,,C03,24.051349,120.694765,3